# Blender 4.4.1
# www.blender.org
mtllib over.mtl
o GAMEOVER
v -2.426897 0.380495 -0.120000
v -2.458009 0.376046 -0.120000
v -2.486719 0.368750 -0.120000
v -2.512908 0.358704 -0.120000
v -2.536457 0.346005 -0.120000
v -2.557250 0.330750 -0.120000
v -2.575168 0.313037 -0.120000
v -2.590093 0.292963 -0.120000
v -2.601906 0.270625 -0.120000
v -2.610491 0.246120 -0.120000
v -2.615728 0.219546 -0.120000
v -2.617500 0.191000 -0.120000
v -2.616651 0.171673 -0.120000
v -2.614125 0.153213 -0.120000
v -2.609953 0.135656 -0.120000
v -2.604167 0.119037 -0.120000
v -2.596797 0.103390 -0.120000
v -2.587875 0.088750 -0.120000
v -2.577432 0.075152 -0.120000
v -2.565500 0.062630 -0.120000
v -2.552109 0.051219 -0.120000
v -2.537292 0.040954 -0.120000
v -2.521078 0.031869 -0.120000
v -2.503500 0.024000 -0.120000
v -2.518522 0.013292 -0.120000
v -2.532676 0.001667 -0.120000
v -2.546094 -0.010875 -0.120000
v -2.558907 -0.024333 -0.120000
v -2.571249 -0.038708 -0.120000
v -2.583250 -0.054000 -0.120000
v -2.595043 -0.070208 -0.120000
v -2.606759 -0.087333 -0.120000
v -2.618531 -0.105375 -0.120000
v -2.630491 -0.124333 -0.120000
v -2.642770 -0.144208 -0.120000
v -2.655500 -0.165000 -0.120000
v -2.662524 -0.176288 -0.120000
v -2.669194 -0.186806 -0.120000
v -2.675656 -0.196781 -0.120000
v -2.682056 -0.206445 -0.120000
v -2.688538 -0.216024 -0.120000
v -2.695250 -0.225750 -0.120000
v -2.702337 -0.235851 -0.120000
v -2.709944 -0.246556 -0.120000
v -2.718219 -0.258094 -0.120000
v -2.727306 -0.270694 -0.120000
v -2.737351 -0.284587 -0.120000
v -2.748500 -0.300000 -0.120000
v -2.631500 -0.300000 -0.120000
v -2.541500 -0.160000 -0.120000
v -2.519987 -0.127521 -0.120000
v -2.500315 -0.099833 -0.120000
v -2.482281 -0.076563 -0.120000
v -2.465685 -0.057333 -0.120000
v -2.450325 -0.041771 -0.120000
v -2.436000 -0.029500 -0.120000
v -2.422508 -0.020146 -0.120000
v -2.409648 -0.013333 -0.120000
v -2.397219 -0.008688 -0.120000
v -2.385019 -0.005833 -0.120000
v -2.372846 -0.004396 -0.120000
v -2.360500 -0.004000 -0.120000
v -2.319500 -0.004000 -0.120000
v -2.319500 -0.300000 -0.120000
v -2.221500 -0.300000 -0.120000
v -2.221500 0.382000 -0.120000
v -2.393500 0.382000 -0.120000
v -2.382500 0.084000 -0.120000
v -2.407212 0.085095 -0.120000
v -2.428953 0.088264 -0.120000
v -2.447875 0.093328 -0.120000
v -2.464129 0.100111 -0.120000
v -2.477870 0.108436 -0.120000
v -2.489250 0.118125 -0.120000
v -2.498421 0.129002 -0.120000
v -2.505537 0.140889 -0.120000
v -2.510750 0.153609 -0.120000
v -2.514213 0.166986 -0.120000
v -2.516079 0.180842 -0.120000
v -2.516500 0.195000 -0.120000
v -2.515467 0.210471 -0.120000
v -2.512824 0.224852 -0.120000
v -2.508500 0.238094 -0.120000
v -2.502426 0.250148 -0.120000
v -2.494532 0.260967 -0.120000
v -2.484750 0.270500 -0.120000
v -2.473009 0.278700 -0.120000
v -2.459241 0.285519 -0.120000
v -2.443375 0.290906 -0.120000
v -2.425343 0.294815 -0.120000
v -2.405074 0.297196 -0.120000
v -2.382500 0.298000 -0.120000
v -2.319500 0.298000 -0.120000
v -2.319500 0.084000 -0.120000
v -1.817500 0.294000 -0.120000
v -1.817500 0.088000 -0.120000
v -2.096500 0.088000 -0.120000
v -2.096500 -0.000000 -0.120000
v -1.817500 -0.000000 -0.120000
v -1.817500 -0.212000 -0.120000
v -2.115500 -0.212000 -0.120000
v -2.115500 -0.300000 -0.120000
v -1.719500 -0.300000 -0.120000
v -1.719500 0.382000 -0.120000
v -2.106500 0.382000 -0.120000
v -2.106500 0.294000 -0.120000
v -1.335500 -0.306000 -0.120000
v -1.040500 0.382000 -0.120000
v -1.138500 0.382000 -0.120000
v -1.343500 -0.097000 -0.120000
v -1.547500 0.382000 -0.120000
v -1.644500 0.382000 -0.120000
v -1.355500 -0.306000 -0.120000
v -0.682987 0.387742 -0.120000
v -0.733810 0.378269 -0.120000
v -0.780766 0.363031 -0.120000
v -0.823648 0.342482 -0.120000
v -0.862253 0.317071 -0.120000
v -0.896375 0.287250 -0.120000
v -0.925810 0.253471 -0.120000
v -0.950352 0.216185 -0.120000
v -0.969797 0.175844 -0.120000
v -0.983940 0.132898 -0.120000
v -0.992576 0.087800 -0.120000
v -0.995500 0.041000 -0.120000
v -0.992651 -0.004539 -0.120000
v -0.984209 -0.048815 -0.120000
v -0.970328 -0.091313 -0.120000
v -0.951167 -0.131519 -0.120000
v -0.926880 -0.168919 -0.120000
v -0.897625 -0.203000 -0.120000
v -0.863558 -0.233248 -0.120000
v -0.824834 -0.259148 -0.120000
v -0.781610 -0.280188 -0.120000
v -0.734042 -0.295852 -0.120000
v -0.682287 -0.305627 -0.120000
v -0.626500 -0.309000 -0.120000
v -0.572493 -0.305646 -0.120000
v -0.522107 -0.295921 -0.120000
v -0.475547 -0.280328 -0.120000
v -0.433019 -0.259370 -0.120000
v -0.394726 -0.233552 -0.120000
v -0.360875 -0.203375 -0.120000
v -0.331670 -0.169344 -0.120000
v -0.307315 -0.131963 -0.120000
v -0.288016 -0.091734 -0.120000
v -0.273977 -0.049162 -0.120000
v -0.265404 -0.004749 -0.120000
v -0.262500 0.041000 -0.120000
v -0.265481 0.087590 -0.120000
v -0.274264 0.132551 -0.120000
v -0.288610 0.175422 -0.120000
v -0.308278 0.215741 -0.120000
v -0.333030 0.253046 -0.120000
v -0.362625 0.286875 -0.120000
v -0.396825 0.316767 -0.120000
v -0.435389 0.342259 -0.120000
v -0.478078 0.362891 -0.120000
v -0.524653 0.378199 -0.120000
v -0.574874 0.387723 -0.120000
v -0.628500 0.391000 -0.120000
v -0.665875 -0.216730 -0.120000
v -0.701329 -0.210088 -0.120000
v -0.734610 -0.199328 -0.120000
v -0.765463 -0.184704 -0.120000
v -0.793636 -0.166468 -0.120000
v -0.818875 -0.144875 -0.120000
v -0.840927 -0.120178 -0.120000
v -0.859537 -0.092630 -0.120000
v -0.874453 -0.062484 -0.120000
v -0.885422 -0.029995 -0.120000
v -0.892188 0.004584 -0.120000
v -0.894500 0.041000 -0.120000
v -0.892188 0.077626 -0.120000
v -0.885421 0.112343 -0.120000
v -0.874453 0.144906 -0.120000
v -0.859537 0.175074 -0.120000
v -0.840927 0.202603 -0.120000
v -0.818875 0.227250 -0.120000
v -0.793636 0.248772 -0.120000
v -0.765463 0.266926 -0.120000
v -0.734610 0.281469 -0.120000
v -0.701329 0.292157 -0.120000
v -0.665875 0.298749 -0.120000
v -0.628500 0.301000 -0.120000
v -0.591356 0.298749 -0.120000
v -0.556093 0.292157 -0.120000
v -0.522969 0.281469 -0.120000
v -0.492241 0.266926 -0.120000
v -0.464166 0.248772 -0.120000
v -0.439000 0.227250 -0.120000
v -0.417001 0.202603 -0.120000
v -0.398426 0.175074 -0.120000
v -0.383532 0.144906 -0.120000
v -0.372574 0.112343 -0.120000
v -0.365812 0.077626 -0.120000
v -0.363500 0.041000 -0.120000
v -0.365812 0.004584 -0.120000
v -0.372574 -0.029995 -0.120000
v -0.383532 -0.062484 -0.120000
v -0.398426 -0.092630 -0.120000
v -0.417001 -0.120178 -0.120000
v -0.439000 -0.144875 -0.120000
v -0.464166 -0.166468 -0.120000
v -0.492241 -0.184704 -0.120000
v -0.522969 -0.199328 -0.120000
v -0.556093 -0.210088 -0.120000
v -0.591356 -0.216730 -0.120000
v -0.628500 -0.219000 -0.120000
v 0.387500 0.294000 -0.120000
v 0.387500 0.088000 -0.120000
v 0.108500 0.088000 -0.120000
v 0.108500 -0.000000 -0.120000
v 0.387500 -0.000000 -0.120000
v 0.387500 -0.212000 -0.120000
v 0.089500 -0.212000 -0.120000
v 0.089500 -0.300000 -0.120000
v 0.485500 -0.300000 -0.120000
v 0.485500 0.382000 -0.120000
v 0.098500 0.382000 -0.120000
v 0.098500 0.294000 -0.120000
v 0.730500 -0.300000 -0.120000
v 0.730500 0.231000 -0.120000
v 0.732500 0.231000 -0.120000
v 0.942500 -0.033000 -0.120000
v 0.958500 -0.033000 -0.120000
v 1.168500 0.231000 -0.120000
v 1.170500 0.231000 -0.120000
v 1.170500 -0.300000 -0.120000
v 1.268500 -0.300000 -0.120000
v 1.268500 0.382000 -0.120000
v 1.176500 0.382000 -0.120000
v 0.950500 0.102000 -0.120000
v 0.723500 0.382000 -0.120000
v 0.632500 0.382000 -0.120000
v 0.632500 -0.300000 -0.120000
v 1.441500 -0.300000 -0.120000
v 1.532500 -0.099000 -0.120000
v 1.822500 -0.099000 -0.120000
v 1.908500 -0.300000 -0.120000
v 2.008500 -0.300000 -0.120000
v 1.715500 0.386000 -0.120000
v 1.646500 0.386000 -0.120000
v 1.341500 -0.300000 -0.120000
v 1.572500 -0.011000 -0.120000
v 1.682500 0.236000 -0.120000
v 1.784500 -0.011000 -0.120000
v 2.097918 -0.262505 -0.120000
v 2.119760 -0.271037 -0.120000
v 2.141156 -0.278625 -0.120000
v 2.162241 -0.285296 -0.120000
v 2.183145 -0.291079 -0.120000
v 2.204000 -0.296000 -0.120000
v 2.224939 -0.300088 -0.120000
v 2.246093 -0.303370 -0.120000
v 2.267594 -0.305875 -0.120000
v 2.289574 -0.307630 -0.120000
v 2.312165 -0.308662 -0.120000
v 2.335500 -0.309000 -0.120000
v 2.386547 -0.306012 -0.120000
v 2.434958 -0.297259 -0.120000
v 2.480391 -0.283063 -0.120000
v 2.522500 -0.263741 -0.120000
v 2.560943 -0.239613 -0.120000
v 2.595375 -0.211000 -0.120000
v 2.625453 -0.178220 -0.120000
v 2.650834 -0.141593 -0.120000
v 2.671172 -0.101438 -0.120000
v 2.686125 -0.058074 -0.120000
v 2.695349 -0.011822 -0.120000
v 2.698500 0.037000 -0.120000
v 2.695271 0.086189 -0.120000
v 2.685834 0.133014 -0.120000
v 2.670563 0.177109 -0.120000
v 2.649834 0.218111 -0.120000
v 2.624021 0.255655 -0.120000
v 2.593500 0.289375 -0.120000
v 2.558646 0.318908 -0.120000
v 2.519834 0.343889 -0.120000
v 2.477438 0.363953 -0.120000
v 2.431834 0.378736 -0.120000
v 2.383396 0.387873 -0.120000
v 2.332500 0.391000 -0.120000
v 2.312956 0.390718 -0.120000
v 2.294152 0.389829 -0.120000
v 2.275828 0.388266 -0.120000
v 2.257722 0.385963 -0.120000
v 2.239574 0.382855 -0.120000
v 2.221125 0.378875 -0.120000
v 2.202113 0.373958 -0.120000
v 2.182278 0.368037 -0.120000
v 2.161359 0.361047 -0.120000
v 2.139097 0.352921 -0.120000
v 2.115231 0.343594 -0.120000
v 2.089500 0.333000 -0.120000
v 2.089500 0.234000 -0.120000
v 2.109560 0.244561 -0.120000
v 2.129732 0.254241 -0.120000
v 2.150000 0.263031 -0.120000
v 2.170352 0.270926 -0.120000
v 2.190773 0.277918 -0.120000
v 2.211250 0.284000 -0.120000
v 2.231769 0.289166 -0.120000
v 2.252315 0.293407 -0.120000
v 2.272875 0.296719 -0.120000
v 2.293435 0.299093 -0.120000
v 2.313982 0.300522 -0.120000
v 2.334500 0.301000 -0.120000
v 2.370765 0.298691 -0.120000
v 2.405370 0.291945 -0.120000
v 2.438031 0.281031 -0.120000
v 2.468463 0.266222 -0.120000
v 2.496381 0.247788 -0.120000
v 2.521500 0.226000 -0.120000
v 2.543536 0.201129 -0.120000
v 2.562204 0.173444 -0.120000
v 2.577219 0.143219 -0.120000
v 2.588296 0.110722 -0.120000
v 2.595152 0.076226 -0.120000
v 2.597500 0.040000 -0.120000
v 2.595163 0.002973 -0.120000
v 2.588306 -0.031963 -0.120000
v 2.577156 -0.064594 -0.120000
v 2.561944 -0.094704 -0.120000
v 2.542899 -0.122078 -0.120000
v 2.520250 -0.146500 -0.120000
v 2.494226 -0.167756 -0.120000
v 2.465056 -0.185630 -0.120000
v 2.432969 -0.199906 -0.120000
v 2.398195 -0.210370 -0.120000
v 2.360962 -0.216807 -0.120000
v 2.321500 -0.219000 -0.120000
v 2.308352 -0.218755 -0.120000
v 2.295398 -0.218042 -0.120000
v 2.282625 -0.216891 -0.120000
v 2.270019 -0.215333 -0.120000
v 2.257565 -0.213401 -0.120000
v 2.245250 -0.211125 -0.120000
v 2.233060 -0.208537 -0.120000
v 2.220981 -0.205667 -0.120000
v 2.209000 -0.202547 -0.120000
v 2.197102 -0.199208 -0.120000
v 2.185273 -0.195682 -0.120000
v 2.173500 -0.192000 -0.120000
v 2.173500 -0.052000 -0.120000
v 2.304500 -0.052000 -0.120000
v 2.304500 0.036000 -0.120000
v 2.075500 0.036000 -0.120000
v 2.075500 -0.253000 -0.120000
v -2.426897 0.380495 0.120000
v -2.458009 0.376046 0.120000
v -2.486719 0.368750 0.120000
v -2.512908 0.358704 0.120000
v -2.536457 0.346005 0.120000
v -2.557250 0.330750 0.120000
v -2.575168 0.313037 0.120000
v -2.590093 0.292963 0.120000
v -2.601906 0.270625 0.120000
v -2.610491 0.246120 0.120000
v -2.615728 0.219546 0.120000
v -2.617500 0.191000 0.120000
v -2.616651 0.171673 0.120000
v -2.614125 0.153213 0.120000
v -2.609953 0.135656 0.120000
v -2.604167 0.119037 0.120000
v -2.596797 0.103390 0.120000
v -2.587875 0.088750 0.120000
v -2.577432 0.075152 0.120000
v -2.565500 0.062630 0.120000
v -2.552109 0.051219 0.120000
v -2.537292 0.040954 0.120000
v -2.521078 0.031869 0.120000
v -2.503500 0.024000 0.120000
v -2.518522 0.013292 0.120000
v -2.532676 0.001667 0.120000
v -2.546094 -0.010875 0.120000
v -2.558907 -0.024333 0.120000
v -2.571249 -0.038708 0.120000
v -2.583250 -0.054000 0.120000
v -2.595043 -0.070208 0.120000
v -2.606759 -0.087333 0.120000
v -2.618531 -0.105375 0.120000
v -2.630491 -0.124333 0.120000
v -2.642770 -0.144208 0.120000
v -2.655500 -0.165000 0.120000
v -2.662524 -0.176288 0.120000
v -2.669194 -0.186806 0.120000
v -2.675656 -0.196781 0.120000
v -2.682056 -0.206445 0.120000
v -2.688538 -0.216024 0.120000
v -2.695250 -0.225750 0.120000
v -2.702337 -0.235851 0.120000
v -2.709944 -0.246556 0.120000
v -2.718219 -0.258094 0.120000
v -2.727306 -0.270694 0.120000
v -2.737351 -0.284587 0.120000
v -2.748500 -0.300000 0.120000
v -2.631500 -0.300000 0.120000
v -2.541500 -0.160000 0.120000
v -2.519987 -0.127521 0.120000
v -2.500315 -0.099833 0.120000
v -2.482281 -0.076563 0.120000
v -2.465685 -0.057333 0.120000
v -2.450325 -0.041771 0.120000
v -2.436000 -0.029500 0.120000
v -2.422508 -0.020146 0.120000
v -2.409648 -0.013333 0.120000
v -2.397219 -0.008688 0.120000
v -2.385019 -0.005833 0.120000
v -2.372846 -0.004396 0.120000
v -2.360500 -0.004000 0.120000
v -2.319500 -0.004000 0.120000
v -2.319500 -0.300000 0.120000
v -2.221500 -0.300000 0.120000
v -2.221500 0.382000 0.120000
v -2.393500 0.382000 0.120000
v -2.382500 0.084000 0.120000
v -2.407212 0.085095 0.120000
v -2.428953 0.088264 0.120000
v -2.447875 0.093328 0.120000
v -2.464129 0.100111 0.120000
v -2.477870 0.108436 0.120000
v -2.489250 0.118125 0.120000
v -2.498421 0.129002 0.120000
v -2.505537 0.140889 0.120000
v -2.510750 0.153609 0.120000
v -2.514213 0.166986 0.120000
v -2.516079 0.180842 0.120000
v -2.516500 0.195000 0.120000
v -2.515467 0.210471 0.120000
v -2.512824 0.224852 0.120000
v -2.508500 0.238094 0.120000
v -2.502426 0.250148 0.120000
v -2.494532 0.260967 0.120000
v -2.484750 0.270500 0.120000
v -2.473009 0.278700 0.120000
v -2.459241 0.285519 0.120000
v -2.443375 0.290906 0.120000
v -2.425343 0.294815 0.120000
v -2.405074 0.297196 0.120000
v -2.382500 0.298000 0.120000
v -2.319500 0.298000 0.120000
v -2.319500 0.084000 0.120000
v -1.817500 0.294000 0.120000
v -1.817500 0.088000 0.120000
v -2.096500 0.088000 0.120000
v -2.096500 0.000000 0.120000
v -1.817500 0.000000 0.120000
v -1.817500 -0.212000 0.120000
v -2.115500 -0.212000 0.120000
v -2.115500 -0.300000 0.120000
v -1.719500 -0.300000 0.120000
v -1.719500 0.382000 0.120000
v -2.106500 0.382000 0.120000
v -2.106500 0.294000 0.120000
v -1.335500 -0.306000 0.120000
v -1.040500 0.382000 0.120000
v -1.138500 0.382000 0.120000
v -1.343500 -0.097000 0.120000
v -1.547500 0.382000 0.120000
v -1.644500 0.382000 0.120000
v -1.355500 -0.306000 0.120000
v -0.682987 0.387742 0.120000
v -0.733810 0.378269 0.120000
v -0.780766 0.363031 0.120000
v -0.823648 0.342482 0.120000
v -0.862253 0.317071 0.120000
v -0.896375 0.287250 0.120000
v -0.925810 0.253471 0.120000
v -0.950352 0.216185 0.120000
v -0.969797 0.175844 0.120000
v -0.983940 0.132898 0.120000
v -0.992576 0.087800 0.120000
v -0.995500 0.041000 0.120000
v -0.992651 -0.004539 0.120000
v -0.984209 -0.048815 0.120000
v -0.970328 -0.091313 0.120000
v -0.951167 -0.131519 0.120000
v -0.926880 -0.168919 0.120000
v -0.897625 -0.203000 0.120000
v -0.863558 -0.233248 0.120000
v -0.824834 -0.259148 0.120000
v -0.781610 -0.280188 0.120000
v -0.734042 -0.295852 0.120000
v -0.682287 -0.305627 0.120000
v -0.626500 -0.309000 0.120000
v -0.572493 -0.305646 0.120000
v -0.522107 -0.295921 0.120000
v -0.475547 -0.280328 0.120000
v -0.433019 -0.259370 0.120000
v -0.394726 -0.233552 0.120000
v -0.360875 -0.203375 0.120000
v -0.331670 -0.169344 0.120000
v -0.307315 -0.131963 0.120000
v -0.288016 -0.091734 0.120000
v -0.273977 -0.049162 0.120000
v -0.265404 -0.004749 0.120000
v -0.262500 0.041000 0.120000
v -0.265481 0.087590 0.120000
v -0.274264 0.132551 0.120000
v -0.288610 0.175422 0.120000
v -0.308278 0.215741 0.120000
v -0.333030 0.253046 0.120000
v -0.362625 0.286875 0.120000
v -0.396825 0.316767 0.120000
v -0.435389 0.342259 0.120000
v -0.478078 0.362891 0.120000
v -0.524653 0.378199 0.120000
v -0.574874 0.387723 0.120000
v -0.628500 0.391000 0.120000
v -0.665875 -0.216730 0.120000
v -0.701329 -0.210088 0.120000
v -0.734610 -0.199328 0.120000
v -0.765463 -0.184704 0.120000
v -0.793636 -0.166468 0.120000
v -0.818875 -0.144875 0.120000
v -0.840927 -0.120178 0.120000
v -0.859537 -0.092630 0.120000
v -0.874453 -0.062484 0.120000
v -0.885422 -0.029995 0.120000
v -0.892188 0.004584 0.120000
v -0.894500 0.041000 0.120000
v -0.892188 0.077626 0.120000
v -0.885421 0.112343 0.120000
v -0.874453 0.144906 0.120000
v -0.859537 0.175074 0.120000
v -0.840927 0.202603 0.120000
v -0.818875 0.227250 0.120000
v -0.793636 0.248772 0.120000
v -0.765463 0.266926 0.120000
v -0.734610 0.281469 0.120000
v -0.701329 0.292157 0.120000
v -0.665875 0.298749 0.120000
v -0.628500 0.301000 0.120000
v -0.591356 0.298749 0.120000
v -0.556093 0.292157 0.120000
v -0.522969 0.281469 0.120000
v -0.492241 0.266926 0.120000
v -0.464166 0.248772 0.120000
v -0.439000 0.227250 0.120000
v -0.417001 0.202603 0.120000
v -0.398426 0.175074 0.120000
v -0.383532 0.144906 0.120000
v -0.372574 0.112343 0.120000
v -0.365812 0.077626 0.120000
v -0.363500 0.041000 0.120000
v -0.365812 0.004584 0.120000
v -0.372574 -0.029995 0.120000
v -0.383532 -0.062484 0.120000
v -0.398426 -0.092630 0.120000
v -0.417001 -0.120178 0.120000
v -0.439000 -0.144875 0.120000
v -0.464166 -0.166468 0.120000
v -0.492241 -0.184704 0.120000
v -0.522969 -0.199328 0.120000
v -0.556093 -0.210088 0.120000
v -0.591356 -0.216730 0.120000
v -0.628500 -0.219000 0.120000
v 0.387500 0.294000 0.120000
v 0.387500 0.088000 0.120000
v 0.108500 0.088000 0.120000
v 0.108500 0.000000 0.120000
v 0.387500 0.000000 0.120000
v 0.387500 -0.212000 0.120000
v 0.089500 -0.212000 0.120000
v 0.089500 -0.300000 0.120000
v 0.485500 -0.300000 0.120000
v 0.485500 0.382000 0.120000
v 0.098500 0.382000 0.120000
v 0.098500 0.294000 0.120000
v 0.730500 -0.300000 0.120000
v 0.730500 0.231000 0.120000
v 0.732500 0.231000 0.120000
v 0.942500 -0.033000 0.120000
v 0.958500 -0.033000 0.120000
v 1.168500 0.231000 0.120000
v 1.170500 0.231000 0.120000
v 1.170500 -0.300000 0.120000
v 1.268500 -0.300000 0.120000
v 1.268500 0.382000 0.120000
v 1.176500 0.382000 0.120000
v 0.950500 0.102000 0.120000
v 0.723500 0.382000 0.120000
v 0.632500 0.382000 0.120000
v 0.632500 -0.300000 0.120000
v 1.441500 -0.300000 0.120000
v 1.532500 -0.099000 0.120000
v 1.822500 -0.099000 0.120000
v 1.908500 -0.300000 0.120000
v 2.008500 -0.300000 0.120000
v 1.715500 0.386000 0.120000
v 1.646500 0.386000 0.120000
v 1.341500 -0.300000 0.120000
v 1.572500 -0.011000 0.120000
v 1.682500 0.236000 0.120000
v 1.784500 -0.011000 0.120000
v 2.097918 -0.262505 0.120000
v 2.119760 -0.271037 0.120000
v 2.141156 -0.278625 0.120000
v 2.162241 -0.285296 0.120000
v 2.183145 -0.291079 0.120000
v 2.204000 -0.296000 0.120000
v 2.224939 -0.300088 0.120000
v 2.246093 -0.303370 0.120000
v 2.267594 -0.305875 0.120000
v 2.289574 -0.307630 0.120000
v 2.312165 -0.308662 0.120000
v 2.335500 -0.309000 0.120000
v 2.386547 -0.306012 0.120000
v 2.434958 -0.297259 0.120000
v 2.480391 -0.283063 0.120000
v 2.522500 -0.263741 0.120000
v 2.560943 -0.239613 0.120000
v 2.595375 -0.211000 0.120000
v 2.625453 -0.178220 0.120000
v 2.650834 -0.141593 0.120000
v 2.671172 -0.101438 0.120000
v 2.686125 -0.058074 0.120000
v 2.695349 -0.011822 0.120000
v 2.698500 0.037000 0.120000
v 2.695271 0.086189 0.120000
v 2.685834 0.133014 0.120000
v 2.670563 0.177109 0.120000
v 2.649834 0.218111 0.120000
v 2.624021 0.255655 0.120000
v 2.593500 0.289375 0.120000
v 2.558646 0.318908 0.120000
v 2.519834 0.343889 0.120000
v 2.477438 0.363953 0.120000
v 2.431834 0.378736 0.120000
v 2.383396 0.387873 0.120000
v 2.332500 0.391000 0.120000
v 2.312956 0.390718 0.120000
v 2.294152 0.389829 0.120000
v 2.275828 0.388266 0.120000
v 2.257722 0.385963 0.120000
v 2.239574 0.382855 0.120000
v 2.221125 0.378875 0.120000
v 2.202113 0.373958 0.120000
v 2.182278 0.368037 0.120000
v 2.161359 0.361047 0.120000
v 2.139097 0.352921 0.120000
v 2.115231 0.343594 0.120000
v 2.089500 0.333000 0.120000
v 2.089500 0.234000 0.120000
v 2.109560 0.244561 0.120000
v 2.129732 0.254241 0.120000
v 2.150000 0.263031 0.120000
v 2.170352 0.270926 0.120000
v 2.190773 0.277918 0.120000
v 2.211250 0.284000 0.120000
v 2.231769 0.289166 0.120000
v 2.252315 0.293407 0.120000
v 2.272875 0.296719 0.120000
v 2.293435 0.299093 0.120000
v 2.313982 0.300522 0.120000
v 2.334500 0.301000 0.120000
v 2.370765 0.298691 0.120000
v 2.405370 0.291945 0.120000
v 2.438031 0.281031 0.120000
v 2.468463 0.266222 0.120000
v 2.496381 0.247788 0.120000
v 2.521500 0.226000 0.120000
v 2.543536 0.201129 0.120000
v 2.562204 0.173444 0.120000
v 2.577219 0.143219 0.120000
v 2.588296 0.110722 0.120000
v 2.595152 0.076226 0.120000
v 2.597500 0.040000 0.120000
v 2.595163 0.002973 0.120000
v 2.588306 -0.031963 0.120000
v 2.577156 -0.064594 0.120000
v 2.561944 -0.094704 0.120000
v 2.542899 -0.122078 0.120000
v 2.520250 -0.146500 0.120000
v 2.494226 -0.167756 0.120000
v 2.465056 -0.185630 0.120000
v 2.432969 -0.199906 0.120000
v 2.398195 -0.210370 0.120000
v 2.360962 -0.216807 0.120000
v 2.321500 -0.219000 0.120000
v 2.308352 -0.218755 0.120000
v 2.295398 -0.218042 0.120000
v 2.282625 -0.216891 0.120000
v 2.270019 -0.215333 0.120000
v 2.257565 -0.213401 0.120000
v 2.245250 -0.211125 0.120000
v 2.233060 -0.208537 0.120000
v 2.220981 -0.205667 0.120000
v 2.209000 -0.202547 0.120000
v 2.197102 -0.199208 0.120000
v 2.185273 -0.195682 0.120000
v 2.173500 -0.192000 0.120000
v 2.173500 -0.052000 0.120000
v 2.304500 -0.052000 0.120000
v 2.304500 0.036000 0.120000
v 2.075500 0.036000 0.120000
v 2.075500 -0.253000 0.120000
v 2.097918 -0.262505 0.120000
v 2.095587 -0.268229 0.119021
v 2.093484 -0.273393 0.116180
v 2.091815 -0.277492 0.111756
v 2.090744 -0.280123 0.106180
v 2.090374 -0.281030 0.100000
v 2.090374 -0.281030 -0.100000
v 2.090744 -0.280123 -0.106181
v 2.091815 -0.277492 -0.111756
v 2.093484 -0.273393 -0.116181
v 2.095587 -0.268229 -0.119021
v 2.097918 -0.262505 -0.120000
v 2.119760 -0.271037 0.120000
v 2.117602 -0.276829 0.119021
v 2.115655 -0.282055 0.116180
v 2.114110 -0.286201 0.111756
v 2.113118 -0.288864 0.106180
v 2.112777 -0.289781 0.100000
v 2.112777 -0.289781 -0.100000
v 2.113118 -0.288864 -0.106181
v 2.114110 -0.286201 -0.111756
v 2.115655 -0.282055 -0.116181
v 2.117602 -0.276829 -0.119021
v 2.119760 -0.271037 -0.120000
v 2.141156 -0.278625 0.120000
v 2.139191 -0.284485 0.119021
v 2.137418 -0.289772 0.116180
v 2.136010 -0.293968 0.111756
v 2.135107 -0.296661 0.106180
v 2.134795 -0.297590 0.100000
v 2.134795 -0.297590 -0.100000
v 2.135107 -0.296661 -0.106181
v 2.136010 -0.293968 -0.111756
v 2.137418 -0.289772 -0.116181
v 2.139191 -0.284485 -0.119021
v 2.141156 -0.278625 -0.120000
v 2.162241 -0.285296 0.120000
v 2.160484 -0.291223 0.119021
v 2.158900 -0.296569 0.116180
v 2.157642 -0.300812 0.111756
v 2.156835 -0.303536 0.106180
v 2.156556 -0.304475 0.100000
v 2.156556 -0.304475 -0.100000
v 2.156835 -0.303536 -0.106181
v 2.157642 -0.300812 -0.111756
v 2.158900 -0.296569 -0.116181
v 2.160484 -0.291223 -0.119021
v 2.162241 -0.285296 -0.120000
v 2.183145 -0.291079 0.120000
v 2.181611 -0.297067 0.119021
v 2.180227 -0.302469 0.116180
v 2.179128 -0.306756 0.111756
v 2.178423 -0.309508 0.106180
v 2.178180 -0.310457 0.100000
v 2.178180 -0.310457 -0.100000
v 2.178423 -0.309508 -0.106181
v 2.179128 -0.306756 -0.111756
v 2.180227 -0.302469 -0.116181
v 2.181611 -0.297067 -0.119021
v 2.183145 -0.291079 -0.120000
v 2.204000 -0.296000 0.120000
v 2.202698 -0.302043 0.119021
v 2.201523 -0.307494 0.116180
v 2.200591 -0.311820 0.111756
v 2.199992 -0.314598 0.106180
v 2.199786 -0.315555 0.100000
v 2.199786 -0.315555 -0.100000
v 2.199992 -0.314598 -0.106181
v 2.200591 -0.311820 -0.111756
v 2.201523 -0.307494 -0.116181
v 2.202698 -0.302043 -0.119021
v 2.204000 -0.296000 -0.120000
v 2.224939 -0.300088 0.120000
v 2.223872 -0.306177 0.119021
v 2.222911 -0.311670 0.116180
v 2.222147 -0.316029 0.111756
v 2.221657 -0.318828 0.106180
v 2.221488 -0.319792 0.100000
v 2.221488 -0.319792 -0.100000
v 2.221657 -0.318828 -0.106181
v 2.222147 -0.316029 -0.111756
v 2.222911 -0.311670 -0.116181
v 2.223872 -0.306177 -0.119021
v 2.224939 -0.300088 -0.120000
v 2.246093 -0.303370 0.120000
v 2.245261 -0.309496 0.119021
v 2.244511 -0.315021 0.116180
v 2.243916 -0.319407 0.111756
v 2.243533 -0.322222 0.106180
v 2.243402 -0.323192 0.100000
v 2.243402 -0.323192 -0.100000
v 2.243533 -0.322222 -0.106181
v 2.243916 -0.319407 -0.111756
v 2.244511 -0.315021 -0.116181
v 2.245261 -0.309496 -0.119021
v 2.246093 -0.303370 -0.120000
v 2.267594 -0.305875 0.120000
v 2.266990 -0.312027 0.119021
v 2.266446 -0.317576 0.116180
v 2.266013 -0.321981 0.111756
v 2.265736 -0.324808 0.106180
v 2.265640 -0.325783 0.100000
v 2.265640 -0.325783 -0.100000
v 2.265736 -0.324808 -0.106181
v 2.266013 -0.321981 -0.111756
v 2.266446 -0.317576 -0.116181
v 2.266990 -0.312027 -0.119021
v 2.267594 -0.305875 -0.120000
v 2.289574 -0.307630 0.120000
v 2.289187 -0.313799 0.119021
v 2.288838 -0.319364 0.116180
v 2.288561 -0.323781 0.111756
v 2.288383 -0.326616 0.106180
v 2.288321 -0.327593 0.100000
v 2.288321 -0.327593 -0.100000
v 2.288383 -0.326616 -0.106181
v 2.288561 -0.323781 -0.111756
v 2.288838 -0.319364 -0.116181
v 2.289187 -0.313799 -0.119021
v 2.289574 -0.307630 -0.120000
v 2.312165 -0.308662 0.120000
v 2.311980 -0.314840 0.119021
v 2.311812 -0.320414 0.116180
v 2.311679 -0.324837 0.111756
v 2.311594 -0.327677 0.106180
v 2.311564 -0.328655 0.100000
v 2.311564 -0.328655 -0.100000
v 2.311594 -0.327677 -0.106181
v 2.311679 -0.324837 -0.111756
v 2.311812 -0.320414 -0.116181
v 2.311980 -0.314840 -0.119021
v 2.312165 -0.308662 -0.120000
v 2.335500 -0.309000 0.120000
v 2.335636 -0.315183 0.119021
v 2.335759 -0.320761 0.116180
v 2.335856 -0.325187 0.111756
v 2.335919 -0.328029 0.106180
v 2.335940 -0.329009 0.100000
v 2.335940 -0.329009 -0.100000
v 2.335919 -0.328029 -0.106181
v 2.335856 -0.325187 -0.111756
v 2.335759 -0.320761 -0.116181
v 2.335636 -0.315183 -0.119021
v 2.335500 -0.309000 -0.120000
v 2.386547 -0.306012 0.120000
v 2.387280 -0.312160 0.119021
v 2.387941 -0.317706 0.116180
v 2.388466 -0.322107 0.111756
v 2.388803 -0.324933 0.106180
v 2.388919 -0.325907 0.100000
v 2.388919 -0.325907 -0.100000
v 2.388803 -0.324933 -0.106181
v 2.388466 -0.322107 -0.111756
v 2.387941 -0.317706 -0.116181
v 2.387280 -0.312160 -0.119021
v 2.386547 -0.306012 -0.120000
v 2.434958 -0.297259 0.120000
v 2.436435 -0.303273 0.119021
v 2.437768 -0.308698 0.116180
v 2.438825 -0.313003 0.111756
v 2.439504 -0.315767 0.106180
v 2.439738 -0.316719 0.100000
v 2.439738 -0.316719 -0.100000
v 2.439504 -0.315767 -0.106181
v 2.438825 -0.313003 -0.111756
v 2.437768 -0.308698 -0.116181
v 2.436435 -0.303273 -0.119021
v 2.434958 -0.297259 -0.120000
v 2.480391 -0.283063 0.120000
v 2.482610 -0.288844 0.119021
v 2.484612 -0.294060 0.116180
v 2.486201 -0.298199 0.111756
v 2.487221 -0.300856 0.106180
v 2.487573 -0.301772 0.100000
v 2.487573 -0.301772 -0.100000
v 2.487221 -0.300856 -0.106181
v 2.486201 -0.298199 -0.111756
v 2.484612 -0.294060 -0.116181
v 2.482610 -0.288844 -0.119021
v 2.480391 -0.283063 -0.120000
v 2.522500 -0.263741 0.120000
v 2.525444 -0.269190 0.119021
v 2.528100 -0.274106 0.116180
v 2.530207 -0.278007 0.111755
v 2.531560 -0.280511 0.106180
v 2.532027 -0.281374 0.100000
v 2.532027 -0.281374 -0.100000
v 2.531560 -0.280511 -0.106181
v 2.530207 -0.278007 -0.111756
v 2.528100 -0.274106 -0.116181
v 2.525444 -0.269190 -0.119021
v 2.522500 -0.263741 -0.120000
v 2.560943 -0.239613 0.120000
v 2.564577 -0.244630 0.119021
v 2.567855 -0.249155 0.116180
v 2.570456 -0.252746 0.111755
v 2.572126 -0.255052 0.106180
v 2.572702 -0.255846 0.100000
v 2.572702 -0.255846 -0.100000
v 2.572126 -0.255052 -0.106181
v 2.570456 -0.252746 -0.111756
v 2.567855 -0.249155 -0.116181
v 2.564577 -0.244630 -0.119021
v 2.560943 -0.239613 -0.120000
v 2.595375 -0.211000 0.120000
v 2.599647 -0.215486 0.119021
v 2.603500 -0.219533 0.116180
v 2.606558 -0.222745 0.111755
v 2.608521 -0.224807 0.106180
v 2.609198 -0.225518 0.100000
v 2.609198 -0.225518 -0.100000
v 2.608521 -0.224807 -0.106181
v 2.606558 -0.222745 -0.111756
v 2.603500 -0.219533 -0.116181
v 2.599647 -0.215486 -0.119021
v 2.595375 -0.211000 -0.120000
v 2.625453 -0.178220 0.120000
v 2.630293 -0.182087 0.119021
v 2.634659 -0.185576 0.116180
v 2.638123 -0.188344 0.111755
v 2.640347 -0.190122 0.106180
v 2.641114 -0.190735 0.100000
v 2.641114 -0.190735 -0.100000
v 2.640347 -0.190122 -0.106181
v 2.638123 -0.188344 -0.111756
v 2.634659 -0.185576 -0.116181
v 2.630293 -0.182087 -0.119021
v 2.625453 -0.178220 -0.120000
v 2.650834 -0.141593 0.120000
v 2.656155 -0.144764 0.119021
v 2.660956 -0.147625 0.116180
v 2.664766 -0.149895 0.111755
v 2.667212 -0.151353 0.106180
v 2.668055 -0.151855 0.100000
v 2.668055 -0.151855 -0.100000
v 2.667212 -0.151353 -0.106181
v 2.664766 -0.149895 -0.111756
v 2.660956 -0.147625 -0.116181
v 2.656155 -0.144764 -0.119021
v 2.650834 -0.141593 -0.120000
v 2.671172 -0.101438 0.120000
v 2.676877 -0.103852 0.119021
v 2.682023 -0.106031 0.116180
v 2.686107 -0.107760 0.111755
v 2.688730 -0.108870 0.106180
v 2.689633 -0.109252 0.100000
v 2.689633 -0.109252 -0.100000
v 2.688730 -0.108870 -0.106181
v 2.686107 -0.107760 -0.111756
v 2.682023 -0.106031 -0.116181
v 2.676877 -0.103852 -0.119021
v 2.671172 -0.101438 -0.120000
v 2.686125 -0.058074 0.120000
v 2.692104 -0.059693 0.119021
v 2.697498 -0.061154 0.116180
v 2.701779 -0.062313 0.111755
v 2.704527 -0.063057 0.106180
v 2.705474 -0.063314 0.100000
v 2.705474 -0.063314 -0.100000
v 2.704527 -0.063057 -0.106181
v 2.701779 -0.062313 -0.111756
v 2.697498 -0.061154 -0.116181
v 2.692104 -0.059693 -0.119021
v 2.686125 -0.058074 -0.120000
v 2.695349 -0.011822 0.120000
v 2.701490 -0.012629 0.119021
v 2.707030 -0.013357 0.116180
v 2.711427 -0.013934 0.111755
v 2.714250 -0.014305 0.106180
v 2.715222 -0.014433 0.100000
v 2.715222 -0.014433 -0.100000
v 2.714250 -0.014305 -0.106181
v 2.711427 -0.013934 -0.111756
v 2.707030 -0.013357 -0.116181
v 2.701490 -0.012629 -0.119021
v 2.695349 -0.011822 -0.120000
v 2.698500 0.037000 0.120000
v 2.704694 0.037003 0.119021
v 2.710281 0.037006 0.116180
v 2.714715 0.037009 0.111755
v 2.717561 0.037010 0.106180
v 2.718543 0.037011 0.100000
v 2.718543 0.037011 -0.100000
v 2.717561 0.037010 -0.106181
v 2.714715 0.037009 -0.111756
v 2.710281 0.037006 -0.116181
v 2.704694 0.037003 -0.119021
v 2.698500 0.037000 -0.120000
v 2.695271 0.086189 0.120000
v 2.701411 0.087006 0.119021
v 2.706950 0.087742 0.116180
v 2.711346 0.088327 0.111755
v 2.714168 0.088702 0.106180
v 2.715141 0.088832 0.100000
v 2.715141 0.088832 -0.100000
v 2.714168 0.088702 -0.106181
v 2.711346 0.088327 -0.111756
v 2.706950 0.087742 -0.116181
v 2.701411 0.087006 -0.119021
v 2.695271 0.086189 -0.120000
v 2.685834 0.133014 0.120000
v 2.691810 0.134643 0.119021
v 2.697201 0.136113 0.116180
v 2.701480 0.137279 0.111755
v 2.704227 0.138028 0.106180
v 2.705173 0.138286 0.100000
v 2.705173 0.138286 -0.100000
v 2.704227 0.138028 -0.106181
v 2.701480 0.137279 -0.111756
v 2.697201 0.136113 -0.116181
v 2.691810 0.134643 -0.119021
v 2.685834 0.133014 -0.120000
v 2.670563 0.177109 0.120000
v 2.676266 0.179526 0.119021
v 2.681412 0.181706 0.116180
v 2.685495 0.183436 0.111755
v 2.688117 0.184546 0.106180
v 2.689020 0.184929 0.100000
v 2.689020 0.184929 -0.100000
v 2.688117 0.184546 -0.106181
v 2.685495 0.183436 -0.111756
v 2.681412 0.181706 -0.116181
v 2.676266 0.179526 -0.119021
v 2.670563 0.177109 -0.120000
v 2.649834 0.218111 0.120000
v 2.655162 0.221270 0.119021
v 2.659968 0.224120 0.116180
v 2.663783 0.226382 0.111755
v 2.666232 0.227834 0.106180
v 2.667076 0.228334 0.100000
v 2.667076 0.228334 -0.100000
v 2.666232 0.227834 -0.106181
v 2.663783 0.226382 -0.111756
v 2.659968 0.224120 -0.116181
v 2.655162 0.221270 -0.119021
v 2.649834 0.218111 -0.120000
v 2.624021 0.255655 0.120000
v 2.628880 0.259496 0.119021
v 2.633264 0.262961 0.116180
v 2.636742 0.265712 0.111755
v 2.638976 0.267477 0.106180
v 2.639745 0.268086 0.100000
v 2.639745 0.268086 -0.100000
v 2.638976 0.267477 -0.106181
v 2.636742 0.265712 -0.111756
v 2.633264 0.262961 -0.116181
v 2.628880 0.259496 -0.119021
v 2.624021 0.255655 -0.120000
v 2.593500 0.289375 0.120000
v 2.597808 0.293826 0.119021
v 2.601694 0.297841 0.116180
v 2.604778 0.301027 0.111755
v 2.606758 0.303073 0.106180
v 2.607440 0.303778 0.100000
v 2.607440 0.303778 -0.100000
v 2.606758 0.303073 -0.106181
v 2.604778 0.301027 -0.111756
v 2.601694 0.297841 -0.116181
v 2.597808 0.293826 -0.119021
v 2.593500 0.289375 -0.120000
v 2.558646 0.318908 0.120000
v 2.562332 0.323885 0.119021
v 2.565657 0.328376 0.116180
v 2.568296 0.331939 0.111755
v 2.569990 0.334227 0.106180
v 2.570574 0.335015 0.100000
v 2.570574 0.335015 -0.100000
v 2.569990 0.334227 -0.106181
v 2.568296 0.331939 -0.111756
v 2.565657 0.328376 -0.116181
v 2.562332 0.323885 -0.119021
v 2.558646 0.318908 -0.120000
v 2.519834 0.343889 0.120000
v 2.522840 0.349303 0.119021
v 2.525553 0.354188 0.116180
v 2.527706 0.358064 0.111755
v 2.529088 0.360553 0.106180
v 2.529564 0.361410 0.100000
v 2.529564 0.361410 -0.100000
v 2.529088 0.360553 -0.106181
v 2.527706 0.358064 -0.111756
v 2.525553 0.354188 -0.116181
v 2.522840 0.349303 -0.119021
v 2.519834 0.343889 -0.120000
v 2.477438 0.363953 0.120000
v 2.479722 0.369710 0.119021
v 2.481782 0.374903 0.116180
v 2.483418 0.379024 0.111755
v 2.484468 0.381670 0.106180
v 2.484830 0.382582 0.100000
v 2.484830 0.382582 -0.100000
v 2.484468 0.381670 -0.106181
v 2.483418 0.379024 -0.111756
v 2.481782 0.374903 -0.116181
v 2.479722 0.369710 -0.119021
v 2.477438 0.363953 -0.120000
v 2.431834 0.378736 0.120000
v 2.433365 0.384737 0.119021
v 2.434747 0.390150 0.116180
v 2.435844 0.394445 0.111755
v 2.436548 0.397203 0.106180
v 2.436791 0.398154 0.100000
v 2.436791 0.398154 -0.100000
v 2.436548 0.397203 -0.106181
v 2.435844 0.394445 -0.111756
v 2.434747 0.390150 -0.116181
v 2.433365 0.384737 -0.119021
v 2.431834 0.378736 -0.120000
v 2.383396 0.387873 0.120000
v 2.384161 0.394018 0.119021
v 2.384852 0.399562 0.116180
v 2.385400 0.403961 0.111755
v 2.385751 0.406786 0.106180
v 2.385872 0.407759 0.100000
v 2.385872 0.407759 -0.100000
v 2.385751 0.406786 -0.106181
v 2.385400 0.403961 -0.111756
v 2.384852 0.399562 -0.116181
v 2.384161 0.394018 -0.119021
v 2.383396 0.387873 -0.120000
v 2.332500 0.391000 0.120000
v 2.332645 0.397183 0.119021
v 2.332776 0.402761 0.116180
v 2.332880 0.407188 0.111755
v 2.332947 0.410030 0.106180
v 2.332970 0.411009 0.100000
v 2.332970 0.411009 -0.100000
v 2.332947 0.410030 -0.106181
v 2.332880 0.407188 -0.111756
v 2.332776 0.402761 -0.116181
v 2.332645 0.397183 -0.119021
v 2.332500 0.391000 -0.120000
v 2.312956 0.390718 0.120000
v 2.312766 0.396896 0.119021
v 2.312594 0.402470 0.116180
v 2.312457 0.406893 0.111755
v 2.312370 0.409733 0.106180
v 2.312340 0.410711 0.100000
v 2.312340 0.410711 -0.100000
v 2.312370 0.409733 -0.106181
v 2.312457 0.406893 -0.111756
v 2.312594 0.402470 -0.116181
v 2.312766 0.396896 -0.119021
v 2.312956 0.390718 -0.120000
v 2.294152 0.389829 0.120000
v 2.293744 0.395997 0.119021
v 2.293375 0.401561 0.116180
v 2.293082 0.405977 0.111755
v 2.292894 0.408812 0.106180
v 2.292830 0.409789 0.100000
v 2.292830 0.409789 -0.100000
v 2.292894 0.408812 -0.106181
v 2.293082 0.405977 -0.111756
v 2.293375 0.401561 -0.116181
v 2.293744 0.395997 -0.119021
v 2.294152 0.389829 -0.120000
v 2.275828 0.388266 0.120000
v 2.275175 0.394413 0.119021
v 2.274586 0.399958 0.116180
v 2.274119 0.404359 0.111755
v 2.273819 0.407185 0.106180
v 2.273715 0.408158 0.100000
v 2.273715 0.408158 -0.100000
v 2.273819 0.407185 -0.106181
v 2.274119 0.404359 -0.111756
v 2.274586 0.399958 -0.116181
v 2.275175 0.394413 -0.119021
v 2.275828 0.388266 -0.120000
v 2.257722 0.385963 0.120000
v 2.256810 0.392077 0.119021
v 2.255987 0.397593 0.116180
v 2.255334 0.401970 0.111755
v 2.254915 0.404780 0.106180
v 2.254771 0.405749 0.100000
v 2.254771 0.405749 -0.100000
v 2.254915 0.404780 -0.106181
v 2.255334 0.401970 -0.111756
v 2.255987 0.397593 -0.116181
v 2.256810 0.392077 -0.119021
v 2.257722 0.385963 -0.120000
v 2.239574 0.382855 0.120000
v 2.238401 0.388924 0.119021
v 2.237342 0.394399 0.116180
v 2.236501 0.398744 0.111755
v 2.235962 0.401534 0.106180
v 2.235776 0.402495 0.100000
v 2.235776 0.402495 -0.100000
v 2.235962 0.401534 -0.106181
v 2.236501 0.398744 -0.111756
v 2.237342 0.394399 -0.116181
v 2.238401 0.388924 -0.119021
v 2.239574 0.382855 -0.120000
v 2.221125 0.378875 0.120000
v 2.219699 0.384890 0.119021
v 2.218413 0.390316 0.116180
v 2.217392 0.394622 0.111755
v 2.216736 0.397387 0.106180
v 2.216511 0.398340 0.100000
v 2.216511 0.398340 -0.100000
v 2.216736 0.397387 -0.106181
v 2.217392 0.394622 -0.111756
v 2.218413 0.390316 -0.116181
v 2.219699 0.384890 -0.119021
v 2.221125 0.378875 -0.120000
v 2.202113 0.373958 0.120000
v 2.200454 0.379913 0.119021
v 2.198959 0.385285 0.116180
v 2.197772 0.389548 0.111755
v 2.197009 0.392285 0.106180
v 2.196747 0.393228 0.100000
v 2.196747 0.393228 -0.100000
v 2.197009 0.392285 -0.106181
v 2.197772 0.389548 -0.111756
v 2.198959 0.385285 -0.116181
v 2.200454 0.379913 -0.119021
v 2.202113 0.373958 -0.120000
v 2.182278 0.368037 0.120000
v 2.180414 0.373931 0.119021
v 2.178733 0.379247 0.116180
v 2.177398 0.383466 0.111755
v 2.176542 0.386175 0.106180
v 2.176246 0.387109 0.100000
v 2.176246 0.387109 -0.100000
v 2.176542 0.386175 -0.106181
v 2.177398 0.383466 -0.111756
v 2.178733 0.379247 -0.116181
v 2.180414 0.373931 -0.119021
v 2.182278 0.368037 -0.120000
v 2.161359 0.361047 0.120000
v 2.159320 0.366882 0.119021
v 2.157480 0.372145 0.116180
v 2.156020 0.376323 0.111755
v 2.155083 0.379005 0.106180
v 2.154760 0.379929 0.100000
v 2.154760 0.379929 -0.100000
v 2.155083 0.379005 -0.106181
v 2.156020 0.376323 -0.111756
v 2.157480 0.372145 -0.116181
v 2.159320 0.366882 -0.119021
v 2.161359 0.361047 -0.120000
v 2.139097 0.352921 0.120000
v 2.136913 0.358703 0.119021
v 2.134942 0.363919 0.116180
v 2.133378 0.368058 0.111756
v 2.132374 0.370716 0.106180
v 2.132028 0.371632 0.100000
v 2.132028 0.371632 -0.100000
v 2.132374 0.370716 -0.106181
v 2.133378 0.368058 -0.111756
v 2.134942 0.363919 -0.116181
v 2.136913 0.358703 -0.119021
v 2.139097 0.352921 -0.120000
v 2.115231 0.343594 0.120000
v 2.112929 0.349330 0.119021
v 2.110853 0.354505 0.116180
v 2.109205 0.358612 0.111756
v 2.108148 0.361248 0.106180
v 2.107783 0.362157 0.100000
v 2.107783 0.362157 -0.100000
v 2.108148 0.361248 -0.106181
v 2.109205 0.358612 -0.111756
v 2.110853 0.354505 -0.116181
v 2.112929 0.349330 -0.119021
v 2.115231 0.343594 -0.120000
v 2.089500 0.333000 0.120000
v 2.083320 0.337139 0.119021
v 2.077744 0.340873 0.116180
v 2.073320 0.343836 0.111756
v 2.070479 0.345739 0.106180
v 2.069500 0.346394 0.100000
v 2.069500 0.346394 -0.100000
v 2.070479 0.345739 -0.106181
v 2.073320 0.343836 -0.111756
v 2.077744 0.340873 -0.116181
v 2.083320 0.337139 -0.119021
v 2.089500 0.333000 -0.120000
v 2.089500 0.234000 0.120000
v 2.083320 0.223762 0.119021
v 2.077744 0.214525 0.116180
v 2.073320 0.207196 0.111756
v 2.070479 0.202490 0.106180
v 2.069500 0.200868 0.100000
v 2.069500 0.200868 -0.100000
v 2.070479 0.202490 -0.106181
v 2.073320 0.207196 -0.111756
v 2.077744 0.214525 -0.116181
v 2.083320 0.223762 -0.119021
v 2.089500 0.234000 -0.120000
v 2.109560 0.244561 0.120000
v 2.112338 0.239039 0.119021
v 2.114843 0.234057 0.116180
v 2.116832 0.230104 0.111756
v 2.118108 0.227566 0.106180
v 2.118548 0.226691 0.100000
v 2.118548 0.226691 -0.100000
v 2.118108 0.227566 -0.106181
v 2.116832 0.230104 -0.111756
v 2.114843 0.234057 -0.116181
v 2.112338 0.239039 -0.119021
v 2.109560 0.244561 -0.120000
v 2.129732 0.254241 0.120000
v 2.132299 0.248618 0.119021
v 2.134615 0.243545 0.116180
v 2.136453 0.239519 0.111756
v 2.137633 0.236935 0.106180
v 2.138040 0.236044 0.100000
v 2.138040 0.236044 -0.100000
v 2.137633 0.236935 -0.106181
v 2.136453 0.239519 -0.111756
v 2.134615 0.243545 -0.116181
v 2.132299 0.248618 -0.119021
v 2.129732 0.254241 -0.120000
v 2.150000 0.263031 0.120000
v 2.152348 0.257313 0.119021
v 2.154466 0.252155 0.116180
v 2.156147 0.248061 0.111756
v 2.157227 0.245432 0.106180
v 2.157598 0.244527 0.100000
v 2.157598 0.244527 -0.100000
v 2.157227 0.245432 -0.106181
v 2.156147 0.248061 -0.111756
v 2.154466 0.252155 -0.116181
v 2.152348 0.257313 -0.119021
v 2.150000 0.263031 -0.120000
v 2.170352 0.270926 0.120000
v 2.172471 0.265119 0.119021
v 2.174383 0.259881 0.116180
v 2.175901 0.255723 0.111756
v 2.176875 0.253054 0.106180
v 2.177211 0.252134 0.100000
v 2.177211 0.252134 -0.100000
v 2.176875 0.253054 -0.106181
v 2.175901 0.255723 -0.111756
v 2.174383 0.259881 -0.116181
v 2.172471 0.265119 -0.119021
v 2.170352 0.270926 -0.120000
v 2.190773 0.277918 0.120000
v 2.192655 0.272030 0.119021
v 2.194352 0.266718 0.116180
v 2.195699 0.262502 0.111756
v 2.196564 0.259796 0.106180
v 2.196862 0.258863 0.100000
v 2.196862 0.258863 -0.100000
v 2.196564 0.259796 -0.106181
v 2.195699 0.262502 -0.111756
v 2.194352 0.266718 -0.116181
v 2.192655 0.272030 -0.119021
v 2.190773 0.277918 -0.120000
v 2.211250 0.284000 0.120000
v 2.212885 0.278038 0.119021
v 2.214360 0.272660 0.116180
v 2.215531 0.268392 0.111755
v 2.216282 0.265652 0.106180
v 2.216541 0.264708 0.100000
v 2.216541 0.264708 -0.100000
v 2.216282 0.265652 -0.106181
v 2.215531 0.268392 -0.111756
v 2.214360 0.272660 -0.116181
v 2.212885 0.278038 -0.119021
v 2.211250 0.284000 -0.120000
v 2.231769 0.289166 0.120000
v 2.233149 0.283140 0.119021
v 2.234393 0.277704 0.116180
v 2.235381 0.273390 0.111755
v 2.236015 0.270620 0.106180
v 2.236234 0.269666 0.100000
v 2.236234 0.269666 -0.100000
v 2.236015 0.270620 -0.106181
v 2.235381 0.273390 -0.111756
v 2.234393 0.277704 -0.116181
v 2.233149 0.283140 -0.119021
v 2.231769 0.289166 -0.120000
v 2.252315 0.293407 0.120000
v 2.253432 0.287327 0.119021
v 2.254439 0.281842 0.116180
v 2.255238 0.277489 0.111755
v 2.255752 0.274695 0.106180
v 2.255929 0.273732 0.100000
v 2.255929 0.273732 -0.100000
v 2.255752 0.274695 -0.106181
v 2.255238 0.277489 -0.111756
v 2.254439 0.281842 -0.116181
v 2.253432 0.287327 -0.119021
v 2.252315 0.293407 -0.120000
v 2.272875 0.296719 0.120000
v 2.273721 0.290595 0.119021
v 2.274485 0.285071 0.116180
v 2.275090 0.280687 0.111755
v 2.275479 0.277872 0.106180
v 2.275614 0.276902 0.100000
v 2.275614 0.276902 -0.100000
v 2.275479 0.277872 -0.106181
v 2.275090 0.280687 -0.111756
v 2.274485 0.285071 -0.116181
v 2.273721 0.290595 -0.119021
v 2.272875 0.296719 -0.120000
v 2.293435 0.299093 0.120000
v 2.294004 0.292937 0.119021
v 2.294518 0.287384 0.116180
v 2.294925 0.282977 0.111755
v 2.295187 0.280147 0.106180
v 2.295277 0.279172 0.100000
v 2.295277 0.279172 -0.100000
v 2.295187 0.280147 -0.106181
v 2.294925 0.282977 -0.111756
v 2.294518 0.287384 -0.116181
v 2.294004 0.292937 -0.119021
v 2.293435 0.299093 -0.120000
v 2.313982 0.300522 0.120000
v 2.314268 0.294347 0.119021
v 2.314527 0.288776 0.116180
v 2.314732 0.284355 0.111755
v 2.314863 0.281516 0.106180
v 2.314909 0.280538 0.100000
v 2.314909 0.280538 -0.100000
v 2.314863 0.281516 -0.106181
v 2.314732 0.284355 -0.111756
v 2.314527 0.288776 -0.116181
v 2.314268 0.294347 -0.119021
v 2.313982 0.300522 -0.120000
v 2.334500 0.301000 0.120000
v 2.334375 0.294815 0.119021
v 2.334263 0.289236 0.116180
v 2.334174 0.284808 0.111755
v 2.334116 0.281965 0.106180
v 2.334097 0.280985 0.100000
v 2.334097 0.280985 -0.100000
v 2.334116 0.281965 -0.106181
v 2.334174 0.284808 -0.111756
v 2.334263 0.289236 -0.116181
v 2.334375 0.294815 -0.119021
v 2.334500 0.301000 -0.120000
v 2.370765 0.298691 0.120000
v 2.369974 0.292549 0.119021
v 2.369260 0.287007 0.116180
v 2.368694 0.282610 0.111755
v 2.368330 0.279786 0.106180
v 2.368205 0.278814 0.100000
v 2.368205 0.278814 -0.100000
v 2.368330 0.279786 -0.106181
v 2.368694 0.282610 -0.111756
v 2.369260 0.287007 -0.116181
v 2.369974 0.292549 -0.119021
v 2.370765 0.298691 -0.120000
v 2.405370 0.291945 0.120000
v 2.403793 0.285955 0.119021
v 2.402370 0.280552 0.116180
v 2.401241 0.276265 0.111755
v 2.400516 0.273512 0.106180
v 2.400266 0.272563 0.100000
v 2.400266 0.272563 -0.100000
v 2.400516 0.273512 -0.106181
v 2.401241 0.276265 -0.111756
v 2.402370 0.280552 -0.116181
v 2.403793 0.285955 -0.119021
v 2.405370 0.291945 -0.120000
v 2.438031 0.281031 0.120000
v 2.435689 0.275297 0.119021
v 2.433577 0.270125 0.116180
v 2.431901 0.266020 0.111755
v 2.430825 0.263384 0.106180
v 2.430454 0.262476 0.100000
v 2.430454 0.262476 -0.100000
v 2.430825 0.263384 -0.106181
v 2.431901 0.266020 -0.111756
v 2.433577 0.270125 -0.116181
v 2.435689 0.275297 -0.119021
v 2.438031 0.281031 -0.120000
v 2.468463 0.266222 0.120000
v 2.465395 0.260842 0.119021
v 2.462627 0.255988 0.116180
v 2.460431 0.252136 0.111755
v 2.459020 0.249663 0.106180
v 2.458534 0.248811 0.100000
v 2.458534 0.248811 -0.100000
v 2.459020 0.249663 -0.106181
v 2.460431 0.252136 -0.111756
v 2.462627 0.255988 -0.116181
v 2.465395 0.260842 -0.119021
v 2.468463 0.266222 -0.120000
v 2.496381 0.247788 0.120000
v 2.492637 0.242854 0.119021
v 2.489260 0.238403 0.116180
v 2.486580 0.234870 0.111755
v 2.484859 0.232602 0.106180
v 2.484266 0.231821 0.100000
v 2.484266 0.231821 -0.100000
v 2.484859 0.232602 -0.106181
v 2.486580 0.234870 -0.111756
v 2.489260 0.238403 -0.116181
v 2.492637 0.242854 -0.119021
v 2.496381 0.247788 -0.120000
v 2.521500 0.226000 0.120000
v 2.517143 0.221597 0.119021
v 2.513213 0.217626 0.116180
v 2.510094 0.214474 0.111755
v 2.508092 0.212450 0.106180
v 2.507402 0.211753 0.100000
v 2.507402 0.211753 -0.100000
v 2.508092 0.212450 -0.106181
v 2.510094 0.214474 -0.111756
v 2.513213 0.217626 -0.116181
v 2.517143 0.221597 -0.119021
v 2.521500 0.226000 -0.120000
v 2.543536 0.201129 0.120000
v 2.538640 0.197335 0.119021
v 2.534222 0.193913 0.116180
v 2.530717 0.191197 0.111755
v 2.528467 0.189454 0.106180
v 2.527691 0.188853 0.100000
v 2.527691 0.188853 -0.100000
v 2.528467 0.189454 -0.106181
v 2.530717 0.191197 -0.111756
v 2.534222 0.193913 -0.116181
v 2.538640 0.197335 -0.119021
v 2.543536 0.201129 -0.120000
v 2.562204 0.173444 0.120000
v 2.556851 0.170328 0.119021
v 2.552022 0.167517 0.116180
v 2.548189 0.165286 0.111755
v 2.545729 0.163854 0.106180
v 2.544881 0.163361 0.100000
v 2.544881 0.163361 -0.100000
v 2.545729 0.163854 -0.106181
v 2.548189 0.165286 -0.111756
v 2.552022 0.167517 -0.116181
v 2.556851 0.170328 -0.119021
v 2.562204 0.173444 -0.120000
v 2.577219 0.143219 0.120000
v 2.571501 0.140836 0.119021
v 2.566344 0.138687 0.116180
v 2.562250 0.136982 0.111755
v 2.559622 0.135887 0.106180
v 2.558717 0.135509 0.100000
v 2.558717 0.135509 -0.100000
v 2.559622 0.135887 -0.106181
v 2.562250 0.136982 -0.111756
v 2.566344 0.138687 -0.116181
v 2.571501 0.140836 -0.119021
v 2.577219 0.143219 -0.120000
v 2.588296 0.110722 0.120000
v 2.582314 0.109116 0.119021
v 2.576918 0.107667 0.116180
v 2.572635 0.106517 0.111755
v 2.569886 0.105778 0.106180
v 2.568938 0.105524 0.100000
v 2.568938 0.105524 -0.100000
v 2.569886 0.105778 -0.106181
v 2.572635 0.106517 -0.111756
v 2.576918 0.107667 -0.116181
v 2.582314 0.109116 -0.119021
v 2.588296 0.110722 -0.120000
v 2.595152 0.076226 0.120000
v 2.589010 0.075420 0.119021
v 2.583471 0.074693 0.116180
v 2.579074 0.074116 0.111755
v 2.576251 0.073746 0.106180
v 2.575279 0.073618 0.100000
v 2.575279 0.073618 -0.100000
v 2.576251 0.073746 -0.106181
v 2.579074 0.074116 -0.111756
v 2.583471 0.074693 -0.116181
v 2.589010 0.075420 -0.119021
v 2.595152 0.076226 -0.120000
v 2.597500 0.040000 0.120000
v 2.591307 0.039995 0.119021
v 2.585720 0.039990 0.116180
v 2.581287 0.039986 0.111755
v 2.578440 0.039984 0.106180
v 2.577459 0.039983 0.100000
v 2.577459 0.039983 -0.100000
v 2.578440 0.039984 -0.106181
v 2.581287 0.039986 -0.111756
v 2.585720 0.039990 -0.116181
v 2.591307 0.039995 -0.119021
v 2.597500 0.040000 -0.120000
v 2.595163 0.002973 0.120000
v 2.589021 0.003767 0.119021
v 2.583479 0.004482 0.116180
v 2.579082 0.005050 0.111755
v 2.576258 0.005415 0.106180
v 2.575286 0.005540 0.100000
v 2.575286 0.005540 -0.100000
v 2.576258 0.005415 -0.106181
v 2.579082 0.005050 -0.111756
v 2.583479 0.004482 -0.116181
v 2.589021 0.003767 -0.119021
v 2.595163 0.002973 -0.120000
v 2.588306 -0.031963 0.120000
v 2.582322 -0.030361 0.119021
v 2.576924 -0.028916 0.116180
v 2.572640 -0.027770 0.111755
v 2.569889 -0.027033 0.106180
v 2.568941 -0.026780 0.100000
v 2.568941 -0.026780 -0.100000
v 2.569889 -0.027034 -0.106181
v 2.572640 -0.027770 -0.111756
v 2.576924 -0.028916 -0.116181
v 2.582322 -0.030361 -0.119021
v 2.588306 -0.031963 -0.120000
v 2.577156 -0.064594 0.120000
v 2.571447 -0.062190 0.119021
v 2.566296 -0.060021 0.116180
v 2.562208 -0.058300 0.111755
v 2.559584 -0.057195 0.106180
v 2.558679 -0.056814 0.100000
v 2.558679 -0.056814 -0.100000
v 2.559584 -0.057195 -0.106181
v 2.562208 -0.058300 -0.111756
v 2.566296 -0.060021 -0.116181
v 2.571447 -0.062190 -0.119021
v 2.577156 -0.064594 -0.120000
v 2.561944 -0.094704 0.120000
v 2.556624 -0.091530 0.119021
v 2.551824 -0.088667 0.116180
v 2.548014 -0.086395 0.111755
v 2.545569 -0.084936 0.106180
v 2.544726 -0.084433 0.100000
v 2.544726 -0.084433 -0.100000
v 2.545569 -0.084936 -0.106181
v 2.548014 -0.086395 -0.111756
v 2.551824 -0.088667 -0.116181
v 2.556624 -0.091530 -0.119021
v 2.561944 -0.094704 -0.120000
v 2.542899 -0.122078 0.120000
v 2.538073 -0.118192 0.119021
v 2.533720 -0.114688 0.116180
v 2.530265 -0.111906 0.111755
v 2.528047 -0.110120 0.106180
v 2.527282 -0.109505 0.100000
v 2.527282 -0.109505 -0.100000
v 2.528047 -0.110120 -0.106181
v 2.530265 -0.111906 -0.111756
v 2.533720 -0.114688 -0.116181
v 2.538073 -0.118192 -0.119021
v 2.542899 -0.122078 -0.120000
v 2.520250 -0.146500 0.120000
v 2.516009 -0.141984 0.119021
v 2.512184 -0.137910 0.116180
v 2.509148 -0.134677 0.111755
v 2.507198 -0.132601 0.106180
v 2.506527 -0.131886 0.100000
v 2.506527 -0.131886 -0.100000
v 2.507198 -0.132601 -0.106181
v 2.509148 -0.134677 -0.111756
v 2.512184 -0.137910 -0.116181
v 2.516009 -0.141984 -0.119021
v 2.520250 -0.146500 -0.120000
v 2.494226 -0.167756 0.120000
v 2.490640 -0.162705 0.119021
v 2.487406 -0.158148 0.116180
v 2.484838 -0.154532 0.111755
v 2.483190 -0.152210 0.106180
v 2.482622 -0.151410 0.100000
v 2.482622 -0.151410 -0.100000
v 2.483190 -0.152210 -0.106181
v 2.484838 -0.154532 -0.111756
v 2.487406 -0.158148 -0.116181
v 2.490640 -0.162705 -0.119021
v 2.494226 -0.167756 -0.120000
v 2.465056 -0.185630 0.120000
v 2.462173 -0.180148 0.119021
v 2.459572 -0.175203 0.116180
v 2.457508 -0.171278 0.111755
v 2.456182 -0.168759 0.106180
v 2.455726 -0.167890 0.100000
v 2.455726 -0.167890 -0.100000
v 2.456182 -0.168759 -0.106181
v 2.457508 -0.171278 -0.111756
v 2.459572 -0.175203 -0.116181
v 2.462173 -0.180148 -0.119021
v 2.465056 -0.185630 -0.120000
v 2.432969 -0.199906 0.120000
v 2.430814 -0.194101 0.119021
v 2.428869 -0.188863 0.116180
v 2.427326 -0.184707 0.111756
v 2.426336 -0.182039 0.106180
v 2.425994 -0.181119 0.100000
v 2.425994 -0.181119 -0.100000
v 2.426336 -0.182039 -0.106181
v 2.427326 -0.184707 -0.111756
v 2.428869 -0.188863 -0.116181
v 2.430814 -0.194101 -0.119021
v 2.432969 -0.199906 -0.120000
v 2.398195 -0.210370 0.120000
v 2.396773 -0.204344 0.119021
v 2.395490 -0.198908 0.116180
v 2.394472 -0.194594 0.111756
v 2.393818 -0.191824 0.106180
v 2.393593 -0.190869 0.100000
v 2.393593 -0.190869 -0.100000
v 2.393818 -0.191824 -0.106181
v 2.394472 -0.194594 -0.111756
v 2.395490 -0.198908 -0.116181
v 2.396773 -0.204344 -0.119021
v 2.398195 -0.210370 -0.120000
v 2.360962 -0.216807 0.120000
v 2.360262 -0.210656 0.119021
v 2.359630 -0.205107 0.116180
v 2.359129 -0.200703 0.111756
v 2.358807 -0.197876 0.106180
v 2.358696 -0.196902 0.100000
v 2.358696 -0.196902 -0.100000
v 2.358807 -0.197876 -0.106181
v 2.359129 -0.200703 -0.111756
v 2.359630 -0.205107 -0.116181
v 2.360262 -0.210656 -0.119021
v 2.360962 -0.216807 -0.120000
v 2.321500 -0.219000 0.120000
v 2.321386 -0.212817 0.119021
v 2.321283 -0.207238 0.116180
v 2.321201 -0.202811 0.111756
v 2.321149 -0.199969 0.106180
v 2.321131 -0.198990 0.100000
v 2.321131 -0.198990 -0.100000
v 2.321149 -0.199969 -0.106181
v 2.321201 -0.202811 -0.111756
v 2.321283 -0.207238 -0.116181
v 2.321386 -0.212817 -0.119021
v 2.321500 -0.219000 -0.120000
v 2.308352 -0.218755 0.120000
v 2.308579 -0.212578 0.119021
v 2.308784 -0.207006 0.116180
v 2.308948 -0.202583 0.111756
v 2.309052 -0.199744 0.106180
v 2.309088 -0.198766 0.100000
v 2.309088 -0.198766 -0.100000
v 2.309052 -0.199744 -0.106181
v 2.308948 -0.202583 -0.111756
v 2.308784 -0.207006 -0.116181
v 2.308579 -0.212578 -0.119021
v 2.308352 -0.218755 -0.120000
v 2.295398 -0.218042 0.120000
v 2.295846 -0.211877 0.119021
v 2.296249 -0.206315 0.116180
v 2.296569 -0.201901 0.111756
v 2.296775 -0.199068 0.106180
v 2.296846 -0.198091 0.100000
v 2.296846 -0.198091 -0.100000
v 2.296775 -0.199068 -0.106181
v 2.296569 -0.201901 -0.111756
v 2.296249 -0.206315 -0.116181
v 2.295846 -0.211877 -0.119021
v 2.295398 -0.218042 -0.120000
v 2.282625 -0.216891 0.120000
v 2.283281 -0.210744 0.119021
v 2.283874 -0.205200 0.116180
v 2.284343 -0.200800 0.111756
v 2.284645 -0.197975 0.106180
v 2.284749 -0.197001 0.100000
v 2.284749 -0.197001 -0.100000
v 2.284645 -0.197975 -0.106181
v 2.284343 -0.200800 -0.111756
v 2.283874 -0.205200 -0.116181
v 2.283281 -0.210744 -0.119021
v 2.282625 -0.216891 -0.120000
v 2.270019 -0.215333 0.120000
v 2.270871 -0.209211 0.119021
v 2.271641 -0.203689 0.116180
v 2.272251 -0.199306 0.111756
v 2.272643 -0.196492 0.106180
v 2.272779 -0.195522 0.100000
v 2.272779 -0.195522 -0.100000
v 2.272643 -0.196492 -0.106181
v 2.272251 -0.199306 -0.111756
v 2.271641 -0.203689 -0.116181
v 2.270871 -0.209211 -0.119021
v 2.270019 -0.215333 -0.120000
v 2.257565 -0.213401 0.120000
v 2.258600 -0.207308 0.119021
v 2.259535 -0.201810 0.116180
v 2.260276 -0.197448 0.111756
v 2.260752 -0.194647 0.106180
v 2.260916 -0.193682 0.100000
v 2.260916 -0.193682 -0.100000
v 2.260752 -0.194647 -0.106181
v 2.260276 -0.197448 -0.111756
v 2.259535 -0.201810 -0.116181
v 2.258600 -0.207308 -0.119021
v 2.257565 -0.213401 -0.120000
v 2.245250 -0.211125 0.120000
v 2.246454 -0.205063 0.119021
v 2.247540 -0.199593 0.116180
v 2.248401 -0.195253 0.111756
v 2.248955 -0.192466 0.106180
v 2.249145 -0.191506 0.100000
v 2.249145 -0.191506 -0.100000
v 2.248955 -0.192466 -0.106181
v 2.248401 -0.195253 -0.111756
v 2.247540 -0.199593 -0.116181
v 2.246454 -0.205063 -0.119021
v 2.245250 -0.211125 -0.120000
v 2.233060 -0.208537 0.120000
v 2.234416 -0.202506 0.119021
v 2.235640 -0.197067 0.116180
v 2.236611 -0.192749 0.111756
v 2.237235 -0.189978 0.106180
v 2.237449 -0.189023 0.100000
v 2.237449 -0.189023 -0.100000
v 2.237235 -0.189978 -0.106181
v 2.236611 -0.192749 -0.111756
v 2.235640 -0.197067 -0.116181
v 2.234416 -0.202506 -0.119021
v 2.233060 -0.208537 -0.120000
v 2.220981 -0.205667 0.120000
v 2.222475 -0.199669 0.119021
v 2.223821 -0.194259 0.116180
v 2.224890 -0.189965 0.111756
v 2.225577 -0.187208 0.106180
v 2.225813 -0.186258 0.100000
v 2.225813 -0.186258 -0.100000
v 2.225577 -0.187208 -0.106181
v 2.224890 -0.189965 -0.111756
v 2.223821 -0.194259 -0.116181
v 2.222475 -0.199669 -0.119021
v 2.220981 -0.205667 -0.120000
v 2.209000 -0.202547 0.120000
v 2.210613 -0.196581 0.119021
v 2.212069 -0.191198 0.116180
v 2.213224 -0.186927 0.111756
v 2.213966 -0.184185 0.106180
v 2.214222 -0.183240 0.100000
v 2.214222 -0.183240 -0.100000
v 2.213966 -0.184185 -0.106181
v 2.213224 -0.186927 -0.111756
v 2.212069 -0.191198 -0.116181
v 2.210613 -0.196581 -0.119021
v 2.209000 -0.202547 -0.120000
v 2.197102 -0.199208 0.120000
v 2.198820 -0.193271 0.119021
v 2.200369 -0.187915 0.116180
v 2.201599 -0.183665 0.111756
v 2.202389 -0.180936 0.106180
v 2.202661 -0.179996 0.100000
v 2.202661 -0.179996 -0.100000
v 2.202389 -0.180936 -0.106181
v 2.201599 -0.183665 -0.111756
v 2.200369 -0.187915 -0.116181
v 2.198820 -0.193271 -0.119021
v 2.197102 -0.199208 -0.120000
v 2.185273 -0.195682 0.120000
v 2.187078 -0.189771 0.119021
v 2.188707 -0.184439 0.116180
v 2.190000 -0.180207 0.111756
v 2.190829 -0.177490 0.106180
v 2.191115 -0.176554 0.100000
v 2.191115 -0.176554 -0.100000
v 2.190829 -0.177490 -0.106181
v 2.190000 -0.180207 -0.111756
v 2.188707 -0.184439 -0.116181
v 2.187078 -0.189771 -0.119021
v 2.185273 -0.195682 -0.120000
v 2.173500 -0.192000 0.120000
v 2.179680 -0.187457 0.119021
v 2.185256 -0.183360 0.116180
v 2.189680 -0.180107 0.111756
v 2.192521 -0.178019 0.106180
v 2.193500 -0.177300 0.100000
v 2.193500 -0.177300 -0.100000
v 2.192521 -0.178019 -0.106181
v 2.189680 -0.180107 -0.111756
v 2.185256 -0.183360 -0.116181
v 2.179680 -0.187457 -0.119021
v 2.173500 -0.192000 -0.120000
v 2.173500 -0.052000 0.120000
v 2.179680 -0.058180 0.119021
v 2.185256 -0.063756 0.116180
v 2.189680 -0.068180 0.111756
v 2.192521 -0.071021 0.106180
v 2.193500 -0.072000 0.100000
v 2.193500 -0.072000 -0.100000
v 2.192521 -0.071021 -0.106181
v 2.189680 -0.068180 -0.111756
v 2.185256 -0.063756 -0.116181
v 2.179680 -0.058180 -0.119021
v 2.173500 -0.052000 -0.120000
v 2.304500 -0.052000 0.120000
v 2.310680 -0.058180 0.119021
v 2.316256 -0.063756 0.116180
v 2.320680 -0.068180 0.111756
v 2.323521 -0.071021 0.106180
v 2.324500 -0.072000 0.100000
v 2.324500 -0.072000 -0.100000
v 2.323521 -0.071021 -0.106181
v 2.320680 -0.068180 -0.111756
v 2.316256 -0.063756 -0.116181
v 2.310680 -0.058180 -0.119021
v 2.304500 -0.052000 -0.120000
v 2.304500 0.036000 0.120000
v 2.310680 0.042180 0.119021
v 2.316256 0.047756 0.116180
v 2.320680 0.052180 0.111755
v 2.323521 0.055021 0.106180
v 2.324500 0.056000 0.100000
v 2.324500 0.056000 -0.100000
v 2.323521 0.055021 -0.106181
v 2.320680 0.052180 -0.111756
v 2.316256 0.047756 -0.116181
v 2.310680 0.042180 -0.119021
v 2.304500 0.036000 -0.120000
v 2.075500 0.036000 0.120000
v 2.069320 0.042180 0.119021
v 2.063744 0.047756 0.116180
v 2.059320 0.052180 0.111756
v 2.056479 0.055021 0.106180
v 2.055500 0.056000 0.100000
v 2.055500 0.056000 -0.100000
v 2.056479 0.055021 -0.106181
v 2.059320 0.052180 -0.111756
v 2.063744 0.047756 -0.116181
v 2.069320 0.042180 -0.119021
v 2.075500 0.036000 -0.120000
v 2.075500 -0.253000 0.120000
v 2.069320 -0.257093 0.119021
v 2.063744 -0.260785 0.116180
v 2.059320 -0.263715 0.111756
v 2.056479 -0.265596 0.106180
v 2.055500 -0.266244 0.100000
v 2.055500 -0.266244 -0.100000
v 2.056479 -0.265596 -0.106181
v 2.059320 -0.263715 -0.111756
v 2.063744 -0.260785 -0.116181
v 2.069320 -0.257093 -0.119021
v 2.075500 -0.253000 -0.120000
v 1.441500 -0.300000 0.120000
v 1.445486 -0.306180 0.119021
v 1.449082 -0.311756 0.116180
v 1.451936 -0.316180 0.111756
v 1.453768 -0.319021 0.106180
v 1.454400 -0.320000 0.100000
v 1.454400 -0.320000 -0.100000
v 1.453768 -0.319021 -0.106180
v 1.451936 -0.316180 -0.111756
v 1.449082 -0.311756 -0.116180
v 1.445486 -0.306180 -0.119021
v 1.441500 -0.300000 -0.120000
v 1.532500 -0.099000 0.120000
v 1.536486 -0.105180 0.119021
v 1.540082 -0.110756 0.116180
v 1.542936 -0.115180 0.111756
v 1.544768 -0.118021 0.106180
v 1.545400 -0.119000 0.100000
v 1.545400 -0.119000 -0.100000
v 1.544768 -0.118021 -0.106180
v 1.542936 -0.115180 -0.111756
v 1.540082 -0.110756 -0.116180
v 1.536486 -0.105180 -0.119021
v 1.532500 -0.099000 -0.120000
v 1.822500 -0.099000 0.120000
v 1.818422 -0.105180 0.119021
v 1.814743 -0.110756 0.116180
v 1.811824 -0.115180 0.111756
v 1.809949 -0.118021 0.106180
v 1.809304 -0.119000 0.100000
v 1.809304 -0.119000 -0.100000
v 1.809949 -0.118021 -0.106180
v 1.811824 -0.115180 -0.111756
v 1.814743 -0.110756 -0.116181
v 1.818422 -0.105180 -0.119021
v 1.822500 -0.099000 -0.120000
v 1.908500 -0.300000 0.120000
v 1.904422 -0.306180 0.119021
v 1.900743 -0.311756 0.116180
v 1.897824 -0.316180 0.111756
v 1.895949 -0.319021 0.106180
v 1.895303 -0.320000 0.100000
v 1.895303 -0.320000 -0.100000
v 1.895949 -0.319021 -0.106180
v 1.897824 -0.316180 -0.111756
v 1.900743 -0.311756 -0.116180
v 1.904422 -0.306180 -0.119021
v 1.908500 -0.300000 -0.120000
v 2.008500 -0.300000 0.120000
v 2.017860 -0.306180 0.119021
v 2.026304 -0.311756 0.116180
v 2.033005 -0.316180 0.111756
v 2.037308 -0.319021 0.106180
v 2.038790 -0.320000 0.100000
v 2.038790 -0.320000 -0.100000
v 2.037308 -0.319021 -0.106181
v 2.033005 -0.316180 -0.111756
v 2.026304 -0.311756 -0.116181
v 2.017860 -0.306180 -0.119021
v 2.008500 -0.300000 -0.120000
v 1.715500 0.386000 0.120000
v 1.719581 0.392180 0.119021
v 1.723262 0.397756 0.116180
v 1.726184 0.402180 0.111756
v 1.728059 0.405021 0.106180
v 1.728706 0.406000 0.100000
v 1.728706 0.406000 -0.100000
v 1.728059 0.405021 -0.106181
v 1.726184 0.402180 -0.111756
v 1.723262 0.397756 -0.116181
v 1.719581 0.392180 -0.119021
v 1.715500 0.386000 -0.120000
v 1.646500 0.386000 0.120000
v 1.642484 0.392180 0.119021
v 1.638862 0.397756 0.116180
v 1.635986 0.402180 0.111756
v 1.634141 0.405021 0.106180
v 1.633505 0.406000 0.100000
v 1.633505 0.406000 -0.100000
v 1.634141 0.405021 -0.106181
v 1.635986 0.402180 -0.111756
v 1.638862 0.397756 -0.116181
v 1.642484 0.392180 -0.119021
v 1.646500 0.386000 -0.120000
v 1.341500 -0.300000 0.120000
v 1.331989 -0.306180 0.119021
v 1.323408 -0.311756 0.116180
v 1.316599 -0.316180 0.111756
v 1.312227 -0.319021 0.106180
v 1.310720 -0.320000 0.100000
v 1.310720 -0.320000 -0.100000
v 1.312227 -0.319021 -0.106180
v 1.316599 -0.316180 -0.111756
v 1.323408 -0.311756 -0.116180
v 1.331989 -0.306180 -0.119021
v 1.341500 -0.300000 -0.120000
v 1.572500 -0.011000 0.120000
v 1.582018 -0.004820 0.119021
v 1.590604 0.000756 0.116180
v 1.597418 0.005180 0.111756
v 1.601793 0.008021 0.106180
v 1.603301 0.009000 0.100000
v 1.603301 0.009000 -0.100000
v 1.601793 0.008021 -0.106180
v 1.597418 0.005180 -0.111756
v 1.590604 0.000756 -0.116180
v 1.582018 -0.004820 -0.119021
v 1.572500 -0.011000 -0.120000
v 1.682500 0.236000 0.120000
v 1.682286 0.220327 0.119021
v 1.682092 0.206188 0.116180
v 1.681939 0.194968 0.111756
v 1.681840 0.187764 0.106180
v 1.681806 0.185281 0.100000
v 1.681806 0.185281 -0.100000
v 1.681840 0.187764 -0.106180
v 1.681939 0.194968 -0.111756
v 1.682092 0.206188 -0.116181
v 1.682286 0.220327 -0.119021
v 1.682500 0.236000 -0.120000
v 1.784500 -0.011000 0.120000
v 1.775261 -0.004820 0.119021
v 1.766927 0.000756 0.116180
v 1.760313 0.005180 0.111756
v 1.756066 0.008021 0.106180
v 1.754603 0.009000 0.100000
v 1.754603 0.009000 -0.100000
v 1.756066 0.008021 -0.106180
v 1.760313 0.005180 -0.111756
v 1.766927 0.000756 -0.116181
v 1.775261 -0.004820 -0.119021
v 1.784500 -0.011000 -0.120000
v 0.730500 -0.300000 0.120000
v 0.736680 -0.306180 0.119021
v 0.742256 -0.311756 0.116180
v 0.746680 -0.316180 0.111756
v 0.749521 -0.319021 0.106180
v 0.750500 -0.320000 0.100000
v 0.750500 -0.320000 -0.100000
v 0.749521 -0.319021 -0.106180
v 0.746680 -0.316180 -0.111756
v 0.742256 -0.311756 -0.116180
v 0.736680 -0.306180 -0.119021
v 0.730500 -0.300000 -0.120000
v 0.730500 0.231000 0.120000
v 0.736680 0.224820 0.119021
v 0.742256 0.219244 0.116180
v 0.746680 0.214820 0.111756
v 0.749521 0.211979 0.106180
v 0.750500 0.211000 0.100000
v 0.750500 0.211000 -0.100000
v 0.749521 0.211979 -0.106180
v 0.746680 0.214820 -0.111756
v 0.742256 0.219244 -0.116180
v 0.736680 0.224820 -0.119021
v 0.730500 0.231000 -0.120000
v 0.732500 0.231000 0.120000
v 0.729519 0.224820 0.119021
v 0.726830 0.219244 0.116180
v 0.724696 0.214820 0.111756
v 0.723325 0.211979 0.106180
v 0.722853 0.211000 0.100000
v 0.722853 0.211000 -0.100000
v 0.723325 0.211979 -0.106180
v 0.724696 0.214820 -0.111756
v 0.726830 0.219244 -0.116180
v 0.729519 0.224820 -0.119021
v 0.732500 0.231000 -0.120000
v 0.942500 -0.033000 0.120000
v 0.939519 -0.039180 0.119021
v 0.936830 -0.044756 0.116180
v 0.934696 -0.049180 0.111756
v 0.933325 -0.052021 0.106180
v 0.932853 -0.053000 0.100000
v 0.932853 -0.053000 -0.100000
v 0.933325 -0.052021 -0.106180
v 0.934696 -0.049180 -0.111756
v 0.936830 -0.044756 -0.116180
v 0.939519 -0.039180 -0.119021
v 0.942500 -0.033000 -0.120000
v 0.958500 -0.033000 0.120000
v 0.961481 -0.039180 0.119021
v 0.964170 -0.044756 0.116180
v 0.966304 -0.049180 0.111756
v 0.967675 -0.052021 0.106180
v 0.968147 -0.053000 0.100000
v 0.968147 -0.053000 -0.100000
v 0.967675 -0.052021 -0.106180
v 0.966304 -0.049180 -0.111756
v 0.964170 -0.044756 -0.116180
v 0.961481 -0.039180 -0.119021
v 0.958500 -0.033000 -0.120000
v 1.168500 0.231000 0.120000
v 1.171481 0.224820 0.119021
v 1.174170 0.219244 0.116180
v 1.176304 0.214820 0.111756
v 1.177675 0.211979 0.106180
v 1.178147 0.211000 0.100000
v 1.178147 0.211000 -0.100000
v 1.177675 0.211979 -0.106180
v 1.176304 0.214820 -0.111756
v 1.174170 0.219244 -0.116180
v 1.171481 0.224820 -0.119021
v 1.168500 0.231000 -0.120000
v 1.170500 0.231000 0.120000
v 1.164320 0.224820 0.119021
v 1.158744 0.219244 0.116180
v 1.154320 0.214820 0.111756
v 1.151479 0.211979 0.106180
v 1.150500 0.211000 0.100000
v 1.150500 0.211000 -0.100000
v 1.151479 0.211979 -0.106180
v 1.154320 0.214820 -0.111756
v 1.158744 0.219244 -0.116180
v 1.164320 0.224820 -0.119021
v 1.170500 0.231000 -0.120000
v 1.170500 -0.300000 0.120000
v 1.164320 -0.306180 0.119021
v 1.158744 -0.311756 0.116180
v 1.154320 -0.316180 0.111756
v 1.151479 -0.319021 0.106180
v 1.150500 -0.320000 0.100000
v 1.150500 -0.320000 -0.100000
v 1.151479 -0.319021 -0.106180
v 1.154320 -0.316180 -0.111756
v 1.158744 -0.311756 -0.116180
v 1.164320 -0.306180 -0.119021
v 1.170500 -0.300000 -0.120000
v 1.268500 -0.300000 0.120000
v 1.274680 -0.306180 0.119021
v 1.280256 -0.311756 0.116180
v 1.284680 -0.316180 0.111756
v 1.287521 -0.319021 0.106180
v 1.288500 -0.320000 0.100000
v 1.288500 -0.320000 -0.100000
v 1.287521 -0.319021 -0.106180
v 1.284680 -0.316180 -0.111756
v 1.280256 -0.311756 -0.116180
v 1.274680 -0.306180 -0.119021
v 1.268500 -0.300000 -0.120000
v 1.268500 0.382000 0.120000
v 1.274680 0.388180 0.119021
v 1.280256 0.393756 0.116180
v 1.284680 0.398180 0.111756
v 1.287521 0.401021 0.106180
v 1.288500 0.402000 0.100000
v 1.288500 0.402000 -0.100000
v 1.287521 0.401021 -0.106180
v 1.284680 0.398180 -0.111756
v 1.280256 0.393756 -0.116180
v 1.274680 0.388180 -0.119021
v 1.268500 0.382000 -0.120000
v 1.176500 0.382000 0.120000
v 1.173546 0.388180 0.119021
v 1.170881 0.393756 0.116180
v 1.168767 0.398180 0.111756
v 1.167409 0.401021 0.106180
v 1.166941 0.402000 0.100000
v 1.166941 0.402000 -0.100000
v 1.167409 0.401021 -0.106180
v 1.168767 0.398180 -0.111756
v 1.170881 0.393756 -0.116180
v 1.173546 0.388180 -0.119021
v 1.176500 0.382000 -0.120000
v 0.950500 0.102000 0.120000
v 0.950489 0.111827 0.119021
v 0.950480 0.120692 0.116180
v 0.950472 0.127727 0.111756
v 0.950467 0.132244 0.106180
v 0.950466 0.133801 0.100000
v 0.950466 0.133801 -0.100000
v 0.950467 0.132244 -0.106180
v 0.950472 0.127727 -0.111756
v 0.950480 0.120692 -0.116180
v 0.950489 0.111827 -0.119021
v 0.950500 0.102000 -0.120000
v 0.723500 0.382000 0.120000
v 0.726446 0.388180 0.119021
v 0.729103 0.393756 0.116180
v 0.731212 0.398180 0.111756
v 0.732566 0.401021 0.106180
v 0.733033 0.402000 0.100000
v 0.733033 0.402000 -0.100000
v 0.732566 0.401021 -0.106180
v 0.731212 0.398180 -0.111756
v 0.729103 0.393756 -0.116180
v 0.726446 0.388180 -0.119021
v 0.723500 0.382000 -0.120000
v 0.632500 0.382000 0.120000
v 0.626320 0.388180 0.119021
v 0.620744 0.393756 0.116180
v 0.616320 0.398180 0.111756
v 0.613479 0.401021 0.106180
v 0.612500 0.402000 0.100000
v 0.612500 0.402000 -0.100000
v 0.613479 0.401021 -0.106180
v 0.616320 0.398180 -0.111756
v 0.620744 0.393756 -0.116180
v 0.626320 0.388180 -0.119021
v 0.632500 0.382000 -0.120000
v 0.632500 -0.300000 0.120000
v 0.626320 -0.306180 0.119021
v 0.620744 -0.311756 0.116180
v 0.616320 -0.316180 0.111756
v 0.613479 -0.319021 0.106180
v 0.612500 -0.320000 0.100000
v 0.612500 -0.320000 -0.100000
v 0.613479 -0.319021 -0.106180
v 0.616320 -0.316180 -0.111756
v 0.620744 -0.311756 -0.116180
v 0.626320 -0.306180 -0.119021
v 0.632500 -0.300000 -0.120000
v 0.387500 0.294000 0.120000
v 0.381320 0.287820 0.119021
v 0.375744 0.282244 0.116180
v 0.371320 0.277820 0.111756
v 0.368479 0.274979 0.106180
v 0.367500 0.274000 0.100000
v 0.367500 0.274000 -0.100000
v 0.368479 0.274979 -0.106180
v 0.371320 0.277820 -0.111756
v 0.375744 0.282244 -0.116180
v 0.381320 0.287820 -0.119021
v 0.387500 0.294000 -0.120000
v 0.387500 0.088000 0.120000
v 0.381320 0.094180 0.119021
v 0.375744 0.099756 0.116180
v 0.371320 0.104180 0.111756
v 0.368479 0.107021 0.106180
v 0.367500 0.108000 0.100000
v 0.367500 0.108000 -0.100000
v 0.368479 0.107021 -0.106180
v 0.371320 0.104180 -0.111756
v 0.375744 0.099756 -0.116180
v 0.381320 0.094180 -0.119021
v 0.387500 0.088000 -0.120000
v 0.108500 0.088000 0.120000
v 0.102320 0.094180 0.119021
v 0.096744 0.099756 0.116180
v 0.092320 0.104180 0.111756
v 0.089479 0.107021 0.106180
v 0.088500 0.108000 0.100000
v 0.088500 0.108000 -0.100000
v 0.089479 0.107021 -0.106180
v 0.092320 0.104180 -0.111756
v 0.096744 0.099756 -0.116180
v 0.102320 0.094180 -0.119021
v 0.108500 0.088000 -0.120000
v 0.108500 0.000000 0.120000
v 0.102320 -0.006180 0.119021
v 0.096744 -0.011756 0.116180
v 0.092320 -0.016180 0.111756
v 0.089479 -0.019021 0.106180
v 0.088500 -0.020000 0.100000
v 0.088500 -0.020000 -0.100000
v 0.089479 -0.019021 -0.106180
v 0.092320 -0.016180 -0.111756
v 0.096744 -0.011756 -0.116180
v 0.102320 -0.006180 -0.119021
v 0.108500 -0.000000 -0.120000
v 0.387500 0.000000 0.120000
v 0.381320 -0.006180 0.119021
v 0.375744 -0.011756 0.116180
v 0.371320 -0.016180 0.111756
v 0.368479 -0.019021 0.106180
v 0.367500 -0.020000 0.100000
v 0.367500 -0.020000 -0.100000
v 0.368479 -0.019021 -0.106180
v 0.371320 -0.016180 -0.111756
v 0.375744 -0.011756 -0.116180
v 0.381320 -0.006180 -0.119021
v 0.387500 -0.000000 -0.120000
v 0.387500 -0.212000 0.120000
v 0.381320 -0.205820 0.119021
v 0.375744 -0.200244 0.116180
v 0.371320 -0.195820 0.111756
v 0.368479 -0.192979 0.106180
v 0.367500 -0.192000 0.100000
v 0.367500 -0.192000 -0.100000
v 0.368479 -0.192979 -0.106180
v 0.371320 -0.195820 -0.111756
v 0.375744 -0.200244 -0.116180
v 0.381320 -0.205820 -0.119021
v 0.387500 -0.212000 -0.120000
v 0.089500 -0.212000 0.120000
v 0.083320 -0.205820 0.119021
v 0.077744 -0.200244 0.116180
v 0.073320 -0.195820 0.111756
v 0.070479 -0.192979 0.106180
v 0.069500 -0.192000 0.100000
v 0.069500 -0.192000 -0.100000
v 0.070479 -0.192979 -0.106180
v 0.073320 -0.195820 -0.111756
v 0.077744 -0.200244 -0.116180
v 0.083320 -0.205820 -0.119021
v 0.089500 -0.212000 -0.120000
v 0.089500 -0.300000 0.120000
v 0.083320 -0.306180 0.119021
v 0.077744 -0.311756 0.116180
v 0.073320 -0.316180 0.111756
v 0.070479 -0.319021 0.106180
v 0.069500 -0.320000 0.100000
v 0.069500 -0.320000 -0.100000
v 0.070479 -0.319021 -0.106180
v 0.073320 -0.316180 -0.111756
v 0.077744 -0.311756 -0.116180
v 0.083320 -0.306180 -0.119021
v 0.089500 -0.300000 -0.120000
v 0.485500 -0.300000 0.120000
v 0.491680 -0.306180 0.119021
v 0.497256 -0.311756 0.116180
v 0.501680 -0.316180 0.111756
v 0.504521 -0.319021 0.106180
v 0.505500 -0.320000 0.100000
v 0.505500 -0.320000 -0.100000
v 0.504521 -0.319021 -0.106180
v 0.501680 -0.316180 -0.111756
v 0.497256 -0.311756 -0.116180
v 0.491680 -0.306180 -0.119021
v 0.485500 -0.300000 -0.120000
v 0.485500 0.382000 0.120000
v 0.491680 0.388180 0.119021
v 0.497256 0.393756 0.116180
v 0.501680 0.398180 0.111756
v 0.504521 0.401021 0.106180
v 0.505500 0.402000 0.100000
v 0.505500 0.402000 -0.100000
v 0.504521 0.401021 -0.106180
v 0.501680 0.398180 -0.111756
v 0.497256 0.393756 -0.116180
v 0.491680 0.388180 -0.119021
v 0.485500 0.382000 -0.120000
v 0.098500 0.382000 0.120000
v 0.092320 0.388180 0.119021
v 0.086744 0.393756 0.116180
v 0.082320 0.398180 0.111756
v 0.079479 0.401021 0.106180
v 0.078500 0.402000 0.100000
v 0.078500 0.402000 -0.100000
v 0.079479 0.401021 -0.106180
v 0.082320 0.398180 -0.111756
v 0.086744 0.393756 -0.116180
v 0.092320 0.388180 -0.119021
v 0.098500 0.382000 -0.120000
v 0.098500 0.294000 0.120000
v 0.092320 0.287820 0.119021
v 0.086744 0.282244 0.116180
v 0.082320 0.277820 0.111756
v 0.079479 0.274979 0.106180
v 0.078500 0.274000 0.100000
v 0.078500 0.274000 -0.100000
v 0.079479 0.274979 -0.106180
v 0.082320 0.277820 -0.111756
v 0.086744 0.282244 -0.116180
v 0.092320 0.287820 -0.119021
v 0.098500 0.294000 -0.120000
v -0.682987 0.387742 0.120000
v -0.683741 0.393888 0.119021
v -0.684420 0.399433 0.116180
v -0.684960 0.403833 0.111756
v -0.685306 0.406658 0.106180
v -0.685426 0.407632 0.100000
v -0.685426 0.407632 -0.100000
v -0.685306 0.406658 -0.106180
v -0.684960 0.403833 -0.111756
v -0.684420 0.399433 -0.116180
v -0.683741 0.393888 -0.119021
v -0.682987 0.387742 -0.120000
v -0.733810 0.378269 0.120000
v -0.735337 0.384271 0.119021
v -0.736714 0.389686 0.116180
v -0.737807 0.393983 0.111756
v -0.738508 0.396742 0.106180
v -0.738750 0.397692 0.100000
v -0.738750 0.397692 -0.100000
v -0.738508 0.396742 -0.106180
v -0.737807 0.393983 -0.111756
v -0.736714 0.389686 -0.116180
v -0.735337 0.384271 -0.119021
v -0.733810 0.378269 -0.120000
v -0.780766 0.363031 0.120000
v -0.783065 0.368783 0.119021
v -0.785140 0.373971 0.116180
v -0.786786 0.378089 0.111756
v -0.787843 0.380732 0.106180
v -0.788207 0.381643 0.100000
v -0.788207 0.381643 -0.100000
v -0.787843 0.380732 -0.106180
v -0.786786 0.378089 -0.111756
v -0.785140 0.373971 -0.116180
v -0.783065 0.368783 -0.119021
v -0.780766 0.363031 -0.120000
v -0.823648 0.342482 0.120000
v -0.826697 0.347874 0.119021
v -0.829447 0.352739 0.116180
v -0.831629 0.356599 0.111756
v -0.833030 0.359078 0.106180
v -0.833513 0.359932 0.100000
v -0.833513 0.359932 -0.100000
v -0.833030 0.359078 -0.106180
v -0.831629 0.356599 -0.111756
v -0.829447 0.352739 -0.116180
v -0.826697 0.347874 -0.119021
v -0.823648 0.342482 -0.120000
v -0.862253 0.317071 0.120000
v -0.866003 0.322001 0.119021
v -0.869386 0.326450 0.116180
v -0.872070 0.329980 0.111756
v -0.873794 0.332246 0.106180
v -0.874388 0.333027 0.100000
v -0.874388 0.333027 -0.100000
v -0.873794 0.332246 -0.106180
v -0.872070 0.329980 -0.111756
v -0.869386 0.326450 -0.116180
v -0.866003 0.322001 -0.119021
v -0.862253 0.317071 -0.120000
v -0.896375 0.287250 0.120000
v -0.900759 0.291627 0.119021
v -0.904713 0.295576 0.116180
v -0.907851 0.298709 0.111756
v -0.909866 0.300721 0.106180
v -0.910560 0.301415 0.100000
v -0.910560 0.301415 -0.100000
v -0.909866 0.300721 -0.106180
v -0.907851 0.298709 -0.111756
v -0.904713 0.295576 -0.116180
v -0.900759 0.291627 -0.119021
v -0.896375 0.287250 -0.120000
v -0.925810 0.253471 0.120000
v -0.930743 0.257217 0.119021
v -0.935194 0.260597 0.116180
v -0.938725 0.263278 0.111756
v -0.940993 0.265000 0.106180
v -0.941774 0.265594 0.100000
v -0.941774 0.265594 -0.100000
v -0.940993 0.265000 -0.106180
v -0.938725 0.263278 -0.111756
v -0.935194 0.260597 -0.116180
v -0.930743 0.257217 -0.119021
v -0.925810 0.253471 -0.120000
v -0.950352 0.216185 0.120000
v -0.955741 0.219239 0.119021
v -0.960602 0.221995 0.116180
v -0.964460 0.224181 0.111756
v -0.966937 0.225585 0.106180
v -0.967790 0.226069 0.100000
v -0.967790 0.226069 -0.100000
v -0.966937 0.225585 -0.106180
v -0.964460 0.224181 -0.111756
v -0.960602 0.221995 -0.116180
v -0.955741 0.219239 -0.119021
v -0.950352 0.216185 -0.120000
v -0.969797 0.175844 0.120000
v -0.975541 0.178162 0.119021
v -0.980722 0.180253 0.116180
v -0.984834 0.181913 0.111756
v -0.987473 0.182979 0.106180
v -0.988383 0.183346 0.100000
v -0.988383 0.183346 -0.100000
v -0.987473 0.182979 -0.106180
v -0.984834 0.181913 -0.111756
v -0.980722 0.180253 -0.116180
v -0.975541 0.178162 -0.119021
v -0.969797 0.175844 -0.120000
v -0.983940 0.132898 0.120000
v -0.989935 0.134452 0.119021
v -0.995343 0.135854 0.116180
v -0.999635 0.136967 0.111756
v -1.002391 0.137682 0.106180
v -1.003340 0.137928 0.100000
v -1.003340 0.137928 -0.100000
v -1.002391 0.137682 -0.106180
v -0.999635 0.136967 -0.111756
v -0.995343 0.135854 -0.116180
v -0.989935 0.134452 -0.119021
v -0.983940 0.132898 -0.120000
v -0.992576 0.087800 0.120000
v -0.998720 0.088577 0.119021
v -1.004262 0.089278 0.116180
v -1.008661 0.089834 0.111756
v -1.011485 0.090191 0.106180
v -1.012458 0.090314 0.100000
v -1.012458 0.090314 -0.100000
v -1.011485 0.090191 -0.106180
v -1.008661 0.089834 -0.111756
v -1.004262 0.089278 -0.116180
v -0.998720 0.088577 -0.119021
v -0.992576 0.087800 -0.120000
v -0.995500 0.041000 0.120000
v -1.001693 0.041000 0.119021
v -1.007279 0.041000 0.116180
v -1.011712 0.040999 0.111756
v -1.014559 0.040999 0.106180
v -1.015539 0.040999 0.100000
v -1.015539 0.040999 -0.100000
v -1.014559 0.040999 -0.106180
v -1.011712 0.040999 -0.111756
v -1.007279 0.041000 -0.116180
v -1.001693 0.041000 -0.119021
v -0.995500 0.041000 -0.120000
v -0.992651 -0.004539 0.120000
v -0.998795 -0.005314 0.119021
v -1.004338 -0.006013 0.116180
v -1.008736 -0.006568 0.111756
v -1.011560 -0.006924 0.106180
v -1.012533 -0.007047 0.100000
v -1.012533 -0.007047 -0.100000
v -1.011560 -0.006924 -0.106180
v -1.008736 -0.006568 -0.111756
v -1.004338 -0.006013 -0.116180
v -0.998795 -0.005314 -0.119021
v -0.992651 -0.004539 -0.120000
v -0.984209 -0.048815 0.120000
v -0.990206 -0.050359 0.119021
v -0.995616 -0.051753 0.116180
v -0.999909 -0.052858 0.111756
v -1.002666 -0.053568 0.106180
v -1.003616 -0.053813 0.100000
v -1.003616 -0.053813 -0.100000
v -1.002666 -0.053568 -0.106180
v -0.999909 -0.052858 -0.111756
v -0.995616 -0.051753 -0.116180
v -0.990206 -0.050359 -0.119021
v -0.984209 -0.048815 -0.120000
v -0.970328 -0.091313 0.120000
v -0.976079 -0.093611 0.119021
v -0.981267 -0.095684 0.116180
v -0.985384 -0.097330 0.111756
v -0.988028 -0.098386 0.106180
v -0.988939 -0.098750 0.100000
v -0.988939 -0.098750 -0.100000
v -0.988028 -0.098386 -0.106180
v -0.985384 -0.097330 -0.111756
v -0.981267 -0.095684 -0.116180
v -0.976079 -0.093611 -0.119021
v -0.970328 -0.091313 -0.120000
v -0.951167 -0.131519 0.120000
v -0.956571 -0.134544 0.119021
v -0.961447 -0.137273 0.116180
v -0.965316 -0.139439 0.111756
v -0.967800 -0.140830 0.106180
v -0.968656 -0.141309 0.100000
v -0.968656 -0.141309 -0.100000
v -0.967800 -0.140830 -0.106180
v -0.965316 -0.139439 -0.111756
v -0.961447 -0.137273 -0.116180
v -0.956571 -0.134544 -0.119021
v -0.951167 -0.131519 -0.120000
v -0.926880 -0.168919 0.120000
v -0.931839 -0.172631 0.119021
v -0.936312 -0.175980 0.116180
v -0.939862 -0.178638 0.111756
v -0.942141 -0.180344 0.106180
v -0.942926 -0.180932 0.100000
v -0.942926 -0.180932 -0.100000
v -0.942141 -0.180344 -0.106180
v -0.939862 -0.178638 -0.111756
v -0.936312 -0.175980 -0.116180
v -0.931839 -0.172631 -0.119021
v -0.926880 -0.168919 -0.120000
v -0.897625 -0.203000 0.120000
v -0.902042 -0.207343 0.119021
v -0.906026 -0.211262 0.116180
v -0.909188 -0.214371 0.111756
v -0.911218 -0.216368 0.106180
v -0.911918 -0.217056 0.100000
v -0.911918 -0.217056 -0.100000
v -0.911218 -0.216368 -0.106180
v -0.909188 -0.214371 -0.111756
v -0.906026 -0.211262 -0.116180
v -0.902042 -0.207343 -0.119021
v -0.897625 -0.203000 -0.120000
v -0.863558 -0.233248 0.120000
v -0.867345 -0.238150 0.119021
v -0.870761 -0.242572 0.116180
v -0.873473 -0.246082 0.111756
v -0.875214 -0.248335 0.106180
v -0.875813 -0.249112 0.100000
v -0.875813 -0.249112 -0.100000
v -0.875214 -0.248335 -0.106180
v -0.873473 -0.246082 -0.111756
v -0.870761 -0.242572 -0.116180
v -0.867345 -0.238150 -0.119021
v -0.863558 -0.233248 -0.120000
v -0.824834 -0.259148 0.120000
v -0.827918 -0.264520 0.119021
v -0.830701 -0.269367 0.116180
v -0.832910 -0.273212 0.111756
v -0.834328 -0.275682 0.106180
v -0.834816 -0.276533 0.100000
v -0.834816 -0.276533 -0.100000
v -0.834328 -0.275682 -0.106180
v -0.832910 -0.273212 -0.111756
v -0.830701 -0.269367 -0.116180
v -0.827918 -0.264520 -0.119021
v -0.824834 -0.259148 -0.120000
v -0.781610 -0.280188 0.120000
v -0.783939 -0.285927 0.119021
v -0.786041 -0.291105 0.116180
v -0.787708 -0.295214 0.111756
v -0.788779 -0.297852 0.106180
v -0.789148 -0.298762 0.100000
v -0.789148 -0.298762 -0.100000
v -0.788779 -0.297852 -0.106180
v -0.787708 -0.295214 -0.111756
v -0.786041 -0.291105 -0.116180
v -0.783939 -0.285927 -0.119021
v -0.781610 -0.280188 -0.120000
v -0.734042 -0.295852 0.120000
v -0.735589 -0.301849 0.119021
v -0.736984 -0.307260 0.116180
v -0.738091 -0.311553 0.111756
v -0.738802 -0.314310 0.106180
v -0.739047 -0.315260 0.100000
v -0.739047 -0.315260 -0.100000
v -0.738802 -0.314310 -0.106180
v -0.738091 -0.311553 -0.111756
v -0.736984 -0.307260 -0.116180
v -0.735589 -0.301849 -0.119021
v -0.734042 -0.295852 -0.120000
v -0.682287 -0.305627 0.120000
v -0.683050 -0.311773 0.119021
v -0.683738 -0.317317 0.116180
v -0.684284 -0.321716 0.111756
v -0.684635 -0.324541 0.106180
v -0.684756 -0.325515 0.100000
v -0.684756 -0.325515 -0.100000
v -0.684635 -0.324541 -0.106180
v -0.684284 -0.321716 -0.111756
v -0.683738 -0.317317 -0.116180
v -0.683050 -0.311773 -0.119021
v -0.682287 -0.305627 -0.120000
v -0.626500 -0.309000 0.120000
v -0.626495 -0.315192 0.119021
v -0.626491 -0.320778 0.116180
v -0.626487 -0.325211 0.111756
v -0.626485 -0.328057 0.106180
v -0.626484 -0.329038 0.100000
v -0.626484 -0.329038 -0.100000
v -0.626485 -0.328057 -0.106180
v -0.626487 -0.325211 -0.111756
v -0.626491 -0.320778 -0.116180
v -0.626495 -0.315192 -0.119021
v -0.626500 -0.309000 -0.120000
v -0.572493 -0.305646 0.120000
v -0.571712 -0.311790 0.119021
v -0.571008 -0.317333 0.116180
v -0.570450 -0.321731 0.111756
v -0.570091 -0.324555 0.106180
v -0.569967 -0.325528 0.100000
v -0.569967 -0.325528 -0.100000
v -0.570091 -0.324555 -0.106180
v -0.570450 -0.321731 -0.111756
v -0.571008 -0.317333 -0.116180
v -0.571712 -0.311790 -0.119021
v -0.572493 -0.305646 -0.120000
v -0.522107 -0.295921 0.120000
v -0.520533 -0.301912 0.119021
v -0.519113 -0.307316 0.116180
v -0.517986 -0.311605 0.111756
v -0.517263 -0.314359 0.106180
v -0.517014 -0.315307 0.100000
v -0.517014 -0.315307 -0.100000
v -0.517263 -0.314359 -0.106180
v -0.517986 -0.311605 -0.111756
v -0.519113 -0.307316 -0.116180
v -0.520533 -0.301912 -0.119021
v -0.522107 -0.295921 -0.120000
v -0.475547 -0.280328 0.120000
v -0.473189 -0.286056 0.119021
v -0.471062 -0.291224 0.116180
v -0.469374 -0.295324 0.111756
v -0.468290 -0.297957 0.106180
v -0.467916 -0.298864 0.100000
v -0.467916 -0.298864 -0.100000
v -0.468290 -0.297957 -0.106180
v -0.469374 -0.295324 -0.111756
v -0.471062 -0.291224 -0.116180
v -0.473189 -0.286056 -0.119021
v -0.475547 -0.280328 -0.120000
v -0.433019 -0.259370 0.120000
v -0.429911 -0.264729 0.119021
v -0.427107 -0.269563 0.116180
v -0.424883 -0.273399 0.111756
v -0.423454 -0.275862 0.106180
v -0.422962 -0.276711 0.100000
v -0.422962 -0.276711 -0.100000
v -0.423454 -0.275862 -0.106180
v -0.424883 -0.273399 -0.111756
v -0.427107 -0.269563 -0.116180
v -0.429911 -0.264729 -0.119021
v -0.433019 -0.259370 -0.120000
v -0.394726 -0.233552 0.120000
v -0.390925 -0.238443 0.119021
v -0.387496 -0.242855 0.116180
v -0.384775 -0.246356 0.111756
v -0.383028 -0.248605 0.106180
v -0.382426 -0.249379 0.100000
v -0.382426 -0.249379 -0.100000
v -0.383028 -0.248605 -0.106180
v -0.384775 -0.246356 -0.111756
v -0.387496 -0.242855 -0.116180
v -0.390925 -0.238443 -0.119021
v -0.394726 -0.233552 -0.120000
v -0.360875 -0.203375 0.120000
v -0.356454 -0.207714 0.119021
v -0.352466 -0.211627 0.116180
v -0.349301 -0.214733 0.111756
v -0.347269 -0.216728 0.106180
v -0.346569 -0.217415 0.100000
v -0.346569 -0.217415 -0.100000
v -0.347269 -0.216728 -0.106180
v -0.349301 -0.214733 -0.111756
v -0.352466 -0.211627 -0.116180
v -0.356454 -0.207714 -0.119021
v -0.360875 -0.203375 -0.120000
v -0.331670 -0.169344 0.120000
v -0.326714 -0.173060 0.119021
v -0.322244 -0.176412 0.116180
v -0.318696 -0.179072 0.111756
v -0.316418 -0.180779 0.106180
v -0.315633 -0.181368 0.100000
v -0.315633 -0.181368 -0.100000
v -0.316418 -0.180779 -0.106180
v -0.318696 -0.179072 -0.111756
v -0.322244 -0.176412 -0.116180
v -0.326714 -0.173060 -0.119021
v -0.331670 -0.169344 -0.120000
v -0.307315 -0.131963 0.120000
v -0.301917 -0.134999 0.119021
v -0.297047 -0.137738 0.116180
v -0.293183 -0.139912 0.111756
v -0.290701 -0.141308 0.106180
v -0.289846 -0.141789 0.100000
v -0.289846 -0.141789 -0.100000
v -0.290701 -0.141308 -0.106180
v -0.293183 -0.139912 -0.111756
v -0.297047 -0.137738 -0.116180
v -0.301917 -0.134999 -0.119021
v -0.307315 -0.131963 -0.120000
v -0.288016 -0.091734 0.120000
v -0.282271 -0.094048 0.119021
v -0.277089 -0.096136 0.116180
v -0.272976 -0.097792 0.111756
v -0.270336 -0.098856 0.106180
v -0.269426 -0.099223 0.100000
v -0.269426 -0.099223 -0.100000
v -0.270336 -0.098856 -0.106180
v -0.272976 -0.097792 -0.111756
v -0.277089 -0.096136 -0.116180
v -0.282271 -0.094048 -0.119021
v -0.288016 -0.091734 -0.120000
v -0.273977 -0.049162 0.120000
v -0.267984 -0.050722 0.119021
v -0.262577 -0.052129 0.116180
v -0.258286 -0.053246 0.111756
v -0.255532 -0.053963 0.106180
v -0.254582 -0.054210 0.100000
v -0.254582 -0.054210 -0.100000
v -0.255532 -0.053963 -0.106180
v -0.258286 -0.053246 -0.111756
v -0.262577 -0.052129 -0.116180
v -0.267984 -0.050722 -0.119021
v -0.273977 -0.049162 -0.120000
v -0.265404 -0.004749 0.120000
v -0.259261 -0.005534 0.119021
v -0.253719 -0.006242 0.116180
v -0.249321 -0.006804 0.111756
v -0.246497 -0.007164 0.106180
v -0.245524 -0.007288 0.100000
v -0.245524 -0.007288 -0.100000
v -0.246497 -0.007164 -0.106180
v -0.249321 -0.006804 -0.111756
v -0.253719 -0.006242 -0.116180
v -0.259261 -0.005534 -0.119021
v -0.265404 -0.004749 -0.120000
v -0.262500 0.041000 0.120000
v -0.256307 0.041002 0.119021
v -0.250721 0.041003 0.116180
v -0.246287 0.041004 0.111756
v -0.243441 0.041005 0.106180
v -0.242460 0.041005 0.100000
v -0.242460 0.041005 -0.100000
v -0.243441 0.041005 -0.106180
v -0.246287 0.041004 -0.111756
v -0.250721 0.041003 -0.116180
v -0.256307 0.041002 -0.119021
v -0.262500 0.041000 -0.120000
v -0.265481 0.087590 0.120000
v -0.259339 0.088383 0.119021
v -0.253798 0.089098 0.116180
v -0.249401 0.089666 0.111756
v -0.246577 0.090031 0.106180
v -0.245604 0.090156 0.100000
v -0.245605 0.090156 -0.100000
v -0.246577 0.090031 -0.106180
v -0.249401 0.089666 -0.111756
v -0.253798 0.089098 -0.116180
v -0.259339 0.088383 -0.119021
v -0.265481 0.087590 -0.120000
v -0.274264 0.132551 0.120000
v -0.268276 0.134131 0.119021
v -0.262873 0.135556 0.116180
v -0.258586 0.136687 0.111756
v -0.255833 0.137413 0.106180
v -0.254885 0.137663 0.100000
v -0.254885 0.137663 -0.100000
v -0.255833 0.137413 -0.106180
v -0.258586 0.136687 -0.111756
v -0.262873 0.135556 -0.116180
v -0.268276 0.134131 -0.119021
v -0.274264 0.132551 -0.120000
v -0.288610 0.175422 0.120000
v -0.282877 0.177767 0.119021
v -0.277706 0.179883 0.116180
v -0.273602 0.181562 0.111756
v -0.270967 0.182641 0.106180
v -0.270059 0.183012 0.100000
v -0.270059 0.183012 -0.100000
v -0.270967 0.182641 -0.106180
v -0.273602 0.181562 -0.111756
v -0.277706 0.179883 -0.116180
v -0.282877 0.177767 -0.119021
v -0.288610 0.175422 -0.120000
v -0.308278 0.215741 0.120000
v -0.302902 0.218817 0.119021
v -0.298053 0.221593 0.116180
v -0.294204 0.223796 0.111756
v -0.291734 0.225210 0.106180
v -0.290882 0.225697 0.100000
v -0.290882 0.225697 -0.100000
v -0.291734 0.225210 -0.106180
v -0.294204 0.223796 -0.111756
v -0.298053 0.221593 -0.116180
v -0.302902 0.218817 -0.119021
v -0.308278 0.215741 -0.120000
v -0.333030 0.253046 0.120000
v -0.328107 0.256806 0.119021
v -0.323667 0.260197 0.116180
v -0.320143 0.262889 0.111756
v -0.317880 0.264617 0.106180
v -0.317100 0.265213 0.100000
v -0.317100 0.265213 -0.100000
v -0.317880 0.264617 -0.106180
v -0.320143 0.262889 -0.111756
v -0.323667 0.260197 -0.116180
v -0.328107 0.256806 -0.119021
v -0.333030 0.253046 -0.120000
v -0.362625 0.286875 0.120000
v -0.358246 0.291256 0.119021
v -0.354296 0.295208 0.116180
v -0.351161 0.298345 0.111756
v -0.349148 0.300358 0.106180
v -0.348455 0.301052 0.100000
v -0.348455 0.301052 -0.100000
v -0.349148 0.300358 -0.106180
v -0.351161 0.298345 -0.111756
v -0.354296 0.295208 -0.116180
v -0.358246 0.291256 -0.119021
v -0.362625 0.286875 -0.120000
v -0.396825 0.316767 0.120000
v -0.393070 0.321694 0.119021
v -0.389683 0.326138 0.116180
v -0.386995 0.329665 0.111756
v -0.385270 0.331930 0.106180
v -0.384675 0.332710 0.100000
v -0.384675 0.332710 -0.100000
v -0.385270 0.331930 -0.106180
v -0.386995 0.329665 -0.111756
v -0.389683 0.326138 -0.116180
v -0.393070 0.321694 -0.119021
v -0.396825 0.316767 -0.120000
v -0.435389 0.342259 0.120000
v -0.432327 0.347644 0.119021
v -0.429564 0.352501 0.116180
v -0.427372 0.356355 0.111756
v -0.425964 0.358830 0.106180
v -0.425479 0.359683 0.100000
v -0.425479 0.359683 -0.100000
v -0.425964 0.358830 -0.106180
v -0.427372 0.356355 -0.111756
v -0.429564 0.352501 -0.116180
v -0.432327 0.347644 -0.119021
v -0.435389 0.342259 -0.120000
v -0.478078 0.362891 0.120000
v -0.475759 0.368634 0.119021
v -0.473666 0.373815 0.116180
v -0.472005 0.377926 0.111756
v -0.470939 0.380566 0.106180
v -0.470571 0.381476 0.100000
v -0.470571 0.381476 -0.100000
v -0.470939 0.380566 -0.106180
v -0.472005 0.377926 -0.111756
v -0.473666 0.373815 -0.116180
v -0.475759 0.368634 -0.119021
v -0.478078 0.362891 -0.120000
v -0.524653 0.378199 0.120000
v -0.523106 0.384196 0.119021
v -0.521710 0.389606 0.116180
v -0.520602 0.393900 0.111756
v -0.519891 0.396656 0.106180
v -0.519646 0.397606 0.100000
v -0.519646 0.397606 -0.100000
v -0.519891 0.396656 -0.106180
v -0.520602 0.393900 -0.111756
v -0.521710 0.389606 -0.116180
v -0.523106 0.384196 -0.119021
v -0.524653 0.378199 -0.120000
v -0.574874 0.387723 0.120000
v -0.574106 0.393868 0.119021
v -0.573414 0.399411 0.116180
v -0.572865 0.403811 0.111756
v -0.572512 0.406635 0.106180
v -0.572390 0.407608 0.100000
v -0.572390 0.407608 -0.100000
v -0.572512 0.406635 -0.106180
v -0.572865 0.403811 -0.111756
v -0.573414 0.399411 -0.116180
v -0.574106 0.393868 -0.119021
v -0.574874 0.387723 -0.120000
v -0.628500 0.391000 0.120000
v -0.628496 0.397192 0.119021
v -0.628493 0.402777 0.116180
v -0.628490 0.407210 0.111756
v -0.628488 0.410056 0.106180
v -0.628487 0.411037 0.100000
v -0.628487 0.411037 -0.100000
v -0.628488 0.410056 -0.106180
v -0.628490 0.407210 -0.111756
v -0.628493 0.402777 -0.116180
v -0.628496 0.397192 -0.119021
v -0.628500 0.391000 -0.120000
v -0.665875 -0.216730 0.120000
v -0.665115 -0.210584 0.119021
v -0.664430 -0.205040 0.116180
v -0.663887 -0.200640 0.111756
v -0.663538 -0.197816 0.106180
v -0.663418 -0.196842 0.100000
v -0.663418 -0.196842 -0.100000
v -0.663538 -0.197816 -0.106180
v -0.663887 -0.200640 -0.111756
v -0.664430 -0.205040 -0.116180
v -0.665115 -0.210584 -0.119021
v -0.665875 -0.216730 -0.120000
v -0.701329 -0.210088 0.120000
v -0.699803 -0.204086 0.119021
v -0.698427 -0.198671 0.116180
v -0.697334 -0.194374 0.111756
v -0.696633 -0.191616 0.106180
v -0.696391 -0.190665 0.100000
v -0.696391 -0.190665 -0.100000
v -0.696633 -0.191616 -0.106180
v -0.697334 -0.194374 -0.111756
v -0.698427 -0.198671 -0.116180
v -0.699803 -0.204086 -0.119021
v -0.701329 -0.210088 -0.120000
v -0.734610 -0.199328 0.120000
v -0.732326 -0.193571 0.119021
v -0.730266 -0.188378 0.116180
v -0.728631 -0.184256 0.111756
v -0.727581 -0.181610 0.106180
v -0.727219 -0.180698 0.100000
v -0.727219 -0.180698 -0.100000
v -0.727581 -0.181610 -0.106180
v -0.728631 -0.184256 -0.111756
v -0.730266 -0.188378 -0.116180
v -0.732326 -0.193571 -0.119021
v -0.734610 -0.199328 -0.120000
v -0.765463 -0.184704 0.120000
v -0.762447 -0.179294 0.119021
v -0.759727 -0.174413 0.116180
v -0.757568 -0.170540 0.111756
v -0.756182 -0.168053 0.106180
v -0.755704 -0.167197 0.100000
v -0.755704 -0.167197 -0.100000
v -0.756182 -0.168053 -0.106180
v -0.757568 -0.170540 -0.111756
v -0.759727 -0.174413 -0.116180
v -0.762447 -0.179294 -0.119021
v -0.765463 -0.184704 -0.120000
v -0.793636 -0.166468 0.120000
v -0.789932 -0.161504 0.119021
v -0.786590 -0.157026 0.116180
v -0.783938 -0.153472 0.111756
v -0.782235 -0.151190 0.106180
v -0.781648 -0.150404 0.100000
v -0.781648 -0.150404 -0.100000
v -0.782235 -0.151190 -0.106180
v -0.783938 -0.153472 -0.111756
v -0.786590 -0.157026 -0.116180
v -0.789932 -0.161504 -0.119021
v -0.793636 -0.166468 -0.120000
v -0.818875 -0.144875 0.120000
v -0.814542 -0.140449 0.119021
v -0.810633 -0.136456 0.116180
v -0.807530 -0.133287 0.111756
v -0.805538 -0.131253 0.106180
v -0.804852 -0.130552 0.100000
v -0.804852 -0.130552 -0.100000
v -0.805538 -0.131253 -0.106180
v -0.807530 -0.133287 -0.111756
v -0.810633 -0.136456 -0.116180
v -0.814542 -0.140449 -0.119021
v -0.818875 -0.144875 -0.120000
v -0.840927 -0.120178 0.120000
v -0.836039 -0.116372 0.119021
v -0.831630 -0.112940 0.116180
v -0.828130 -0.110215 0.111756
v -0.825884 -0.108466 0.106180
v -0.825109 -0.107864 0.100000
v -0.825109 -0.107864 -0.100000
v -0.825884 -0.108466 -0.106180
v -0.828130 -0.110215 -0.111756
v -0.831630 -0.112940 -0.116180
v -0.836039 -0.116372 -0.119021
v -0.840927 -0.120178 -0.120000
v -0.859537 -0.092630 0.120000
v -0.854183 -0.089515 0.119021
v -0.849352 -0.086706 0.116180
v -0.845519 -0.084476 0.111756
v -0.843058 -0.083044 0.106180
v -0.842210 -0.082551 0.100000
v -0.842210 -0.082551 -0.100000
v -0.843058 -0.083044 -0.106180
v -0.845519 -0.084476 -0.111756
v -0.849352 -0.086706 -0.116180
v -0.854183 -0.089515 -0.119021
v -0.859537 -0.092630 -0.120000
v -0.874453 -0.062484 0.120000
v -0.868730 -0.060115 0.119021
v -0.863567 -0.057977 0.116180
v -0.859470 -0.056281 0.111756
v -0.856839 -0.055192 0.106180
v -0.855933 -0.054817 0.100000
v -0.855933 -0.054817 -0.100000
v -0.856839 -0.055192 -0.106180
v -0.859470 -0.056281 -0.111756
v -0.863567 -0.057977 -0.116180
v -0.868730 -0.060115 -0.119021
v -0.874453 -0.062484 -0.120000
v -0.885422 -0.029995 0.120000
v -0.879435 -0.028407 0.119021
v -0.874034 -0.026973 0.116180
v -0.869748 -0.025836 0.111756
v -0.866997 -0.025105 0.106180
v -0.866048 -0.024854 0.100000
v -0.866048 -0.024854 -0.100000
v -0.866997 -0.025105 -0.106180
v -0.869748 -0.025836 -0.111756
v -0.874034 -0.026973 -0.116180
v -0.879435 -0.028407 -0.119021
v -0.885422 -0.029995 -0.120000
v -0.892188 0.004584 0.120000
v -0.886046 0.005377 0.119021
v -0.880505 0.006092 0.116180
v -0.876107 0.006659 0.111756
v -0.873284 0.007023 0.106180
v -0.872311 0.007149 0.100000
v -0.872311 0.007149 -0.100000
v -0.873284 0.007023 -0.106180
v -0.876107 0.006659 -0.111756
v -0.880505 0.006091 -0.116180
v -0.886046 0.005376 -0.119021
v -0.892188 0.004584 -0.120000
v -0.894500 0.041000 0.120000
v -0.888308 0.041001 0.119021
v -0.882721 0.041002 0.116180
v -0.878288 0.041003 0.111756
v -0.875441 0.041003 0.106180
v -0.874460 0.041004 0.100000
v -0.874460 0.041004 -0.100000
v -0.875441 0.041003 -0.106180
v -0.878288 0.041003 -0.111756
v -0.882721 0.041002 -0.116180
v -0.888308 0.041001 -0.119021
v -0.894500 0.041000 -0.120000
v -0.892188 0.077626 0.120000
v -0.886045 0.076837 0.119021
v -0.880504 0.076125 0.116180
v -0.876106 0.075560 0.111756
v -0.873283 0.075197 0.106180
v -0.872310 0.075072 0.100000
v -0.872310 0.075072 -0.100000
v -0.873283 0.075197 -0.106180
v -0.876106 0.075560 -0.111756
v -0.880504 0.076125 -0.116180
v -0.886045 0.076837 -0.119021
v -0.892188 0.077626 -0.120000
v -0.885421 0.112343 0.120000
v -0.879434 0.110758 0.119021
v -0.874032 0.109329 0.116180
v -0.869745 0.108194 0.111756
v -0.866993 0.107466 0.106180
v -0.866045 0.107215 0.100000
v -0.866045 0.107215 -0.100000
v -0.866993 0.107466 -0.106180
v -0.869745 0.108194 -0.111756
v -0.874032 0.109329 -0.116180
v -0.879434 0.110758 -0.119021
v -0.885421 0.112343 -0.120000
v -0.874453 0.144906 0.120000
v -0.868729 0.142540 0.119021
v -0.863565 0.140405 0.116180
v -0.859467 0.138710 0.111756
v -0.856836 0.137622 0.106180
v -0.855929 0.137248 0.100000
v -0.855929 0.137248 -0.100000
v -0.856836 0.137622 -0.106180
v -0.859467 0.138710 -0.111756
v -0.863565 0.140405 -0.116180
v -0.868729 0.142540 -0.119021
v -0.874453 0.144906 -0.120000
v -0.859537 0.175074 0.120000
v -0.854183 0.171960 0.119021
v -0.849352 0.169150 0.116180
v -0.845519 0.166920 0.111756
v -0.843058 0.165489 0.106180
v -0.842209 0.164995 0.100000
v -0.842209 0.164995 -0.100000
v -0.843058 0.165489 -0.106180
v -0.845519 0.166920 -0.111756
v -0.849352 0.169150 -0.116180
v -0.854183 0.171960 -0.119021
v -0.859537 0.175074 -0.120000
v -0.840927 0.202603 0.120000
v -0.836041 0.198794 0.119021
v -0.831634 0.195359 0.116180
v -0.828137 0.192632 0.111756
v -0.825891 0.190881 0.106180
v -0.825117 0.190278 0.100000
v -0.825117 0.190278 -0.100000
v -0.825891 0.190881 -0.106180
v -0.828137 0.192632 -0.111756
v -0.831634 0.195359 -0.116180
v -0.836041 0.198794 -0.119021
v -0.840927 0.202603 -0.120000
v -0.818875 0.227250 0.120000
v -0.814548 0.222818 0.119021
v -0.810643 0.218820 0.116180
v -0.807545 0.215647 0.111756
v -0.805556 0.213610 0.106180
v -0.804871 0.212908 0.100000
v -0.804871 0.212908 -0.100000
v -0.805556 0.213610 -0.106180
v -0.807545 0.215647 -0.111756
v -0.810643 0.218820 -0.116180
v -0.814548 0.222818 -0.119021
v -0.818875 0.227250 -0.120000
v -0.793636 0.248772 0.120000
v -0.789941 0.243801 0.119021
v -0.786607 0.239316 0.116180
v -0.783962 0.235757 0.111756
v -0.782263 0.233472 0.106180
v -0.781678 0.232685 0.100000
v -0.781678 0.232685 -0.100000
v -0.782263 0.233472 -0.106180
v -0.783962 0.235757 -0.111756
v -0.786607 0.239316 -0.116180
v -0.789941 0.243801 -0.119021
v -0.793636 0.248772 -0.120000
v -0.765463 0.266926 0.120000
v -0.762459 0.261510 0.119021
v -0.759748 0.256623 0.116180
v -0.757598 0.252746 0.111756
v -0.756217 0.250256 0.106180
v -0.755741 0.249398 0.100000
v -0.755741 0.249398 -0.100000
v -0.756217 0.250256 -0.106180
v -0.757598 0.252746 -0.111756
v -0.759748 0.256623 -0.116180
v -0.762459 0.261510 -0.119021
v -0.765463 0.266926 -0.120000
v -0.734610 0.281469 0.120000
v -0.732338 0.275707 0.119021
v -0.730288 0.270510 0.116180
v -0.728661 0.266385 0.111756
v -0.727617 0.263736 0.106180
v -0.727257 0.262824 0.100000
v -0.727257 0.262824 -0.100000
v -0.727617 0.263736 -0.106180
v -0.728661 0.266385 -0.111756
v -0.730288 0.270510 -0.116180
v -0.732338 0.275707 -0.119021
v -0.734610 0.281469 -0.120000
v -0.701329 0.292157 0.120000
v -0.699813 0.286153 0.119021
v -0.698446 0.280736 0.116180
v -0.697360 0.276438 0.111756
v -0.696664 0.273678 0.106180
v -0.696424 0.272727 0.100000
v -0.696424 0.272727 -0.100000
v -0.696664 0.273678 -0.106180
v -0.697360 0.276438 -0.111756
v -0.698446 0.280736 -0.116180
v -0.699813 0.286153 -0.119021
v -0.701329 0.292157 -0.120000
v -0.665875 0.298749 0.120000
v -0.665121 0.292603 0.119021
v -0.664441 0.287058 0.116180
v -0.663902 0.282658 0.111756
v -0.663556 0.279833 0.106180
v -0.663436 0.278859 0.100000
v -0.663436 0.278859 -0.100000
v -0.663556 0.279833 -0.106180
v -0.663902 0.282658 -0.111756
v -0.664441 0.287058 -0.116180
v -0.665121 0.292603 -0.119021
v -0.665875 0.298749 -0.120000
v -0.628500 0.301000 0.120000
v -0.628501 0.294808 0.119021
v -0.628502 0.289223 0.116180
v -0.628503 0.284790 0.111756
v -0.628504 0.281944 0.106180
v -0.628504 0.280964 0.100000
v -0.628504 0.280964 -0.100000
v -0.628504 0.281944 -0.106180
v -0.628503 0.284790 -0.111756
v -0.628502 0.289223 -0.116180
v -0.628501 0.294808 -0.119021
v -0.628500 0.301000 -0.120000
v -0.591356 0.298749 0.120000
v -0.592113 0.292603 0.119021
v -0.592797 0.287059 0.116180
v -0.593339 0.282659 0.111756
v -0.593687 0.279834 0.106180
v -0.593807 0.278861 0.100000
v -0.593807 0.278861 -0.100000
v -0.593687 0.279834 -0.106180
v -0.593339 0.282659 -0.111756
v -0.592797 0.287059 -0.116180
v -0.592113 0.292603 -0.119021
v -0.591356 0.298749 -0.120000
v -0.556093 0.292157 0.120000
v -0.557616 0.286155 0.119021
v -0.558990 0.280740 0.116180
v -0.560080 0.276442 0.111756
v -0.560780 0.273683 0.106180
v -0.561021 0.272732 0.100000
v -0.561021 0.272732 -0.100000
v -0.560780 0.273683 -0.106180
v -0.560080 0.276442 -0.111756
v -0.558990 0.280740 -0.116180
v -0.557616 0.286155 -0.119021
v -0.556093 0.292157 -0.120000
v -0.522969 0.281469 0.120000
v -0.525249 0.275711 0.119021
v -0.527307 0.270516 0.116180
v -0.528939 0.266394 0.111756
v -0.529988 0.263747 0.106180
v -0.530349 0.262835 0.100000
v -0.530349 0.262835 -0.100000
v -0.529988 0.263747 -0.106180
v -0.528939 0.266394 -0.111756
v -0.527307 0.270516 -0.116180
v -0.525249 0.275711 -0.119021
v -0.522969 0.281469 -0.120000
v -0.492241 0.266926 0.120000
v -0.495254 0.261514 0.119021
v -0.497972 0.256633 0.116180
v -0.500129 0.252758 0.111756
v -0.501514 0.250271 0.106180
v -0.501991 0.249414 0.100000
v -0.501991 0.249414 -0.100000
v -0.501514 0.250271 -0.106180
v -0.500129 0.252758 -0.111756
v -0.497972 0.256633 -0.116180
v -0.495254 0.261514 -0.119021
v -0.492241 0.266926 -0.120000
v -0.464166 0.248772 0.120000
v -0.467869 0.243807 0.119021
v -0.471209 0.239327 0.116180
v -0.473860 0.235772 0.111756
v -0.475562 0.233490 0.106180
v -0.476148 0.232703 0.100000
v -0.476148 0.232703 -0.100000
v -0.475562 0.233490 -0.106180
v -0.473860 0.235772 -0.111756
v -0.471209 0.239327 -0.116180
v -0.467869 0.243807 -0.119021
v -0.464166 0.248772 -0.120000
v -0.439000 0.227250 0.120000
v -0.443334 0.222824 0.119021
v -0.447243 0.218831 0.116180
v -0.450345 0.215662 0.111756
v -0.452337 0.213628 0.106180
v -0.453024 0.212927 0.100000
v -0.453024 0.212927 -0.100000
v -0.452337 0.213628 -0.106180
v -0.450345 0.215662 -0.111756
v -0.447243 0.218831 -0.116180
v -0.443334 0.222824 -0.119021
v -0.439000 0.227250 -0.120000
v -0.417001 0.202603 0.120000
v -0.421891 0.198800 0.119021
v -0.426301 0.195368 0.116180
v -0.429802 0.192645 0.111756
v -0.432049 0.190897 0.106180
v -0.432823 0.190295 0.100000
v -0.432823 0.190295 -0.100000
v -0.432049 0.190897 -0.106180
v -0.429802 0.192645 -0.111756
v -0.426301 0.195368 -0.116180
v -0.421891 0.198800 -0.119021
v -0.417001 0.202603 -0.120000
v -0.398426 0.175074 0.120000
v -0.403783 0.171963 0.119021
v -0.408615 0.169157 0.116180
v -0.412450 0.166930 0.111756
v -0.414913 0.165501 0.106180
v -0.415761 0.165008 0.100000
v -0.415761 0.165008 -0.100000
v -0.414913 0.165501 -0.106180
v -0.412450 0.166930 -0.111756
v -0.408615 0.169157 -0.116180
v -0.403783 0.171963 -0.119021
v -0.398426 0.175074 -0.120000
v -0.383532 0.144906 0.120000
v -0.389257 0.142542 0.119021
v -0.394422 0.140409 0.116180
v -0.398521 0.138717 0.111756
v -0.401152 0.137630 0.106180
v -0.402059 0.137256 0.100000
v -0.402059 0.137256 -0.100000
v -0.401152 0.137630 -0.106180
v -0.398521 0.138717 -0.111756
v -0.394422 0.140409 -0.116180
v -0.389257 0.142542 -0.119021
v -0.383532 0.144906 -0.120000
v -0.372574 0.112343 0.120000
v -0.378562 0.110759 0.119021
v -0.383964 0.109331 0.116180
v -0.388251 0.108198 0.111756
v -0.391004 0.107470 0.106180
v -0.391952 0.107219 0.100000
v -0.391952 0.107219 -0.100000
v -0.391004 0.107470 -0.106180
v -0.388251 0.108198 -0.111756
v -0.383964 0.109331 -0.116180
v -0.378562 0.110759 -0.119021
v -0.372574 0.112343 -0.120000
v -0.365812 0.077626 0.120000
v -0.371954 0.076837 0.119021
v -0.377496 0.076126 0.116180
v -0.381894 0.075561 0.111756
v -0.384717 0.075199 0.106180
v -0.385690 0.075074 0.100000
v -0.385690 0.075074 -0.100000
v -0.384717 0.075199 -0.106180
v -0.381894 0.075561 -0.111756
v -0.377496 0.076126 -0.116180
v -0.371954 0.076837 -0.119021
v -0.365812 0.077626 -0.120000
v -0.363500 0.041000 0.120000
v -0.369693 0.041001 0.119021
v -0.375279 0.041002 0.116180
v -0.379713 0.041003 0.111756
v -0.382559 0.041003 0.106180
v -0.383540 0.041004 0.100000
v -0.383540 0.041004 -0.100000
v -0.382559 0.041003 -0.106180
v -0.379713 0.041003 -0.111756
v -0.375279 0.041002 -0.116180
v -0.369693 0.041001 -0.119021
v -0.363500 0.041000 -0.120000
v -0.365812 0.004584 0.120000
v -0.371954 0.005376 0.119021
v -0.377495 0.006091 0.116180
v -0.381893 0.006658 0.111756
v -0.384716 0.007022 0.106180
v -0.385689 0.007147 0.100000
v -0.385689 0.007147 -0.100000
v -0.384716 0.007022 -0.106180
v -0.381893 0.006658 -0.111756
v -0.377495 0.006091 -0.116180
v -0.371954 0.005376 -0.119021
v -0.365812 0.004584 -0.120000
v -0.372574 -0.029995 0.120000
v -0.378561 -0.028408 0.119021
v -0.383962 -0.026976 0.116180
v -0.388248 -0.025839 0.111756
v -0.391000 -0.025109 0.106180
v -0.391948 -0.024858 0.100000
v -0.391948 -0.024858 -0.100000
v -0.391000 -0.025109 -0.106180
v -0.388248 -0.025839 -0.111756
v -0.383962 -0.026976 -0.116180
v -0.378561 -0.028408 -0.119021
v -0.372574 -0.029995 -0.120000
v -0.383532 -0.062484 0.120000
v -0.389256 -0.060117 0.119021
v -0.394419 -0.057982 0.116180
v -0.398517 -0.056288 0.111756
v -0.401148 -0.055200 0.106180
v -0.402055 -0.054825 0.100000
v -0.402055 -0.054825 -0.100000
v -0.401148 -0.055200 -0.106180
v -0.398517 -0.056288 -0.111756
v -0.394419 -0.057982 -0.116180
v -0.389256 -0.060117 -0.119021
v -0.383532 -0.062484 -0.120000
v -0.398426 -0.092630 0.120000
v -0.403783 -0.089519 0.119021
v -0.408615 -0.086713 0.116180
v -0.412450 -0.084486 0.111756
v -0.414912 -0.083057 0.106180
v -0.415761 -0.082564 0.100000
v -0.415761 -0.082564 -0.100000
v -0.414912 -0.083057 -0.106180
v -0.412450 -0.084486 -0.111756
v -0.408615 -0.086713 -0.116180
v -0.403783 -0.089519 -0.119021
v -0.398426 -0.092630 -0.120000
v -0.417001 -0.120178 0.120000
v -0.421893 -0.116378 0.119021
v -0.426306 -0.112949 0.116180
v -0.429808 -0.110229 0.111756
v -0.432057 -0.108482 0.106180
v -0.432831 -0.107880 0.100000
v -0.432831 -0.107880 -0.100000
v -0.432057 -0.108482 -0.106180
v -0.429808 -0.110229 -0.111756
v -0.426306 -0.112949 -0.116180
v -0.421893 -0.116378 -0.119021
v -0.417001 -0.120178 -0.120000
v -0.439000 -0.144875 0.120000
v -0.443339 -0.140455 0.119021
v -0.447254 -0.136467 0.116180
v -0.450361 -0.133302 0.111756
v -0.452355 -0.131271 0.106180
v -0.453042 -0.130570 0.100000
v -0.453042 -0.130570 -0.100000
v -0.452355 -0.131271 -0.106180
v -0.450361 -0.133302 -0.111756
v -0.447254 -0.136467 -0.116180
v -0.443339 -0.140455 -0.119021
v -0.439000 -0.144875 -0.120000
v -0.464166 -0.166468 0.120000
v -0.467878 -0.161510 0.119021
v -0.471226 -0.157036 0.116180
v -0.473884 -0.153486 0.111756
v -0.475590 -0.151207 0.106180
v -0.476178 -0.150422 0.100000
v -0.476178 -0.150422 -0.100000
v -0.475590 -0.151207 -0.106180
v -0.473884 -0.153486 -0.111756
v -0.471226 -0.157036 -0.116180
v -0.467878 -0.161510 -0.119021
v -0.464166 -0.166468 -0.120000
v -0.492241 -0.184704 0.120000
v -0.495265 -0.179299 0.119021
v -0.497994 -0.174422 0.116180
v -0.500159 -0.170553 0.111756
v -0.501549 -0.168068 0.106180
v -0.502028 -0.167212 0.100000
v -0.502028 -0.167212 -0.100000
v -0.501549 -0.168068 -0.106180
v -0.500159 -0.170553 -0.111756
v -0.497994 -0.174422 -0.116180
v -0.495265 -0.179299 -0.119021
v -0.492241 -0.184704 -0.120000
v -0.522969 -0.199328 0.120000
v -0.525261 -0.193575 0.119021
v -0.527329 -0.188384 0.116180
v -0.528970 -0.184265 0.111756
v -0.530024 -0.181620 0.106180
v -0.530387 -0.180709 0.100000
v -0.530387 -0.180709 -0.100000
v -0.530024 -0.181620 -0.106180
v -0.528970 -0.184265 -0.111756
v -0.527329 -0.188384 -0.116180
v -0.525261 -0.193575 -0.119021
v -0.522969 -0.199328 -0.120000
v -0.556093 -0.210088 0.120000
v -0.557626 -0.204088 0.119021
v -0.559009 -0.198675 0.116180
v -0.560106 -0.194379 0.111756
v -0.560811 -0.191621 0.106180
v -0.561054 -0.190671 0.100000
v -0.561054 -0.190671 -0.100000
v -0.560811 -0.191621 -0.106180
v -0.560106 -0.194379 -0.111756
v -0.559009 -0.198675 -0.116180
v -0.557626 -0.204088 -0.119021
v -0.556093 -0.210088 -0.120000
v -0.591356 -0.216730 0.120000
v -0.592119 -0.210585 0.119021
v -0.592808 -0.205041 0.116180
v -0.593354 -0.200641 0.111756
v -0.593705 -0.197817 0.106180
v -0.593826 -0.196843 0.100000
v -0.593826 -0.196843 -0.100000
v -0.593705 -0.197817 -0.106180
v -0.593354 -0.200641 -0.111756
v -0.592808 -0.205041 -0.116180
v -0.592119 -0.210585 -0.119021
v -0.591356 -0.216730 -0.120000
v -0.628500 -0.219000 0.120000
v -0.628501 -0.212808 0.119021
v -0.628502 -0.207223 0.116180
v -0.628503 -0.202790 0.111756
v -0.628504 -0.199944 0.106180
v -0.628504 -0.198963 0.100000
v -0.628504 -0.198963 -0.100000
v -0.628504 -0.199944 -0.106180
v -0.628503 -0.202790 -0.111756
v -0.628502 -0.207223 -0.116180
v -0.628501 -0.212808 -0.119021
v -0.628500 -0.219000 -0.120000
v -1.335500 -0.306000 0.120000
v -1.331426 -0.312180 0.119021
v -1.327750 -0.317756 0.116180
v -1.324833 -0.322180 0.111756
v -1.322960 -0.325021 0.106180
v -1.322315 -0.326000 0.100000
v -1.322315 -0.326000 -0.100000
v -1.322960 -0.325021 -0.106180
v -1.324833 -0.322180 -0.111756
v -1.327750 -0.317756 -0.116180
v -1.331426 -0.312180 -0.119021
v -1.335500 -0.306000 -0.120000
v -1.040500 0.382000 0.120000
v -1.031126 0.388180 0.119021
v -1.022669 0.393756 0.116180
v -1.015957 0.398180 0.111756
v -1.011648 0.401021 0.106180
v -1.010164 0.402000 0.100000
v -1.010164 0.402000 -0.100000
v -1.011648 0.401021 -0.106180
v -1.015957 0.398180 -0.111756
v -1.022669 0.393756 -0.116180
v -1.031126 0.388180 -0.119021
v -1.040500 0.382000 -0.120000
v -1.138500 0.382000 0.120000
v -1.142578 0.388180 0.119021
v -1.146256 0.393756 0.116180
v -1.149175 0.398180 0.111756
v -1.151050 0.401021 0.106180
v -1.151695 0.402000 0.100000
v -1.151695 0.402000 -0.100000
v -1.151050 0.401021 -0.106180
v -1.149175 0.398180 -0.111756
v -1.146256 0.393756 -0.116180
v -1.142578 0.388180 -0.119021
v -1.138500 0.382000 -0.120000
v -1.343500 -0.097000 0.120000
v -1.343486 -0.081260 0.119021
v -1.343474 -0.067060 0.116180
v -1.343464 -0.055791 0.111756
v -1.343457 -0.048556 0.106180
v -1.343455 -0.046063 0.100000
v -1.343455 -0.046063 -0.100000
v -1.343457 -0.048556 -0.106180
v -1.343464 -0.055791 -0.111756
v -1.343474 -0.067060 -0.116180
v -1.343486 -0.081260 -0.119021
v -1.343500 -0.097000 -0.120000
v -1.547500 0.382000 0.120000
v -1.543415 0.388180 0.119021
v -1.539729 0.393756 0.116180
v -1.536805 0.398180 0.111756
v -1.534927 0.401021 0.106180
v -1.534280 0.402000 0.100000
v -1.534280 0.402000 -0.100000
v -1.534927 0.401021 -0.106180
v -1.536805 0.398180 -0.111756
v -1.539729 0.393756 -0.116180
v -1.543415 0.388180 -0.119021
v -1.547500 0.382000 -0.120000
v -1.644500 0.382000 0.120000
v -1.653800 0.388180 0.119021
v -1.662189 0.393756 0.116180
v -1.668847 0.398180 0.111756
v -1.673121 0.401021 0.106180
v -1.674594 0.402000 0.100000
v -1.674594 0.402000 -0.100000
v -1.673121 0.401021 -0.106180
v -1.668847 0.398180 -0.111756
v -1.662189 0.393756 -0.116180
v -1.653800 0.388180 -0.119021
v -1.644500 0.382000 -0.120000
v -1.355500 -0.306000 0.120000
v -1.359608 -0.312180 0.119021
v -1.363313 -0.317756 0.116180
v -1.366253 -0.322180 0.111756
v -1.368141 -0.325021 0.106180
v -1.368792 -0.326000 0.100000
v -1.368792 -0.326000 -0.100000
v -1.368141 -0.325021 -0.106180
v -1.366253 -0.322180 -0.111756
v -1.363313 -0.317756 -0.116180
v -1.359608 -0.312180 -0.119021
v -1.355500 -0.306000 -0.120000
v -1.817500 0.294000 0.120000
v -1.823680 0.287820 0.119021
v -1.829256 0.282244 0.116180
v -1.833680 0.277820 0.111756
v -1.836521 0.274979 0.106180
v -1.837500 0.274000 0.100000
v -1.837500 0.274000 -0.100000
v -1.836521 0.274979 -0.106180
v -1.833680 0.277820 -0.111756
v -1.829256 0.282244 -0.116180
v -1.823680 0.287820 -0.119021
v -1.817500 0.294000 -0.120000
v -1.817500 0.088000 0.120000
v -1.823680 0.094180 0.119021
v -1.829256 0.099756 0.116181
v -1.833680 0.104180 0.111756
v -1.836521 0.107021 0.106180
v -1.837500 0.108000 0.100000
v -1.837500 0.108000 -0.100000
v -1.836521 0.107021 -0.106180
v -1.833680 0.104180 -0.111756
v -1.829256 0.099756 -0.116180
v -1.823680 0.094180 -0.119021
v -1.817500 0.088000 -0.120000
v -2.096500 0.088000 0.120000
v -2.102680 0.094180 0.119021
v -2.108256 0.099756 0.116181
v -2.112680 0.104180 0.111756
v -2.115521 0.107021 0.106181
v -2.116500 0.108000 0.100000
v -2.116500 0.108000 -0.100000
v -2.115521 0.107021 -0.106180
v -2.112680 0.104180 -0.111756
v -2.108256 0.099756 -0.116180
v -2.102680 0.094180 -0.119021
v -2.096500 0.088000 -0.120000
v -2.096500 0.000000 0.120000
v -2.102680 -0.006180 0.119021
v -2.108256 -0.011756 0.116181
v -2.112680 -0.016180 0.111756
v -2.115521 -0.019021 0.106181
v -2.116500 -0.020000 0.100000
v -2.116500 -0.020000 -0.100000
v -2.115521 -0.019021 -0.106180
v -2.112680 -0.016180 -0.111756
v -2.108256 -0.011756 -0.116180
v -2.102680 -0.006180 -0.119021
v -2.096500 -0.000000 -0.120000
v -1.817500 0.000000 0.120000
v -1.823680 -0.006180 0.119021
v -1.829256 -0.011756 0.116181
v -1.833680 -0.016180 0.111756
v -1.836521 -0.019021 0.106181
v -1.837500 -0.020000 0.100000
v -1.837500 -0.020000 -0.100000
v -1.836521 -0.019021 -0.106180
v -1.833680 -0.016180 -0.111756
v -1.829256 -0.011756 -0.116180
v -1.823680 -0.006180 -0.119021
v -1.817500 -0.000000 -0.120000
v -1.817500 -0.212000 0.120000
v -1.823680 -0.205820 0.119021
v -1.829256 -0.200244 0.116181
v -1.833680 -0.195820 0.111756
v -1.836521 -0.192979 0.106181
v -1.837500 -0.192000 0.100000
v -1.837500 -0.192000 -0.100000
v -1.836521 -0.192979 -0.106180
v -1.833680 -0.195820 -0.111756
v -1.829256 -0.200244 -0.116180
v -1.823680 -0.205820 -0.119021
v -1.817500 -0.212000 -0.120000
v -2.115500 -0.212000 0.120000
v -2.121680 -0.205820 0.119021
v -2.127256 -0.200244 0.116181
v -2.131680 -0.195820 0.111756
v -2.134521 -0.192979 0.106181
v -2.135500 -0.192000 0.100000
v -2.135500 -0.192000 -0.100000
v -2.134521 -0.192979 -0.106180
v -2.131680 -0.195820 -0.111756
v -2.127256 -0.200244 -0.116180
v -2.121680 -0.205820 -0.119021
v -2.115500 -0.212000 -0.120000
v -2.115500 -0.300000 0.120000
v -2.121680 -0.306180 0.119021
v -2.127256 -0.311756 0.116181
v -2.131680 -0.316180 0.111756
v -2.134521 -0.319021 0.106181
v -2.135500 -0.320000 0.100000
v -2.135500 -0.320000 -0.100000
v -2.134521 -0.319021 -0.106180
v -2.131680 -0.316180 -0.111756
v -2.127256 -0.311756 -0.116180
v -2.121680 -0.306180 -0.119021
v -2.115500 -0.300000 -0.120000
v -1.719500 -0.300000 0.120000
v -1.713320 -0.306180 0.119021
v -1.707744 -0.311756 0.116181
v -1.703320 -0.316180 0.111756
v -1.700479 -0.319021 0.106181
v -1.699500 -0.320000 0.100000
v -1.699500 -0.320000 -0.100000
v -1.700479 -0.319021 -0.106180
v -1.703320 -0.316180 -0.111756
v -1.707744 -0.311756 -0.116180
v -1.713320 -0.306180 -0.119021
v -1.719500 -0.300000 -0.120000
v -1.719500 0.382000 0.120000
v -1.713320 0.388180 0.119021
v -1.707744 0.393756 0.116180
v -1.703320 0.398180 0.111756
v -1.700479 0.401021 0.106180
v -1.699500 0.402000 0.100000
v -1.699500 0.402000 -0.100000
v -1.700479 0.401021 -0.106180
v -1.703320 0.398180 -0.111756
v -1.707744 0.393756 -0.116180
v -1.713320 0.388180 -0.119021
v -1.719500 0.382000 -0.120000
v -2.106500 0.382000 0.120000
v -2.112680 0.388180 0.119021
v -2.118256 0.393756 0.116181
v -2.122680 0.398180 0.111756
v -2.125521 0.401021 0.106181
v -2.126500 0.402000 0.100000
v -2.126500 0.402000 -0.100000
v -2.125521 0.401021 -0.106180
v -2.122680 0.398180 -0.111756
v -2.118256 0.393756 -0.116180
v -2.112680 0.388180 -0.119021
v -2.106500 0.382000 -0.120000
v -2.106500 0.294000 0.120000
v -2.112680 0.287820 0.119021
v -2.118256 0.282244 0.116181
v -2.122680 0.277820 0.111756
v -2.125521 0.274979 0.106181
v -2.126500 0.274000 0.100000
v -2.126500 0.274000 -0.100000
v -2.125521 0.274979 -0.106180
v -2.122680 0.277820 -0.111756
v -2.118256 0.282244 -0.116180
v -2.112680 0.287820 -0.119021
v -2.106500 0.294000 -0.120000
v -2.426897 0.380495 0.120000
v -2.427475 0.386656 0.119021
v -2.427996 0.392214 0.116181
v -2.428410 0.396624 0.111756
v -2.428676 0.399456 0.106181
v -2.428767 0.400431 0.100000
v -2.428767 0.400431 -0.100000
v -2.428676 0.399456 -0.106180
v -2.428410 0.396624 -0.111756
v -2.427996 0.392214 -0.116180
v -2.427475 0.386656 -0.119021
v -2.426897 0.380495 -0.120000
v -2.458009 0.376046 0.120000
v -2.459212 0.382118 0.119021
v -2.460296 0.387595 0.116181
v -2.461156 0.391941 0.111756
v -2.461709 0.394732 0.106181
v -2.461899 0.395694 0.100000
v -2.461899 0.395694 -0.100000
v -2.461709 0.394732 -0.106180
v -2.461156 0.391941 -0.111756
v -2.460296 0.387595 -0.116180
v -2.459212 0.382118 -0.119021
v -2.458009 0.376046 -0.120000
v -2.486719 0.368750 0.120000
v -2.488593 0.374651 0.119021
v -2.490284 0.379973 0.116181
v -2.491626 0.384198 0.111756
v -2.492488 0.386910 0.106181
v -2.492785 0.387844 0.100000
v -2.492785 0.387844 -0.100000
v -2.492488 0.386910 -0.106180
v -2.491626 0.384198 -0.111756
v -2.490284 0.379973 -0.116180
v -2.488593 0.374651 -0.119021
v -2.486719 0.368750 -0.120000
v -2.512908 0.358704 0.120000
v -2.515491 0.364332 0.119021
v -2.517823 0.369409 0.116181
v -2.519673 0.373439 0.111756
v -2.520860 0.376026 0.106181
v -2.521270 0.376917 0.100000
v -2.521270 0.376917 -0.100000
v -2.520860 0.376026 -0.106180
v -2.519673 0.373439 -0.111756
v -2.517823 0.369409 -0.116180
v -2.515491 0.364332 -0.119021
v -2.512908 0.358704 -0.120000
v -2.536457 0.346005 0.120000
v -2.539768 0.351241 0.119021
v -2.542754 0.355965 0.116181
v -2.545124 0.359714 0.111756
v -2.546646 0.362121 0.106181
v -2.547170 0.362950 0.100000
v -2.547170 0.362950 -0.100000
v -2.546646 0.362121 -0.106180
v -2.545124 0.359714 -0.111755
v -2.542754 0.355965 -0.116180
v -2.539768 0.351241 -0.119021
v -2.536457 0.346005 -0.120000
v -2.557250 0.330750 0.120000
v -2.561272 0.335465 0.119021
v -2.564900 0.339718 0.116181
v -2.567780 0.343093 0.111756
v -2.569628 0.345260 0.106181
v -2.570266 0.346006 0.100000
v -2.570266 0.346006 -0.100000
v -2.569628 0.345260 -0.106180
v -2.567780 0.343093 -0.111755
v -2.564900 0.339718 -0.116180
v -2.561272 0.335465 -0.119021
v -2.557250 0.330750 -0.120000
v -2.575168 0.313037 0.120000
v -2.579847 0.317102 0.119021
v -2.584068 0.320769 0.116181
v -2.587418 0.323679 0.111756
v -2.589569 0.325547 0.106181
v -2.590310 0.326191 0.100000
v -2.590310 0.326191 -0.100000
v -2.589569 0.325547 -0.106180
v -2.587418 0.323679 -0.111755
v -2.584068 0.320769 -0.116180
v -2.579847 0.317102 -0.119021
v -2.575168 0.313037 -0.120000
v -2.590093 0.292963 0.120000
v -2.595335 0.296271 0.119021
v -2.600064 0.299255 0.116181
v -2.603817 0.301623 0.111756
v -2.606226 0.303143 0.106181
v -2.607056 0.303667 0.100000
v -2.607056 0.303667 -0.100000
v -2.606226 0.303143 -0.106180
v -2.603817 0.301623 -0.111755
v -2.600064 0.299255 -0.116180
v -2.595335 0.296271 -0.119021
v -2.590093 0.292963 -0.120000
v -2.601906 0.270625 0.120000
v -2.607586 0.273105 0.119021
v -2.612710 0.275343 0.116181
v -2.616776 0.277118 0.111756
v -2.619387 0.278258 0.106181
v -2.620286 0.278651 0.100000
v -2.620286 0.278651 -0.100000
v -2.619387 0.278258 -0.106180
v -2.616776 0.277118 -0.111755
v -2.612710 0.275343 -0.116180
v -2.607586 0.273105 -0.119021
v -2.601906 0.270625 -0.120000
v -2.610491 0.246120 0.120000
v -2.616469 0.247748 0.119021
v -2.621863 0.249216 0.116181
v -2.626143 0.250381 0.111756
v -2.628891 0.251129 0.106181
v -2.629838 0.251387 0.100000
v -2.629838 0.251387 -0.100000
v -2.628891 0.251129 -0.106180
v -2.626143 0.250381 -0.111755
v -2.621863 0.249216 -0.116180
v -2.616469 0.247748 -0.119021
v -2.610491 0.246120 -0.120000
v -2.615728 0.219546 0.120000
v -2.621871 0.220339 0.119021
v -2.627413 0.221054 0.116181
v -2.631811 0.221621 0.111756
v -2.634634 0.221985 0.106181
v -2.635607 0.222111 0.100000
v -2.635607 0.222111 -0.100000
v -2.634634 0.221985 -0.106180
v -2.631811 0.221621 -0.111755
v -2.627413 0.221054 -0.116180
v -2.621871 0.220339 -0.119021
v -2.615728 0.219546 -0.120000
v -2.617500 0.191000 0.120000
v -2.623689 0.191056 0.119021
v -2.629272 0.191107 0.116181
v -2.633703 0.191147 0.111756
v -2.636547 0.191172 0.106181
v -2.637527 0.191181 0.100000
v -2.637527 0.191181 -0.100000
v -2.636547 0.191172 -0.106180
v -2.633703 0.191147 -0.111755
v -2.629272 0.191107 -0.116180
v -2.623689 0.191056 -0.119021
v -2.617500 0.191000 -0.120000
v -2.616651 0.171673 0.120000
v -2.622813 0.171117 0.119021
v -2.628372 0.170615 0.116181
v -2.632783 0.170218 0.111756
v -2.635615 0.169962 0.106181
v -2.636591 0.169874 0.100000
v -2.636591 0.169874 -0.100000
v -2.635615 0.169962 -0.106180
v -2.632783 0.170218 -0.111755
v -2.628372 0.170615 -0.116180
v -2.622813 0.171117 -0.119021
v -2.616651 0.171673 -0.120000
v -2.614125 0.153213 0.120000
v -2.620208 0.152077 0.119021
v -2.625695 0.151052 0.116181
v -2.630049 0.150239 0.111756
v -2.632845 0.149717 0.106181
v -2.633808 0.149537 0.100000
v -2.633808 0.149537 -0.100000
v -2.632845 0.149717 -0.106180
v -2.630049 0.150239 -0.111755
v -2.625695 0.151052 -0.116180
v -2.620208 0.152077 -0.119021
v -2.614125 0.153213 -0.120000
v -2.609953 0.135656 0.120000
v -2.615893 0.133921 0.119021
v -2.621252 0.132356 0.116181
v -2.625505 0.131114 0.111756
v -2.628235 0.130317 0.106181
v -2.629176 0.130042 0.100000
v -2.629176 0.130042 -0.100000
v -2.628235 0.130317 -0.106180
v -2.625505 0.131114 -0.111755
v -2.621252 0.132356 -0.116180
v -2.615893 0.133921 -0.119021
v -2.609953 0.135656 -0.120000
v -2.604167 0.119037 0.120000
v -2.609896 0.116698 0.119021
v -2.615065 0.114588 0.116181
v -2.619167 0.112913 0.111756
v -2.621801 0.111838 0.106181
v -2.622709 0.111467 0.100000
v -2.622709 0.111467 -0.100000
v -2.621801 0.111837 -0.106180
v -2.619167 0.112913 -0.111755
v -2.615065 0.114587 -0.116180
v -2.609896 0.116698 -0.119021
v -2.604167 0.119037 -0.120000
v -2.596797 0.103390 0.120000
v -2.602247 0.100457 0.119021
v -2.607163 0.097811 0.116181
v -2.611065 0.095711 0.111756
v -2.613570 0.094362 0.106181
v -2.614434 0.093898 0.100000
v -2.614434 0.093898 -0.100000
v -2.613570 0.094362 -0.106180
v -2.611065 0.095711 -0.111755
v -2.607163 0.097811 -0.116180
v -2.602247 0.100457 -0.119021
v -2.596797 0.103390 -0.120000
v -2.587875 0.088750 0.120000
v -2.592979 0.085250 0.119021
v -2.597584 0.082092 0.116181
v -2.601239 0.079586 0.111756
v -2.603585 0.077977 0.106181
v -2.604393 0.077423 0.100000
v -2.604393 0.077423 -0.100000
v -2.603585 0.077977 -0.106180
v -2.601239 0.079586 -0.111755
v -2.597584 0.082092 -0.116180
v -2.592979 0.085250 -0.119021
v -2.587875 0.088750 -0.120000
v -2.577432 0.075152 0.120000
v -2.582134 0.071126 0.119021
v -2.586375 0.067495 0.116181
v -2.589741 0.064613 0.111756
v -2.591902 0.062763 0.106181
v -2.592646 0.062126 0.100000
v -2.592646 0.062126 -0.100000
v -2.591902 0.062763 -0.106180
v -2.589741 0.064613 -0.111755
v -2.586375 0.067495 -0.116180
v -2.582134 0.071126 -0.119021
v -2.577432 0.075152 -0.120000
v -2.565500 0.062630 0.120000
v -2.569753 0.058134 0.119021
v -2.573589 0.054078 0.116181
v -2.576634 0.050859 0.111756
v -2.578589 0.048793 0.106181
v -2.579262 0.048081 0.100000
v -2.579262 0.048081 -0.100000
v -2.578589 0.048793 -0.106180
v -2.576634 0.050859 -0.111755
v -2.573589 0.054078 -0.116180
v -2.569753 0.058134 -0.119021
v -2.565500 0.062630 -0.120000
v -2.552109 0.051219 0.120000
v -2.555883 0.046314 0.119021
v -2.559287 0.041890 0.116181
v -2.561988 0.038379 0.111756
v -2.563723 0.036125 0.106181
v -2.564321 0.035348 0.100000
v -2.564321 0.035348 -0.100000
v -2.563723 0.036125 -0.106180
v -2.561988 0.038379 -0.111755
v -2.559287 0.041890 -0.116180
v -2.555883 0.046314 -0.119021
v -2.552109 0.051219 -0.120000
v -2.537292 0.040954 0.120000
v -2.540569 0.035706 0.119021
v -2.543526 0.030972 0.116181
v -2.545873 0.027215 0.111756
v -2.547379 0.024802 0.106181
v -2.547898 0.023971 0.100000
v -2.547898 0.023971 -0.100000
v -2.547379 0.024802 -0.106180
v -2.545873 0.027215 -0.111755
v -2.543526 0.030972 -0.116180
v -2.540569 0.035706 -0.119021
v -2.537292 0.040954 -0.120000
v -2.521078 0.031869 0.120000
v -2.523857 0.026342 0.119021
v -2.526364 0.021355 0.116181
v -2.528353 0.017398 0.111756
v -2.529630 0.014858 0.106181
v -2.530070 0.013982 0.100000
v -2.530070 0.013982 -0.100000
v -2.529630 0.014858 -0.106180
v -2.528353 0.017398 -0.111755
v -2.526364 0.021355 -0.116180
v -2.523857 0.026342 -0.119021
v -2.521078 0.031869 -0.120000
v -2.503500 0.024000 0.120000
v -2.515875 0.022769 0.119021
v -2.527038 0.021658 0.116181
v -2.535898 0.020776 0.111756
v -2.541586 0.020210 0.106181
v -2.543546 0.020015 0.100000
v -2.543546 0.020015 -0.100000
v -2.541586 0.020210 -0.106180
v -2.535898 0.020776 -0.111755
v -2.527038 0.021658 -0.116180
v -2.515875 0.022768 -0.119021
v -2.503500 0.024000 -0.120000
v -2.518522 0.013292 0.120000
v -2.522281 0.018202 0.119021
v -2.525673 0.022631 0.116181
v -2.528364 0.026146 0.111756
v -2.530092 0.028403 0.106181
v -2.530688 0.029181 0.100000
v -2.530688 0.029181 -0.100000
v -2.530092 0.028403 -0.106180
v -2.528364 0.026146 -0.111755
v -2.525673 0.022631 -0.116180
v -2.522281 0.018202 -0.119021
v -2.518522 0.013292 -0.120000
v -2.532676 0.001667 0.120000
v -2.536752 0.006317 0.119021
v -2.540428 0.010512 0.116181
v -2.543346 0.013841 0.111756
v -2.545219 0.015979 0.106181
v -2.545865 0.016715 0.100000
v -2.545865 0.016715 -0.100000
v -2.545219 0.015979 -0.106180
v -2.543346 0.013841 -0.111755
v -2.540428 0.010512 -0.116180
v -2.536752 0.006317 -0.119021
v -2.532676 0.001667 -0.120000
v -2.546094 -0.010875 0.120000
v -2.550446 -0.006483 0.119021
v -2.554371 -0.002521 0.116181
v -2.557487 0.000624 0.111756
v -2.559487 0.002642 0.106181
v -2.560177 0.003338 0.100000
v -2.560177 0.003338 -0.100000
v -2.559487 0.002642 -0.106180
v -2.557487 0.000624 -0.111755
v -2.554371 -0.002521 -0.116180
v -2.550446 -0.006483 -0.119021
v -2.546094 -0.010875 -0.120000
v -2.558907 -0.024333 0.120000
v -2.563493 -0.020187 0.119021
v -2.567630 -0.016446 0.116181
v -2.570913 -0.013478 0.111756
v -2.573020 -0.011572 0.106181
v -2.573747 -0.010915 0.100000
v -2.573747 -0.010915 -0.100000
v -2.573020 -0.011572 -0.106180
v -2.570913 -0.013478 -0.111755
v -2.567630 -0.016446 -0.116180
v -2.563493 -0.020187 -0.119021
v -2.558907 -0.024333 -0.120000
v -2.571249 -0.038708 0.120000
v -2.576027 -0.034786 0.119021
v -2.580337 -0.031247 0.116181
v -2.583757 -0.028439 0.111756
v -2.585953 -0.026636 0.106181
v -2.586710 -0.026014 0.100000
v -2.586710 -0.026014 -0.100000
v -2.585953 -0.026636 -0.106180
v -2.583757 -0.028439 -0.111755
v -2.580337 -0.031247 -0.116180
v -2.576027 -0.034786 -0.119021
v -2.571249 -0.038708 -0.120000
v -2.583250 -0.054000 0.120000
v -2.588181 -0.050273 0.119021
v -2.592630 -0.046911 0.116181
v -2.596160 -0.044242 0.111756
v -2.598427 -0.042529 0.106181
v -2.599208 -0.041939 0.100000
v -2.599208 -0.041939 -0.100000
v -2.598427 -0.042529 -0.106180
v -2.596160 -0.044242 -0.111755
v -2.592630 -0.046911 -0.116180
v -2.588181 -0.050273 -0.119021
v -2.583250 -0.054000 -0.120000
v -2.595043 -0.070208 0.120000
v -2.600093 -0.066645 0.119021
v -2.604649 -0.063430 0.116181
v -2.608265 -0.060878 0.111756
v -2.610586 -0.059240 0.106181
v -2.611386 -0.058676 0.100000
v -2.611386 -0.058676 -0.100000
v -2.610586 -0.059240 -0.106180
v -2.608265 -0.060878 -0.111755
v -2.604649 -0.063430 -0.116180
v -2.600093 -0.066645 -0.119021
v -2.595043 -0.070208 -0.120000
v -2.606759 -0.087333 0.120000
v -2.611898 -0.083899 0.119021
v -2.616534 -0.080802 0.116181
v -2.620213 -0.078343 0.111756
v -2.622576 -0.076765 0.106181
v -2.623389 -0.076221 0.100000
v -2.623389 -0.076221 -0.100000
v -2.622576 -0.076765 -0.106180
v -2.620213 -0.078343 -0.111755
v -2.616534 -0.080802 -0.116180
v -2.611898 -0.083899 -0.119021
v -2.606759 -0.087333 -0.120000
v -2.618531 -0.105375 0.120000
v -2.623733 -0.102037 0.119021
v -2.628426 -0.099027 0.116181
v -2.632150 -0.096637 0.111756
v -2.634541 -0.095103 0.106181
v -2.635365 -0.094574 0.100000
v -2.635365 -0.094574 -0.100000
v -2.634541 -0.095103 -0.106180
v -2.632150 -0.096637 -0.111755
v -2.628426 -0.099027 -0.116180
v -2.623733 -0.102037 -0.119021
v -2.618531 -0.105375 -0.120000
v -2.630491 -0.124333 0.120000
v -2.635733 -0.121060 0.119021
v -2.640463 -0.118108 0.116181
v -2.644216 -0.115765 0.111756
v -2.646626 -0.114260 0.106181
v -2.647456 -0.113742 0.100000
v -2.647456 -0.113742 -0.100000
v -2.646626 -0.114260 -0.106180
v -2.644216 -0.115765 -0.111755
v -2.640463 -0.118108 -0.116180
v -2.635733 -0.121060 -0.119021
v -2.630491 -0.124333 -0.120000
v -2.642770 -0.144208 0.120000
v -2.648034 -0.140971 0.119021
v -2.652783 -0.138050 0.116181
v -2.656552 -0.135732 0.111756
v -2.658972 -0.134243 0.106181
v -2.659805 -0.133731 0.100000
v -2.659805 -0.133731 -0.100000
v -2.658972 -0.134243 -0.106180
v -2.656552 -0.135732 -0.111755
v -2.652783 -0.138050 -0.116180
v -2.648034 -0.140971 -0.119021
v -2.642770 -0.144208 -0.120000
v -2.655500 -0.165000 0.120000
v -2.660759 -0.161754 0.119021
v -2.665504 -0.158825 0.116181
v -2.669269 -0.156501 0.111756
v -2.671686 -0.155009 0.106181
v -2.672519 -0.154495 0.100000
v -2.672519 -0.154495 -0.100000
v -2.671686 -0.155009 -0.106180
v -2.669269 -0.156501 -0.111755
v -2.665504 -0.158825 -0.116180
v -2.660759 -0.161754 -0.119021
v -2.655500 -0.165000 -0.120000
v -2.662524 -0.176288 0.120000
v -2.667758 -0.173000 0.119021
v -2.672479 -0.170035 0.116181
v -2.676225 -0.167681 0.111756
v -2.678631 -0.166170 0.106181
v -2.679460 -0.165649 0.100000
v -2.679460 -0.165649 -0.100000
v -2.678631 -0.166170 -0.106180
v -2.676225 -0.167681 -0.111755
v -2.672479 -0.170035 -0.116180
v -2.667758 -0.173000 -0.119021
v -2.662524 -0.176288 -0.120000
v -2.669194 -0.186806 0.120000
v -2.674398 -0.183470 0.119021
v -2.679092 -0.180462 0.116181
v -2.682817 -0.178074 0.111756
v -2.685209 -0.176541 0.106181
v -2.686033 -0.176013 0.100000
v -2.686033 -0.176013 -0.100000
v -2.685209 -0.176541 -0.106180
v -2.682817 -0.178074 -0.111755
v -2.679092 -0.180462 -0.116180
v -2.674398 -0.183470 -0.119021
v -2.669194 -0.186806 -0.120000
v -2.675656 -0.196781 0.120000
v -2.680826 -0.193395 0.119021
v -2.685491 -0.190340 0.116181
v -2.689192 -0.187916 0.111756
v -2.691568 -0.186359 0.106181
v -2.692387 -0.185823 0.100000
v -2.692387 -0.185823 -0.100000
v -2.691568 -0.186359 -0.106180
v -2.689192 -0.187916 -0.111755
v -2.685491 -0.190340 -0.116180
v -2.680826 -0.193395 -0.119021
v -2.675656 -0.196781 -0.120000
v -2.682056 -0.206445 0.120000
v -2.687191 -0.203006 0.119021
v -2.691825 -0.199905 0.116181
v -2.695502 -0.197443 0.111756
v -2.697862 -0.195863 0.106181
v -2.698676 -0.195318 0.100000
v -2.698676 -0.195318 -0.100000
v -2.697862 -0.195863 -0.106180
v -2.695502 -0.197443 -0.111755
v -2.691825 -0.199905 -0.116180
v -2.687191 -0.203006 -0.119021
v -2.682056 -0.206445 -0.120000
v -2.688538 -0.216024 0.120000
v -2.693641 -0.212537 0.119021
v -2.698244 -0.209392 0.116181
v -2.701897 -0.206895 0.111756
v -2.704243 -0.205292 0.106181
v -2.705051 -0.204740 0.100000
v -2.705051 -0.204740 -0.100000
v -2.704243 -0.205292 -0.106180
v -2.701897 -0.206895 -0.111755
v -2.698244 -0.209392 -0.116180
v -2.693641 -0.212537 -0.119021
v -2.688538 -0.216024 -0.120000
v -2.695250 -0.225750 0.120000
v -2.700323 -0.222220 0.119021
v -2.704900 -0.219036 0.116181
v -2.708531 -0.216508 0.111756
v -2.710863 -0.214886 0.106181
v -2.711667 -0.214327 0.100000
v -2.711667 -0.214327 -0.100000
v -2.710863 -0.214886 -0.106180
v -2.708531 -0.216508 -0.111755
v -2.704900 -0.219036 -0.116180
v -2.700323 -0.222220 -0.119021
v -2.695250 -0.225750 -0.120000
v -2.702337 -0.235851 0.120000
v -2.707385 -0.232286 0.119021
v -2.711940 -0.229070 0.116181
v -2.715554 -0.226518 0.111756
v -2.717875 -0.224879 0.106181
v -2.718674 -0.224314 0.100000
v -2.718674 -0.224314 -0.100000
v -2.717875 -0.224879 -0.106180
v -2.715554 -0.226518 -0.111755
v -2.711940 -0.229070 -0.116180
v -2.707385 -0.232286 -0.119021
v -2.702337 -0.235851 -0.120000
v -2.709944 -0.246556 0.120000
v -2.714975 -0.242965 0.119021
v -2.719512 -0.239725 0.116181
v -2.723114 -0.237154 0.111756
v -2.725425 -0.235504 0.106181
v -2.726222 -0.234935 0.100000
v -2.726222 -0.234935 -0.100000
v -2.725425 -0.235504 -0.106180
v -2.723114 -0.237154 -0.111755
v -2.719512 -0.239725 -0.116180
v -2.714975 -0.242965 -0.119021
v -2.709944 -0.246556 -0.120000
v -2.718219 -0.258094 0.120000
v -2.723236 -0.254485 0.119021
v -2.727763 -0.251230 0.116181
v -2.731355 -0.248647 0.111756
v -2.733661 -0.246989 0.106181
v -2.734456 -0.246417 0.100000
v -2.734456 -0.246417 -0.100000
v -2.733661 -0.246989 -0.106180
v -2.731355 -0.248647 -0.111755
v -2.727763 -0.251230 -0.116180
v -2.723236 -0.254485 -0.119021
v -2.718219 -0.258094 -0.120000
v -2.727306 -0.270694 0.120000
v -2.732316 -0.267076 0.119021
v -2.736836 -0.263812 0.116181
v -2.740423 -0.261222 0.111756
v -2.742727 -0.259559 0.106181
v -2.743520 -0.258986 0.100000
v -2.743520 -0.258986 -0.100000
v -2.742727 -0.259559 -0.106180
v -2.740423 -0.261222 -0.111755
v -2.736836 -0.263812 -0.116180
v -2.732316 -0.267076 -0.119021
v -2.727306 -0.270694 -0.120000
v -2.737351 -0.284587 0.120000
v -2.742359 -0.280965 0.119021
v -2.746876 -0.277698 0.116181
v -2.750462 -0.275105 0.111756
v -2.752764 -0.273440 0.106181
v -2.753557 -0.272866 0.100000
v -2.753557 -0.272866 -0.100000
v -2.752764 -0.273440 -0.106180
v -2.750462 -0.275105 -0.111755
v -2.746876 -0.277698 -0.116180
v -2.742359 -0.280965 -0.119021
v -2.737351 -0.284587 -0.120000
v -2.748500 -0.300000 0.120000
v -2.760599 -0.306180 0.119021
v -2.771513 -0.311756 0.116181
v -2.780174 -0.316180 0.111756
v -2.785735 -0.319021 0.106181
v -2.787652 -0.320000 0.100000
v -2.787652 -0.320000 -0.100000
v -2.785735 -0.319021 -0.106180
v -2.780174 -0.316180 -0.111755
v -2.771513 -0.311756 -0.116180
v -2.760599 -0.306180 -0.119021
v -2.748500 -0.300000 -0.120000
v -2.631500 -0.300000 0.120000
v -2.628126 -0.306180 0.119021
v -2.625082 -0.311756 0.116181
v -2.622666 -0.316180 0.111756
v -2.621115 -0.319021 0.106181
v -2.620581 -0.320000 0.100000
v -2.620581 -0.320000 -0.100000
v -2.621115 -0.319021 -0.106180
v -2.622666 -0.316180 -0.111755
v -2.625082 -0.311756 -0.116180
v -2.628126 -0.306180 -0.119021
v -2.631500 -0.300000 -0.120000
v -2.541500 -0.160000 0.120000
v -2.536324 -0.163378 0.119021
v -2.531655 -0.166425 0.116181
v -2.527949 -0.168843 0.111756
v -2.525570 -0.170395 0.106181
v -2.524750 -0.170930 0.100000
v -2.524750 -0.170930 -0.100000
v -2.525570 -0.170395 -0.106180
v -2.527949 -0.168843 -0.111755
v -2.531655 -0.166425 -0.116180
v -2.536324 -0.163378 -0.119021
v -2.541500 -0.160000 -0.120000
v -2.519987 -0.127521 0.120000
v -2.514890 -0.131018 0.119021
v -2.510293 -0.134173 0.116181
v -2.506644 -0.136677 0.111756
v -2.504301 -0.138284 0.106181
v -2.503494 -0.138838 0.100000
v -2.503494 -0.138838 -0.100000
v -2.504301 -0.138284 -0.106180
v -2.506644 -0.136677 -0.111755
v -2.510293 -0.134173 -0.116180
v -2.514890 -0.131018 -0.119021
v -2.519987 -0.127521 -0.120000
v -2.500315 -0.099833 0.120000
v -2.495351 -0.103518 0.119021
v -2.490873 -0.106841 0.116181
v -2.487319 -0.109479 0.111756
v -2.485038 -0.111172 0.106181
v -2.484251 -0.111756 0.100000
v -2.484251 -0.111756 -0.100000
v -2.485038 -0.111172 -0.106180
v -2.487319 -0.109479 -0.111755
v -2.490873 -0.106841 -0.116180
v -2.495351 -0.103518 -0.119021
v -2.500315 -0.099833 -0.120000
v -2.482281 -0.076563 0.120000
v -2.477496 -0.080477 0.119021
v -2.473179 -0.084009 0.116181
v -2.469753 -0.086811 0.111756
v -2.467554 -0.088610 0.106181
v -2.466796 -0.089230 0.100000
v -2.466796 -0.089230 -0.100000
v -2.467554 -0.088610 -0.106180
v -2.469753 -0.086811 -0.111755
v -2.473179 -0.084009 -0.116180
v -2.477496 -0.080477 -0.119021
v -2.482281 -0.076563 -0.120000
v -2.465685 -0.057333 0.120000
v -2.461141 -0.061528 0.119021
v -2.457042 -0.065312 0.116181
v -2.453789 -0.068315 0.111756
v -2.451701 -0.070242 0.106181
v -2.450981 -0.070907 0.100000
v -2.450981 -0.070907 -0.100000
v -2.451701 -0.070242 -0.106180
v -2.453789 -0.068315 -0.111755
v -2.457042 -0.065312 -0.116180
v -2.461141 -0.061528 -0.119021
v -2.465685 -0.057333 -0.120000
v -2.450325 -0.041771 0.120000
v -2.446108 -0.046296 0.119021
v -2.442304 -0.050379 0.116181
v -2.439285 -0.053619 0.111756
v -2.437346 -0.055699 0.106181
v -2.436679 -0.056416 0.100000
v -2.436679 -0.056416 -0.100000
v -2.437346 -0.055699 -0.106180
v -2.439285 -0.053619 -0.111755
v -2.442304 -0.050379 -0.116180
v -2.446108 -0.046296 -0.119021
v -2.450325 -0.041771 -0.120000
v -2.436000 -0.029500 0.120000
v -2.432219 -0.034399 0.119021
v -2.428808 -0.038819 0.116181
v -2.426102 -0.042326 0.111756
v -2.424364 -0.044578 0.106181
v -2.423765 -0.045354 0.100000
v -2.423765 -0.045354 -0.100000
v -2.424364 -0.044578 -0.106180
v -2.426102 -0.042326 -0.111755
v -2.428808 -0.038819 -0.116180
v -2.432219 -0.034399 -0.119021
v -2.436000 -0.029500 -0.120000
v -2.422508 -0.020146 0.120000
v -2.419290 -0.025435 0.119021
v -2.416386 -0.030206 0.116181
v -2.414082 -0.033992 0.111756
v -2.412602 -0.036423 0.106181
v -2.412092 -0.037261 0.100000
v -2.412092 -0.037261 -0.100000
v -2.412602 -0.036423 -0.106180
v -2.414082 -0.033992 -0.111755
v -2.416386 -0.030206 -0.116180
v -2.419290 -0.025435 -0.119021
v -2.422508 -0.020146 -0.120000
v -2.409648 -0.013333 0.120000
v -2.407109 -0.018982 0.119021
v -2.404819 -0.024078 0.116181
v -2.403001 -0.028122 0.111756
v -2.401834 -0.030719 0.106181
v -2.401432 -0.031614 0.100000
v -2.401432 -0.031614 -0.100000
v -2.401834 -0.030719 -0.106180
v -2.403001 -0.028122 -0.111755
v -2.404819 -0.024078 -0.116180
v -2.407109 -0.018982 -0.119021
v -2.409648 -0.013333 -0.120000
v -2.397219 -0.008688 0.120000
v -2.395426 -0.014615 0.119021
v -2.393808 -0.019963 0.116181
v -2.392524 -0.024206 0.111756
v -2.391700 -0.026931 0.106181
v -2.391416 -0.027870 0.100000
v -2.391416 -0.027870 -0.100000
v -2.391700 -0.026931 -0.106180
v -2.392524 -0.024206 -0.111755
v -2.393808 -0.019963 -0.116180
v -2.395426 -0.014615 -0.119021
v -2.397219 -0.008688 -0.120000
v -2.385019 -0.005833 0.120000
v -2.383949 -0.011930 0.119021
v -2.382984 -0.017430 0.116181
v -2.382218 -0.021795 0.111756
v -2.381726 -0.024598 0.106181
v -2.381557 -0.025564 0.100000
v -2.381557 -0.025564 -0.100000
v -2.381726 -0.024598 -0.106180
v -2.382218 -0.021795 -0.111755
v -2.382984 -0.017430 -0.116180
v -2.383949 -0.011930 -0.119021
v -2.385019 -0.005833 -0.120000
v -2.372846 -0.004396 0.120000
v -2.372384 -0.010565 0.119021
v -2.371967 -0.016129 0.116181
v -2.371636 -0.020546 0.111756
v -2.371423 -0.023381 0.106181
v -2.371350 -0.024358 0.100000
v -2.371350 -0.024358 -0.100000
v -2.371423 -0.023381 -0.106180
v -2.371636 -0.020546 -0.111755
v -2.371967 -0.016129 -0.116180
v -2.372384 -0.010565 -0.119021
v -2.372846 -0.004396 -0.120000
v -2.360500 -0.004000 0.120000
v -2.360401 -0.010180 0.119021
v -2.360312 -0.015756 0.116181
v -2.360241 -0.020180 0.111756
v -2.360195 -0.023021 0.106181
v -2.360180 -0.024000 0.100000
v -2.360180 -0.024000 -0.100000
v -2.360195 -0.023021 -0.106180
v -2.360241 -0.020180 -0.111755
v -2.360312 -0.015756 -0.116180
v -2.360401 -0.010180 -0.119021
v -2.360500 -0.004000 -0.120000
v -2.319500 -0.004000 0.120000
v -2.325680 -0.010180 0.119021
v -2.331256 -0.015756 0.116181
v -2.335680 -0.020180 0.111756
v -2.338521 -0.023021 0.106181
v -2.339500 -0.024000 0.100000
v -2.339500 -0.024000 -0.100000
v -2.338521 -0.023021 -0.106180
v -2.335680 -0.020180 -0.111755
v -2.331256 -0.015756 -0.116180
v -2.325680 -0.010180 -0.119021
v -2.319500 -0.004000 -0.120000
v -2.319500 -0.300000 0.120000
v -2.325680 -0.306180 0.119021
v -2.331256 -0.311756 0.116181
v -2.335680 -0.316180 0.111756
v -2.338521 -0.319021 0.106181
v -2.339500 -0.320000 0.100000
v -2.339500 -0.320000 -0.100000
v -2.338521 -0.319021 -0.106180
v -2.335680 -0.316180 -0.111755
v -2.331256 -0.311756 -0.116180
v -2.325680 -0.306180 -0.119021
v -2.319500 -0.300000 -0.120000
v -2.221500 -0.300000 0.120000
v -2.215320 -0.306180 0.119021
v -2.209744 -0.311756 0.116181
v -2.205320 -0.316180 0.111756
v -2.202479 -0.319021 0.106181
v -2.201500 -0.320000 0.100000
v -2.201500 -0.320000 -0.100000
v -2.202479 -0.319021 -0.106180
v -2.205320 -0.316180 -0.111755
v -2.209744 -0.311756 -0.116180
v -2.215320 -0.306180 -0.119021
v -2.221500 -0.300000 -0.120000
v -2.221500 0.382000 0.120000
v -2.215320 0.388180 0.119021
v -2.209744 0.393756 0.116181
v -2.205320 0.398180 0.111756
v -2.202479 0.401021 0.106181
v -2.201500 0.402000 0.100000
v -2.201500 0.402000 -0.100000
v -2.202479 0.401021 -0.106180
v -2.205320 0.398180 -0.111756
v -2.209744 0.393756 -0.116180
v -2.215320 0.388180 -0.119021
v -2.221500 0.382000 -0.120000
v -2.393500 0.382000 0.120000
v -2.393639 0.388180 0.119021
v -2.393765 0.393756 0.116181
v -2.393864 0.398180 0.111756
v -2.393928 0.401021 0.106181
v -2.393950 0.402000 0.100000
v -2.393950 0.402000 -0.100000
v -2.393928 0.401021 -0.106180
v -2.393864 0.398180 -0.111756
v -2.393765 0.393756 -0.116180
v -2.393639 0.388180 -0.119021
v -2.393500 0.382000 -0.120000
v -2.382500 0.084000 0.120000
v -2.382363 0.090180 0.119021
v -2.382240 0.095756 0.116181
v -2.382142 0.100180 0.111756
v -2.382079 0.103021 0.106181
v -2.382057 0.104000 0.100000
v -2.382057 0.104000 -0.100000
v -2.382079 0.103021 -0.106180
v -2.382142 0.100180 -0.111756
v -2.382240 0.095756 -0.116180
v -2.382363 0.090180 -0.119021
v -2.382500 0.084000 -0.120000
v -2.407212 0.085095 0.120000
v -2.406629 0.091256 0.119021
v -2.406102 0.096813 0.116181
v -2.405684 0.101224 0.111756
v -2.405415 0.104056 0.106181
v -2.405323 0.105031 0.100000
v -2.405323 0.105031 -0.100000
v -2.405415 0.104056 -0.106180
v -2.405684 0.101224 -0.111755
v -2.406102 0.096813 -0.116180
v -2.406629 0.091256 -0.119021
v -2.407212 0.085095 -0.120000
v -2.428953 0.088264 0.120000
v -2.427704 0.094328 0.119021
v -2.426578 0.099798 0.116181
v -2.425684 0.104139 0.111756
v -2.425110 0.106926 0.106181
v -2.424912 0.107886 0.100000
v -2.424912 0.107886 -0.100000
v -2.425110 0.106926 -0.106180
v -2.425684 0.104139 -0.111755
v -2.426578 0.099798 -0.116180
v -2.427704 0.094328 -0.119021
v -2.428953 0.088264 -0.120000
v -2.447875 0.093328 0.120000
v -2.445877 0.099191 0.119021
v -2.444074 0.104480 0.116181
v -2.442644 0.108678 0.111756
v -2.441725 0.111373 0.106181
v -2.441409 0.112302 0.100000
v -2.441409 0.112302 -0.100000
v -2.441725 0.111373 -0.106180
v -2.442644 0.108678 -0.111755
v -2.444074 0.104480 -0.116180
v -2.445877 0.099191 -0.119021
v -2.447875 0.093328 -0.120000
v -2.464129 0.100111 0.120000
v -2.461322 0.105637 0.119021
v -2.458790 0.110621 0.116181
v -2.456781 0.114577 0.111756
v -2.455491 0.117117 0.106181
v -2.455046 0.117992 0.100000
v -2.455046 0.117992 -0.100000
v -2.455491 0.117117 -0.106180
v -2.456781 0.114577 -0.111755
v -2.458790 0.110621 -0.116180
v -2.461322 0.105637 -0.119021
v -2.464129 0.100111 -0.120000
v -2.477870 0.108436 0.120000
v -2.474242 0.113464 0.119021
v -2.470969 0.118000 0.116181
v -2.468372 0.121600 0.111756
v -2.466705 0.123911 0.106181
v -2.466130 0.124707 0.100000
v -2.466130 0.124707 -0.100000
v -2.466705 0.123911 -0.106180
v -2.468372 0.121600 -0.111755
v -2.470969 0.118000 -0.116180
v -2.474242 0.113464 -0.119021
v -2.477870 0.108436 -0.120000
v -2.489250 0.118125 0.120000
v -2.484854 0.122500 0.119021
v -2.480889 0.126446 0.116181
v -2.477742 0.129578 0.111756
v -2.475722 0.131588 0.106181
v -2.475025 0.132281 0.100000
v -2.475025 0.132281 -0.100000
v -2.475722 0.131588 -0.106180
v -2.477742 0.129578 -0.111755
v -2.480889 0.126446 -0.116180
v -2.484854 0.122500 -0.119021
v -2.489250 0.118125 -0.120000
v -2.498421 0.129002 0.120000
v -2.493374 0.132604 0.119021
v -2.488822 0.135854 0.116181
v -2.485209 0.138433 0.111756
v -2.482889 0.140089 0.106181
v -2.482090 0.140660 0.100000
v -2.482090 0.140660 -0.100000
v -2.482889 0.140089 -0.106180
v -2.485209 0.138433 -0.111755
v -2.488822 0.135854 -0.116180
v -2.493374 0.132604 -0.119021
v -2.498421 0.129002 -0.120000
v -2.505537 0.140889 0.120000
v -2.499995 0.143664 0.119021
v -2.494995 0.146167 0.116181
v -2.491027 0.148153 0.111756
v -2.488480 0.149428 0.106181
v -2.487602 0.149868 0.100000
v -2.487602 0.149868 -0.100000
v -2.488480 0.149428 -0.106180
v -2.491027 0.148153 -0.111755
v -2.494995 0.146167 -0.116180
v -2.499995 0.143664 -0.119021
v -2.505537 0.140889 -0.120000
v -2.510750 0.153609 0.120000
v -2.504872 0.155565 0.119021
v -2.499569 0.157329 0.116181
v -2.495361 0.158728 0.111756
v -2.492660 0.159627 0.106181
v -2.491729 0.159937 0.100000
v -2.491729 0.159937 -0.100000
v -2.492660 0.159627 -0.106180
v -2.495361 0.158728 -0.111755
v -2.499569 0.157329 -0.116180
v -2.504872 0.155565 -0.119021
v -2.510750 0.153609 -0.120000
v -2.514213 0.166986 0.120000
v -2.508137 0.168177 0.119021
v -2.502656 0.169252 0.116181
v -2.498306 0.170105 0.111756
v -2.495514 0.170652 0.106181
v -2.494551 0.170841 0.100000
v -2.494551 0.170841 -0.100000
v -2.495514 0.170652 -0.106180
v -2.498306 0.170105 -0.111755
v -2.502656 0.169252 -0.116180
v -2.508137 0.168177 -0.119021
v -2.514213 0.166986 -0.120000
v -2.516079 0.180842 0.120000
v -2.509911 0.181348 0.119021
v -2.504346 0.181804 0.116181
v -2.499931 0.182166 0.111756
v -2.497096 0.182398 0.106181
v -2.496119 0.182478 0.100000
v -2.496119 0.182478 -0.100000
v -2.497096 0.182398 -0.106180
v -2.499931 0.182166 -0.111755
v -2.504346 0.181804 -0.116180
v -2.509911 0.181348 -0.119021
v -2.516079 0.180842 -0.120000
v -2.516500 0.195000 0.120000
v -2.510314 0.194886 0.119021
v -2.504733 0.194783 0.116181
v -2.500304 0.194701 0.111756
v -2.497460 0.194649 0.106181
v -2.496480 0.194631 0.100000
v -2.496480 0.194631 -0.100000
v -2.497460 0.194649 -0.106180
v -2.500304 0.194701 -0.111755
v -2.504733 0.194783 -0.116180
v -2.510314 0.194886 -0.119021
v -2.516500 0.195000 -0.120000
v -2.515467 0.210471 0.120000
v -2.509325 0.209704 0.119021
v -2.503783 0.209012 0.116181
v -2.499385 0.208463 0.111756
v -2.496562 0.208110 0.106181
v -2.495589 0.207989 0.100000
v -2.495589 0.207989 -0.100000
v -2.496562 0.208110 -0.106180
v -2.499385 0.208463 -0.111755
v -2.503783 0.209012 -0.116180
v -2.509325 0.209704 -0.119021
v -2.515467 0.210471 -0.120000
v -2.512824 0.224852 0.120000
v -2.506820 0.223327 0.119021
v -2.501404 0.221952 0.116181
v -2.497106 0.220860 0.111756
v -2.494347 0.220159 0.106181
v -2.493396 0.219918 0.100000
v -2.493396 0.219918 -0.100000
v -2.494347 0.220159 -0.106180
v -2.497106 0.220860 -0.111755
v -2.501404 0.221952 -0.116180
v -2.506820 0.223327 -0.119021
v -2.512824 0.224852 -0.120000
v -2.508500 0.238094 0.120000
v -2.502770 0.235731 0.119021
v -2.497601 0.233599 0.116181
v -2.493499 0.231907 0.111756
v -2.490865 0.230820 0.106181
v -2.489958 0.230446 0.100000
v -2.489958 0.230446 -0.100000
v -2.490865 0.230820 -0.106180
v -2.493499 0.231907 -0.111755
v -2.497601 0.233599 -0.116180
v -2.502770 0.235731 -0.119021
v -2.508500 0.238094 -0.120000
v -2.502426 0.250148 0.120000
v -2.497134 0.246915 0.119021
v -2.492361 0.243998 0.116181
v -2.488573 0.241683 0.111756
v -2.486141 0.240196 0.106181
v -2.485303 0.239684 0.100000
v -2.485303 0.239684 -0.100000
v -2.486141 0.240196 -0.106180
v -2.488573 0.241683 -0.111755
v -2.492361 0.243998 -0.116180
v -2.497134 0.246915 -0.119021
v -2.502426 0.250148 -0.120000
v -2.494532 0.260967 0.120000
v -2.489846 0.256903 0.119021
v -2.485619 0.253238 0.116181
v -2.482264 0.250329 0.111756
v -2.480110 0.248462 0.106181
v -2.479368 0.247818 0.100000
v -2.479368 0.247818 -0.100000
v -2.480110 0.248462 -0.106180
v -2.482264 0.250329 -0.111755
v -2.485619 0.253238 -0.116180
v -2.489846 0.256903 -0.119021
v -2.494532 0.260967 -0.120000
v -2.484750 0.270500 0.120000
v -2.480798 0.265722 0.119021
v -2.477232 0.261412 0.116181
v -2.474402 0.257991 0.111756
v -2.472586 0.255795 0.106181
v -2.471960 0.255038 0.100000
v -2.471960 0.255038 -0.100000
v -2.472586 0.255795 -0.106180
v -2.474402 0.257991 -0.111755
v -2.477232 0.261412 -0.116180
v -2.480798 0.265722 -0.119021
v -2.484750 0.270500 -0.120000
v -2.473009 0.278700 0.120000
v -2.469851 0.273368 0.119021
v -2.467001 0.268557 0.116181
v -2.464740 0.264740 0.111756
v -2.463288 0.262288 0.106181
v -2.462788 0.261444 0.100000
v -2.462788 0.261444 -0.100000
v -2.463288 0.262288 -0.106180
v -2.464740 0.264740 -0.111756
v -2.467001 0.268557 -0.116180
v -2.469851 0.273368 -0.119021
v -2.473009 0.278700 -0.120000
v -2.459241 0.285519 0.120000
v -2.456865 0.279798 0.119021
v -2.454722 0.274638 0.116181
v -2.453022 0.270543 0.111756
v -2.451930 0.267913 0.106181
v -2.451554 0.267007 0.100000
v -2.451554 0.267007 -0.100000
v -2.451930 0.267913 -0.106180
v -2.453022 0.270543 -0.111756
v -2.454722 0.274638 -0.116180
v -2.456865 0.279798 -0.119021
v -2.459241 0.285519 -0.120000
v -2.443375 0.290906 0.120000
v -2.441721 0.284941 0.119021
v -2.440230 0.279559 0.116181
v -2.439046 0.275289 0.111756
v -2.438286 0.272547 0.106181
v -2.438024 0.271602 0.100000
v -2.438024 0.271602 -0.100000
v -2.438286 0.272547 -0.106180
v -2.439046 0.275289 -0.111756
v -2.440230 0.279559 -0.116180
v -2.441721 0.284941 -0.119021
v -2.443375 0.290906 -0.120000
v -2.425343 0.294815 0.120000
v -2.424325 0.288712 0.119021
v -2.423407 0.283206 0.116181
v -2.422679 0.278836 0.111756
v -2.422211 0.276031 0.106181
v -2.422050 0.275064 0.100000
v -2.422050 0.275064 -0.100000
v -2.422211 0.276031 -0.106180
v -2.422679 0.278836 -0.111756
v -2.423407 0.283206 -0.116180
v -2.424325 0.288712 -0.119021
v -2.425343 0.294815 -0.120000
v -2.405074 0.297196 0.120000
v -2.404603 0.291028 0.119021
v -2.404178 0.285464 0.116181
v -2.403840 0.281049 0.111756
v -2.403624 0.278214 0.106181
v -2.403549 0.277237 0.100000
v -2.403549 0.277237 -0.100000
v -2.403624 0.278214 -0.106180
v -2.403840 0.281049 -0.111756
v -2.404178 0.285464 -0.116180
v -2.404603 0.291028 -0.119021
v -2.405074 0.297196 -0.120000
v -2.382500 0.298000 0.120000
v -2.382390 0.291820 0.119021
v -2.382291 0.286244 0.116181
v -2.382212 0.281820 0.111756
v -2.382161 0.278979 0.106181
v -2.382144 0.278000 0.100000
v -2.382144 0.278000 -0.100000
v -2.382161 0.278979 -0.106180
v -2.382212 0.281820 -0.111756
v -2.382291 0.286244 -0.116180
v -2.382390 0.291820 -0.119021
v -2.382500 0.298000 -0.120000
v -2.319500 0.298000 0.120000
v -2.325680 0.291820 0.119021
v -2.331256 0.286244 0.116181
v -2.335680 0.281820 0.111756
v -2.338521 0.278979 0.106181
v -2.339500 0.278000 0.100000
v -2.339500 0.278000 -0.100000
v -2.338521 0.278979 -0.106180
v -2.335680 0.281820 -0.111756
v -2.331256 0.286244 -0.116180
v -2.325680 0.291820 -0.119021
v -2.319500 0.298000 -0.120000
v -2.319500 0.084000 0.120000
v -2.325680 0.090180 0.119021
v -2.331256 0.095756 0.116181
v -2.335680 0.100180 0.111756
v -2.338521 0.103021 0.106181
v -2.339500 0.104000 0.100000
v -2.339500 0.104000 -0.100000
v -2.338521 0.103021 -0.106180
v -2.335680 0.100180 -0.111756
v -2.331256 0.095756 -0.116180
v -2.325680 0.090180 -0.119021
v -2.319500 0.084000 -0.120000
vn -0.0000 -0.0000 -1.0000
vn -0.0000 -0.0000 1.0000
vn -0.1170 -0.2874 0.9506
vn -0.1084 -0.2909 0.9506
vn -0.0546 -0.1466 0.9877
vn -0.0590 -0.1449 0.9877
vn -0.2220 -0.5452 0.8084
vn -0.2055 -0.5517 0.8083
vn -0.3053 -0.7497 0.5871
vn -0.2826 -0.7586 0.5871
vn -0.3587 -0.8809 0.3086
vn -0.3321 -0.8914 0.3086
vn -0.3760 -0.9233 0.0784
vn -0.3480 -0.9342 0.0784
vn -0.3760 -0.9233 -0.0784
vn -0.3480 -0.9342 -0.0784
vn -0.3587 -0.8809 -0.3086
vn -0.3321 -0.8914 -0.3086
vn -0.3053 -0.7497 -0.5871
vn -0.2826 -0.7586 -0.5871
vn -0.2220 -0.5452 -0.8084
vn -0.2055 -0.5517 -0.8083
vn -0.1170 -0.2874 -0.9506
vn -0.1084 -0.2909 -0.9506
vn -0.0590 -0.1449 -0.9877
vn -0.0546 -0.1466 -0.9877
vn -0.0987 -0.2944 0.9506
vn -0.0497 -0.1483 0.9877
vn -0.1873 -0.5583 0.8082
vn -0.2574 -0.7675 0.5870
vn -0.3025 -0.9018 0.3086
vn -0.3170 -0.9452 0.0784
vn -0.3170 -0.9452 -0.0784
vn -0.3025 -0.9018 -0.3086
vn -0.2574 -0.7675 -0.5870
vn -0.1873 -0.5583 -0.8082
vn -0.0987 -0.2944 -0.9506
vn -0.0497 -0.1483 -0.9877
vn -0.0883 -0.2978 0.9505
vn -0.0444 -0.1500 0.9877
vn -0.1674 -0.5646 0.8082
vn -0.2301 -0.7762 0.5870
vn -0.2703 -0.9120 0.3085
vn -0.2833 -0.9558 0.0784
vn -0.2833 -0.9558 -0.0784
vn -0.2703 -0.9120 -0.3085
vn -0.2301 -0.7762 -0.5870
vn -0.1674 -0.5646 -0.8082
vn -0.0883 -0.2978 -0.9505
vn -0.0444 -0.1500 -0.9877
vn -0.0771 -0.3010 0.9505
vn -0.0388 -0.1515 0.9877
vn -0.1462 -0.5705 0.8082
vn -0.2009 -0.7843 0.5870
vn -0.2361 -0.9215 0.3085
vn -0.2474 -0.9657 0.0784
vn -0.2474 -0.9657 -0.0784
vn -0.2361 -0.9215 -0.3085
vn -0.2009 -0.7843 -0.5870
vn -0.1462 -0.5705 -0.8082
vn -0.0771 -0.3010 -0.9505
vn -0.0388 -0.1515 -0.9877
vn -0.0655 -0.3037 0.9505
vn -0.0330 -0.1529 0.9877
vn -0.1241 -0.5758 0.8081
vn -0.1706 -0.7915 0.5869
vn -0.2004 -0.9299 0.3085
vn -0.2100 -0.9745 0.0784
vn -0.2100 -0.9745 -0.0784
vn -0.2004 -0.9299 -0.3085
vn -0.1706 -0.7915 -0.5869
vn -0.1241 -0.5758 -0.8081
vn -0.0655 -0.3037 -0.9505
vn -0.0330 -0.1529 -0.9877
vn -0.0536 -0.3061 0.9505
vn -0.0270 -0.1541 0.9877
vn -0.1016 -0.5801 0.8082
vn -0.1397 -0.7975 0.5869
vn -0.1641 -0.9370 0.3085
vn -0.1720 -0.9820 0.0784
vn -0.1720 -0.9820 -0.0784
vn -0.1641 -0.9370 -0.3085
vn -0.1397 -0.7975 -0.5869
vn -0.1016 -0.5801 -0.8082
vn -0.0536 -0.3061 -0.9505
vn -0.0270 -0.1541 -0.9877
vn -0.0418 -0.3079 0.9505
vn -0.0210 -0.1550 0.9877
vn -0.0792 -0.5836 0.8082
vn -0.1089 -0.8023 0.5870
vn -0.1280 -0.9426 0.3085
vn -0.1341 -0.9879 0.0784
vn -0.1341 -0.9879 -0.0784
vn -0.1280 -0.9426 -0.3085
vn -0.1089 -0.8023 -0.5870
vn -0.0792 -0.5836 -0.8082
vn -0.0418 -0.3079 -0.9505
vn -0.0210 -0.1550 -0.9877
vn -0.0303 -0.3091 0.9505
vn -0.0153 -0.1557 0.9877
vn -0.0575 -0.5861 0.8082
vn -0.0791 -0.8057 0.5870
vn -0.0929 -0.9467 0.3085
vn -0.0974 -0.9922 0.0784
vn -0.0974 -0.9922 -0.0784
vn -0.0929 -0.9467 -0.3085
vn -0.0791 -0.8057 -0.5870
vn -0.0575 -0.5861 -0.8082
vn -0.0303 -0.3091 -0.9505
vn -0.0153 -0.1557 -0.9877
vn -0.0194 -0.3099 0.9506
vn -0.0098 -0.1561 0.9877
vn -0.0369 -0.5877 0.8083
vn -0.0507 -0.8080 0.5870
vn -0.0596 -0.9493 0.3086
vn -0.0624 -0.9950 0.0784
vn -0.0624 -0.9950 -0.0784
vn -0.0596 -0.9493 -0.3086
vn -0.0507 -0.8080 -0.5870
vn -0.0369 -0.5877 -0.8083
vn -0.0194 -0.3099 -0.9506
vn -0.0098 -0.1561 -0.9877
vn -0.0093 -0.3102 0.9506
vn -0.0047 -0.1563 0.9877
vn -0.0177 -0.5885 0.8083
vn -0.0243 -0.8092 0.5871
vn -0.0286 -0.9508 0.3086
vn -0.0300 -0.9965 0.0784
vn -0.0300 -0.9965 -0.0784
vn -0.0286 -0.9508 -0.3086
vn -0.0243 -0.8092 -0.5871
vn -0.0177 -0.5885 -0.8083
vn -0.0093 -0.3102 -0.9506
vn -0.0047 -0.1563 -0.9877
vn 0.0069 -0.3120 0.9500
vn 0.0034 -0.1563 0.9877
vn 0.0130 -0.5898 0.8075
vn 0.0178 -0.8099 0.5863
vn 0.0209 -0.9511 0.3081
vn 0.0219 -0.9967 0.0784
vn 0.0219 -0.9967 -0.0784
vn 0.0209 -0.9511 -0.3081
vn 0.0178 -0.8099 -0.5863
vn 0.0130 -0.5898 -0.8075
vn 0.0069 -0.3120 -0.9500
vn 0.0034 -0.1563 -0.9877
vn 0.0372 -0.3117 0.9494
vn 0.0185 -0.1551 0.9877
vn 0.0700 -0.5869 0.8067
vn 0.0960 -0.8049 0.5856
vn 0.1126 -0.9448 0.3077
vn 0.1180 -0.9899 0.0784
vn 0.1180 -0.9899 -0.0784
vn 0.1126 -0.9448 -0.3077
vn 0.0960 -0.8049 -0.5856
vn 0.0700 -0.5869 -0.8067
vn 0.0372 -0.3117 -0.9494
vn 0.0185 -0.1551 -0.9877
vn 0.0749 -0.3050 0.9494
vn 0.0372 -0.1516 0.9877
vn 0.1410 -0.5740 0.8066
vn 0.1934 -0.7872 0.5856
vn 0.2270 -0.9240 0.3077
vn 0.2378 -0.9681 0.0784
vn 0.2378 -0.9681 -0.0784
vn 0.2270 -0.9240 -0.3077
vn 0.1934 -0.7872 -0.5856
vn 0.1410 -0.5740 -0.8066
vn 0.0749 -0.3050 -0.9494
vn 0.0372 -0.1516 -0.9877
vn 0.1126 -0.2933 0.9494
vn 0.0560 -0.1458 0.9877
vn 0.2119 -0.5519 0.8066
vn 0.2905 -0.7568 0.5855
vn 0.3410 -0.8883 0.3077
vn 0.3573 -0.9307 0.0784
vn 0.3573 -0.9307 -0.0784
vn 0.3410 -0.8883 -0.3077
vn 0.2905 -0.7568 -0.5855
vn 0.2119 -0.5519 -0.8066
vn 0.1126 -0.2933 -0.9494
vn 0.0560 -0.1458 -0.9877
vn 0.1494 -0.2765 0.9493
vn 0.0742 -0.1373 0.9877
vn 0.2810 -0.5202 0.8065
vn 0.3853 -0.7132 0.5855
vn 0.4523 -0.8371 0.3077
vn 0.4739 -0.8771 0.0784
vn 0.4739 -0.8771 -0.0784
vn 0.4523 -0.8371 -0.3077
vn 0.3853 -0.7132 -0.5855
vn 0.2810 -0.5202 -0.8065
vn 0.1494 -0.2765 -0.9493
vn 0.0742 -0.1373 -0.9877
vn 0.1844 -0.2546 0.9493
vn 0.0916 -0.1264 0.9877
vn 0.3469 -0.4788 0.8065
vn 0.4756 -0.6565 0.5855
vn 0.5582 -0.7706 0.3077
vn 0.5848 -0.8073 0.0784
vn 0.5848 -0.8073 -0.0784
vn 0.5582 -0.7706 -0.3077
vn 0.4756 -0.6565 -0.5855
vn 0.3469 -0.4788 -0.8065
vn 0.1844 -0.2546 -0.9493
vn 0.0916 -0.1264 -0.9877
vn 0.2168 -0.2277 0.9493
vn 0.1076 -0.1130 0.9877
vn 0.4077 -0.4283 0.8064
vn 0.5590 -0.5872 0.5854
vn 0.6561 -0.6891 0.3077
vn 0.6874 -0.7220 0.0784
vn 0.6874 -0.7220 -0.0784
vn 0.6561 -0.6891 -0.3077
vn 0.5590 -0.5872 -0.5854
vn 0.4077 -0.4283 -0.8064
vn 0.2168 -0.2277 -0.9493
vn 0.1076 -0.1130 -0.9877
vn 0.2457 -0.1963 0.9493
vn 0.1219 -0.0974 0.9877
vn 0.4620 -0.3692 0.8064
vn 0.6333 -0.5061 0.5854
vn 0.7433 -0.5940 0.3077
vn 0.7788 -0.6224 0.0784
vn 0.7788 -0.6224 -0.0784
vn 0.7433 -0.5940 -0.3077
vn 0.6333 -0.5061 -0.5854
vn 0.4620 -0.3692 -0.8064
vn 0.2457 -0.1963 -0.9493
vn 0.1219 -0.0974 -0.9877
vn 0.2702 -0.1610 0.9492
vn 0.1341 -0.0799 0.9877
vn 0.5080 -0.3027 0.8064
vn 0.6965 -0.4150 0.5854
vn 0.8174 -0.4871 0.3076
vn 0.8564 -0.5103 0.0784
vn 0.8564 -0.5103 -0.0784
vn 0.8174 -0.4871 -0.3076
vn 0.6965 -0.4150 -0.5854
vn 0.5080 -0.3027 -0.8064
vn 0.2702 -0.1610 -0.9492
vn 0.1341 -0.0799 -0.9877
vn 0.2896 -0.1226 0.9493
vn 0.1437 -0.0608 0.9877
vn 0.5446 -0.2305 0.8064
vn 0.7466 -0.3160 0.5854
vn 0.8762 -0.3709 0.3076
vn 0.9181 -0.3886 0.0784
vn 0.9181 -0.3886 -0.0784
vn 0.8762 -0.3709 -0.3076
vn 0.7466 -0.3160 -0.5854
vn 0.5446 -0.2305 -0.8064
vn 0.2896 -0.1226 -0.9493
vn 0.1437 -0.0608 -0.9877
vn 0.3035 -0.0822 0.9493
vn 0.1507 -0.0408 0.9877
vn 0.5708 -0.1546 0.8064
vn 0.7825 -0.2119 0.5854
vn 0.9184 -0.2487 0.3077
vn 0.9623 -0.2606 0.0784
vn 0.9623 -0.2606 -0.0784
vn 0.9184 -0.2487 -0.3077
vn 0.7825 -0.2119 -0.5854
vn 0.5708 -0.1546 -0.8064
vn 0.3035 -0.0822 -0.9493
vn 0.1507 -0.0408 -0.9877
vn 0.3117 -0.0410 0.9493
vn 0.1548 -0.0203 0.9877
vn 0.5862 -0.0770 0.8065
vn 0.8038 -0.1056 0.5855
vn 0.9434 -0.1240 0.3077
vn 0.9884 -0.1299 0.0784
vn 0.9884 -0.1299 -0.0784
vn 0.9434 -0.1240 -0.3077
vn 0.8038 -0.1056 -0.5855
vn 0.5862 -0.0770 -0.8065
vn 0.3117 -0.0410 -0.9493
vn 0.1548 -0.0203 -0.9877
vn 0.3143 0.0002 0.9493
vn 0.1561 0.0001 0.9877
vn 0.5912 0.0003 0.8065
vn 0.8107 0.0004 0.5855
vn 0.9515 0.0005 0.3077
vn 0.9969 0.0005 0.0784
vn 0.9969 0.0005 -0.0784
vn 0.9515 0.0005 -0.3077
vn 0.8107 0.0004 -0.5855
vn 0.5912 0.0003 -0.8065
vn 0.3143 0.0002 -0.9493
vn 0.1561 0.0001 -0.9877
vn 0.3117 0.0414 0.9493
vn 0.1547 0.0206 0.9877
vn 0.5861 0.0780 0.8065
vn 0.8036 0.1069 0.5855
vn 0.9432 0.1254 0.3077
vn 0.9882 0.1314 0.0784
vn 0.9882 0.1314 -0.0784
vn 0.9432 0.1254 -0.3077
vn 0.8036 0.1069 -0.5855
vn 0.5861 0.0780 -0.8065
vn 0.3117 0.0414 -0.9493
vn 0.1547 0.0206 -0.9877
vn 0.3034 0.0827 0.9493
vn 0.1506 0.0411 0.9877
vn 0.5705 0.1555 0.8064
vn 0.7822 0.2132 0.5855
vn 0.9180 0.2502 0.3077
vn 0.9618 0.2622 0.0784
vn 0.9618 0.2622 -0.0784
vn 0.9180 0.2502 -0.3077
vn 0.7822 0.2132 -0.5855
vn 0.5705 0.1555 -0.8064
vn 0.3034 0.0827 -0.9493
vn 0.1506 0.0411 -0.9877
vn 0.2895 0.1227 0.9493
vn 0.1437 0.0609 0.9877
vn 0.5445 0.2307 0.8064
vn 0.7465 0.3163 0.5854
vn 0.8761 0.3712 0.3077
vn 0.9179 0.3889 0.0784
vn 0.9179 0.3889 -0.0784
vn 0.8761 0.3712 -0.3077
vn 0.7465 0.3163 -0.5854
vn 0.5445 0.2307 -0.8064
vn 0.2895 0.1227 -0.9493
vn 0.1437 0.0609 -0.9877
vn 0.2705 0.1604 0.9493
vn 0.1343 0.0796 0.9877
vn 0.5086 0.3016 0.8064
vn 0.6973 0.4135 0.5855
vn 0.8184 0.4853 0.3077
vn 0.8575 0.5084 0.0784
vn 0.8575 0.5084 -0.0784
vn 0.8184 0.4853 -0.3077
vn 0.6973 0.4135 -0.5855
vn 0.5086 0.3016 -0.8064
vn 0.2705 0.1604 -0.9493
vn 0.1343 0.0796 -0.9877
vn 0.2466 0.1950 0.9493
vn 0.1225 0.0968 0.9877
vn 0.4638 0.3667 0.8065
vn 0.6360 0.5028 0.5855
vn 0.7464 0.5901 0.3077
vn 0.7820 0.6183 0.0784
vn 0.7820 0.6183 -0.0784
vn 0.7464 0.5901 -0.3077
vn 0.6360 0.5028 -0.5855
vn 0.4638 0.3667 -0.8065
vn 0.2466 0.1950 -0.9493
vn 0.1225 0.0968 -0.9877
vn 0.2186 0.2259 0.9493
vn 0.1086 0.1122 0.9877
vn 0.4112 0.4249 0.8065
vn 0.5638 0.5825 0.5855
vn 0.6617 0.6837 0.3077
vn 0.6933 0.7164 0.0784
vn 0.6933 0.7164 -0.0784
vn 0.6617 0.6837 -0.3077
vn 0.5638 0.5825 -0.5855
vn 0.4112 0.4249 -0.8065
vn 0.2186 0.2259 -0.9493
vn 0.1086 0.1122 -0.9877
vn 0.1871 0.2526 0.9493
vn 0.0929 0.1255 0.9877
vn 0.3519 0.4751 0.8065
vn 0.4825 0.6515 0.5855
vn 0.5662 0.7647 0.3077
vn 0.5933 0.8012 0.0784
vn 0.5933 0.8012 -0.0784
vn 0.5662 0.7647 -0.3077
vn 0.4825 0.6515 -0.5855
vn 0.3519 0.4751 -0.8065
vn 0.1871 0.2526 -0.9493
vn 0.0929 0.1255 -0.9877
vn 0.1526 0.2747 0.9493
vn 0.0758 0.1365 0.9877
vn 0.2870 0.5169 0.8065
vn 0.3936 0.7087 0.5855
vn 0.4620 0.8318 0.3077
vn 0.4840 0.8715 0.0784
vn 0.4840 0.8715 -0.0784
vn 0.4620 0.8318 -0.3077
vn 0.3936 0.7087 -0.5855
vn 0.2870 0.5169 -0.8065
vn 0.1526 0.2747 -0.9493
vn 0.0758 0.1365 -0.9877
vn 0.1159 0.2921 0.9493
vn 0.0576 0.1451 0.9877
vn 0.2180 0.5495 0.8065
vn 0.2990 0.7535 0.5855
vn 0.3509 0.8844 0.3077
vn 0.3677 0.9266 0.0784
vn 0.3677 0.9266 -0.0784
vn 0.3509 0.8844 -0.3077
vn 0.2990 0.7535 -0.5855
vn 0.2180 0.5495 -0.8065
vn 0.1159 0.2921 -0.9493
vn 0.0576 0.1451 -0.9877
vn 0.0777 0.3044 0.9494
vn 0.0386 0.1513 0.9877
vn 0.1462 0.5728 0.8066
vn 0.2005 0.7855 0.5855
vn 0.2354 0.9219 0.3077
vn 0.2466 0.9659 0.0784
vn 0.2466 0.9659 -0.0784
vn 0.2354 0.9219 -0.3077
vn 0.2005 0.7855 -0.5855
vn 0.1462 0.5728 -0.8066
vn 0.0777 0.3044 -0.9494
vn 0.0386 0.1513 -0.9877
vn 0.0388 0.3117 0.9494
vn 0.0193 0.1549 0.9877
vn 0.0731 0.5866 0.8066
vn 0.1002 0.8044 0.5856
vn 0.1176 0.9442 0.3077
vn 0.1232 0.9893 0.0784
vn 0.1232 0.9893 -0.0784
vn 0.1176 0.9442 -0.3077
vn 0.1002 0.8044 -0.5856
vn 0.0731 0.5866 -0.8066
vn 0.0388 0.3117 -0.9494
vn 0.0193 0.1549 -0.9877
vn 0.0073 0.3121 0.9500
vn 0.0037 0.1563 0.9877
vn 0.0138 0.5898 0.8074
vn 0.0190 0.8099 0.5863
vn 0.0223 0.9511 0.3081
vn 0.0234 0.9966 0.0784
vn 0.0234 0.9966 -0.0784
vn 0.0223 0.9511 -0.3081
vn 0.0190 0.8099 -0.5863
vn 0.0138 0.5898 -0.8074
vn 0.0073 0.3121 -0.9500
vn 0.0037 0.1563 -0.9877
vn -0.0096 0.3103 0.9506
vn -0.0048 0.1563 0.9877
vn -0.0182 0.5885 0.8083
vn -0.0250 0.8092 0.5871
vn -0.0293 0.9507 0.3086
vn -0.0307 0.9964 0.0784
vn -0.0307 0.9964 -0.0784
vn -0.0293 0.9507 -0.3086
vn -0.0250 0.8092 -0.5871
vn -0.0182 0.5885 -0.8083
vn -0.0096 0.3103 -0.9506
vn -0.0048 0.1563 -0.9877
vn -0.0205 0.3100 0.9505
vn -0.0103 0.1561 0.9877
vn -0.0389 0.5877 0.8082
vn -0.0535 0.8078 0.5870
vn -0.0629 0.9491 0.3085
vn -0.0659 0.9947 0.0784
vn -0.0659 0.9947 -0.0784
vn -0.0629 0.9491 -0.3085
vn -0.0535 0.8078 -0.5870
vn -0.0389 0.5877 -0.8082
vn -0.0205 0.3100 -0.9505
vn -0.0103 0.1561 -0.9877
vn -0.0328 0.3091 0.9505
vn -0.0165 0.1555 0.9877
vn -0.0622 0.5858 0.8081
vn -0.0855 0.8051 0.5869
vn -0.1004 0.9459 0.3085
vn -0.1053 0.9913 0.0784
vn -0.1053 0.9913 -0.0784
vn -0.1004 0.9459 -0.3085
vn -0.0855 0.8051 -0.5869
vn -0.0622 0.5858 -0.8081
vn -0.0328 0.3091 -0.9505
vn -0.0165 0.1555 -0.9877
vn -0.0459 0.3075 0.9504
vn -0.0231 0.1547 0.9877
vn -0.0869 0.5827 0.8081
vn -0.1195 0.8008 0.5869
vn -0.1403 0.9408 0.3084
vn -0.1471 0.9860 0.0784
vn -0.1471 0.9860 -0.0784
vn -0.1403 0.9408 -0.3084
vn -0.1195 0.8008 -0.5869
vn -0.0869 0.5827 -0.8081
vn -0.0459 0.3075 -0.9504
vn -0.0231 0.1547 -0.9877
vn -0.0590 0.3052 0.9504
vn -0.0297 0.1536 0.9877
vn -0.1119 0.5784 0.8081
vn -0.1537 0.7950 0.5869
vn -0.1806 0.9339 0.3085
vn -0.1893 0.9788 0.0784
vn -0.1893 0.9788 -0.0784
vn -0.1806 0.9339 -0.3085
vn -0.1537 0.7950 -0.5869
vn -0.1119 0.5784 -0.8081
vn -0.0590 0.3052 -0.9504
vn -0.0297 0.1536 -0.9877
vn -0.0717 0.3024 0.9505
vn -0.0361 0.1522 0.9877
vn -0.1359 0.5731 0.8081
vn -0.1868 0.7878 0.5869
vn -0.2194 0.9256 0.3085
vn -0.2300 0.9700 0.0784
vn -0.2300 0.9700 -0.0784
vn -0.2194 0.9256 -0.3085
vn -0.1868 0.7878 -0.5869
vn -0.1359 0.5731 -0.8081
vn -0.0717 0.3024 -0.9505
vn -0.0361 0.1522 -0.9877
vn -0.0833 0.2992 0.9505
vn -0.0420 0.1507 0.9877
vn -0.1580 0.5673 0.8082
vn -0.2172 0.7799 0.5870
vn -0.2552 0.9164 0.3085
vn -0.2674 0.9604 0.0784
vn -0.2674 0.9604 -0.0784
vn -0.2552 0.9164 -0.3085
vn -0.2172 0.7799 -0.5870
vn -0.1580 0.5673 -0.8082
vn -0.0833 0.2992 -0.9505
vn -0.0420 0.1507 -0.9877
vn -0.0936 0.2960 0.9506
vn -0.0472 0.1491 0.9877
vn -0.1775 0.5614 0.8083
vn -0.2441 0.7719 0.5871
vn -0.2868 0.9069 0.3086
vn -0.3006 0.9505 0.0784
vn -0.3006 0.9505 -0.0784
vn -0.2868 0.9069 -0.3086
vn -0.2441 0.7719 -0.5871
vn -0.1775 0.5614 -0.8083
vn -0.0936 0.2960 -0.9506
vn -0.0472 0.1491 -0.9877
vn -0.1024 0.2929 0.9507
vn -0.0516 0.1477 0.9877
vn -0.1942 0.5557 0.8084
vn -0.2671 0.7641 0.5872
vn -0.3138 0.8979 0.3086
vn -0.3289 0.9411 0.0784
vn -0.3289 0.9411 -0.0784
vn -0.3138 0.8979 -0.3086
vn -0.2671 0.7641 -0.5872
vn -0.1942 0.5557 -0.8084
vn -0.1024 0.2929 -0.9507
vn -0.0516 0.1477 -0.9877
vn -0.1096 0.2900 0.9507
vn -0.0553 0.1463 0.9877
vn -0.2080 0.5505 0.8085
vn -0.2861 0.7571 0.5873
vn -0.3362 0.8898 0.3087
vn -0.3524 0.9326 0.0784
vn -0.3524 0.9326 -0.0784
vn -0.3362 0.8898 -0.3087
vn -0.2861 0.7571 -0.5873
vn -0.2080 0.5505 -0.8085
vn -0.1096 0.2900 -0.9507
vn -0.0553 0.1463 -0.9877
vn -0.1154 0.2875 0.9508
vn -0.0583 0.1452 0.9877
vn -0.2191 0.5460 0.8086
vn -0.3014 0.7511 0.5874
vn -0.3542 0.8827 0.3088
vn -0.3712 0.9252 0.0784
vn -0.3712 0.9252 -0.0784
vn -0.3542 0.8827 -0.3088
vn -0.3014 0.7511 -0.5874
vn -0.2191 0.5460 -0.8086
vn -0.1154 0.2875 -0.9508
vn -0.0583 0.1452 -0.9877
vn -0.2559 0.1714 0.9514
vn -0.1084 0.0726 0.9915
vn -0.4629 0.3100 0.8304
vn -0.6473 0.4335 0.6269
vn -0.7811 0.5231 0.3410
vn -0.8274 0.5541 0.0911
vn -0.8274 0.5541 -0.0911
vn -0.7811 0.5231 -0.3410
vn -0.6473 0.4335 -0.6269
vn -0.4629 0.3100 -0.8304
vn -0.2559 0.1714 -0.9514
vn -0.1084 0.0726 -0.9915
vn -0.1150 -0.1906 0.9749
vn -0.0422 -0.0698 0.9967
vn -0.2148 -0.3559 0.9095
vn -0.3345 -0.5541 0.7623
vn -0.4585 -0.7596 0.4613
vn -0.5119 -0.8480 0.1375
vn -0.5119 -0.8480 -0.1375
vn -0.4585 -0.7596 -0.4613
vn -0.3345 -0.5541 -0.7623
vn -0.2148 -0.3559 -0.9095
vn -0.1150 -0.1906 -0.9749
vn -0.0422 -0.0698 -0.9967
vn 0.1381 -0.2745 0.9516
vn 0.0703 -0.1397 0.9877
vn 0.2635 -0.5240 0.8099
vn 0.3632 -0.7221 0.5887
vn 0.4272 -0.8495 0.3096
vn 0.4479 -0.8906 0.0785
vn 0.4479 -0.8906 -0.0785
vn 0.4272 -0.8495 -0.3096
vn 0.3632 -0.7221 -0.5887
vn 0.2635 -0.5240 -0.8099
vn 0.1381 -0.2745 -0.9516
vn 0.0703 -0.1397 -0.9877
vn 0.1276 -0.2795 0.9516
vn 0.0650 -0.1423 0.9877
vn 0.2436 -0.5335 0.8100
vn 0.3357 -0.7353 0.5888
vn 0.3949 -0.8650 0.3096
vn 0.4141 -0.9069 0.0785
vn 0.4141 -0.9069 -0.0785
vn 0.3949 -0.8650 -0.3096
vn 0.3357 -0.7353 -0.5888
vn 0.2436 -0.5335 -0.8100
vn 0.1276 -0.2795 -0.9516
vn 0.0650 -0.1423 -0.9877
vn 0.1167 -0.2842 0.9516
vn 0.0594 -0.1447 0.9877
vn 0.2228 -0.5425 0.8100
vn 0.3070 -0.7477 0.5888
vn 0.3612 -0.8796 0.3096
vn 0.3787 -0.9222 0.0785
vn 0.3787 -0.9222 -0.0785
vn 0.3612 -0.8796 -0.3096
vn 0.3070 -0.7477 -0.5888
vn 0.2228 -0.5425 -0.8100
vn 0.1167 -0.2842 -0.9516
vn 0.0594 -0.1447 -0.9877
vn 0.1053 -0.2885 0.9517
vn 0.0536 -0.1469 0.9877
vn 0.2011 -0.5509 0.8100
vn 0.2771 -0.7593 0.5888
vn 0.3260 -0.8932 0.3097
vn 0.3418 -0.9365 0.0786
vn 0.3418 -0.9365 -0.0786
vn 0.3260 -0.8932 -0.3097
vn 0.2771 -0.7593 -0.5888
vn 0.2011 -0.5509 -0.8100
vn 0.1053 -0.2885 -0.9517
vn 0.0536 -0.1469 -0.9877
vn 0.0935 -0.2925 0.9517
vn 0.0476 -0.1490 0.9877
vn 0.1785 -0.5585 0.8100
vn 0.2460 -0.7699 0.5888
vn 0.2894 -0.9057 0.3097
vn 0.3035 -0.9496 0.0786
vn 0.3035 -0.9496 -0.0786
vn 0.2894 -0.9057 -0.3097
vn 0.2460 -0.7699 -0.5888
vn 0.1785 -0.5585 -0.8100
vn 0.0935 -0.2925 -0.9517
vn 0.0476 -0.1490 -0.9877
vn 0.0812 -0.2961 0.9517
vn 0.0414 -0.1508 0.9877
vn 0.1551 -0.5654 0.8101
vn 0.2138 -0.7794 0.5889
vn 0.2515 -0.9170 0.3097
vn 0.2637 -0.9614 0.0786
vn 0.2637 -0.9614 -0.0786
vn 0.2515 -0.9170 -0.3097
vn 0.2138 -0.7794 -0.5889
vn 0.1551 -0.5654 -0.8101
vn 0.0812 -0.2961 -0.9517
vn 0.0414 -0.1508 -0.9877
vn 0.0685 -0.2993 0.9517
vn 0.0349 -0.1525 0.9877
vn 0.1309 -0.5715 0.8101
vn 0.1804 -0.7878 0.5889
vn 0.2122 -0.9268 0.3097
vn 0.2225 -0.9718 0.0786
vn 0.2225 -0.9718 -0.0786
vn 0.2122 -0.9268 -0.3097
vn 0.1804 -0.7878 -0.5889
vn 0.1309 -0.5715 -0.8101
vn 0.0685 -0.2993 -0.9517
vn 0.0349 -0.1525 -0.9877
vn 0.0555 -0.3019 0.9517
vn 0.0283 -0.1538 0.9877
vn 0.1059 -0.5766 0.8101
vn 0.1460 -0.7949 0.5889
vn 0.1718 -0.9352 0.3097
vn 0.1801 -0.9805 0.0786
vn 0.1801 -0.9805 -0.0786
vn 0.1718 -0.9352 -0.3097
vn 0.1460 -0.7949 -0.5889
vn 0.1059 -0.5766 -0.8101
vn 0.0555 -0.3019 -0.9517
vn 0.0283 -0.1538 -0.9877
vn 0.0420 -0.3040 0.9517
vn 0.0214 -0.1549 0.9877
vn 0.0802 -0.5807 0.8101
vn 0.1106 -0.8006 0.5889
vn 0.1302 -0.9419 0.3097
vn 0.1365 -0.9875 0.0786
vn 0.1365 -0.9875 -0.0786
vn 0.1302 -0.9419 -0.3097
vn 0.1106 -0.8006 -0.5889
vn 0.0802 -0.5807 -0.8101
vn 0.0420 -0.3040 -0.9517
vn 0.0214 -0.1549 -0.9877
vn 0.0283 -0.3056 0.9517
vn 0.0144 -0.1557 0.9877
vn 0.0540 -0.5837 0.8102
vn 0.0744 -0.8047 0.5890
vn 0.0875 -0.9468 0.3098
vn 0.0918 -0.9927 0.0786
vn 0.0918 -0.9927 -0.0786
vn 0.0875 -0.9468 -0.3098
vn 0.0744 -0.8047 -0.5890
vn 0.0540 -0.5837 -0.8102
vn 0.0283 -0.3056 -0.9517
vn 0.0144 -0.1557 -0.9877
vn 0.0142 -0.3065 0.9518
vn 0.0073 -0.1562 0.9877
vn 0.0272 -0.5855 0.8102
vn 0.0375 -0.8073 0.5890
vn 0.0441 -0.9498 0.3098
vn 0.0462 -0.9958 0.0786
vn 0.0462 -0.9958 -0.0786
vn 0.0441 -0.9498 -0.3098
vn 0.0375 -0.8073 -0.5890
vn 0.0272 -0.5855 -0.8102
vn 0.0142 -0.3065 -0.9518
vn 0.0073 -0.1562 -0.9877
vn -0.0061 -0.3048 0.9524
vn -0.0031 -0.1563 0.9877
vn -0.0118 -0.5845 0.8113
vn -0.0163 -0.8071 0.5902
vn -0.0191 -0.9504 0.3105
vn -0.0201 -0.9967 0.0787
vn -0.0201 -0.9967 -0.0787
vn -0.0191 -0.9504 -0.3105
vn -0.0163 -0.8071 -0.5902
vn -0.0118 -0.5845 -0.8113
vn -0.0061 -0.3048 -0.9524
vn -0.0031 -0.1563 -0.9877
vn -0.0387 -0.3002 0.9531
vn -0.0199 -0.1548 0.9877
vn -0.0744 -0.5780 0.8126
vn -0.1030 -0.7996 0.5916
vn -0.1214 -0.9425 0.3115
vn -0.1273 -0.9887 0.0789
vn -0.1273 -0.9887 -0.0789
vn -0.1214 -0.9425 -0.3115
vn -0.1030 -0.7996 -0.5916
vn -0.0744 -0.5780 -0.8126
vn -0.0387 -0.3002 -0.9531
vn -0.0199 -0.1548 -0.9877
vn -0.0771 -0.2926 0.9531
vn -0.0398 -0.1510 0.9877
vn -0.1484 -0.5635 0.8127
vn -0.2053 -0.7796 0.5917
vn -0.2420 -0.9189 0.3115
vn -0.2539 -0.9640 0.0789
vn -0.2539 -0.9640 -0.0789
vn -0.2420 -0.9189 -0.3115
vn -0.2053 -0.7796 -0.5917
vn -0.1484 -0.5635 -0.8127
vn -0.0771 -0.2926 -0.9531
vn -0.0398 -0.1510 -0.9877
vn -0.1144 -0.2801 0.9531
vn -0.0590 -0.1445 0.9877
vn -0.2203 -0.5395 0.8127
vn -0.3048 -0.7463 0.5917
vn -0.3592 -0.8797 0.3115
vn -0.3769 -0.9229 0.0789
vn -0.3769 -0.9229 -0.0789
vn -0.3592 -0.8797 -0.3115
vn -0.3048 -0.7463 -0.5917
vn -0.2203 -0.5395 -0.8127
vn -0.1144 -0.2801 -0.9531
vn -0.0590 -0.1445 -0.9877
vn -0.1499 -0.2628 0.9531
vn -0.0773 -0.1356 0.9877
vn -0.2886 -0.5062 0.8127
vn -0.3993 -0.7003 0.5917
vn -0.4707 -0.8255 0.3115
vn -0.4938 -0.8660 0.0789
vn -0.4938 -0.8660 -0.0789
vn -0.4707 -0.8255 -0.3115
vn -0.3993 -0.7003 -0.5917
vn -0.2886 -0.5062 -0.8127
vn -0.1499 -0.2628 -0.9531
vn -0.0773 -0.1356 -0.9877
vn -0.1829 -0.2410 0.9531
vn -0.0944 -0.1244 0.9877
vn -0.3522 -0.4642 0.8127
vn -0.4873 -0.6422 0.5917
vn -0.5743 -0.7570 0.3115
vn -0.6025 -0.7942 0.0789
vn -0.6025 -0.7942 -0.0789
vn -0.5743 -0.7570 -0.3115
vn -0.4873 -0.6422 -0.5917
vn -0.3522 -0.4642 -0.8127
vn -0.1829 -0.2410 -0.9531
vn -0.0944 -0.1244 -0.9877
vn -0.2128 -0.2150 0.9531
vn -0.1098 -0.1110 0.9877
vn -0.4098 -0.4142 0.8127
vn -0.5670 -0.5730 0.5917
vn -0.6684 -0.6754 0.3115
vn -0.7012 -0.7086 0.0789
vn -0.7012 -0.7086 -0.0789
vn -0.6684 -0.6754 -0.3115
vn -0.5670 -0.5730 -0.5917
vn -0.4098 -0.4142 -0.8127
vn -0.2128 -0.2150 -0.9531
vn -0.1098 -0.1110 -0.9877
vn -0.2391 -0.1853 0.9532
vn -0.1234 -0.0956 0.9877
vn -0.4606 -0.3569 0.8127
vn -0.6373 -0.4937 0.5917
vn -0.7512 -0.5820 0.3115
vn -0.7880 -0.6105 0.0789
vn -0.7880 -0.6105 -0.0789
vn -0.7512 -0.5820 -0.3115
vn -0.6373 -0.4937 -0.5917
vn -0.4606 -0.3569 -0.8127
vn -0.2391 -0.1853 -0.9532
vn -0.1234 -0.0956 -0.9877
vn -0.2614 -0.1522 0.9532
vn -0.1349 -0.0785 0.9877
vn -0.5035 -0.2931 0.8127
vn -0.6967 -0.4056 0.5917
vn -0.8212 -0.4780 0.3116
vn -0.8615 -0.5015 0.0789
vn -0.8615 -0.5015 -0.0789
vn -0.8212 -0.4780 -0.3116
vn -0.6967 -0.4056 -0.5917
vn -0.5035 -0.2931 -0.8127
vn -0.2614 -0.1522 -0.9532
vn -0.1349 -0.0785 -0.9877
vn -0.2792 -0.1163 0.9532
vn -0.1441 -0.0600 0.9877
vn -0.5378 -0.2241 0.8127
vn -0.7441 -0.3100 0.5917
vn -0.8771 -0.3655 0.3116
vn -0.9202 -0.3834 0.0789
vn -0.9202 -0.3834 -0.0789
vn -0.8771 -0.3655 -0.3116
vn -0.7441 -0.3100 -0.5917
vn -0.5378 -0.2241 -0.8127
vn -0.2792 -0.1163 -0.9532
vn -0.1441 -0.0600 -0.9877
vn -0.2921 -0.0784 0.9532
vn -0.1508 -0.0405 0.9877
vn -0.5627 -0.1511 0.8127
vn -0.7785 -0.2091 0.5917
vn -0.9177 -0.2464 0.3116
vn -0.9628 -0.2585 0.0789
vn -0.9628 -0.2585 -0.0789
vn -0.9177 -0.2464 -0.3116
vn -0.7785 -0.2091 -0.5917
vn -0.5627 -0.1511 -0.8127
vn -0.2921 -0.0784 -0.9532
vn -0.1508 -0.0405 -0.9877
vn -0.2999 -0.0394 0.9531
vn -0.1548 -0.0203 0.9877
vn -0.5777 -0.0758 0.8127
vn -0.7993 -0.1049 0.5917
vn -0.9422 -0.1236 0.3115
vn -0.9884 -0.1297 0.0789
vn -0.9884 -0.1297 -0.0789
vn -0.9422 -0.1236 -0.3115
vn -0.7993 -0.1049 -0.5917
vn -0.5777 -0.0758 -0.8127
vn -0.2999 -0.0394 -0.9531
vn -0.1548 -0.0203 -0.9877
vn -0.3027 -0.0003 0.9531
vn -0.1561 -0.0001 0.9877
vn -0.5828 -0.0005 0.8126
vn -0.8063 -0.0007 0.5916
vn -0.9503 -0.0008 0.3114
vn -0.9969 -0.0009 0.0789
vn -0.9969 -0.0009 -0.0789
vn -0.9503 -0.0008 -0.3114
vn -0.8063 -0.0007 -0.5916
vn -0.5828 -0.0005 -0.8126
vn -0.3027 -0.0003 -0.9531
vn -0.1561 -0.0001 -0.9877
vn -0.3001 0.0387 0.9531
vn -0.1548 0.0200 0.9877
vn -0.5779 0.0746 0.8127
vn -0.7995 0.1032 0.5917
vn -0.9424 0.1217 0.3115
vn -0.9887 0.1277 0.0789
vn -0.9887 0.1277 -0.0789
vn -0.9424 0.1217 -0.3115
vn -0.7995 0.1032 -0.5917
vn -0.5779 0.0746 -0.8127
vn -0.3001 0.0387 -0.9531
vn -0.1548 0.0200 -0.9877
vn -0.2920 0.0782 0.9532
vn -0.1508 0.0404 0.9877
vn -0.5627 0.1506 0.8128
vn -0.7786 0.2084 0.5918
vn -0.9179 0.2457 0.3116
vn -0.9630 0.2578 0.0789
vn -0.9630 0.2578 -0.0789
vn -0.9179 0.2457 -0.3116
vn -0.7786 0.2084 -0.5918
vn -0.5627 0.1506 -0.8128
vn -0.2920 0.0782 -0.9532
vn -0.1508 0.0404 -0.9877
vn -0.2784 0.1172 0.9533
vn -0.1438 0.0606 0.9877
vn -0.5367 0.2260 0.8129
vn -0.7428 0.3128 0.5920
vn -0.8757 0.3687 0.3117
vn -0.9188 0.3868 0.0789
vn -0.9188 0.3868 -0.0789
vn -0.8757 0.3687 -0.3117
vn -0.7428 0.3128 -0.5920
vn -0.5367 0.2260 -0.8129
vn -0.2784 0.1172 -0.9533
vn -0.1438 0.0606 -0.9877
vn -0.2594 0.1547 0.9533
vn -0.1340 0.0799 0.9877
vn -0.5001 0.2983 0.8130
vn -0.6921 0.4129 0.5920
vn -0.8160 0.4867 0.3117
vn -0.8561 0.5107 0.0789
vn -0.8561 0.5107 -0.0789
vn -0.8160 0.4867 -0.3117
vn -0.6921 0.4129 -0.5920
vn -0.5001 0.2983 -0.8130
vn -0.2594 0.1547 -0.9533
vn -0.1340 0.0799 -0.9877
vn -0.2353 0.1894 0.9533
vn -0.1216 0.0979 0.9877
vn -0.4536 0.3651 0.8130
vn -0.6278 0.5054 0.5920
vn -0.7401 0.5958 0.3117
vn -0.7765 0.6251 0.0789
vn -0.7765 0.6251 -0.0789
vn -0.7401 0.5958 -0.3117
vn -0.6278 0.5054 -0.5920
vn -0.4536 0.3651 -0.8130
vn -0.2353 0.1894 -0.9533
vn -0.1216 0.0979 -0.9877
vn -0.2068 0.2203 0.9533
vn -0.1068 0.1138 0.9877
vn -0.3987 0.4245 0.8129
vn -0.5517 0.5875 0.5920
vn -0.6504 0.6927 0.3117
vn -0.6824 0.7267 0.0789
vn -0.6824 0.7267 -0.0789
vn -0.6504 0.6927 -0.3117
vn -0.5517 0.5875 -0.5920
vn -0.3987 0.4245 -0.8129
vn -0.2068 0.2203 -0.9533
vn -0.1068 0.1138 -0.9877
vn -0.1750 0.2465 0.9532
vn -0.0904 0.1273 0.9877
vn -0.3372 0.4750 0.8128
vn -0.4666 0.6573 0.5918
vn -0.5500 0.7748 0.3116
vn -0.5770 0.8129 0.0789
vn -0.5770 0.8129 -0.0789
vn -0.5500 0.7748 -0.3116
vn -0.4666 0.6573 -0.5918
vn -0.3372 0.4750 -0.8128
vn -0.1750 0.2465 -0.9532
vn -0.0904 0.1273 -0.9877
vn -0.1408 0.2678 0.9531
vn -0.0727 0.1382 0.9877
vn -0.2712 0.5157 0.8127
vn -0.3753 0.7135 0.5917
vn -0.4423 0.8410 0.3115
vn -0.4640 0.8823 0.0789
vn -0.4640 0.8823 -0.0789
vn -0.4423 0.8410 -0.3115
vn -0.3753 0.7135 -0.5917
vn -0.2712 0.5157 -0.8127
vn -0.1408 0.2678 -0.9531
vn -0.0727 0.1382 -0.9877
vn -0.1054 0.2839 0.9531
vn -0.0543 0.1464 0.9877
vn -0.2029 0.5465 0.8125
vn -0.2806 0.7559 0.5915
vn -0.3307 0.8909 0.3114
vn -0.3469 0.9346 0.0789
vn -0.3469 0.9346 -0.0789
vn -0.3307 0.8909 -0.3114
vn -0.2806 0.7559 -0.5915
vn -0.2029 0.5465 -0.8125
vn -0.1054 0.2839 -0.9531
vn -0.0543 0.1464 -0.9877
vn -0.0696 0.2950 0.9530
vn -0.0359 0.1520 0.9877
vn -0.1339 0.5676 0.8124
vn -0.1852 0.7849 0.5913
vn -0.2183 0.9249 0.3113
vn -0.2290 0.9702 0.0788
vn -0.2290 0.9702 -0.0788
vn -0.2183 0.9249 -0.3113
vn -0.1852 0.7849 -0.5913
vn -0.1339 0.5676 -0.8124
vn -0.0696 0.2950 -0.9530
vn -0.0359 0.1520 -0.9877
vn -0.0343 0.3014 0.9529
vn -0.0177 0.1552 0.9877
vn -0.0660 0.5796 0.8122
vn -0.0912 0.8014 0.5912
vn -0.1075 0.9443 0.3112
vn -0.1128 0.9905 0.0788
vn -0.1128 0.9905 -0.0788
vn -0.1075 0.9443 -0.3112
vn -0.0912 0.8014 -0.5912
vn -0.0660 0.5796 -0.8122
vn -0.0343 0.3014 -0.9529
vn -0.0177 0.1552 -0.9877
vn -0.0056 0.3054 0.9522
vn -0.0029 0.1563 0.9877
vn -0.0108 0.5850 0.8110
vn -0.0149 0.8074 0.5898
vn -0.0175 0.9505 0.3103
vn -0.0184 0.9967 0.0787
vn -0.0184 0.9967 -0.0787
vn -0.0175 0.9505 -0.3103
vn -0.0149 0.8074 -0.5898
vn -0.0108 0.5850 -0.8110
vn -0.0056 0.3054 -0.9522
vn -0.0029 0.1563 -0.9877
vn 0.0113 0.3071 0.9516
vn 0.0058 0.1563 0.9877
vn 0.0216 0.5861 0.8099
vn 0.0298 0.8078 0.5887
vn 0.0350 0.9502 0.3096
vn 0.0367 0.9962 0.0785
vn 0.0367 0.9962 -0.0785
vn 0.0350 0.9502 -0.3096
vn 0.0298 0.8078 -0.5887
vn 0.0216 0.5861 -0.8099
vn 0.0113 0.3071 -0.9516
vn 0.0058 0.1563 -0.9877
vn 0.0223 0.3066 0.9516
vn 0.0113 0.1560 0.9877
vn 0.0425 0.5851 0.8099
vn 0.0585 0.8063 0.5887
vn 0.0688 0.9484 0.3096
vn 0.0722 0.9943 0.0785
vn 0.0722 0.9943 -0.0785
vn 0.0688 0.9484 -0.3096
vn 0.0585 0.8063 -0.5887
vn 0.0425 0.5851 -0.8099
vn 0.0223 0.3066 -0.9516
vn 0.0113 0.1560 -0.9877
vn 0.0327 0.3058 0.9516
vn 0.0166 0.1555 0.9877
vn 0.0623 0.5833 0.8098
vn 0.0858 0.8038 0.5886
vn 0.1010 0.9455 0.3095
vn 0.1059 0.9913 0.0785
vn 0.1059 0.9913 -0.0785
vn 0.1010 0.9455 -0.3095
vn 0.0858 0.8038 -0.5886
vn 0.0623 0.5833 -0.8098
vn 0.0327 0.3058 -0.9516
vn 0.0166 0.1555 -0.9877
vn 0.0424 0.3046 0.9515
vn 0.0216 0.1549 0.9877
vn 0.0810 0.5811 0.8098
vn 0.1115 0.8007 0.5886
vn 0.1312 0.9418 0.3095
vn 0.1376 0.9874 0.0785
vn 0.1376 0.9874 -0.0785
vn 0.1312 0.9418 -0.3095
vn 0.1115 0.8007 -0.5886
vn 0.0810 0.5811 -0.8098
vn 0.0424 0.3046 -0.9515
vn 0.0216 0.1549 -0.9877
vn 0.0516 0.3033 0.9515
vn 0.0262 0.1542 0.9877
vn 0.0983 0.5785 0.8097
vn 0.1355 0.7971 0.5885
vn 0.1593 0.9375 0.3095
vn 0.1670 0.9828 0.0785
vn 0.1670 0.9828 -0.0785
vn 0.1593 0.9375 -0.3095
vn 0.1355 0.7971 -0.5885
vn 0.0983 0.5785 -0.8097
vn 0.0516 0.3033 -0.9515
vn 0.0262 0.1542 -0.9877
vn 0.0599 0.3019 0.9515
vn 0.0305 0.1534 0.9877
vn 0.1143 0.5757 0.8097
vn 0.1575 0.7931 0.5884
vn 0.1852 0.9327 0.3094
vn 0.1941 0.9778 0.0785
vn 0.1941 0.9778 -0.0785
vn 0.1852 0.9327 -0.3094
vn 0.1575 0.7931 -0.5884
vn 0.1143 0.5757 -0.8097
vn 0.0599 0.3019 -0.9515
vn 0.0305 0.1534 -0.9877
vn 0.0676 0.3004 0.9514
vn 0.0343 0.1526 0.9877
vn 0.1288 0.5727 0.8096
vn 0.1774 0.7889 0.5884
vn 0.2087 0.9278 0.3094
vn 0.2188 0.9726 0.0785
vn 0.2188 0.9726 -0.0785
vn 0.2087 0.9278 -0.3094
vn 0.1774 0.7889 -0.5884
vn 0.1288 0.5727 -0.8096
vn 0.0676 0.3004 -0.9514
vn 0.0343 0.1526 -0.9877
vn 0.0744 0.2989 0.9514
vn 0.0378 0.1518 0.9877
vn 0.1418 0.5697 0.8095
vn 0.1954 0.7847 0.5883
vn 0.2297 0.9228 0.3093
vn 0.2408 0.9674 0.0785
vn 0.2408 0.9674 -0.0785
vn 0.2297 0.9228 -0.3093
vn 0.1954 0.7847 -0.5883
vn 0.1418 0.5697 -0.8095
vn 0.0744 0.2989 -0.9514
vn 0.0378 0.1518 -0.9877
vn 0.0805 0.2975 0.9513
vn 0.0408 0.1510 0.9877
vn 0.1533 0.5668 0.8095
vn 0.2111 0.7806 0.5882
vn 0.2483 0.9180 0.3093
vn 0.2603 0.9623 0.0785
vn 0.2603 0.9623 -0.0785
vn 0.2483 0.9180 -0.3093
vn 0.2111 0.7806 -0.5882
vn 0.1533 0.5668 -0.8095
vn 0.0805 0.2975 -0.9513
vn 0.0408 0.1510 -0.9877
vn 0.0857 0.2961 0.9513
vn 0.0435 0.1503 0.9877
vn 0.1632 0.5641 0.8094
vn 0.2248 0.7769 0.5882
vn 0.2643 0.9135 0.3093
vn 0.2771 0.9576 0.0785
vn 0.2771 0.9576 -0.0785
vn 0.2643 0.9135 -0.3093
vn 0.2248 0.7769 -0.5882
vn 0.1632 0.5641 -0.8094
vn 0.0857 0.2961 -0.9513
vn 0.0435 0.1503 -0.9877
vn 0.0901 0.2950 0.9513
vn 0.0457 0.1496 0.9877
vn 0.1716 0.5617 0.8093
vn 0.2008 0.6781 0.7071
vn -0.9262 0.3729 0.0561
vn -0.9408 0.3390 0.0077
vn -0.9408 0.3390 -0.0077
vn -0.9262 0.3729 -0.0561
vn 0.2008 0.6781 -0.7071
vn 0.1716 0.5617 -0.8093
vn 0.0901 0.2950 -0.9513
vn 0.0457 0.1496 -0.9877
vn 0.1652 0.1214 0.9788
vn 0.1020 0.0750 0.9920
vn 0.3740 0.2749 0.8857
vn 0.6742 0.0815 0.7341
vn 0.6530 -0.7538 0.0730
vn 0.6311 -0.7756 0.0097
vn 0.6311 -0.7756 -0.0097
vn 0.6530 -0.7538 -0.0730
vn 0.6742 0.0815 -0.7341
vn 0.3740 0.2749 -0.8857
vn 0.1652 0.1214 -0.9788
vn 0.1020 0.0750 -0.9920
vn 0.1203 -0.1203 0.9854
vn 0.0787 -0.0787 0.9938
vn 0.2882 -0.2882 0.9132
vn 0.4666 -0.4666 0.7513
vn 0.6319 -0.6319 0.4487
vn 0.7023 -0.7024 0.1158
vn 0.7023 -0.7024 -0.1158
vn 0.6319 -0.6319 -0.4487
vn 0.4666 -0.4666 -0.7513
vn 0.2882 -0.2882 -0.9132
vn 0.1203 -0.1203 -0.9854
vn 0.0787 -0.0787 -0.9938
vn 0.1980 -0.1980 0.9600
vn 0.3610 -0.3610 0.8599
vn 0.5226 -0.5226 0.6736
vn 0.6543 -0.6543 0.3793
vn 0.7032 -0.7032 0.1049
vn 0.7032 -0.7032 -0.1049
vn 0.6543 -0.6543 -0.3793
vn 0.5226 -0.5226 -0.6736
vn 0.3610 -0.3610 -0.8599
vn 0.1980 -0.1980 -0.9600
vn 0.1980 0.1980 0.9600
vn 0.0787 0.0787 0.9938
vn 0.3610 0.3610 0.8599
vn 0.5226 0.5226 0.6736
vn 0.6543 0.6543 0.3793
vn 0.7032 0.7032 0.1049
vn 0.7032 0.7032 -0.1049
vn 0.6543 0.6543 -0.3793
vn 0.5226 0.5226 -0.6736
vn 0.3610 0.3610 -0.8599
vn 0.1980 0.1980 -0.9600
vn 0.0787 0.0787 -0.9938
vn -0.1980 0.1980 0.9600
vn -0.0787 0.0787 0.9938
vn -0.3610 0.3610 0.8599
vn -0.5226 0.5226 0.6736
vn -0.6543 0.6543 0.3793
vn -0.7032 0.7032 0.1049
vn -0.7032 0.7032 -0.1049
vn -0.6543 0.6543 -0.3793
vn -0.5226 0.5226 -0.6736
vn -0.3610 0.3610 -0.8599
vn -0.1980 0.1980 -0.9600
vn -0.0787 0.0787 -0.9938
vn -0.2572 -0.1703 0.9512
vn -0.1092 -0.0723 0.9914
vn -0.4653 -0.3081 0.8298
vn -0.6502 -0.4306 0.6259
vn -0.7840 -0.5192 0.3402
vn -0.8303 -0.5498 0.0908
vn -0.8303 -0.5498 -0.0908
vn -0.7840 -0.5192 -0.3402
vn -0.6502 -0.4306 -0.6259
vn -0.4653 -0.3081 -0.8298
vn -0.2572 -0.1703 -0.9512
vn -0.1092 -0.0723 -0.9914
vn 0.1679 -0.2603 0.9508
vn 0.1183 -0.1834 0.9759
vn 0.0715 -0.1109 0.9913
vn 0.3036 -0.4708 0.8284
vn 0.2622 -0.4066 0.8752
vn 0.4237 -0.6569 0.6237
vn 0.3972 -0.6158 0.6805
vn 0.5100 -0.7908 0.3384
vn 0.5013 -0.7773 0.3801
vn 0.5398 -0.8369 0.0902
vn 0.5395 -0.8365 0.0961
vn 0.5398 -0.8369 -0.0902
vn 0.5395 -0.8365 -0.0961
vn 0.5100 -0.7908 -0.3384
vn 0.5013 -0.7773 -0.3801
vn 0.4237 -0.6569 -0.6237
vn 0.3972 -0.6158 -0.6805
vn 0.3036 -0.4708 -0.8284
vn 0.2622 -0.4066 -0.8752
vn 0.1679 -0.2603 -0.9508
vn 0.1183 -0.1834 -0.9759
vn 0.0715 -0.1109 -0.9913
vn -0.1190 -0.1803 0.9764
vn -0.0722 -0.1094 0.9914
vn -0.2647 -0.4011 0.8769
vn -0.4020 -0.6093 0.6835
vn -0.5088 -0.7711 0.3827
vn -0.5482 -0.8308 0.0968
vn -0.5482 -0.8308 -0.0968
vn -0.5088 -0.7711 -0.3827
vn -0.4020 -0.6093 -0.6835
vn -0.2647 -0.4011 -0.8769
vn -0.1190 -0.1803 -0.9764
vn -0.0722 -0.1094 -0.9914
vn -0.1700 -0.2577 0.9512
vn -0.3075 -0.4660 0.8296
vn -0.4296 -0.6512 0.6256
vn -0.5179 -0.7850 0.3400
vn -0.5485 -0.8312 0.0907
vn -0.5485 -0.8312 -0.0907
vn -0.5179 -0.7850 -0.3400
vn -0.4296 -0.6512 -0.6256
vn -0.3075 -0.4660 -0.8296
vn -0.1700 -0.2577 -0.9512
vn 0.1953 -0.1290 0.9722
vn 0.0726 -0.0479 0.9962
vn 0.3630 -0.2396 0.9005
vn 0.5568 -0.3676 0.7449
vn 0.7478 -0.4937 0.4439
vn 0.8274 -0.5463 0.1302
vn 0.8274 -0.5463 -0.1302
vn 0.7478 -0.4937 -0.4439
vn 0.5568 -0.3676 -0.7449
vn 0.3630 -0.2396 -0.9005
vn 0.1953 -0.1290 -0.9722
vn 0.0726 -0.0479 -0.9962
vn 0.1701 0.2576 0.9512
vn 0.0722 0.1093 0.9914
vn 0.3076 0.4659 0.8296
vn 0.4298 0.6510 0.6257
vn 0.5182 0.7848 0.3400
vn 0.5487 0.8311 0.0907
vn 0.5487 0.8311 -0.0907
vn 0.5182 0.7848 -0.3400
vn 0.4298 0.6510 -0.6257
vn 0.3076 0.4659 -0.8296
vn 0.1701 0.2576 -0.9512
vn 0.0722 0.1093 -0.9914
vn -0.1686 0.2594 0.9509
vn -0.0717 0.1104 0.9913
vn -0.3049 0.4692 0.8288
vn -0.4256 0.6550 0.6243
vn -0.5126 0.7889 0.3389
vn -0.5426 0.8351 0.0903
vn -0.5426 0.8351 -0.0903
vn -0.5126 0.7889 -0.3389
vn -0.4256 0.6550 -0.6243
vn -0.3049 0.4692 -0.8288
vn -0.1686 0.2594 -0.9509
vn -0.0717 0.1104 -0.9913
vn -0.1945 -0.1264 0.9727
vn -0.0721 -0.0468 0.9963
vn -0.3619 -0.2351 0.9021
vn -0.5566 -0.3617 0.7479
vn -0.7501 -0.4874 0.4469
vn -0.8313 -0.5401 0.1315
vn -0.8313 -0.5401 -0.1315
vn -0.7501 -0.4874 -0.4469
vn -0.5566 -0.3617 -0.7479
vn -0.3619 -0.2351 -0.9021
vn -0.1945 -0.1264 -0.9727
vn -0.0721 -0.0468 -0.9963
vn 0.1007 0.0654 0.9928
vn -0.0011 -0.0801 0.9968
vn -0.0009 -0.0623 0.9981
vn 0.0721 0.0468 0.9963
vn 0.2616 0.1699 0.9501
vn -0.0030 -0.2220 0.9750
vn 0.4580 0.2974 0.8377
vn -0.0057 -0.4135 0.9105
vn 0.6951 0.4514 0.5595
vn -0.0098 -0.7178 0.6962
vn 0.8288 0.5382 0.1529
vn -0.0134 -0.9766 0.2146
vn 0.8288 0.5382 -0.1529
vn -0.0134 -0.9766 -0.2146
vn 0.6951 0.4514 -0.5595
vn -0.0098 -0.7178 -0.6962
vn 0.4580 0.2974 -0.8377
vn -0.0057 -0.4135 -0.9105
vn 0.2616 0.1699 -0.9501
vn -0.0030 -0.2220 -0.9750
vn 0.1007 0.0654 -0.9928
vn -0.0011 -0.0801 -0.9968
vn 0.0721 0.0468 -0.9963
vn -0.0009 -0.0623 -0.9981
vn -0.1026 0.0686 0.9924
vn -0.0729 0.0488 0.9961
vn -0.2649 0.1772 0.9479
vn -0.4614 0.3086 0.8318
vn -0.6939 0.4642 0.5505
vn -0.8218 0.5498 0.1496
vn -0.8218 0.5498 -0.1496
vn -0.6939 0.4642 -0.5505
vn -0.4614 0.3086 -0.8318
vn -0.2649 0.1772 -0.9479
vn -0.1026 0.0686 -0.9924
vn -0.0729 0.0488 -0.9961
vn 0.5326 0.8287 0.1719
vn 0.7071 0.7071 -0.0000
vn 0.6565 0.7365 0.1629
vn 0.7159 0.6850 0.1349
vn 0.6543 -0.6543 0.3792
vn 0.7567 0.6488 0.0806
vn 0.7409 0.6716 0.0110
vn 0.7409 0.6716 -0.0110
vn 0.6543 -0.6543 -0.3792
vn 0.7567 0.6488 -0.0806
vn 0.7159 0.6850 -0.1349
vn 0.6565 0.7365 -0.1629
vn 0.5326 0.8287 -0.1719
vn -0.7574 0.6284 0.1776
vn -0.9007 0.4345 -0.0000
vn -0.8642 0.4767 0.1608
vn -0.9078 0.4011 0.1224
vn -0.9314 0.3579 0.0668
vn -0.9210 0.3895 0.0087
vn -0.9210 0.3895 -0.0087
vn -0.9314 0.3579 -0.0668
vn -0.9078 0.4011 -0.1224
vn -0.8642 0.4767 -0.1608
vn -0.7574 0.6284 -0.1776
vn -0.1386 -0.2873 0.9478
vn -0.0614 -0.1272 0.9900
vn -0.2511 -0.5205 0.8161
vn -0.3460 -0.7173 0.6047
vn -0.4111 -0.8522 0.3236
vn -0.4329 -0.8974 0.0849
vn -0.4329 -0.8974 -0.0849
vn -0.4111 -0.8522 -0.3236
vn -0.3460 -0.7173 -0.6047
vn -0.2511 -0.5205 -0.8161
vn -0.1386 -0.2873 -0.9478
vn -0.0614 -0.1272 -0.9900
vn 0.1386 -0.2873 0.9478
vn 0.0614 -0.1272 0.9900
vn 0.2511 -0.5205 0.8161
vn 0.3460 -0.7173 0.6047
vn 0.4111 -0.8522 0.3236
vn 0.4329 -0.8974 0.0849
vn 0.4329 -0.8974 -0.0849
vn 0.4111 -0.8522 -0.3236
vn 0.3460 -0.7173 -0.6047
vn 0.2511 -0.5205 -0.8161
vn 0.1386 -0.2873 -0.9478
vn 0.0614 -0.1272 -0.9900
vn 0.7574 0.6284 0.1776
vn 0.9007 0.4345 -0.0001
vn 0.8642 0.4767 0.1608
vn 0.9078 0.4011 0.1224
vn 0.9314 0.3579 0.0668
vn 0.9210 0.3895 0.0087
vn 0.9210 0.3895 -0.0087
vn 0.9314 0.3579 -0.0668
vn 0.9078 0.4011 -0.1224
vn 0.8642 0.4767 -0.1608
vn 0.7574 0.6284 -0.1776
vn 0.9007 0.4345 0.0001
vn -0.5326 0.8287 0.1719
vn -0.7071 0.7071 -0.0001
vn -0.6565 0.7365 0.1629
vn -0.7159 0.6850 0.1349
vn -0.7567 0.6488 0.0806
vn -0.7409 0.6716 0.0110
vn -0.7409 0.6716 -0.0110
vn -0.7567 0.6488 -0.0806
vn -0.7159 0.6850 -0.1349
vn -0.6565 0.7365 -0.1629
vn -0.5326 0.8287 -0.1719
vn -0.7071 0.7071 0.0001
vn -0.1980 -0.1980 0.9600
vn -0.0787 -0.0787 0.9938
vn -0.3610 -0.3610 0.8599
vn -0.5226 -0.5226 0.6736
vn -0.6543 -0.6543 0.3792
vn -0.7032 -0.7032 0.1049
vn -0.7032 -0.7032 -0.1049
vn -0.6543 -0.6543 -0.3792
vn -0.5226 -0.5226 -0.6736
vn -0.3610 -0.3610 -0.8599
vn -0.1980 -0.1980 -0.9600
vn -0.0787 -0.0787 -0.9938
vn 0.6543 0.6543 0.3792
vn 0.6543 0.6543 -0.3792
vn -0.1376 0.2879 0.9477
vn -0.0610 0.1276 0.9899
vn -0.2494 0.5218 0.8158
vn -0.3436 0.7189 0.6043
vn -0.4081 0.8538 0.3232
vn -0.4297 0.8990 0.0848
vn -0.4297 0.8990 -0.0848
vn -0.4081 0.8538 -0.3232
vn -0.3436 0.7189 -0.6043
vn -0.2494 0.5218 -0.8158
vn -0.1376 0.2879 -0.9477
vn -0.0610 0.1276 -0.9899
vn -0.0002 0.1451 0.9894
vn -0.0001 0.0991 0.9951
vn -0.0004 0.3619 0.9322
vn -0.0007 0.6089 0.7933
vn -0.0009 0.8674 0.4976
vn -0.0011 0.9914 0.1312
vn -0.0011 0.9914 -0.1312
vn -0.0009 0.8674 -0.4976
vn -0.0007 0.6089 -0.7933
vn -0.0004 0.3619 -0.9322
vn -0.0002 0.1451 -0.9894
vn -0.0001 0.0991 -0.9951
vn 0.1373 0.2881 0.9477
vn 0.0609 0.1278 0.9899
vn 0.2489 0.5222 0.8157
vn 0.3429 0.7193 0.6042
vn 0.4072 0.8543 0.3231
vn 0.4287 0.8995 0.0848
vn 0.4287 0.8995 -0.0848
vn 0.4072 0.8543 -0.3231
vn 0.3429 0.7193 -0.6042
vn 0.2489 0.5222 -0.8157
vn 0.1373 0.2881 -0.9477
vn 0.0609 0.1278 -0.9899
vn -0.1203 -0.1203 0.9854
vn -0.1203 0.1203 0.9854
vn -0.2882 -0.2882 0.9132
vn -0.2882 0.2882 0.9132
vn -0.4666 -0.4666 0.7513
vn -0.4666 0.4666 0.7513
vn -0.6319 -0.6319 0.4487
vn -0.6319 0.6319 0.4487
vn -0.7024 -0.7024 0.1158
vn -0.7024 0.7024 0.1158
vn -0.7024 -0.7024 -0.1158
vn -0.7024 0.7024 -0.1158
vn -0.6319 -0.6319 -0.4487
vn -0.6319 0.6319 -0.4487
vn -0.4666 -0.4666 -0.7513
vn -0.4666 0.4666 -0.7513
vn -0.2882 -0.2882 -0.9132
vn -0.2882 0.2882 -0.9132
vn -0.1203 -0.1203 -0.9854
vn -0.1203 0.1203 -0.9854
vn -0.6543 -0.6543 0.3793
vn -0.6543 -0.6543 -0.3793
vn -0.0382 0.3117 0.9494
vn -0.0775 0.3046 0.9493
vn -0.0385 0.1513 0.9877
vn -0.0190 0.1550 0.9877
vn -0.0719 0.5867 0.8066
vn -0.1457 0.5730 0.8065
vn -0.0987 0.8046 0.5856
vn -0.1998 0.7857 0.5855
vn -0.1158 0.9444 0.3077
vn -0.2345 0.9221 0.3077
vn -0.1213 0.9895 0.0784
vn -0.2457 0.9662 0.0784
vn -0.1213 0.9895 -0.0784
vn -0.2457 0.9662 -0.0784
vn -0.1158 0.9444 -0.3077
vn -0.2345 0.9221 -0.3077
vn -0.0987 0.8046 -0.5856
vn -0.1998 0.7857 -0.5855
vn -0.0719 0.5867 -0.8066
vn -0.1457 0.5730 -0.8065
vn -0.0382 0.3117 -0.9494
vn -0.0775 0.3046 -0.9493
vn -0.0190 0.1550 -0.9877
vn -0.0385 0.1513 -0.9877
vn -0.1167 0.2919 0.9493
vn -0.0579 0.1449 0.9877
vn -0.2195 0.5490 0.8065
vn -0.3010 0.7528 0.5855
vn -0.3532 0.8835 0.3077
vn -0.3701 0.9257 0.0784
vn -0.3701 0.9257 -0.0784
vn -0.3532 0.8835 -0.3077
vn -0.3010 0.7528 -0.5855
vn -0.2195 0.5490 -0.8065
vn -0.1167 0.2919 -0.9493
vn -0.0579 0.1449 -0.9877
vn -0.1547 0.2738 0.9493
vn -0.0768 0.1359 0.9877
vn -0.2910 0.5148 0.8064
vn -0.3990 0.7058 0.5854
vn -0.4682 0.8283 0.3077
vn -0.4906 0.8679 0.0784
vn -0.4906 0.8679 -0.0784
vn -0.4682 0.8283 -0.3077
vn -0.3990 0.7058 -0.5854
vn -0.2910 0.5148 -0.8064
vn -0.1548 0.2738 -0.9493
vn -0.0768 0.1359 -0.9877
vn -0.1904 0.2503 0.9493
vn -0.0945 0.1242 0.9877
vn -0.3580 0.4707 0.8064
vn -0.4908 0.6453 0.5854
vn -0.5760 0.7574 0.3077
vn -0.6035 0.7935 0.0784
vn -0.6035 0.7935 -0.0784
vn -0.5760 0.7574 -0.3077
vn -0.4908 0.6453 -0.5854
vn -0.3580 0.4707 -0.8064
vn -0.1904 0.2503 -0.9493
vn -0.0945 0.1242 -0.9877
vn -0.2225 0.2222 0.9493
vn -0.1104 0.1103 0.9877
vn -0.4184 0.4178 0.8064
vn -0.5737 0.5729 0.5854
vn -0.6733 0.6723 0.3077
vn -0.7054 0.7044 0.0784
vn -0.7054 0.7044 -0.0784
vn -0.6733 0.6723 -0.3077
vn -0.5737 0.5729 -0.5854
vn -0.4184 0.4178 -0.8064
vn -0.2225 0.2222 -0.9493
vn -0.1104 0.1103 -0.9877
vn -0.2504 0.1902 0.9493
vn -0.1243 0.0944 0.9877
vn -0.4709 0.3576 0.8064
vn -0.6457 0.4903 0.5854
vn -0.7578 0.5754 0.3077
vn -0.7940 0.6029 0.0784
vn -0.7940 0.6029 -0.0784
vn -0.7578 0.5754 -0.3077
vn -0.6457 0.4903 -0.5854
vn -0.4709 0.3576 -0.8064
vn -0.2504 0.1902 -0.9493
vn -0.1243 0.0944 -0.9877
vn -0.2735 0.1550 0.9493
vn -0.1358 0.0770 0.9877
vn -0.5144 0.2916 0.8065
vn -0.7053 0.3997 0.5855
vn -0.8278 0.4692 0.3077
vn -0.8673 0.4916 0.0784
vn -0.8673 0.4916 -0.0784
vn -0.8278 0.4692 -0.3077
vn -0.7053 0.3997 -0.5855
vn -0.5144 0.2916 -0.8065
vn -0.2735 0.1550 -0.9493
vn -0.1358 0.0770 -0.9877
vn -0.2915 0.1176 0.9493
vn -0.1448 0.0584 0.9877
vn -0.5483 0.2213 0.8065
vn -0.7517 0.3034 0.5855
vn -0.8823 0.3561 0.3077
vn -0.9245 0.3732 0.0784
vn -0.9245 0.3732 -0.0784
vn -0.8823 0.3561 -0.3077
vn -0.7517 0.3034 -0.5855
vn -0.5483 0.2213 -0.8065
vn -0.2915 0.1176 -0.9493
vn -0.1448 0.0584 -0.9877
vn -0.3042 0.0789 0.9493
vn -0.1511 0.0392 0.9877
vn -0.5723 0.1484 0.8065
vn -0.7847 0.2034 0.5855
vn -0.9210 0.2388 0.3077
vn -0.9650 0.2502 0.0784
vn -0.9650 0.2502 -0.0784
vn -0.9210 0.2388 -0.3077
vn -0.7847 0.2034 -0.5855
vn -0.5723 0.1484 -0.8065
vn -0.3042 0.0789 -0.9493
vn -0.1511 0.0392 -0.9877
vn -0.3117 0.0394 0.9494
vn -0.1549 0.0196 0.9877
vn -0.5865 0.0742 0.8066
vn -0.8042 0.1017 0.5855
vn -0.9440 0.1194 0.3077
vn -0.9890 0.1251 0.0784
vn -0.9890 0.1251 -0.0784
vn -0.9440 0.1194 -0.3077
vn -0.8042 0.1017 -0.5855
vn -0.5865 0.0742 -0.8066
vn -0.3117 0.0394 -0.9494
vn -0.1549 0.0196 -0.9877
vn -0.3141 -0.0000 0.9494
vn -0.1561 -0.0000 0.9877
vn -0.5911 -0.0000 0.8066
vn -0.8106 -0.0000 0.5856
vn -0.9515 -0.0000 0.3077
vn -0.9969 -0.0000 0.0784
vn -0.9969 -0.0000 -0.0784
vn -0.9515 -0.0000 -0.3077
vn -0.8106 -0.0000 -0.5856
vn -0.5911 -0.0000 -0.8066
vn -0.3141 -0.0000 -0.9494
vn -0.1561 -0.0000 -0.9877
vn -0.3117 -0.0393 0.9494
vn -0.1549 -0.0195 0.9877
vn -0.5865 -0.0740 0.8066
vn -0.8043 -0.1014 0.5855
vn -0.9440 -0.1191 0.3077
vn -0.9891 -0.1247 0.0784
vn -0.9891 -0.1247 -0.0784
vn -0.9440 -0.1191 -0.3077
vn -0.8043 -0.1014 -0.5855
vn -0.5865 -0.0740 -0.8066
vn -0.3117 -0.0393 -0.9494
vn -0.1549 -0.0195 -0.9877
vn -0.3043 -0.0784 0.9494
vn -0.1512 -0.0389 0.9877
vn -0.5725 -0.1474 0.8066
vn -0.7850 -0.2022 0.5855
vn -0.9214 -0.2373 0.3077
vn -0.9654 -0.2486 0.0784
vn -0.9654 -0.2486 -0.0784
vn -0.9214 -0.2373 -0.3077
vn -0.7850 -0.2022 -0.5855
vn -0.5725 -0.1474 -0.8066
vn -0.3043 -0.0784 -0.9494
vn -0.1512 -0.0389 -0.9877
vn -0.2918 -0.1166 0.9493
vn -0.1450 -0.0579 0.9877
vn -0.5490 -0.2194 0.8065
vn -0.7528 -0.3009 0.5855
vn -0.8835 -0.3531 0.3077
vn -0.9257 -0.3700 0.0784
vn -0.9257 -0.3700 -0.0784
vn -0.8835 -0.3531 -0.3077
vn -0.7528 -0.3009 -0.5855
vn -0.5490 -0.2194 -0.8065
vn -0.2918 -0.1166 -0.9493
vn -0.1450 -0.0579 -0.9877
vn -0.2743 -0.1535 0.9493
vn -0.1362 -0.0763 0.9877
vn -0.5159 -0.2888 0.8065
vn -0.7074 -0.3960 0.5855
vn -0.8303 -0.4648 0.3077
vn -0.8699 -0.4870 0.0784
vn -0.8699 -0.4870 -0.0784
vn -0.8303 -0.4648 -0.3077
vn -0.7074 -0.3960 -0.5855
vn -0.5159 -0.2888 -0.8065
vn -0.2743 -0.1535 -0.9493
vn -0.1362 -0.0763 -0.9877
vn -0.2517 -0.1884 0.9493
vn -0.1250 -0.0935 0.9877
vn -0.4733 -0.3544 0.8065
vn -0.6490 -0.4859 0.5855
vn -0.7617 -0.5702 0.3077
vn -0.7981 -0.5975 0.0784
vn -0.7981 -0.5975 -0.0784
vn -0.7617 -0.5702 -0.3077
vn -0.6490 -0.4859 -0.5855
vn -0.4733 -0.3544 -0.8065
vn -0.2517 -0.1884 -0.9493
vn -0.1250 -0.0935 -0.9877
vn -0.2242 -0.2205 0.9493
vn -0.1113 -0.1094 0.9877
vn -0.4216 -0.4146 0.8064
vn -0.5780 -0.5684 0.5854
vn -0.6784 -0.6672 0.3077
vn -0.7108 -0.6990 0.0784
vn -0.7108 -0.6990 -0.0784
vn -0.6784 -0.6672 -0.3077
vn -0.5780 -0.5684 -0.5854
vn -0.4216 -0.4146 -0.8064
vn -0.2242 -0.2205 -0.9493
vn -0.1113 -0.1094 -0.9877
vn -0.1923 -0.2489 0.9493
vn -0.0954 -0.1235 0.9877
vn -0.3615 -0.4680 0.8064
vn -0.4957 -0.6416 0.5854
vn -0.5817 -0.7530 0.3077
vn -0.6095 -0.7889 0.0784
vn -0.6095 -0.7889 -0.0784
vn -0.5817 -0.7530 -0.3077
vn -0.4957 -0.6416 -0.5854
vn -0.3615 -0.4680 -0.8064
vn -0.1923 -0.2489 -0.9493
vn -0.0954 -0.1235 -0.9877
vn -0.1566 -0.2727 0.9493
vn -0.0777 -0.1354 0.9877
vn -0.2945 -0.5128 0.8064
vn -0.4037 -0.7031 0.5854
vn -0.4738 -0.8251 0.3077
vn -0.4964 -0.8645 0.0784
vn -0.4964 -0.8645 -0.0784
vn -0.4738 -0.8251 -0.3077
vn -0.4037 -0.7031 -0.5854
vn -0.2945 -0.5128 -0.8064
vn -0.1566 -0.2727 -0.9493
vn -0.0777 -0.1354 -0.9877
vn -0.1183 -0.2914 0.9493
vn -0.0587 -0.1446 0.9877
vn -0.2224 -0.5479 0.8064
vn -0.3049 -0.7512 0.5854
vn -0.3578 -0.8816 0.3077
vn -0.3749 -0.9237 0.0784
vn -0.3749 -0.9237 -0.0784
vn -0.3578 -0.8816 -0.3077
vn -0.3049 -0.7512 -0.5854
vn -0.2224 -0.5479 -0.8064
vn -0.1183 -0.2914 -0.9493
vn -0.0587 -0.1446 -0.9877
vn -0.0785 -0.3044 0.9493
vn -0.0390 -0.1512 0.9877
vn -0.1477 -0.5725 0.8065
vn -0.2025 -0.7850 0.5855
vn -0.2376 -0.9213 0.3077
vn -0.2490 -0.9653 0.0784
vn -0.2490 -0.9653 -0.0784
vn -0.2376 -0.9213 -0.3077
vn -0.2025 -0.7850 -0.5855
vn -0.1477 -0.5725 -0.8065
vn -0.0785 -0.3044 -0.9493
vn -0.0390 -0.1512 -0.9877
vn -0.0387 -0.3117 0.9494
vn -0.0192 -0.1549 0.9877
vn -0.0728 -0.5866 0.8066
vn -0.0999 -0.8045 0.5855
vn -0.1172 -0.9442 0.3077
vn -0.1228 -0.9893 0.0784
vn -0.1228 -0.9893 -0.0784
vn -0.1172 -0.9442 -0.3077
vn -0.0999 -0.8045 -0.5855
vn -0.0728 -0.5866 -0.8066
vn -0.0387 -0.3117 -0.9494
vn -0.0192 -0.1549 -0.9877
vn 0.0003 -0.3140 0.9494
vn 0.0001 -0.1561 0.9877
vn 0.0005 -0.5911 0.8066
vn 0.0007 -0.8106 0.5856
vn 0.0008 -0.9515 0.3077
vn 0.0008 -0.9969 0.0784
vn 0.0008 -0.9969 -0.0784
vn 0.0008 -0.9515 -0.3077
vn 0.0007 -0.8106 -0.5856
vn 0.0005 -0.5911 -0.8066
vn 0.0003 -0.3140 -0.9494
vn 0.0001 -0.1561 -0.9877
vn 0.0396 -0.3117 0.9493
vn 0.0197 -0.1549 0.9877
vn 0.0745 -0.5865 0.8065
vn 0.1021 -0.8042 0.5855
vn 0.1199 -0.9439 0.3077
vn 0.1256 -0.9890 0.0784
vn 0.1256 -0.9890 -0.0784
vn 0.1199 -0.9439 -0.3077
vn 0.1021 -0.8042 -0.5855
vn 0.0745 -0.5865 -0.8065
vn 0.0396 -0.3117 -0.9493
vn 0.0197 -0.1549 -0.9877
vn 0.0799 -0.3040 0.9493
vn 0.0397 -0.1510 0.9877
vn 0.1502 -0.5719 0.8065
vn 0.2060 -0.7841 0.5855
vn 0.2418 -0.9203 0.3077
vn 0.2533 -0.9642 0.0784
vn 0.2533 -0.9642 -0.0784
vn 0.2418 -0.9203 -0.3077
vn 0.2060 -0.7841 -0.5855
vn 0.1502 -0.5719 -0.8065
vn 0.0799 -0.3040 -0.9493
vn 0.0397 -0.1510 -0.9877
vn 0.1197 -0.2908 0.9493
vn 0.0594 -0.1443 0.9877
vn 0.2251 -0.5468 0.8064
vn 0.3086 -0.7497 0.5854
vn 0.3622 -0.8799 0.3077
vn 0.3795 -0.9219 0.0784
vn 0.3795 -0.9219 -0.0784
vn 0.3622 -0.8799 -0.3077
vn 0.3086 -0.7497 -0.5854
vn 0.2251 -0.5468 -0.8064
vn 0.1197 -0.2908 -0.9493
vn 0.0594 -0.1443 -0.9877
vn 0.1578 -0.2720 0.9493
vn 0.0783 -0.1350 0.9877
vn 0.2967 -0.5115 0.8064
vn 0.4067 -0.7013 0.5854
vn 0.4774 -0.8231 0.3077
vn 0.5001 -0.8624 0.0784
vn 0.5001 -0.8624 -0.0784
vn 0.4774 -0.8231 -0.3077
vn 0.4067 -0.7013 -0.5854
vn 0.2967 -0.5115 -0.8064
vn 0.1578 -0.2720 -0.9493
vn 0.0783 -0.1350 -0.9877
vn 0.1930 -0.2483 0.9493
vn 0.0958 -0.1232 0.9877
vn 0.3628 -0.4669 0.8064
vn 0.4975 -0.6401 0.5854
vn 0.5839 -0.7513 0.3077
vn 0.6117 -0.7872 0.0784
vn 0.6117 -0.7872 -0.0784
vn 0.5839 -0.7513 -0.3077
vn 0.4975 -0.6401 -0.5854
vn 0.3628 -0.4669 -0.8064
vn 0.1930 -0.2483 -0.9493
vn 0.0958 -0.1232 -0.9877
vn 0.2244 -0.2202 0.9493
vn 0.1114 -0.1093 0.9877
vn 0.4220 -0.4141 0.8065
vn 0.5786 -0.5678 0.5855
vn 0.6791 -0.6664 0.3077
vn 0.7115 -0.6983 0.0784
vn 0.7115 -0.6983 -0.0784
vn 0.6791 -0.6664 -0.3077
vn 0.5786 -0.5678 -0.5855
vn 0.4220 -0.4141 -0.8065
vn 0.2244 -0.2202 -0.9493
vn 0.1114 -0.1093 -0.9877
vn 0.2515 -0.1886 0.9493
vn 0.1249 -0.0936 0.9877
vn 0.4731 -0.3547 0.8065
vn 0.6486 -0.4863 0.5855
vn 0.7613 -0.5708 0.3077
vn 0.7976 -0.5980 0.0784
vn 0.7976 -0.5980 -0.0784
vn 0.7613 -0.5708 -0.3077
vn 0.6486 -0.4863 -0.5855
vn 0.4731 -0.3547 -0.8065
vn 0.2515 -0.1886 -0.9493
vn 0.1249 -0.0936 -0.9877
vn 0.2739 -0.1541 0.9493
vn 0.1361 -0.0765 0.9877
vn 0.5153 -0.2898 0.8065
vn 0.7066 -0.3974 0.5855
vn 0.8293 -0.4665 0.3077
vn 0.8689 -0.4887 0.0784
vn 0.8689 -0.4887 -0.0784
vn 0.8293 -0.4665 -0.3077
vn 0.7066 -0.3974 -0.5855
vn 0.5153 -0.2898 -0.8065
vn 0.2739 -0.1541 -0.9493
vn 0.1361 -0.0765 -0.9877
vn 0.2915 -0.1174 0.9493
vn 0.1448 -0.0583 0.9877
vn 0.5484 -0.2209 0.8065
vn 0.7520 -0.3029 0.5855
vn 0.8826 -0.3555 0.3077
vn 0.9247 -0.3725 0.0784
vn 0.9247 -0.3725 -0.0784
vn 0.8826 -0.3555 -0.3077
vn 0.7520 -0.3029 -0.5855
vn 0.5484 -0.2209 -0.8065
vn 0.2915 -0.1174 -0.9493
vn 0.1448 -0.0583 -0.9877
vn 0.3041 -0.0791 0.9494
vn 0.1511 -0.0393 0.9877
vn 0.5721 -0.1489 0.8065
vn 0.7845 -0.2042 0.5855
vn 0.9208 -0.2397 0.3077
vn 0.9648 -0.2511 0.0784
vn 0.9648 -0.2511 -0.0784
vn 0.9208 -0.2397 -0.3077
vn 0.7845 -0.2042 -0.5855
vn 0.5721 -0.1489 -0.8065
vn 0.3041 -0.0791 -0.9494
vn 0.1511 -0.0393 -0.9877
vn 0.3116 -0.0398 0.9494
vn 0.1549 -0.0198 0.9877
vn 0.5864 -0.0749 0.8066
vn 0.8041 -0.1027 0.5855
vn 0.9438 -0.1205 0.3077
vn 0.9889 -0.1263 0.0784
vn 0.9889 -0.1263 -0.0784
vn 0.9438 -0.1205 -0.3077
vn 0.8041 -0.1027 -0.5855
vn 0.5864 -0.0749 -0.8066
vn 0.3116 -0.0398 -0.9494
vn 0.1549 -0.0198 -0.9877
vn 0.3142 0.0001 0.9494
vn 0.1561 -0.0000 0.9877
vn 0.5912 0.0002 0.8066
vn 0.8106 0.0002 0.5855
vn 0.9515 0.0002 0.3077
vn 0.9969 0.0003 0.0784
vn 0.9969 0.0003 -0.0784
vn 0.9515 0.0002 -0.3077
vn 0.8106 0.0002 -0.5855
vn 0.5912 0.0002 -0.8066
vn 0.3142 0.0001 -0.9494
vn 0.1561 -0.0000 -0.9877
vn 0.3117 0.0402 0.9493
vn 0.1548 0.0200 0.9877
vn 0.5863 0.0757 0.8065
vn 0.8040 0.1038 0.5855
vn 0.9437 0.1218 0.3077
vn 0.9887 0.1277 0.0784
vn 0.9887 0.1277 -0.0784
vn 0.9437 0.1218 -0.3077
vn 0.8040 0.1038 -0.5855
vn 0.5863 0.0757 -0.8065
vn 0.3117 0.0402 -0.9493
vn 0.1548 0.0200 -0.9877
vn 0.3039 0.0802 0.9493
vn 0.1510 0.0398 0.9877
vn 0.5717 0.1508 0.8065
vn 0.7839 0.2068 0.5855
vn 0.9200 0.2427 0.3077
vn 0.9640 0.2543 0.0784
vn 0.9640 0.2543 -0.0784
vn 0.9200 0.2427 -0.3077
vn 0.7839 0.2068 -0.5855
vn 0.5717 0.1508 -0.8065
vn 0.3039 0.0802 -0.9493
vn 0.1510 0.0398 -0.9877
vn 0.2909 0.1190 0.9493
vn 0.1445 0.0591 0.9877
vn 0.5472 0.2239 0.8065
vn 0.7503 0.3070 0.5855
vn 0.8806 0.3603 0.3077
vn 0.9227 0.3775 0.0784
vn 0.9227 0.3775 -0.0784
vn 0.8806 0.3603 -0.3077
vn 0.7503 0.3070 -0.5855
vn 0.5472 0.2239 -0.8065
vn 0.2909 0.1190 -0.9493
vn 0.1445 0.0591 -0.9877
vn 0.2728 0.1561 0.9493
vn 0.1355 0.0775 0.9877
vn 0.5132 0.2937 0.8065
vn 0.7036 0.4027 0.5855
vn 0.8258 0.4726 0.3077
vn 0.8652 0.4952 0.0784
vn 0.8652 0.4952 -0.0784
vn 0.8258 0.4726 -0.3077
vn 0.7036 0.4027 -0.5855
vn 0.5132 0.2937 -0.8065
vn 0.2728 0.1561 -0.9493
vn 0.1355 0.0775 -0.9877
vn 0.2498 0.1908 0.9493
vn 0.1241 0.0948 0.9877
vn 0.4699 0.3589 0.8065
vn 0.6443 0.4921 0.5855
vn 0.7562 0.5776 0.3077
vn 0.7923 0.6051 0.0784
vn 0.7923 0.6051 -0.0784
vn 0.7562 0.5776 -0.3077
vn 0.6443 0.4921 -0.5855
vn 0.4699 0.3589 -0.8065
vn 0.2498 0.1908 -0.9493
vn 0.1241 0.0948 -0.9877
vn 0.2223 0.2224 0.9493
vn 0.1103 0.1104 0.9877
vn 0.4180 0.4182 0.8065
vn 0.5731 0.5734 0.5855
vn 0.6727 0.6730 0.3077
vn 0.7048 0.7051 0.0784
vn 0.7048 0.7051 -0.0784
vn 0.6727 0.6730 -0.3077
vn 0.5731 0.5734 -0.5855
vn 0.4180 0.4182 -0.8065
vn 0.2223 0.2224 -0.9493
vn 0.1103 0.1104 -0.9877
vn 0.1906 0.2501 0.9493
vn 0.0946 0.1241 0.9877
vn 0.3584 0.4703 0.8065
vn 0.4914 0.6448 0.5855
vn 0.5767 0.7568 0.3077
vn 0.6043 0.7929 0.0784
vn 0.6043 0.7929 -0.0784
vn 0.5767 0.7568 -0.3077
vn 0.4914 0.6448 -0.5855
vn 0.3584 0.4703 -0.8065
vn 0.1906 0.2501 -0.9493
vn 0.0946 0.1241 -0.9877
vn 0.1554 0.2733 0.9493
vn 0.0772 0.1357 0.9877
vn 0.2923 0.5140 0.8065
vn 0.4008 0.7047 0.5855
vn 0.4704 0.8271 0.3077
vn 0.4929 0.8666 0.0784
vn 0.4929 0.8666 -0.0784
vn 0.4704 0.8271 -0.3077
vn 0.4008 0.7047 -0.5855
vn 0.2923 0.5140 -0.8065
vn 0.1554 0.2733 -0.9493
vn 0.0772 0.1357 -0.9877
vn 0.1177 0.2915 0.9493
vn 0.0585 0.1447 0.9877
vn 0.2214 0.5482 0.8065
vn 0.3036 0.7517 0.5855
vn 0.3564 0.8822 0.3077
vn 0.3734 0.9244 0.0784
vn 0.3734 0.9244 -0.0784
vn 0.3564 0.8822 -0.3077
vn 0.3036 0.7517 -0.5855
vn 0.2214 0.5482 -0.8065
vn 0.1177 0.2915 -0.9493
vn 0.0585 0.1447 -0.9877
vn 0.0785 0.3043 0.9493
vn 0.0390 0.1512 0.9877
vn 0.1477 0.5725 0.8065
vn 0.2025 0.7850 0.5855
vn 0.2377 0.9213 0.3077
vn 0.2490 0.9653 0.0784
vn 0.2490 0.9653 -0.0784
vn 0.2377 0.9213 -0.3077
vn 0.2025 0.7850 -0.5855
vn 0.1477 0.5725 -0.8065
vn 0.0785 0.3043 -0.9493
vn 0.0390 0.1512 -0.9877
vn 0.0389 0.3117 0.9494
vn 0.0732 0.5866 0.8066
vn 0.1004 0.8044 0.5855
vn 0.1179 0.9441 0.3077
vn 0.1235 0.9892 0.0784
vn 0.1235 0.9892 -0.0784
vn 0.1179 0.9441 -0.3077
vn 0.1004 0.8044 -0.5855
vn 0.0732 0.5866 -0.8066
vn 0.0389 0.3117 -0.9494
vn 0.0002 0.3139 0.9494
vn 0.0001 0.1562 0.9877
vn 0.0004 0.5910 0.8067
vn 0.0005 0.8106 0.5856
vn 0.0006 0.9515 0.3077
vn 0.0007 0.9969 0.0784
vn 0.0007 0.9969 -0.0784
vn 0.0006 0.9515 -0.3077
vn 0.0005 0.8106 -0.5856
vn 0.0004 0.5910 -0.8067
vn 0.0002 0.3139 -0.9494
vn 0.0001 0.1562 -0.9877
vn 0.0371 0.3006 0.9530
vn 0.0746 0.2934 0.9531
vn 0.0385 0.1513 0.9877
vn 0.0191 0.1550 0.9877
vn 0.0715 0.5786 0.8125
vn 0.1436 0.5649 0.8126
vn 0.0989 0.8002 0.5915
vn 0.1986 0.7814 0.5916
vn 0.1165 0.9431 0.3114
vn 0.2341 0.9210 0.3114
vn 0.1222 0.9894 0.0789
vn 0.2456 0.9662 0.0789
vn 0.1222 0.9894 -0.0789
vn 0.2456 0.9662 -0.0789
vn 0.1165 0.9431 -0.3114
vn 0.2341 0.9210 -0.3114
vn 0.0989 0.8002 -0.5915
vn 0.1986 0.7814 -0.5916
vn 0.0715 0.5786 -0.8125
vn 0.1436 0.5649 -0.8126
vn 0.0371 0.3006 -0.9530
vn 0.0746 0.2934 -0.9531
vn 0.0191 0.1550 -0.9877
vn 0.0385 0.1513 -0.9877
vn 0.1116 0.2813 0.9531
vn 0.2149 0.5417 0.8127
vn 0.2973 0.7494 0.5917
vn 0.3504 0.8833 0.3115
vn 0.3676 0.9266 0.0789
vn 0.3676 0.9266 -0.0789
vn 0.3504 0.8833 -0.3115
vn 0.2973 0.7494 -0.5917
vn 0.2149 0.5417 -0.8127
vn 0.1116 0.2813 -0.9531
vn 0.1473 0.2642 0.9532
vn 0.0760 0.1363 0.9877
vn 0.2837 0.5089 0.8127
vn 0.3925 0.7041 0.5917
vn 0.4627 0.8300 0.3115
vn 0.4854 0.8707 0.0789
vn 0.4854 0.8707 -0.0789
vn 0.4627 0.8300 -0.3115
vn 0.3925 0.7041 -0.5917
vn 0.2837 0.5089 -0.8127
vn 0.1473 0.2642 -0.9532
vn 0.0760 0.1363 -0.9877
vn 0.1809 0.2424 0.9532
vn 0.0934 0.1251 0.9877
vn 0.3484 0.4669 0.8128
vn 0.4821 0.6461 0.5918
vn 0.5683 0.7616 0.3116
vn 0.5962 0.7990 0.0789
vn 0.5962 0.7990 -0.0789
vn 0.5683 0.7616 -0.3116
vn 0.4821 0.6461 -0.5918
vn 0.3484 0.4669 -0.8128
vn 0.1809 0.2424 -0.9532
vn 0.0934 0.1251 -0.9877
vn 0.2115 0.2161 0.9532
vn 0.1092 0.1115 0.9877
vn 0.4075 0.4163 0.8128
vn 0.5639 0.5760 0.5918
vn 0.6648 0.6790 0.3116
vn 0.6974 0.7123 0.0789
vn 0.6974 0.7123 -0.0789
vn 0.6648 0.6790 -0.3116
vn 0.5639 0.5760 -0.5918
vn 0.4075 0.4163 -0.8128
vn 0.2115 0.2161 -0.9532
vn 0.1092 0.1115 -0.9877
vn 0.2386 0.1857 0.9532
vn 0.1232 0.0959 0.9877
vn 0.4597 0.3578 0.8128
vn 0.6360 0.4952 0.5918
vn 0.7498 0.5837 0.3116
vn 0.7866 0.6124 0.0789
vn 0.7866 0.6124 -0.0789
vn 0.7498 0.5837 -0.3116
vn 0.6360 0.4952 -0.5918
vn 0.4597 0.3578 -0.8128
vn 0.2386 0.1857 -0.9532
vn 0.1232 0.0959 -0.9877
vn 0.2613 0.1520 0.9532
vn 0.1349 0.0785 0.9877
vn 0.5036 0.2929 0.8128
vn 0.6968 0.4053 0.5918
vn 0.8214 0.4777 0.3116
vn 0.8617 0.5012 0.0789
vn 0.8617 0.5012 -0.0789
vn 0.8214 0.4777 -0.3116
vn 0.6968 0.4053 -0.5918
vn 0.5036 0.2929 -0.8128
vn 0.2613 0.1520 -0.9532
vn 0.1349 0.0785 -0.9877
vn 0.2794 0.1157 0.9532
vn 0.1442 0.0597 0.9877
vn 0.5383 0.2229 0.8128
vn 0.7448 0.3084 0.5918
vn 0.8779 0.3635 0.3116
vn 0.9211 0.3813 0.0789
vn 0.9211 0.3813 -0.0789
vn 0.8779 0.3635 -0.3116
vn 0.7448 0.3084 -0.5918
vn 0.5383 0.2228 -0.8128
vn 0.2794 0.1157 -0.9532
vn 0.1442 0.0597 -0.9877
vn 0.2923 0.0776 0.9532
vn 0.1509 0.0400 0.9877
vn 0.5631 0.1495 0.8127
vn 0.7792 0.2068 0.5917
vn 0.9184 0.2437 0.3116
vn 0.9635 0.2557 0.0789
vn 0.9635 0.2557 -0.0789
vn 0.9184 0.2437 -0.3116
vn 0.7792 0.2068 -0.5917
vn 0.5631 0.1495 -0.8127
vn 0.2923 0.0776 -0.9532
vn 0.1509 0.0400 -0.9877
vn 0.3001 0.0387 0.9531
vn 0.5780 0.0746 0.8127
vn 0.7996 0.1032 0.5917
vn 0.9424 0.1216 0.3115
vn 0.9887 0.1276 0.0789
vn 0.9887 0.1276 -0.0789
vn 0.9424 0.1216 -0.3115
vn 0.7996 0.1032 -0.5917
vn 0.5780 0.0746 -0.8127
vn 0.3001 0.0387 -0.9531
vn 0.3028 0.0001 0.9531
vn 0.5829 0.0001 0.8125
vn 0.8063 0.0001 0.5915
vn 0.9503 0.0002 0.3114
vn 0.9969 0.0002 0.0789
vn 0.9969 0.0002 -0.0789
vn 0.9503 0.0002 -0.3114
vn 0.8063 0.0001 -0.5915
vn 0.5829 0.0001 -0.8125
vn 0.3028 0.0001 -0.9531
vn 0.3002 -0.0386 0.9531
vn 0.1548 -0.0199 0.9877
vn 0.5780 -0.0743 0.8126
vn 0.7996 -0.1027 0.5916
vn 0.9425 -0.1211 0.3115
vn 0.9888 -0.1270 0.0789
vn 0.9888 -0.1270 -0.0789
vn 0.9425 -0.1211 -0.3115
vn 0.7996 -0.1027 -0.5916
vn 0.5780 -0.0743 -0.8126
vn 0.3002 -0.0386 -0.9531
vn 0.1548 -0.0199 -0.9877
vn 0.2924 -0.0774 0.9532
vn 0.1509 -0.0399 0.9877
vn 0.5632 -0.1490 0.8127
vn 0.7793 -0.2062 0.5917
vn 0.9186 -0.2431 0.3116
vn 0.9637 -0.2550 0.0789
vn 0.9637 -0.2550 -0.0789
vn 0.9186 -0.2431 -0.3116
vn 0.7793 -0.2062 -0.5917
vn 0.5632 -0.1490 -0.8127
vn 0.2924 -0.0774 -0.9532
vn 0.1509 -0.0399 -0.9877
vn 0.2794 -0.1155 0.9532
vn 0.1442 -0.0596 0.9877
vn 0.5384 -0.2226 0.8128
vn 0.7449 -0.3080 0.5918
vn 0.8781 -0.3630 0.3116
vn 0.9213 -0.3809 0.0789
vn 0.9213 -0.3809 -0.0789
vn 0.8781 -0.3630 -0.3116
vn 0.7449 -0.3080 -0.5918
vn 0.5384 -0.2226 -0.8128
vn 0.2794 -0.1155 -0.9532
vn 0.1442 -0.0596 -0.9877
vn 0.2613 -0.1520 0.9532
vn 0.1349 -0.0785 0.9877
vn 0.5035 -0.2929 0.8128
vn 0.6968 -0.4053 0.5918
vn 0.8214 -0.4778 0.3116
vn 0.8617 -0.5012 0.0789
vn 0.8617 -0.5012 -0.0789
vn 0.8214 -0.4778 -0.3116
vn 0.6968 -0.4053 -0.5918
vn 0.5035 -0.2929 -0.8128
vn 0.2613 -0.1520 -0.9532
vn 0.1349 -0.0785 -0.9877
vn 0.2384 -0.1859 0.9532
vn 0.1231 -0.0960 0.9877
vn 0.4594 -0.3581 0.8128
vn 0.6357 -0.4956 0.5919
vn 0.7494 -0.5842 0.3116
vn 0.7862 -0.6129 0.0789
vn 0.7862 -0.6129 -0.0789
vn 0.7494 -0.5842 -0.3116
vn 0.6357 -0.4956 -0.5919
vn 0.4594 -0.3581 -0.8128
vn 0.2384 -0.1859 -0.9532
vn 0.1231 -0.0960 -0.9877
vn 0.2112 -0.2163 0.9532
vn 0.1091 -0.1117 0.9877
vn 0.4070 -0.4168 0.8128
vn 0.5631 -0.5767 0.5918
vn 0.6639 -0.6798 0.3116
vn 0.6965 -0.7132 0.0789
vn 0.6965 -0.7132 -0.0789
vn 0.6639 -0.6798 -0.3116
vn 0.5631 -0.5767 -0.5918
vn 0.4070 -0.4168 -0.8128
vn 0.2112 -0.2163 -0.9532
vn 0.1090 -0.1117 -0.9877
vn 0.1804 -0.2427 0.9532
vn 0.0931 -0.1253 0.9877
vn 0.3476 -0.4675 0.8128
vn 0.4809 -0.6469 0.5918
vn 0.5669 -0.7626 0.3116
vn 0.5947 -0.8000 0.0789
vn 0.5947 -0.8000 -0.0789
vn 0.5669 -0.7626 -0.3116
vn 0.4809 -0.6469 -0.5918
vn 0.3476 -0.4675 -0.8128
vn 0.1804 -0.2427 -0.9532
vn 0.0931 -0.1253 -0.9877
vn 0.1467 -0.2645 0.9532
vn 0.0757 -0.1365 0.9877
vn 0.2826 -0.5095 0.8127
vn 0.3910 -0.7050 0.5917
vn 0.4609 -0.8310 0.3115
vn 0.4836 -0.8718 0.0789
vn 0.4836 -0.8718 -0.0789
vn 0.4609 -0.8310 -0.3115
vn 0.3910 -0.7050 -0.5917
vn 0.2826 -0.5095 -0.8127
vn 0.1467 -0.2645 -0.9532
vn 0.0757 -0.1365 -0.9877
vn 0.1110 -0.2815 0.9531
vn 0.0573 -0.1452 0.9877
vn 0.2138 -0.5421 0.8126
vn 0.2957 -0.7500 0.5916
vn 0.3486 -0.8840 0.3115
vn 0.3657 -0.9274 0.0789
vn 0.3657 -0.9274 -0.0789
vn 0.3486 -0.8840 -0.3115
vn 0.2957 -0.7500 -0.5916
vn 0.2138 -0.5421 -0.8126
vn 0.1110 -0.2815 -0.9531
vn 0.0573 -0.1452 -0.9877
vn 0.0741 -0.2935 0.9531
vn 0.0382 -0.1514 0.9877
vn 0.1427 -0.5651 0.8126
vn 0.1974 -0.7817 0.5915
vn 0.2326 -0.9214 0.3114
vn 0.2440 -0.9666 0.0789
vn 0.2440 -0.9666 -0.0789
vn 0.2326 -0.9214 -0.3114
vn 0.1974 -0.7817 -0.5915
vn 0.1427 -0.5652 -0.8126
vn 0.0741 -0.2935 -0.9531
vn 0.0382 -0.1514 -0.9877
vn 0.0369 -0.3007 0.9530
vn 0.0190 -0.1550 0.9877
vn 0.0709 -0.5787 0.8125
vn 0.0981 -0.8004 0.5914
vn 0.1156 -0.9432 0.3114
vn 0.1213 -0.9895 0.0789
vn 0.1213 -0.9895 -0.0789
vn 0.1156 -0.9432 -0.3114
vn 0.0981 -0.8004 -0.5914
vn 0.0709 -0.5787 -0.8125
vn 0.0369 -0.3007 -0.9530
vn 0.0190 -0.1550 -0.9877
vn -0.0001 -0.3031 0.9530
vn -0.0000 -0.1562 0.9877
vn -0.0001 -0.5832 0.8124
vn -0.0001 -0.8064 0.5913
vn -0.0002 -0.9503 0.3113
vn -0.0002 -0.9969 0.0788
vn -0.0002 -0.9969 -0.0788
vn -0.0002 -0.9503 -0.3113
vn -0.0001 -0.8064 -0.5913
vn -0.0001 -0.5832 -0.8124
vn -0.0001 -0.3031 -0.9530
vn -0.0000 -0.1562 -0.9877
vn -0.0371 -0.3006 0.9530
vn -0.0191 -0.1550 0.9877
vn -0.0713 -0.5786 0.8125
vn -0.0987 -0.8003 0.5915
vn -0.1163 -0.9432 0.3114
vn -0.1220 -0.9894 0.0788
vn -0.1220 -0.9894 -0.0788
vn -0.1163 -0.9432 -0.3114
vn -0.0987 -0.8003 -0.5915
vn -0.0713 -0.5786 -0.8125
vn -0.0371 -0.3006 -0.9530
vn -0.0191 -0.1550 -0.9877
vn -0.0744 -0.2934 0.9531
vn -0.0384 -0.1513 0.9877
vn -0.1433 -0.5650 0.8126
vn -0.1983 -0.7815 0.5916
vn -0.2337 -0.9211 0.3114
vn -0.2452 -0.9663 0.0789
vn -0.2452 -0.9663 -0.0789
vn -0.2337 -0.9211 -0.3114
vn -0.1983 -0.7815 -0.5916
vn -0.1433 -0.5650 -0.8126
vn -0.0744 -0.2934 -0.9531
vn -0.0384 -0.1513 -0.9877
vn -0.1114 -0.2813 0.9531
vn -0.0575 -0.1451 0.9877
vn -0.2146 -0.5418 0.8127
vn -0.2969 -0.7496 0.5917
vn -0.3499 -0.8835 0.3115
vn -0.3671 -0.9268 0.0789
vn -0.3671 -0.9268 -0.0789
vn -0.3499 -0.8835 -0.3115
vn -0.2969 -0.7496 -0.5917
vn -0.2146 -0.5418 -0.8127
vn -0.1114 -0.2813 -0.9531
vn -0.0575 -0.1451 -0.9877
vn -0.1471 -0.2643 0.9532
vn -0.0759 -0.1364 0.9877
vn -0.2834 -0.5091 0.8127
vn -0.3921 -0.7043 0.5917
vn -0.4622 -0.8302 0.3115
vn -0.4849 -0.8710 0.0789
vn -0.4849 -0.8710 -0.0789
vn -0.4622 -0.8302 -0.3115
vn -0.3921 -0.7043 -0.5917
vn -0.2834 -0.5091 -0.8127
vn -0.1471 -0.2643 -0.9532
vn -0.0759 -0.1364 -0.9877
vn -0.1808 -0.2424 0.9532
vn -0.0933 -0.1251 0.9877
vn -0.3483 -0.4670 0.8128
vn -0.4819 -0.6462 0.5918
vn -0.5680 -0.7617 0.3116
vn -0.5959 -0.7991 0.0789
vn -0.5959 -0.7991 -0.0789
vn -0.5680 -0.7617 -0.3116
vn -0.4819 -0.6462 -0.5918
vn -0.3483 -0.4670 -0.8128
vn -0.1808 -0.2424 -0.9532
vn -0.0933 -0.1251 -0.9877
vn -0.2115 -0.2160 0.9532
vn -0.1092 -0.1115 0.9877
vn -0.4075 -0.4163 0.8128
vn -0.5639 -0.5760 0.5918
vn -0.6647 -0.6790 0.3116
vn -0.6974 -0.7123 0.0789
vn -0.6974 -0.7123 -0.0789
vn -0.6647 -0.6790 -0.3116
vn -0.5639 -0.5760 -0.5918
vn -0.4075 -0.4163 -0.8128
vn -0.2115 -0.2160 -0.9532
vn -0.1092 -0.1115 -0.9877
vn -0.2386 -0.1856 0.9532
vn -0.1232 -0.0958 0.9877
vn -0.4598 -0.3577 0.8128
vn -0.6362 -0.4949 0.5918
vn -0.7500 -0.5834 0.3116
vn -0.7868 -0.6121 0.0789
vn -0.7868 -0.6121 -0.0789
vn -0.7500 -0.5834 -0.3116
vn -0.6362 -0.4949 -0.5918
vn -0.4598 -0.3577 -0.8128
vn -0.2386 -0.1856 -0.9532
vn -0.1232 -0.0958 -0.9877
vn -0.2614 -0.1518 0.9532
vn -0.1350 -0.0784 0.9877
vn -0.5037 -0.2925 0.8128
vn -0.6971 -0.4048 0.5918
vn -0.8217 -0.4772 0.3116
vn -0.8621 -0.5006 0.0789
vn -0.8621 -0.5006 -0.0789
vn -0.8217 -0.4772 -0.3116
vn -0.6971 -0.4048 -0.5918
vn -0.5037 -0.2925 -0.8128
vn -0.2614 -0.1518 -0.9532
vn -0.1350 -0.0784 -0.9877
vn -0.2795 -0.1154 0.9532
vn -0.1443 -0.0596 0.9877
vn -0.5385 -0.2223 0.8128
vn -0.7451 -0.3077 0.5918
vn -0.8783 -0.3627 0.3116
vn -0.9214 -0.3805 0.0789
vn -0.9214 -0.3805 -0.0789
vn -0.8783 -0.3627 -0.3116
vn -0.7451 -0.3077 -0.5918
vn -0.5385 -0.2223 -0.8128
vn -0.2795 -0.1154 -0.9532
vn -0.1443 -0.0596 -0.9877
vn -0.2924 -0.0773 0.9532
vn -0.1509 -0.0399 0.9877
vn -0.5633 -0.1489 0.8127
vn -0.7794 -0.2061 0.5917
vn -0.9187 -0.2429 0.3116
vn -0.9638 -0.2548 0.0789
vn -0.9638 -0.2548 -0.0789
vn -0.9187 -0.2429 -0.3116
vn -0.7794 -0.2061 -0.5917
vn -0.5633 -0.1489 -0.8127
vn -0.2924 -0.0773 -0.9532
vn -0.1509 -0.0399 -0.9877
vn -0.3002 -0.0385 0.9531
vn -0.1548 -0.0199 0.9877
vn -0.5780 -0.0742 0.8126
vn -0.7996 -0.1027 0.5916
vn -0.9425 -0.1210 0.3115
vn -0.9888 -0.1270 0.0789
vn -0.9888 -0.1270 -0.0789
vn -0.9425 -0.1210 -0.3115
vn -0.7996 -0.1027 -0.5916
vn -0.5780 -0.0742 -0.8126
vn -0.3002 -0.0385 -0.9531
vn -0.1548 -0.0199 -0.9877
vn -0.3028 0.0001 0.9531
vn -0.5829 0.0001 0.8125
vn -0.8063 0.0001 0.5915
vn -0.9503 0.0002 0.3114
vn -0.9969 0.0002 0.0789
vn -0.9969 0.0002 -0.0789
vn -0.9503 0.0002 -0.3114
vn -0.8063 0.0001 -0.5915
vn -0.5829 0.0001 -0.8125
vn -0.3028 0.0001 -0.9531
vn -0.5780 0.0745 0.8126
vn -0.7996 0.1031 0.5916
vn -0.9424 0.1215 0.3115
vn -0.9887 0.1275 0.0789
vn -0.9887 0.1275 -0.0789
vn -0.9424 0.1215 -0.3115
vn -0.7996 0.1031 -0.5916
vn -0.5780 0.0745 -0.8126
vn -0.2924 0.0775 0.9532
vn -0.1509 0.0400 0.9877
vn -0.5632 0.1493 0.8127
vn -0.7792 0.2066 0.5917
vn -0.9185 0.2436 0.3116
vn -0.9636 0.2555 0.0789
vn -0.9636 0.2555 -0.0789
vn -0.9185 0.2436 -0.3116
vn -0.7792 0.2066 -0.5917
vn -0.5632 0.1493 -0.8127
vn -0.2924 0.0775 -0.9532
vn -0.1509 0.0400 -0.9877
vn -0.2794 0.1156 0.9532
vn -0.1442 0.0596 0.9877
vn -0.5384 0.2226 0.8128
vn -0.7449 0.3080 0.5918
vn -0.8781 0.3631 0.3116
vn -0.9212 0.3809 0.0789
vn -0.9212 0.3809 -0.0789
vn -0.8781 0.3631 -0.3116
vn -0.7449 0.3080 -0.5918
vn -0.5384 0.2226 -0.8128
vn -0.2794 0.1156 -0.9532
vn -0.1442 0.0596 -0.9877
vn -0.2615 0.1518 0.9532
vn -0.1350 0.0784 0.9877
vn -0.5038 0.2925 0.8128
vn -0.6971 0.4048 0.5918
vn -0.8217 0.4772 0.3116
vn -0.8621 0.5006 0.0789
vn -0.8621 0.5006 -0.0789
vn -0.8217 0.4772 -0.3116
vn -0.6971 0.4048 -0.5918
vn -0.5038 0.2925 -0.8128
vn -0.2615 0.1518 -0.9532
vn -0.1350 0.0784 -0.9877
vn -0.2388 0.1855 0.9532
vn -0.1233 0.0958 0.9877
vn -0.4600 0.3574 0.8128
vn -0.6366 0.4945 0.5918
vn -0.7504 0.5829 0.3116
vn -0.7872 0.6116 0.0789
vn -0.7872 0.6116 -0.0789
vn -0.7504 0.5829 -0.3116
vn -0.6366 0.4945 -0.5918
vn -0.4600 0.3574 -0.8128
vn -0.2388 0.1855 -0.9532
vn -0.1233 0.0958 -0.9877
vn -0.2118 0.2158 0.9532
vn -0.1093 0.1114 0.9877
vn -0.4081 0.4157 0.8128
vn -0.5647 0.5752 0.5918
vn -0.6657 0.6781 0.3116
vn -0.6983 0.7114 0.0789
vn -0.6983 0.7114 -0.0789
vn -0.6657 0.6781 -0.3116
vn -0.5647 0.5752 -0.5918
vn -0.4081 0.4157 -0.8128
vn -0.2118 0.2158 -0.9532
vn -0.1093 0.1114 -0.9877
vn -0.1812 0.2421 0.9532
vn -0.0935 0.1250 0.9877
vn -0.3491 0.4664 0.8128
vn -0.4831 0.6453 0.5918
vn -0.5694 0.7607 0.3116
vn -0.5974 0.7980 0.0789
vn -0.5974 0.7980 -0.0789
vn -0.5694 0.7607 -0.3116
vn -0.4831 0.6453 -0.5918
vn -0.3491 0.4664 -0.8128
vn -0.1812 0.2421 -0.9532
vn -0.0935 0.1250 -0.9877
vn -0.1477 0.2640 0.9532
vn -0.0762 0.1362 0.9877
vn -0.2845 0.5085 0.8127
vn -0.3936 0.7035 0.5917
vn -0.4640 0.8293 0.3115
vn -0.4868 0.8700 0.0789
vn -0.4868 0.8700 -0.0789
vn -0.4640 0.8293 -0.3115
vn -0.3936 0.7035 -0.5917
vn -0.2845 0.5085 -0.8127
vn -0.1477 0.2640 -0.9532
vn -0.0762 0.1362 -0.9877
vn -0.1120 0.2811 0.9531
vn -0.0578 0.1450 0.9877
vn -0.2157 0.5414 0.8127
vn -0.2984 0.7489 0.5917
vn -0.3517 0.8828 0.3115
vn -0.3690 0.9261 0.0789
vn -0.3690 0.9261 -0.0789
vn -0.3517 0.8828 -0.3115
vn -0.2984 0.7489 -0.5917
vn -0.2157 0.5414 -0.8127
vn -0.1120 0.2811 -0.9531
vn -0.0578 0.1450 -0.9877
vn -0.0749 0.2933 0.9531
vn -0.0386 0.1513 0.9877
vn -0.1443 0.5647 0.8126
vn -0.1996 0.7812 0.5916
vn -0.2352 0.9207 0.3115
vn -0.2468 0.9659 0.0789
vn -0.2468 0.9659 -0.0789
vn -0.2352 0.9207 -0.3115
vn -0.1996 0.7812 -0.5916
vn -0.1443 0.5647 -0.8126
vn -0.0749 0.2933 -0.9531
vn -0.0386 0.1513 -0.9877
vn -0.0373 0.3005 0.9530
vn -0.0193 0.1549 0.9877
vn -0.0719 0.5785 0.8125
vn -0.0994 0.8002 0.5915
vn -0.1172 0.9430 0.3114
vn -0.1229 0.9893 0.0789
vn -0.1229 0.9893 -0.0789
vn -0.1172 0.9430 -0.3114
vn -0.0994 0.8002 -0.5915
vn -0.0719 0.5785 -0.8125
vn -0.0373 0.3005 -0.9530
vn -0.0193 0.1549 -0.9877
vn -0.0001 0.3030 0.9530
vn -0.0000 0.1562 0.9877
vn -0.0001 0.5831 0.8124
vn -0.0002 0.8064 0.5914
vn -0.0002 0.9503 0.3113
vn -0.0002 0.9969 0.0788
vn -0.0002 0.9969 -0.0788
vn -0.0002 0.9503 -0.3113
vn -0.0002 0.8064 -0.5914
vn -0.0001 0.5831 -0.8124
vn -0.0001 0.3030 -0.9530
vn -0.0000 0.1562 -0.9877
vn 0.1699 -0.2578 0.9511
vn 0.1952 0.1287 0.9723
vn 0.0725 0.0478 0.9962
vn 0.0722 -0.1094 0.9914
vn 0.3074 -0.4662 0.8296
vn 0.3629 0.2392 0.9006
vn 0.4294 -0.6514 0.6255
vn 0.5568 0.3671 0.7451
vn 0.5176 -0.7852 0.3399
vn 0.7480 0.4931 0.4442
vn 0.5481 -0.8315 0.0907
vn 0.8278 0.5457 0.1303
vn 0.5481 -0.8315 -0.0907
vn 0.8278 0.5457 -0.1303
vn 0.5176 -0.7852 -0.3399
vn 0.7480 0.4931 -0.4442
vn 0.4294 -0.6514 -0.6255
vn 0.5568 0.3671 -0.7451
vn 0.3074 -0.4662 -0.8296
vn 0.3629 0.2392 -0.9006
vn 0.1699 -0.2578 -0.9511
vn 0.1952 0.1287 -0.9723
vn 0.0722 -0.1094 -0.9914
vn 0.0725 0.0478 -0.9962
vn -0.1700 0.2577 0.9512
vn -0.0722 0.1094 0.9914
vn -0.3075 0.4661 0.8296
vn -0.4296 0.6512 0.6256
vn -0.5179 0.7850 0.3400
vn -0.5484 0.8313 0.0907
vn -0.5484 0.8313 -0.0907
vn -0.5179 0.7850 -0.3400
vn -0.4296 0.6512 -0.6256
vn -0.3075 0.4661 -0.8296
vn -0.1700 0.2577 -0.9512
vn -0.0722 0.1094 -0.9914
vn 0.0001 0.0797 0.9968
vn 0.0001 0.0621 0.9981
vn 0.0002 0.2210 0.9753
vn 0.0004 0.4119 0.9112
vn 0.0006 0.7162 0.6979
vn 0.0009 0.9765 0.2155
vn 0.0009 0.9765 -0.2155
vn 0.0006 0.7162 -0.6979
vn 0.0004 0.4119 -0.9112
vn 0.0002 0.2210 -0.9753
vn 0.0001 0.0797 -0.9968
vn 0.0001 0.0621 -0.9981
vn 0.1702 0.2575 0.9512
vn 0.3078 0.4657 0.8297
vn 0.4301 0.6507 0.6258
vn 0.5186 0.7845 0.3401
vn 0.5492 0.8308 0.0907
vn 0.5492 0.8308 -0.0907
vn 0.5186 0.7845 -0.3401
vn 0.4301 0.6507 -0.6258
vn 0.3078 0.4657 -0.8297
vn 0.1702 0.2575 -0.9512
vn -0.1956 0.1300 0.9720
vn -0.0727 0.0483 0.9962
vn -0.3634 0.2415 0.8998
vn -0.5569 0.3701 0.7436
vn -0.7468 0.4963 0.4427
vn -0.8258 0.5488 0.1297
vn -0.8258 0.5488 -0.1297
vn -0.7468 0.4963 -0.4427
vn -0.5569 0.3701 -0.7436
vn -0.3634 0.2415 -0.8998
vn -0.1956 0.1300 -0.9720
vn -0.0727 0.0483 -0.9962
vn -0.1707 -0.2568 0.9513
vn -0.0724 -0.1089 0.9914
vn -0.3087 -0.4645 0.8300
vn -0.4315 -0.6493 0.6262
vn -0.5204 -0.7831 0.3404
vn -0.5512 -0.8294 0.0909
vn -0.5512 -0.8294 -0.0909
vn -0.5204 -0.7831 -0.3404
vn -0.4315 -0.6493 -0.6262
vn -0.3087 -0.4645 -0.8300
vn -0.1707 -0.2568 -0.9513
vn -0.0724 -0.1089 -0.9914
vn -0.7024 -0.7023 0.1158
vn -0.7024 -0.7023 -0.1158
vn -0.7024 0.7023 0.1158
vn -0.7024 0.7023 -0.1158
vn -0.0292 0.3117 0.9497
vn -0.0609 0.3075 0.9496
vn -0.0303 0.1532 0.9877
vn -0.0146 0.1556 0.9877
vn -0.0551 0.5879 0.8070
vn -0.1147 0.5795 0.8069
vn -0.0757 0.8068 0.5859
vn -0.1574 0.7950 0.5858
vn -0.0889 0.9473 0.3079
vn -0.1848 0.9333 0.3078
vn -0.0931 0.9926 0.0784
vn -0.1936 0.9779 0.0784
vn -0.0931 0.9926 -0.0784
vn -0.1936 0.9779 -0.0784
vn -0.0889 0.9473 -0.3079
vn -0.1848 0.9333 -0.3078
vn -0.0757 0.8068 -0.5859
vn -0.1574 0.7950 -0.5858
vn -0.0551 0.5879 -0.8070
vn -0.1147 0.5795 -0.8069
vn -0.0292 0.3117 -0.9497
vn -0.0609 0.3075 -0.9496
vn -0.0146 0.1556 -0.9877
vn -0.0303 0.1532 -0.9877
vn -0.0950 0.2991 0.9495
vn -0.0473 0.1488 0.9877
vn -0.1789 0.5632 0.8067
vn -0.2454 0.7725 0.5857
vn -0.2881 0.9068 0.3078
vn -0.3018 0.9501 0.0784
vn -0.3018 0.9501 -0.0784
vn -0.2881 0.9068 -0.3078
vn -0.2454 0.7725 -0.5857
vn -0.1789 0.5632 -0.8067
vn -0.0950 0.2991 -0.9495
vn -0.0473 0.1488 -0.9877
vn -0.1311 0.2856 0.9494
vn -0.0651 0.1419 0.9877
vn -0.2467 0.5373 0.8065
vn -0.3383 0.7367 0.5855
vn -0.3970 0.8647 0.3077
vn -0.4160 0.9060 0.0784
vn -0.4160 0.9060 -0.0784
vn -0.3970 0.8647 -0.3077
vn -0.3383 0.7367 -0.5855
vn -0.2467 0.5373 -0.8065
vn -0.1311 0.2856 -0.9494
vn -0.0651 0.1419 -0.9877
vn -0.1681 0.2659 0.9492
vn -0.0834 0.1319 0.9877
vn -0.3160 0.4999 0.8064
vn -0.4332 0.6853 0.5854
vn -0.5084 0.8043 0.3076
vn -0.5327 0.8427 0.0784
vn -0.5327 0.8427 -0.0784
vn -0.5084 0.8043 -0.3076
vn -0.4332 0.6853 -0.5854
vn -0.3160 0.4999 -0.8064
vn -0.1681 0.2659 -0.9492
vn -0.0834 0.1319 -0.9877
vn -0.2044 0.2395 0.9491
vn -0.1013 0.1187 0.9878
vn -0.3839 0.4500 0.8063
vn -0.5262 0.6168 0.5853
vn -0.6176 0.7239 0.3076
vn -0.6470 0.7584 0.0784
vn -0.6470 0.7584 -0.0784
vn -0.6176 0.7239 -0.3076
vn -0.5262 0.6168 -0.5853
vn -0.3839 0.4500 -0.8063
vn -0.2044 0.2395 -0.9491
vn -0.1013 0.1187 -0.9878
vn -0.2378 0.2066 0.9491
vn -0.1178 0.1023 0.9878
vn -0.4466 0.3880 0.8062
vn -0.6121 0.5317 0.5853
vn -0.7183 0.6240 0.3076
vn -0.7526 0.6538 0.0784
vn -0.7526 0.6538 -0.0784
vn -0.7183 0.6240 -0.3076
vn -0.6121 0.5317 -0.5853
vn -0.4466 0.3880 -0.8062
vn -0.2378 0.2066 -0.9491
vn -0.1178 0.1023 -0.9878
vn -0.2665 0.1681 0.9491
vn -0.1319 0.0832 0.9878
vn -0.5004 0.3157 0.8062
vn -0.6857 0.4327 0.5853
vn -0.8047 0.5078 0.3076
vn -0.8431 0.5320 0.0784
vn -0.8431 0.5320 -0.0784
vn -0.8047 0.5078 -0.3076
vn -0.6857 0.4327 -0.5853
vn -0.5004 0.3157 -0.8062
vn -0.2665 0.1681 -0.9491
vn -0.1319 0.0832 -0.9878
vn -0.2886 0.1260 0.9491
vn -0.1430 0.0624 0.9878
vn -0.5422 0.2367 0.8062
vn -0.7431 0.3245 0.5853
vn -0.8720 0.3808 0.3076
vn -0.9136 0.3989 0.0784
vn -0.9136 0.3989 -0.0784
vn -0.8720 0.3808 -0.3076
vn -0.7431 0.3245 -0.5853
vn -0.5422 0.2367 -0.8062
vn -0.2886 0.1260 -0.9491
vn -0.1430 0.0624 -0.9878
vn -0.3037 0.0827 0.9492
vn -0.1506 0.0410 0.9877
vn -0.5707 0.1554 0.8063
vn -0.7823 0.2130 0.5854
vn -0.9181 0.2499 0.3076
vn -0.9619 0.2618 0.0784
vn -0.9619 0.2618 -0.0784
vn -0.9181 0.2499 -0.3076
vn -0.7823 0.2130 -0.5854
vn -0.5707 0.1554 -0.8063
vn -0.3037 0.0827 -0.9492
vn -0.1506 0.0410 -0.9877
vn -0.3118 0.0402 0.9493
vn -0.5864 0.0756 0.8065
vn -0.8040 0.1037 0.5855
vn -0.9437 0.1217 0.3077
vn -0.9887 0.1275 0.0784
vn -0.9887 0.1275 -0.0784
vn -0.9437 0.1217 -0.3077
vn -0.8040 0.1037 -0.5855
vn -0.5864 0.0756 -0.8065
vn -0.3118 0.0402 -0.9493
vn -0.3134 0.0028 0.9496
vn -0.1562 0.0014 0.9877
vn -0.5907 0.0053 0.8069
vn -0.8104 0.0073 0.5858
vn -0.9514 0.0086 0.3078
vn -0.9969 0.0090 0.0784
vn -0.9969 0.0090 -0.0784
vn -0.9514 0.0086 -0.3078
vn -0.8104 0.0073 -0.5858
vn -0.5907 0.0053 -0.8069
vn -0.3134 0.0028 -0.9496
vn -0.1562 0.0014 -0.9877
vn -0.3116 -0.0281 0.9498
vn -0.1556 -0.0140 0.9877
vn -0.5880 -0.0530 0.8071
vn -0.8070 -0.0728 0.5860
vn -0.9476 -0.0855 0.3080
vn -0.9929 -0.0896 0.0784
vn -0.9929 -0.0896 -0.0784
vn -0.9476 -0.0855 -0.3080
vn -0.8070 -0.0728 -0.5860
vn -0.5880 -0.0530 -0.8071
vn -0.3116 -0.0281 -0.9498
vn -0.1556 -0.0140 -0.9877
vn -0.3077 -0.0575 0.9497
vn -0.1536 -0.0287 0.9877
vn -0.5805 -0.1084 0.8070
vn -0.7966 -0.1488 0.5859
vn -0.9352 -0.1747 0.3079
vn -0.9800 -0.1830 0.0784
vn -0.9800 -0.1830 -0.0784
vn -0.9352 -0.1747 -0.3079
vn -0.7966 -0.1488 -0.5859
vn -0.5805 -0.1084 -0.8070
vn -0.3077 -0.0575 -0.9497
vn -0.1536 -0.0287 -0.9877
vn -0.3007 -0.0878 0.9497
vn -0.1500 -0.0438 0.9877
vn -0.5669 -0.1656 0.8070
vn -0.7779 -0.2272 0.5859
vn -0.9133 -0.2667 0.3079
vn -0.9569 -0.2795 0.0784
vn -0.9569 -0.2795 -0.0784
vn -0.9133 -0.2667 -0.3079
vn -0.7779 -0.2272 -0.5859
vn -0.5669 -0.1656 -0.8070
vn -0.3007 -0.0878 -0.9497
vn -0.1500 -0.0438 -0.9877
vn -0.2901 -0.1184 0.9496
vn -0.1446 -0.0590 0.9877
vn -0.5469 -0.2233 0.8069
vn -0.7503 -0.3063 0.5858
vn -0.8808 -0.3596 0.3079
vn -0.9230 -0.3768 0.0784
vn -0.9230 -0.3768 -0.0784
vn -0.8808 -0.3596 -0.3079
vn -0.7503 -0.3063 -0.5858
vn -0.5469 -0.2233 -0.8069
vn -0.2901 -0.1184 -0.9496
vn -0.1446 -0.0590 -0.9877
vn -0.2760 -0.1485 0.9496
vn -0.1376 -0.0740 0.9877
vn -0.5202 -0.2800 0.8069
vn -0.7137 -0.3841 0.5858
vn -0.8378 -0.4509 0.3078
vn -0.8779 -0.4725 0.0784
vn -0.8779 -0.4725 -0.0784
vn -0.8378 -0.4509 -0.3078
vn -0.7137 -0.3841 -0.5858
vn -0.5202 -0.2800 -0.8069
vn -0.2760 -0.1485 -0.9496
vn -0.1376 -0.0740 -0.9877
vn -0.2585 -0.1773 0.9496
vn -0.1288 -0.0883 0.9877
vn -0.4872 -0.3341 0.8069
vn -0.6684 -0.4584 0.5858
vn -0.7847 -0.5381 0.3078
vn -0.8222 -0.5638 0.0784
vn -0.8222 -0.5638 -0.0784
vn -0.7847 -0.5381 -0.3078
vn -0.6684 -0.4584 -0.5858
vn -0.4872 -0.3341 -0.8069
vn -0.2585 -0.1773 -0.9496
vn -0.1288 -0.0883 -0.9877
vn -0.2381 -0.2038 0.9496
vn -0.1187 -0.1016 0.9877
vn -0.4487 -0.3842 0.8069
vn -0.6156 -0.5271 0.5858
vn -0.7227 -0.6188 0.3078
vn -0.7573 -0.6484 0.0784
vn -0.7573 -0.6484 -0.0784
vn -0.7227 -0.6188 -0.3078
vn -0.6156 -0.5271 -0.5858
vn -0.4487 -0.3842 -0.8069
vn -0.2381 -0.2038 -0.9496
vn -0.1187 -0.1016 -0.9877
vn -0.2153 -0.2276 0.9497
vn -0.1074 -0.1135 0.9877
vn -0.4059 -0.4291 0.8069
vn -0.5569 -0.5888 0.5858
vn -0.6538 -0.6912 0.3079
vn -0.6851 -0.7242 0.0784
vn -0.6851 -0.7242 -0.0784
vn -0.6538 -0.6912 -0.3079
vn -0.5569 -0.5888 -0.5858
vn -0.4059 -0.4291 -0.8069
vn -0.2153 -0.2276 -0.9497
vn -0.1074 -0.1135 -0.9877
vn -0.1910 -0.2482 0.9497
vn -0.0953 -0.1238 0.9877
vn -0.3601 -0.4681 0.8070
vn -0.4942 -0.6423 0.5859
vn -0.5802 -0.7541 0.3079
vn -0.6079 -0.7901 0.0784
vn -0.6079 -0.7901 -0.0784
vn -0.5802 -0.7541 -0.3079
vn -0.4942 -0.6423 -0.5859
vn -0.3601 -0.4681 -0.8070
vn -0.1910 -0.2482 -0.9497
vn -0.0953 -0.1238 -0.9877
vn -0.1658 -0.2655 0.9498
vn -0.0828 -0.1325 0.9877
vn -0.3128 -0.5008 0.8071
vn -0.4293 -0.6873 0.5860
vn -0.5040 -0.8070 0.3079
vn -0.5281 -0.8456 0.0784
vn -0.5281 -0.8456 -0.0784
vn -0.5040 -0.8070 -0.3079
vn -0.4293 -0.6873 -0.5860
vn -0.3128 -0.5008 -0.8071
vn -0.1658 -0.2655 -0.9498
vn -0.0828 -0.1325 -0.9877
vn -0.1405 -0.2794 0.9498
vn -0.0702 -0.1396 0.9877
vn -0.2335 -0.3962 0.8880
vn -0.8698 0.4795 -0.1161
vn -0.8508 0.5219 -0.0612
vn -0.8702 0.4927 -0.0079
vn -0.8702 0.4927 0.0079
vn -0.8508 0.5219 0.0612
vn -0.8698 0.4795 0.1161
vn -0.2335 -0.3962 -0.8880
vn -0.1405 -0.2794 -0.9498
vn -0.0702 -0.1396 -0.9877
vn -0.1063 -0.0106 0.9943
vn -0.0781 -0.0078 0.9969
vn 0.5106 0.0508 -0.8583
vn 0.6318 0.0629 -0.7726
vn 0.8773 0.0873 -0.4720
vn 0.9850 0.0980 -0.1421
vn 0.9850 0.0980 0.1421
vn 0.8773 0.0873 0.4720
vn 0.6318 0.0629 0.7726
vn 0.5106 0.0508 0.8583
vn -0.1063 -0.0106 -0.9943
vn -0.0781 -0.0078 -0.9969
vn -0.1896 0.2477 0.9501
vn -0.0950 0.1241 0.9877
vn -0.2970 0.3492 0.8887
vn -0.7651 -0.6334 -0.1161
vn -0.7385 -0.6715 -0.0611
vn -0.7630 -0.6464 -0.0078
vn -0.7630 -0.6464 0.0078
vn -0.7385 -0.6715 0.0611
vn -0.7651 -0.6334 0.1161
vn -0.2970 0.3492 -0.8887
vn -0.1896 0.2477 -0.9501
vn -0.0950 0.1241 -0.9877
vn -0.2055 0.2345 0.9502
vn -0.1031 0.1176 0.9877
vn -0.3887 0.4435 0.8076
vn -0.5339 0.6091 0.5865
vn -0.6270 0.7154 0.3082
vn -0.6571 0.7497 0.0784
vn -0.6571 0.7497 -0.0784
vn -0.6270 0.7154 -0.3082
vn -0.5339 0.6091 -0.5865
vn -0.3887 0.4435 -0.8076
vn -0.2055 0.2345 -0.9502
vn -0.1031 0.1176 -0.9877
vn -0.2193 0.2213 0.9502
vn -0.1101 0.1111 0.9877
vn -0.4149 0.4188 0.8078
vn -0.5700 0.5753 0.5866
vn -0.6696 0.6758 0.3083
vn -0.7017 0.7082 0.0784
vn -0.7017 0.7082 -0.0784
vn -0.6696 0.6758 -0.3083
vn -0.5700 0.5753 -0.5866
vn -0.4149 0.4188 -0.8078
vn -0.2193 0.2213 -0.9502
vn -0.1101 0.1111 -0.9877
vn -0.2309 0.2087 0.9503
vn -0.1160 0.1049 0.9877
vn -0.4371 0.3953 0.8079
vn -0.6007 0.5431 0.5867
vn -0.7056 0.6380 0.3084
vn -0.7395 0.6686 0.0784
vn -0.7395 0.6686 -0.0784
vn -0.7056 0.6380 -0.3084
vn -0.6007 0.5431 -0.5867
vn -0.4371 0.3953 -0.8079
vn -0.2309 0.2087 -0.9503
vn -0.1160 0.1049 -0.9877
vn -0.2403 0.1973 0.9504
vn -0.1209 0.0992 0.9877
vn -0.4553 0.3738 0.8080
vn -0.6258 0.5138 0.5868
vn -0.7352 0.6036 0.3084
vn -0.7705 0.6326 0.0784
vn -0.7705 0.6326 -0.0784
vn -0.7352 0.6036 -0.3084
vn -0.6258 0.5138 -0.5868
vn -0.4553 0.3738 -0.8080
vn -0.2403 0.1973 -0.9504
vn -0.1209 0.0992 -0.9877
vn -0.2478 0.1873 0.9505
vn -0.1248 0.0943 0.9877
vn -0.4698 0.3551 0.8082
vn -0.6459 0.4882 0.5870
vn -0.7589 0.5735 0.3085
vn -0.7953 0.6011 0.0784
vn -0.7953 0.6011 -0.0784
vn -0.7589 0.5735 -0.3085
vn -0.6459 0.4882 -0.5870
vn -0.4698 0.3551 -0.8082
vn -0.2478 0.1873 -0.9505
vn -0.1248 0.0943 -0.9877
vn -0.2535 0.1789 0.9506
vn -0.1278 0.0902 0.9877
vn -0.4810 0.3394 0.8084
vn -0.6614 0.4667 0.5871
vn -0.7772 0.5484 0.3086
vn -0.8145 0.5748 0.0784
vn -0.8145 0.5748 -0.0784
vn -0.7772 0.5484 -0.3086
vn -0.6614 0.4667 -0.5871
vn -0.4810 0.3394 -0.8084
vn -0.2535 0.1789 -0.9506
vn -0.1278 0.0902 -0.9877
vn -0.2577 0.1722 0.9507
vn -0.1301 0.0869 0.9877
vn -0.4893 0.3270 0.8085
vn -0.6730 0.4497 0.5873
vn -0.7908 0.5285 0.3087
vn -0.8289 0.5539 0.0784
vn -0.8289 0.5539 -0.0784
vn -0.7908 0.5285 -0.3087
vn -0.6730 0.4497 -0.5873
vn -0.4893 0.3270 -0.8085
vn -0.2577 0.1722 -0.9507
vn -0.1301 0.0869 -0.9877
vn -0.2607 0.1672 0.9508
vn -0.1317 0.0845 0.9877
vn -0.4951 0.3177 0.8087
vn -0.6811 0.4370 0.5874
vn -0.8005 0.5136 0.3088
vn -0.8391 0.5383 0.0784
vn -0.8391 0.5383 -0.0784
vn -0.8005 0.5136 -0.3088
vn -0.6811 0.4370 -0.5874
vn -0.4951 0.3177 -0.8087
vn -0.2607 0.1672 -0.9508
vn -0.1317 0.0845 -0.9877
vn -0.2625 0.1639 0.9509
vn -0.1327 0.0828 0.9877
vn -0.4989 0.3114 0.8088
vn -0.6864 0.4285 0.5876
vn -0.8068 0.5037 0.3089
vn -0.8457 0.5279 0.0784
vn -0.8457 0.5279 -0.0784
vn -0.8068 0.5037 -0.3089
vn -0.6864 0.4285 -0.5876
vn -0.4989 0.3114 -0.8088
vn -0.2625 0.1639 -0.9509
vn -0.1327 0.0828 -0.9877
vn -0.2634 0.1620 0.9510
vn -0.1332 0.0820 0.9877
vn -0.5008 0.3080 0.8089
vn -0.6892 0.4239 0.5877
vn -0.8101 0.4983 0.3090
vn -0.8492 0.5223 0.0784
vn -0.8492 0.5223 -0.0784
vn -0.8101 0.4983 -0.3090
vn -0.6892 0.4239 -0.5877
vn -0.5008 0.3080 -0.8089
vn -0.2634 0.1620 -0.9510
vn -0.1332 0.0820 -0.9877
vn -0.2627 0.1621 0.9512
vn -0.1331 0.0822 0.9877
vn -0.5000 0.3086 0.8092
vn -0.6883 0.4249 0.5880
vn -0.8093 0.4995 0.3091
vn -0.8483 0.5236 0.0785
vn -0.8483 0.5236 -0.0785
vn -0.8093 0.4995 -0.3091
vn -0.6883 0.4249 -0.5880
vn -0.5000 0.3086 -0.8092
vn -0.2627 0.1621 -0.9512
vn -0.1331 0.0822 -0.9877
vn -0.2613 0.1642 0.9512
vn -0.1325 0.0832 0.9877
vn -0.4975 0.3125 0.8092
vn -0.6849 0.4303 0.5880
vn -0.8053 0.5059 0.3091
vn -0.8442 0.5303 0.0785
vn -0.8442 0.5303 -0.0785
vn -0.8053 0.5059 -0.3091
vn -0.6849 0.4303 -0.5880
vn -0.4975 0.3125 -0.8092
vn -0.2613 0.1642 -0.9512
vn -0.1325 0.0832 -0.9877
vn -0.2598 0.1665 0.9512
vn -0.1317 0.0844 0.9877
vn -0.4946 0.3170 0.8093
vn -0.6810 0.4365 0.5880
vn -0.8007 0.5132 0.3092
vn -0.8393 0.5380 0.0785
vn -0.8393 0.5380 -0.0785
vn -0.8007 0.5132 -0.3092
vn -0.6810 0.4365 -0.5880
vn -0.4946 0.3170 -0.8093
vn -0.2598 0.1665 -0.9512
vn -0.1317 0.0844 -0.9877
vn -0.2581 0.1691 0.9512
vn -0.1309 0.0857 0.9877
vn -0.4914 0.3219 0.8093
vn -0.6766 0.4432 0.5880
vn -0.7956 0.5211 0.3092
vn -0.8340 0.5462 0.0785
vn -0.8340 0.5462 -0.0785
vn -0.7956 0.5211 -0.3092
vn -0.6766 0.4432 -0.5880
vn -0.4914 0.3219 -0.8093
vn -0.2581 0.1691 -0.9512
vn -0.1309 0.0857 -0.9877
vn -0.2564 0.1717 0.9512
vn -0.1300 0.0870 0.9877
vn -0.4882 0.3268 0.8093
vn -0.6721 0.4500 0.5880
vn -0.7903 0.5290 0.3092
vn -0.8284 0.5546 0.0785
vn -0.8284 0.5546 -0.0785
vn -0.7903 0.5290 -0.3092
vn -0.6721 0.4500 -0.5880
vn -0.4882 0.3268 -0.8093
vn -0.2564 0.1717 -0.9512
vn -0.1300 0.0870 -0.9877
vn -0.2548 0.1741 0.9512
vn -0.1292 0.0883 0.9877
vn -0.4850 0.3315 0.8092
vn -0.6678 0.4564 0.5880
vn -0.7852 0.5366 0.3092
vn -0.8231 0.5625 0.0785
vn -0.8231 0.5625 -0.0785
vn -0.7852 0.5366 -0.3092
vn -0.6678 0.4564 -0.5880
vn -0.4850 0.3315 -0.8092
vn -0.2548 0.1741 -0.9512
vn -0.1292 0.0883 -0.9877
vn -0.2534 0.1763 0.9512
vn -0.1284 0.0894 0.9877
vn -0.4823 0.3356 0.8092
vn -0.6640 0.4620 0.5880
vn -0.7806 0.5432 0.3091
vn -0.8183 0.5694 0.0785
vn -0.8183 0.5694 -0.0785
vn -0.7806 0.5432 -0.3091
vn -0.6640 0.4620 -0.5880
vn -0.4823 0.3356 -0.8092
vn -0.2534 0.1763 -0.9512
vn -0.1284 0.0894 -0.9877
vn -0.2522 0.1781 0.9511
vn -0.4800 0.3389 0.8092
vn -0.6608 0.4666 0.5879
vn -0.7769 0.5486 0.3091
vn -0.8144 0.5750 0.0785
vn -0.8144 0.5750 -0.0785
vn -0.7769 0.5486 -0.3091
vn -0.6608 0.4666 -0.5879
vn -0.4800 0.3389 -0.8092
vn -0.2522 0.1781 -0.9511
vn -0.2513 0.1794 0.9511
vn -0.1273 0.0909 0.9877
vn -0.4783 0.3414 0.8091
vn -0.6584 0.4700 0.5879
vn -0.7740 0.5526 0.3091
vn -0.8114 0.5792 0.0785
vn -0.8114 0.5792 -0.0785
vn -0.7740 0.5526 -0.3091
vn -0.6584 0.4700 -0.5879
vn -0.4783 0.3414 -0.8091
vn -0.2513 0.1794 -0.9511
vn -0.1273 0.0909 -0.9877
vn -0.2508 0.1803 0.9511
vn -0.1270 0.0913 0.9877
vn -0.4771 0.3431 0.8091
vn -0.6568 0.4723 0.5878
vn -0.7721 0.5553 0.3091
vn -0.8094 0.5820 0.0785
vn -0.8094 0.5820 -0.0785
vn -0.7721 0.5553 -0.3091
vn -0.6568 0.4723 -0.5878
vn -0.4771 0.3431 -0.8091
vn -0.2508 0.1803 -0.9511
vn -0.1270 0.0913 -0.9877
vn -0.2505 0.1809 0.9511
vn -0.1268 0.0916 0.9877
vn -0.4765 0.3441 0.8090
vn -0.6559 0.4736 0.5878
vn -0.7710 0.5568 0.3090
vn -0.8082 0.5836 0.0785
vn -0.8082 0.5836 -0.0785
vn -0.7710 0.5568 -0.3090
vn -0.6559 0.4736 -0.5878
vn -0.4765 0.3441 -0.8090
vn -0.2505 0.1809 -0.9511
vn -0.1268 0.0916 -0.9877
vn -0.2504 0.1811 0.9511
vn -0.1268 0.0917 0.9877
vn -0.4763 0.3445 0.8090
vn -0.6555 0.4741 0.5878
vn -0.7706 0.5573 0.3090
vn -0.8078 0.5842 0.0785
vn -0.8078 0.5842 -0.0785
vn -0.7706 0.5573 -0.3090
vn -0.6555 0.4741 -0.5878
vn -0.4763 0.3445 -0.8090
vn -0.2504 0.1811 -0.9511
vn -0.1268 0.0917 -0.9877
vn -0.1788 -0.0913 0.9796
vn -0.0640 -0.0327 0.9974
vn -0.3370 -0.1721 0.9257
vn -0.5399 -0.2758 0.7952
vn -0.7731 -0.3949 0.4963
vn -0.8800 -0.4496 0.1530
vn -0.8800 -0.4496 -0.1530
vn -0.7731 -0.3949 -0.4963
vn -0.5399 -0.2758 -0.7952
vn -0.3370 -0.1721 -0.9257
vn -0.1788 -0.0913 -0.9796
vn -0.0640 -0.0327 -0.9974
vn 0.1514 -0.2772 0.9488
vn 0.0660 -0.1209 0.9905
vn 0.2739 -0.5017 0.8206
vn 0.3791 -0.6944 0.6117
vn 0.4525 -0.8289 0.3290
vn 0.4774 -0.8744 0.0868
vn 0.4774 -0.8744 -0.0868
vn 0.4525 -0.8289 -0.3290
vn 0.3791 -0.6944 -0.6117
vn 0.2739 -0.5017 -0.8206
vn 0.1514 -0.2772 -0.9488
vn 0.0660 -0.1209 -0.9905
vn 0.2583 -0.1685 0.9513
vn 0.1310 -0.0855 0.9877
vn 0.4919 -0.3210 0.8093
vn 0.6773 -0.4420 0.5881
vn 0.7964 -0.5197 0.3092
vn 0.8349 -0.5448 0.0785
vn 0.8349 -0.5448 -0.0785
vn 0.7964 -0.5197 -0.3092
vn 0.6773 -0.4420 -0.5881
vn 0.4919 -0.3210 -0.8093
vn 0.2583 -0.1685 -0.9513
vn 0.1310 -0.0855 -0.9877
vn 0.2536 -0.1740 0.9515
vn 0.1290 -0.0885 0.9877
vn 0.4837 -0.3319 0.8098
vn 0.6666 -0.4574 0.5886
vn 0.7841 -0.5380 0.3095
vn 0.8220 -0.5640 0.0785
vn 0.8220 -0.5640 -0.0785
vn 0.7841 -0.5380 -0.3095
vn 0.6666 -0.4574 -0.5886
vn 0.4837 -0.3319 -0.8098
vn 0.2536 -0.1740 -0.9515
vn 0.1290 -0.0885 -0.9877
vn 0.2466 -0.1830 0.9517
vn 0.1256 -0.0932 0.9877
vn 0.4708 -0.3495 0.8101
vn 0.6490 -0.4817 0.5888
vn 0.7635 -0.5667 0.3097
vn 0.8005 -0.5942 0.0786
vn 0.8005 -0.5942 -0.0786
vn 0.7635 -0.5667 -0.3097
vn 0.6490 -0.4817 -0.5888
vn 0.4708 -0.3495 -0.8101
vn 0.2466 -0.1830 -0.9517
vn 0.1256 -0.0932 -0.9877
vn 0.2373 -0.1941 0.9519
vn 0.1210 -0.0990 0.9877
vn 0.4535 -0.3710 0.8104
vn 0.6254 -0.5116 0.5892
vn 0.7359 -0.6020 0.3099
vn 0.7716 -0.6312 0.0786
vn 0.7716 -0.6312 -0.0786
vn 0.7359 -0.6020 -0.3099
vn 0.6254 -0.5116 -0.5892
vn 0.4535 -0.3710 -0.8104
vn 0.2373 -0.1941 -0.9519
vn 0.1210 -0.0990 -0.9877
vn 0.2247 -0.2075 0.9521
vn 0.1149 -0.1061 0.9877
vn 0.4301 -0.3971 0.8107
vn 0.5935 -0.5479 0.5896
vn 0.6986 -0.6448 0.3101
vn 0.7325 -0.6762 0.0786
vn 0.7325 -0.6762 -0.0786
vn 0.6986 -0.6448 -0.3101
vn 0.5935 -0.5479 -0.5896
vn 0.4301 -0.3971 -0.8107
vn 0.2247 -0.2075 -0.9521
vn 0.1149 -0.1061 -0.9877
vn 0.2079 -0.2231 0.9523
vn 0.1066 -0.1143 0.9877
vn 0.3986 -0.4278 0.8112
vn 0.5504 -0.5906 0.5901
vn 0.6480 -0.6954 0.3105
vn 0.6796 -0.7293 0.0787
vn 0.6796 -0.7293 -0.0787
vn 0.6480 -0.6954 -0.3105
vn 0.5504 -0.5906 -0.5901
vn 0.3986 -0.4278 -0.8112
vn 0.2079 -0.2231 -0.9523
vn 0.1066 -0.1143 -0.9877
vn 0.1858 -0.2407 0.9527
vn 0.0955 -0.1237 0.9877
vn 0.3568 -0.4623 0.8118
vn 0.4930 -0.6388 0.5907
vn 0.5807 -0.7524 0.3109
vn 0.6091 -0.7892 0.0788
vn 0.6091 -0.7892 -0.0788
vn 0.5807 -0.7524 -0.3109
vn 0.4930 -0.6388 -0.5907
vn 0.3568 -0.4623 -0.8118
vn 0.1858 -0.2407 -0.9527
vn 0.0955 -0.1237 -0.9877
vn 0.1576 -0.2590 0.9529
vn 0.0812 -0.1334 0.9877
vn 0.3032 -0.4982 0.8123
vn 0.4193 -0.6889 0.5913
vn 0.4940 -0.8118 0.3112
vn 0.5182 -0.8516 0.0788
vn 0.5182 -0.8516 -0.0788
vn 0.4940 -0.8118 -0.3112
vn 0.4193 -0.6889 -0.5913
vn 0.3032 -0.4982 -0.8123
vn 0.1576 -0.2590 -0.9529
vn 0.0812 -0.1334 -0.9877
vn 0.1241 -0.2760 0.9531
vn 0.0640 -0.1424 0.9877
vn 0.2389 -0.5315 0.8126
vn 0.3305 -0.7353 0.5916
vn 0.3896 -0.8667 0.3115
vn 0.4087 -0.9093 0.0789
vn 0.4087 -0.9093 -0.0789
vn 0.3896 -0.8667 -0.3115
vn 0.3305 -0.7353 -0.5916
vn 0.2389 -0.5315 -0.8126
vn 0.1241 -0.2760 -0.9531
vn 0.0640 -0.1424 -0.9877
vn 0.0876 -0.2897 0.9531
vn 0.0452 -0.1494 0.9877
vn 0.1688 -0.5579 0.8126
vn 0.2334 -0.7717 0.5916
vn 0.2751 -0.9096 0.3115
vn 0.2886 -0.9542 0.0789
vn 0.2886 -0.9542 -0.0789
vn 0.2751 -0.9096 -0.3115
vn 0.2334 -0.7717 -0.5916
vn 0.1688 -0.5579 -0.8126
vn 0.0876 -0.2897 -0.9531
vn 0.0452 -0.1494 -0.9877
vn 0.0525 -0.2990 0.9528
vn 0.0270 -0.1538 0.9877
vn 0.1008 -0.5747 0.8121
vn 0.1394 -0.7945 0.5910
vn 0.1642 -0.9361 0.3111
vn 0.1723 -0.9819 0.0788
vn 0.1723 -0.9819 -0.0788
vn 0.1642 -0.9361 -0.3111
vn 0.1394 -0.7945 -0.5910
vn 0.1008 -0.5747 -0.8121
vn 0.0525 -0.2990 -0.9528
vn 0.0270 -0.1538 -0.9877
vn 0.0228 -0.3041 0.9524
vn 0.0117 -0.1559 0.9877
vn 0.0437 -0.5830 0.8113
vn 0.0603 -0.8050 0.5902
vn 0.0710 -0.9479 0.3105
vn 0.0745 -0.9941 0.0787
vn 0.0745 -0.9941 -0.0787
vn 0.0710 -0.9479 -0.3105
vn 0.0603 -0.8050 -0.5902
vn 0.0437 -0.5830 -0.8113
vn 0.0228 -0.3041 -0.9524
vn 0.0117 -0.1559 -0.9877
vn 0.0049 -0.3075 0.9515
vn 0.0025 -0.1564 0.9877
vn 0.0094 -0.5866 0.8098
vn 0.0130 -0.8083 0.5886
vn 0.0152 -0.9508 0.3095
vn 0.0160 -0.9968 0.0785
vn 0.0160 -0.9968 -0.0785
vn 0.0152 -0.9508 -0.3095
vn 0.0130 -0.8083 -0.5886
vn 0.0094 -0.5866 -0.8098
vn 0.0049 -0.3075 -0.9515
vn 0.0025 -0.1564 -0.9877
vn -0.7023 -0.7024 0.1158
vn -0.7023 -0.7024 -0.1158
vn -0.0070 0.3109 0.9504
vn -0.0035 0.1564 0.9877
vn -0.0133 0.5890 0.8080
vn -0.0182 0.8095 0.5868
vn -0.0214 0.9510 0.3084
vn -0.0224 0.9967 0.0784
vn -0.0224 0.9967 -0.0784
vn -0.0214 0.9510 -0.3084
vn -0.0182 0.8095 -0.5868
vn -0.0133 0.5890 -0.8080
vn -0.0070 0.3109 -0.9504
vn -0.0035 0.1564 -0.9877
vn 0.0068 0.3069 0.9517
vn 0.0287 0.3028 0.9526
vn 0.0147 0.1555 0.9877
vn 0.0035 0.1564 0.9877
vn 0.0130 0.5861 0.8101
vn 0.0551 0.5814 0.8117
vn 0.0179 0.8080 0.5889
vn 0.0761 0.8033 0.5906
vn 0.0211 0.9506 0.3097
vn 0.0897 0.9462 0.3108
vn 0.0221 0.9967 0.0786
vn 0.0941 0.9924 0.0788
vn 0.0221 0.9967 -0.0786
vn 0.0941 0.9924 -0.0788
vn 0.0211 0.9506 -0.3097
vn 0.0897 0.9462 -0.3108
vn 0.0179 0.8080 -0.5889
vn 0.0761 0.8033 -0.5906
vn 0.0130 0.5861 -0.8101
vn 0.0551 0.5814 -0.8117
vn 0.0068 0.3069 -0.9517
vn 0.0287 0.3028 -0.9526
vn 0.0035 0.1564 -0.9877
vn 0.0147 0.1555 -0.9877
vn 0.0612 0.2971 0.9529
vn 0.0315 0.1530 0.9877
vn 0.1177 0.5713 0.8122
vn 0.1627 0.7900 0.5912
vn 0.1917 0.9308 0.3112
vn 0.2011 0.9764 0.0788
vn 0.2011 0.9764 -0.0788
vn 0.1917 0.9308 -0.3112
vn 0.1627 0.7900 -0.5912
vn 0.1177 0.5713 -0.8122
vn 0.0612 0.2971 -0.9529
vn 0.0315 0.1530 -0.9877
vn 0.0975 0.2862 0.9532
vn 0.0503 0.1477 0.9877
vn 0.1879 0.5514 0.8128
vn 0.2600 0.7630 0.5918
vn 0.3065 0.8994 0.3116
vn 0.3215 0.9436 0.0789
vn 0.3215 0.9436 -0.0789
vn 0.3065 0.8994 -0.3116
vn 0.2600 0.7630 -0.5918
vn 0.1879 0.5514 -0.8128
vn 0.0975 0.2862 -0.9532
vn 0.0503 0.1477 -0.9877
vn 0.1366 0.2688 0.9535
vn 0.0707 0.1391 0.9878
vn 0.2635 0.5188 0.8133
vn 0.3649 0.7183 0.5924
vn 0.4303 0.8471 0.3120
vn 0.4515 0.8888 0.0790
vn 0.4515 0.8888 -0.0790
vn 0.4303 0.8471 -0.3120
vn 0.3649 0.7183 -0.5924
vn 0.2635 0.5188 -0.8133
vn 0.1366 0.2688 -0.9535
vn 0.0707 0.1391 -0.9878
vn 0.1761 0.2440 0.9537
vn 0.0912 0.1265 0.9878
vn 0.3401 0.4714 0.8137
vn 0.4712 0.6531 0.5928
vn 0.5559 0.7704 0.3123
vn 0.5833 0.8084 0.0790
vn 0.5833 0.8084 -0.0790
vn 0.5559 0.7704 -0.3123
vn 0.4712 0.6531 -0.5928
vn 0.3401 0.4714 -0.8137
vn 0.1761 0.2440 -0.9537
vn 0.0912 0.1265 -0.9878
vn 0.2131 0.2121 0.9537
vn 0.1105 0.1100 0.9878
vn 0.4119 0.4099 0.8138
vn 0.5707 0.5680 0.5930
vn 0.6733 0.6701 0.3124
vn 0.7066 0.7032 0.0790
vn 0.7066 0.7032 -0.0790
vn 0.6733 0.6701 -0.3124
vn 0.5707 0.5680 -0.5930
vn 0.4119 0.4099 -0.8138
vn 0.2131 0.2121 -0.9537
vn 0.1105 0.1100 -0.9878
vn 0.2449 0.1748 0.9537
vn 0.1269 0.0906 0.9878
vn 0.4731 0.3377 0.8137
vn 0.6555 0.4679 0.5928
vn 0.7732 0.5520 0.3123
vn 0.8114 0.5792 0.0790
vn 0.8114 0.5792 -0.0790
vn 0.7732 0.5520 -0.3123
vn 0.6555 0.4679 -0.5928
vn 0.4731 0.3377 -0.8137
vn 0.2449 0.1748 -0.9537
vn 0.1269 0.0906 -0.9878
vn 0.2696 0.1350 0.9535
vn 0.1395 0.0698 0.9878
vn 0.5202 0.2605 0.8133
vn 0.7204 0.3607 0.5924
vn 0.8496 0.4253 0.3120
vn 0.8914 0.4463 0.0790
vn 0.8914 0.4463 -0.0790
vn 0.8496 0.4253 -0.3120
vn 0.7204 0.3607 -0.5924
vn 0.5202 0.2605 -0.8133
vn 0.2696 0.1350 -0.9535
vn 0.1395 0.0698 -0.9878
vn 0.2868 0.0954 0.9532
vn 0.1481 0.0493 0.9877
vn 0.5527 0.1839 0.8128
vn 0.7648 0.2544 0.5919
vn 0.9016 0.2999 0.3116
vn 0.9459 0.3147 0.0789
vn 0.9459 0.3147 -0.0789
vn 0.9016 0.2999 -0.3116
vn 0.7648 0.2544 -0.5919
vn 0.5527 0.1839 -0.8128
vn 0.2868 0.0954 -0.9532
vn 0.1481 0.0493 -0.9877
vn 0.2975 0.0583 0.9529
vn 0.1532 0.0300 0.9877
vn 0.5723 0.1122 0.8123
vn 0.7914 0.1551 0.5913
vn 0.9326 0.1828 0.3113
vn 0.9783 0.1918 0.0788
vn 0.9783 0.1918 -0.0788
vn 0.9326 0.1828 -0.3113
vn 0.7914 0.1551 -0.5913
vn 0.5723 0.1122 -0.8123
vn 0.2975 0.0583 -0.9529
vn 0.1532 0.0300 -0.9877
vn 0.3029 0.0248 0.9527
vn 0.1557 0.0128 0.9877
vn 0.5819 0.0477 0.8118
vn 0.8042 0.0659 0.5908
vn 0.9473 0.0777 0.3109
vn 0.9936 0.0815 0.0788
vn 0.9936 0.0815 -0.0788
vn 0.9473 0.0777 -0.3109
vn 0.8042 0.0659 -0.5908
vn 0.5819 0.0477 -0.8118
vn 0.3029 0.0248 -0.9527
vn 0.1557 0.0128 -0.9877
vn 0.3043 -0.0056 0.9526
vn 0.1562 -0.0029 0.9877
vn 0.5841 -0.0108 0.8116
vn 0.8069 -0.0149 0.5905
vn 0.9503 -0.0175 0.3107
vn 0.9967 -0.0184 0.0787
vn 0.9967 -0.0184 -0.0787
vn 0.9503 -0.0175 -0.3107
vn 0.8069 -0.0149 -0.5905
vn 0.5841 -0.0108 -0.8116
vn 0.3043 -0.0056 -0.9526
vn 0.1562 -0.0029 -0.9877
vn 0.3010 -0.0376 0.9529
vn 0.1550 -0.0194 0.9877
vn 0.5789 -0.0723 0.8122
vn 0.8004 -0.0999 0.5911
vn 0.9430 -0.1178 0.3112
vn 0.9892 -0.1235 0.0788
vn 0.9892 -0.1235 -0.0788
vn 0.9430 -0.1178 -0.3112
vn 0.8004 -0.0999 -0.5911
vn 0.5789 -0.0723 -0.8122
vn 0.3010 -0.0376 -0.9529
vn 0.1550 -0.0194 -0.9877
vn 0.2931 -0.0744 0.9532
vn 0.1513 -0.0384 0.9877
vn 0.5646 -0.1434 0.8128
vn 0.7813 -0.1984 0.5918
vn 0.9210 -0.2339 0.3116
vn 0.9662 -0.2454 0.0789
vn 0.9662 -0.2454 -0.0789
vn 0.9210 -0.2339 -0.3116
vn 0.7813 -0.1984 -0.5918
vn 0.5646 -0.1434 -0.8128
vn 0.2931 -0.0744 -0.9532
vn 0.1513 -0.0384 -0.9877
vn 0.2787 -0.1149 0.9535
vn 0.1442 -0.0595 0.9878
vn 0.5378 -0.2218 0.8134
vn 0.7448 -0.3072 0.5924
vn 0.8783 -0.3623 0.3120
vn 0.9216 -0.3801 0.0790
vn 0.9216 -0.3801 -0.0790
vn 0.8783 -0.3623 -0.3120
vn 0.7448 -0.3072 -0.5924
vn 0.5378 -0.2218 -0.8134
vn 0.2787 -0.1149 -0.9535
vn 0.1442 -0.0595 -0.9878
vn 0.2566 -0.1568 0.9537
vn 0.1330 -0.0813 0.9878
vn 0.4959 -0.3031 0.8138
vn 0.6871 -0.4199 0.5929
vn 0.8106 -0.4954 0.3123
vn 0.8506 -0.5198 0.0790
vn 0.8506 -0.5198 -0.0790
vn 0.8106 -0.4954 -0.3123
vn 0.6871 -0.4199 -0.5929
vn 0.4959 -0.3031 -0.8138
vn 0.2566 -0.1568 -0.9537
vn 0.1330 -0.0813 -0.9878
vn 0.2270 -0.1969 0.9538
vn 0.1178 -0.1021 0.9878
vn 0.4389 -0.3806 0.8139
vn 0.6083 -0.5274 0.5931
vn 0.7177 -0.6223 0.3125
vn 0.7532 -0.6531 0.0791
vn 0.7532 -0.6531 -0.0791
vn 0.7177 -0.6223 -0.3125
vn 0.6083 -0.5274 -0.5931
vn 0.4389 -0.3806 -0.8139
vn 0.2270 -0.1969 -0.9538
vn 0.1178 -0.1021 -0.9878
vn 0.1917 -0.2318 0.9537
vn 0.0994 -0.1201 0.9878
vn 0.3705 -0.4479 0.8137
vn 0.5133 -0.6205 0.5929
vn 0.6055 -0.7320 0.3123
vn 0.6354 -0.7681 0.0790
vn 0.6354 -0.7681 -0.0790
vn 0.6055 -0.7320 -0.3123
vn 0.5133 -0.6205 -0.5929
vn 0.3705 -0.4479 -0.8137
vn 0.1917 -0.2318 -0.9537
vn 0.0994 -0.1201 -0.9878
vn 0.1537 -0.2594 0.9535
vn 0.0795 -0.1342 0.9878
vn 0.2965 -0.5006 0.8133
vn 0.4106 -0.6932 0.5924
vn 0.4842 -0.8175 0.3120
vn 0.5080 -0.8577 0.0790
vn 0.5080 -0.8577 -0.0790
vn 0.4842 -0.8175 -0.3120
vn 0.4106 -0.6932 -0.5924
vn 0.2965 -0.5006 -0.8133
vn 0.1537 -0.2594 -0.9535
vn 0.0795 -0.1342 -0.9878
vn 0.1160 -0.2793 0.9532
vn 0.0599 -0.1442 0.9877
vn 0.2234 -0.5381 0.8127
vn 0.3092 -0.7445 0.5917
vn 0.3644 -0.8776 0.3116
vn 0.3823 -0.9207 0.0789
vn 0.3823 -0.9207 -0.0789
vn 0.3644 -0.8776 -0.3116
vn 0.3092 -0.7445 -0.5917
vn 0.2234 -0.5381 -0.8127
vn 0.1160 -0.2793 -0.9532
vn 0.0599 -0.1442 -0.9877
vn 0.0811 -0.2924 0.9528
vn 0.0417 -0.1505 0.9877
vn 0.1559 -0.5623 0.8121
vn 0.2155 -0.7773 0.5911
vn 0.2539 -0.9158 0.3111
vn 0.2663 -0.9607 0.0788
vn 0.2663 -0.9607 -0.0788
vn 0.2539 -0.9158 -0.3111
vn 0.2155 -0.7773 -0.5911
vn 0.1559 -0.5623 -0.8121
vn 0.0811 -0.2924 -0.9528
vn 0.0417 -0.1505 -0.9877
vn 0.0500 -0.3002 0.9526
vn 0.0257 -0.1541 0.9877
vn 0.0961 -0.5762 0.8116
vn 0.1327 -0.7960 0.5905
vn 0.1563 -0.9376 0.3107
vn 0.1639 -0.9833 0.0787
vn 0.1639 -0.9833 -0.0787
vn 0.1563 -0.9376 -0.3107
vn 0.1327 -0.7960 -0.5905
vn 0.0961 -0.5762 -0.8116
vn 0.0500 -0.3002 -0.9526
vn 0.0257 -0.1541 -0.9877
vn 0.0233 -0.3042 0.9523
vn 0.0119 -0.1559 0.9877
vn 0.0446 -0.5831 0.8112
vn 0.0615 -0.8050 0.5900
vn 0.0724 -0.9478 0.3104
vn 0.0760 -0.9940 0.0787
vn 0.0760 -0.9940 -0.0787
vn 0.0724 -0.9478 -0.3104
vn 0.0615 -0.8050 -0.5900
vn 0.0446 -0.5831 -0.8112
vn 0.0233 -0.3042 -0.9523
vn 0.0119 -0.1559 -0.9877
vn 0.0055 -0.3073 0.9516
vn 0.0028 -0.1564 0.9877
vn 0.0104 -0.5865 0.8099
vn 0.0144 -0.8082 0.5887
vn 0.0169 -0.9507 0.3096
vn 0.0178 -0.9968 0.0785
vn 0.0178 -0.9968 -0.0785
vn 0.0169 -0.9507 -0.3096
vn 0.0144 -0.8082 -0.5887
vn 0.0104 -0.5865 -0.8099
vn 0.0055 -0.3073 -0.9516
vn 0.0028 -0.1564 -0.9877
vn -0.7023 0.7024 0.1158
vn -0.7023 0.7024 -0.1158
vt 0.688172 0.000000
vt 0.989247 0.000000
vt 0.698925 0.000000
vt 0.709677 0.000000
vt 0.000000 0.000000
vt 0.010753 0.000000
vt 0.021505 0.000000
vt 0.032258 0.000000
vt 0.043011 0.000000
vt 0.053763 0.000000
vt 0.064516 0.000000
vt 0.978495 0.000000
vt 0.075269 0.000000
vt 1.000000 0.000000
vt 0.967742 0.000000
vt 0.956989 0.000000
vt 0.946237 0.000000
vt 0.086022 0.000000
vt 0.935484 0.000000
vt 0.924731 0.000000
vt 0.913979 0.000000
vt 0.096774 0.000000
vt 0.903226 0.000000
vt 0.892473 0.000000
vt 0.881720 0.000000
vt 0.107527 0.000000
vt 0.870968 0.000000
vt 0.860215 0.000000
vt 0.118280 0.000000
vt 0.849462 0.000000
vt 0.838710 0.000000
vt 0.129032 0.000000
vt 0.827957 0.000000
vt 0.139785 0.000000
vt 0.817204 0.000000
vt 0.806452 0.000000
vt 0.150538 0.000000
vt 0.795699 0.000000
vt 0.161290 0.000000
vt 0.784946 0.000000
vt 0.172043 0.000000
vt 0.774194 0.000000
vt 0.763441 0.000000
vt 0.182796 0.000000
vt 0.752688 0.000000
vt 0.741935 0.000000
vt 0.193548 0.000000
vt 0.731183 0.000000
vt 0.720430 0.000000
vt 0.666667 0.000000
vt 0.204301 0.000000
vt 0.215054 0.000000
vt 0.225806 0.000000
vt 0.236559 0.000000
vt 0.247312 0.000000
vt 0.258065 0.000000
vt 0.268817 0.000000
vt 0.655914 0.000000
vt 0.645161 0.000000
vt 0.279570 0.000000
vt 0.677419 0.000000
vt 0.634409 0.000000
vt 0.623656 0.000000
vt 0.612903 0.000000
vt 0.290323 0.000000
vt 0.602151 0.000000
vt 0.591398 0.000000
vt 0.301075 0.000000
vt 0.580645 0.000000
vt 0.311828 0.000000
vt 0.569892 0.000000
vt 0.322581 0.000000
vt 0.559140 0.000000
vt 0.333333 0.000000
vt 0.548387 0.000000
vt 0.344086 0.000000
vt 0.537634 0.000000
vt 0.354839 0.000000
vt 0.365591 0.000000
vt 0.526882 0.000000
vt 0.376344 0.000000
vt 0.516129 0.000000
vt 0.387097 0.000000
vt 0.397849 0.000000
vt 0.408602 0.000000
vt 0.419355 0.000000
vt 0.430108 0.000000
vt 0.440860 0.000000
vt 0.451613 0.000000
vt 0.462366 0.000000
vt 0.473118 0.000000
vt 0.483871 0.000000
vt 0.494624 0.000000
vt 0.505376 0.000000
vt 0.727273 0.000000
vt 0.818182 0.000000
vt 0.909091 0.000000
vt 0.090909 0.000000
vt 0.363636 0.000000
vt 0.181818 0.000000
vt 0.272727 0.000000
vt 0.454545 0.000000
vt 0.545455 0.000000
vt 0.636364 0.000000
vt 0.166667 0.000000
vt 0.500000 0.000000
vt 0.833333 0.000000
vt 0.484211 0.000000
vt 0.494737 0.000000
vt 0.010526 0.000000
vt 0.473684 0.000000
vt 0.021053 0.000000
vt 0.463158 0.000000
vt 0.031579 0.000000
vt 0.452632 0.000000
vt 0.042105 0.000000
vt 0.442105 0.000000
vt 0.052632 0.000000
vt 0.431579 0.000000
vt 0.747368 0.000000
vt 0.757895 0.000000
vt 0.736842 0.000000
vt 0.768421 0.000000
vt 0.726316 0.000000
vt 0.778947 0.000000
vt 0.715789 0.000000
vt 0.063158 0.000000
vt 0.421053 0.000000
vt 0.789474 0.000000
vt 0.705263 0.000000
vt 0.800000 0.000000
vt 0.694737 0.000000
vt 0.073684 0.000000
vt 0.410526 0.000000
vt 0.810526 0.000000
vt 0.684211 0.000000
vt 0.821053 0.000000
vt 0.673684 0.000000
vt 0.084211 0.000000
vt 0.400000 0.000000
vt 0.831579 0.000000
vt 0.663158 0.000000
vt 0.094737 0.000000
vt 0.389474 0.000000
vt 0.842105 0.000000
vt 0.652632 0.000000
vt 0.642105 0.000000
vt 0.852632 0.000000
vt 0.105263 0.000000
vt 0.378947 0.000000
vt 0.631579 0.000000
vt 0.863158 0.000000
vt 0.115789 0.000000
vt 0.368421 0.000000
vt 0.621053 0.000000
vt 0.873684 0.000000
vt 0.357895 0.000000
vt 0.884211 0.000000
vt 0.610526 0.000000
vt 0.126316 0.000000
vt 0.600000 0.000000
vt 0.894737 0.000000
vt 0.136842 0.000000
vt 0.347368 0.000000
vt 0.589474 0.000000
vt 0.905263 0.000000
vt 0.147368 0.000000
vt 0.336842 0.000000
vt 0.578947 0.000000
vt 0.915789 0.000000
vt 0.157895 0.000000
vt 0.326316 0.000000
vt 0.568421 0.000000
vt 0.926316 0.000000
vt 0.557895 0.000000
vt 0.936842 0.000000
vt 0.168421 0.000000
vt 0.315789 0.000000
vt 0.547368 0.000000
vt 0.947368 0.000000
vt 0.536842 0.000000
vt 0.957895 0.000000
vt 0.178947 0.000000
vt 0.305263 0.000000
vt 0.526316 0.000000
vt 0.968421 0.000000
vt 0.515789 0.000000
vt 0.978947 0.000000
vt 0.189474 0.000000
vt 0.294737 0.000000
vt 0.505263 0.000000
vt 0.989474 0.000000
vt 0.200000 0.000000
vt 0.284211 0.000000
vt 0.210526 0.000000
vt 0.273684 0.000000
vt 0.221053 0.000000
vt 0.263158 0.000000
vt 0.231579 0.000000
vt 0.252632 0.000000
vt 0.242105 0.000000
vt 0.571429 0.000000
vt 0.714286 0.000000
vt 0.642857 0.000000
vt 0.428571 0.000000
vt 0.357143 0.000000
vt 0.785714 0.000000
vt 0.928571 0.000000
vt 0.857143 0.000000
vt 0.142857 0.000000
vt 0.071429 0.000000
vt 0.285714 0.000000
vt 0.214286 0.000000
vt 0.900000 0.000000
vt 0.700000 0.000000
vt 0.100000 0.000000
vt 0.300000 0.000000
vt 0.336634 0.000000
vt 0.356436 0.000000
vt 0.346535 0.000000
vt 0.366337 0.000000
vt 0.376238 0.000000
vt 0.386139 0.000000
vt 0.326733 0.000000
vt 0.396040 0.000000
vt 0.405941 0.000000
vt 0.415842 0.000000
vt 0.316832 0.000000
vt 0.425743 0.000000
vt 0.435644 0.000000
vt 0.306931 0.000000
vt 0.445545 0.000000
vt 0.455446 0.000000
vt 0.297030 0.000000
vt 0.465347 0.000000
vt 0.574257 0.000000
vt 0.564356 0.000000
vt 0.554455 0.000000
vt 0.544554 0.000000
vt 0.534653 0.000000
vt 0.524752 0.000000
vt 0.514852 0.000000
vt 0.504951 0.000000
vt 0.495050 0.000000
vt 0.485149 0.000000
vt 0.475248 0.000000
vt 0.287129 0.000000
vt 0.594059 0.000000
vt 0.584158 0.000000
vt 0.603960 0.000000
vt 0.613861 0.000000
vt 0.623762 0.000000
vt 0.277228 0.000000
vt 0.633663 0.000000
vt 0.643564 0.000000
vt 0.267327 0.000000
vt 0.653465 0.000000
vt 0.663366 0.000000
vt 0.257426 0.000000
vt 0.673267 0.000000
vt 0.247525 0.000000
vt 0.683168 0.000000
vt 0.693069 0.000000
vt 0.237624 0.000000
vt 0.702970 0.000000
vt 0.227723 0.000000
vt 0.712871 0.000000
vt 0.722772 0.000000
vt 0.217822 0.000000
vt 0.970297 0.000000
vt 0.990099 0.000000
vt 0.980198 0.000000
vt 0.960396 0.000000
vt 0.732673 0.000000
vt 0.207921 0.000000
vt 0.742574 0.000000
vt 0.950495 0.000000
vt 0.198020 0.000000
vt 0.752475 0.000000
vt 0.762376 0.000000
vt 0.188119 0.000000
vt 0.772277 0.000000
vt 0.178218 0.000000
vt 0.782178 0.000000
vt 0.792079 0.000000
vt 0.168317 0.000000
vt 0.801980 0.000000
vt 0.940594 0.000000
vt 0.930693 0.000000
vt 0.920792 0.000000
vt 0.811881 0.000000
vt 0.910891 0.000000
vt 0.900990 0.000000
vt 0.891089 0.000000
vt 0.821782 0.000000
vt 0.158416 0.000000
vt 0.881188 0.000000
vt 0.871287 0.000000
vt 0.861386 0.000000
vt 0.831683 0.000000
vt 0.851485 0.000000
vt 0.841584 0.000000
vt 0.148515 0.000000
vt 0.009901 0.000000
vt 0.138614 0.000000
vt 0.019802 0.000000
vt 0.029703 0.000000
vt 0.128713 0.000000
vt 0.039604 0.000000
vt 0.049505 0.000000
vt 0.059406 0.000000
vt 0.118812 0.000000
vt 0.069307 0.000000
vt 0.079208 0.000000
vt 0.089109 0.000000
vt 0.108911 0.000000
vt 0.099010 0.000000
vt 0.000000 0.090909
vt 0.009804 0.090909
vt 0.009804 0.000000
vt 0.000000 0.181818
vt 0.009804 0.181818
vt 0.000000 0.272727
vt 0.009804 0.272727
vt 0.000000 0.363636
vt 0.009804 0.363636
vt 0.000000 0.454545
vt 0.009804 0.454545
vt 0.000000 0.545455
vt 0.009804 0.545455
vt 0.000000 0.636364
vt 0.009804 0.636364
vt 0.000000 0.727273
vt 0.009804 0.727273
vt 0.000000 0.818182
vt 0.009804 0.818182
vt 0.000000 0.909091
vt 0.009804 0.909091
vt 0.000000 1.000000
vt 0.009804 1.000000
vt 0.019608 0.090909
vt 0.019608 0.000000
vt 0.019608 0.181818
vt 0.019608 0.272727
vt 0.019608 0.363636
vt 0.019608 0.454545
vt 0.019608 0.545455
vt 0.019608 0.636364
vt 0.019608 0.727273
vt 0.019608 0.818182
vt 0.019608 0.909091
vt 0.019608 1.000000
vt 0.029412 0.090909
vt 0.029412 0.000000
vt 0.029412 0.181818
vt 0.029412 0.272727
vt 0.029412 0.363636
vt 0.029412 0.454545
vt 0.029412 0.545455
vt 0.029412 0.636364
vt 0.029412 0.727273
vt 0.029412 0.818182
vt 0.029412 0.909091
vt 0.029412 1.000000
vt 0.039216 0.090909
vt 0.039216 0.000000
vt 0.039216 0.181818
vt 0.039216 0.272727
vt 0.039216 0.363636
vt 0.039216 0.454545
vt 0.039216 0.545455
vt 0.039216 0.636364
vt 0.039216 0.727273
vt 0.039216 0.818182
vt 0.039216 0.909091
vt 0.039216 1.000000
vt 0.049020 0.090909
vt 0.049020 0.000000
vt 0.049020 0.181818
vt 0.049020 0.272727
vt 0.049020 0.363636
vt 0.049020 0.454545
vt 0.049020 0.545455
vt 0.049020 0.636364
vt 0.049020 0.727273
vt 0.049020 0.818182
vt 0.049020 0.909091
vt 0.049020 1.000000
vt 0.058824 0.090909
vt 0.058824 0.000000
vt 0.058824 0.181818
vt 0.058824 0.272727
vt 0.058824 0.363636
vt 0.058824 0.454545
vt 0.058824 0.545455
vt 0.058824 0.636364
vt 0.058824 0.727273
vt 0.058824 0.818182
vt 0.058824 0.909091
vt 0.058824 1.000000
vt 0.068627 0.090909
vt 0.068627 0.000000
vt 0.068627 0.181818
vt 0.068627 0.272727
vt 0.068627 0.363636
vt 0.068627 0.454545
vt 0.068627 0.545455
vt 0.068627 0.636364
vt 0.068627 0.727273
vt 0.068627 0.818182
vt 0.068627 0.909091
vt 0.068627 1.000000
vt 0.078431 0.090909
vt 0.078431 0.000000
vt 0.078431 0.181818
vt 0.078431 0.272727
vt 0.078431 0.363636
vt 0.078431 0.454545
vt 0.078431 0.545455
vt 0.078431 0.636364
vt 0.078431 0.727273
vt 0.078431 0.818182
vt 0.078431 0.909091
vt 0.078431 1.000000
vt 0.088235 0.090909
vt 0.088235 0.000000
vt 0.088235 0.181818
vt 0.088235 0.272727
vt 0.088235 0.363636
vt 0.088235 0.454545
vt 0.088235 0.545455
vt 0.088235 0.636364
vt 0.088235 0.727273
vt 0.088235 0.818182
vt 0.088235 0.909091
vt 0.088235 1.000000
vt 0.098039 0.090909
vt 0.098039 0.000000
vt 0.098039 0.181818
vt 0.098039 0.272727
vt 0.098039 0.363636
vt 0.098039 0.454545
vt 0.098039 0.545455
vt 0.098039 0.636364
vt 0.098039 0.727273
vt 0.098039 0.818182
vt 0.098039 0.909091
vt 0.098039 1.000000
vt 0.107843 0.090909
vt 0.107843 0.000000
vt 0.107843 0.181818
vt 0.107843 0.272727
vt 0.107843 0.363636
vt 0.107843 0.454545
vt 0.107843 0.545455
vt 0.107843 0.636364
vt 0.107843 0.727273
vt 0.107843 0.818182
vt 0.107843 0.909091
vt 0.107843 1.000000
vt 0.117647 0.090909
vt 0.117647 0.000000
vt 0.117647 0.181818
vt 0.117647 0.272727
vt 0.117647 0.363636
vt 0.117647 0.454545
vt 0.117647 0.545455
vt 0.117647 0.636364
vt 0.117647 0.727273
vt 0.117647 0.818182
vt 0.117647 0.909091
vt 0.117647 1.000000
vt 0.127451 0.090909
vt 0.127451 0.000000
vt 0.127451 0.181818
vt 0.127451 0.272727
vt 0.127451 0.363636
vt 0.127451 0.454545
vt 0.127451 0.545455
vt 0.127451 0.636364
vt 0.127451 0.727273
vt 0.127451 0.818182
vt 0.127451 0.909091
vt 0.127451 1.000000
vt 0.137255 0.090909
vt 0.137255 0.000000
vt 0.137255 0.181818
vt 0.137255 0.272727
vt 0.137255 0.363636
vt 0.137255 0.454545
vt 0.137255 0.545455
vt 0.137255 0.636364
vt 0.137255 0.727273
vt 0.137255 0.818182
vt 0.137255 0.909091
vt 0.137255 1.000000
vt 0.147059 0.090909
vt 0.147059 0.000000
vt 0.147059 0.181818
vt 0.147059 0.272727
vt 0.147059 0.363636
vt 0.147059 0.454545
vt 0.147059 0.545455
vt 0.147059 0.636364
vt 0.147059 0.727273
vt 0.147059 0.818182
vt 0.147059 0.909091
vt 0.147059 1.000000
vt 0.156863 0.090909
vt 0.156863 0.000000
vt 0.156863 0.181818
vt 0.156863 0.272727
vt 0.156863 0.363636
vt 0.156863 0.454545
vt 0.156863 0.545455
vt 0.156863 0.636364
vt 0.156863 0.727273
vt 0.156863 0.818182
vt 0.156863 0.909091
vt 0.156863 1.000000
vt 0.166667 0.090909
vt 0.166667 0.181818
vt 0.166667 0.272727
vt 0.166667 0.363636
vt 0.166667 0.454545
vt 0.166667 0.545455
vt 0.166667 0.636364
vt 0.166667 0.727273
vt 0.166667 0.818182
vt 0.166667 0.909091
vt 0.166667 1.000000
vt 0.176471 0.090909
vt 0.176471 0.000000
vt 0.176471 0.181818
vt 0.176471 0.272727
vt 0.176471 0.363636
vt 0.176471 0.454545
vt 0.176471 0.545455
vt 0.176471 0.636364
vt 0.176471 0.727273
vt 0.176471 0.818182
vt 0.176471 0.909091
vt 0.176471 1.000000
vt 0.186275 0.090909
vt 0.186275 0.000000
vt 0.186275 0.181818
vt 0.186275 0.272727
vt 0.186275 0.363636
vt 0.186275 0.454545
vt 0.186275 0.545455
vt 0.186275 0.636364
vt 0.186275 0.727273
vt 0.186275 0.818182
vt 0.186275 0.909091
vt 0.186275 1.000000
vt 0.196078 0.090909
vt 0.196078 0.000000
vt 0.196078 0.181818
vt 0.196078 0.272727
vt 0.196078 0.363636
vt 0.196078 0.454545
vt 0.196078 0.545455
vt 0.196078 0.636364
vt 0.196078 0.727273
vt 0.196078 0.818182
vt 0.196078 0.909091
vt 0.196078 1.000000
vt 0.205882 0.090909
vt 0.205882 0.000000
vt 0.205882 0.181818
vt 0.205882 0.272727
vt 0.205882 0.363636
vt 0.205882 0.454545
vt 0.205882 0.545455
vt 0.205882 0.636364
vt 0.205882 0.727273
vt 0.205882 0.818182
vt 0.205882 0.909091
vt 0.205882 1.000000
vt 0.215686 0.090909
vt 0.215686 0.000000
vt 0.215686 0.181818
vt 0.215686 0.272727
vt 0.215686 0.363636
vt 0.215686 0.454545
vt 0.215686 0.545455
vt 0.215686 0.636364
vt 0.215686 0.727273
vt 0.215686 0.818182
vt 0.215686 0.909091
vt 0.215686 1.000000
vt 0.225490 0.090909
vt 0.225490 0.000000
vt 0.225490 0.181818
vt 0.225490 0.272727
vt 0.225490 0.363636
vt 0.225490 0.454545
vt 0.225490 0.545455
vt 0.225490 0.636364
vt 0.225490 0.727273
vt 0.225490 0.818182
vt 0.225490 0.909091
vt 0.225490 1.000000
vt 0.235294 0.090909
vt 0.235294 0.000000
vt 0.235294 0.181818
vt 0.235294 0.272727
vt 0.235294 0.363636
vt 0.235294 0.454545
vt 0.235294 0.545455
vt 0.235294 0.636364
vt 0.235294 0.727273
vt 0.235294 0.818182
vt 0.235294 0.909091
vt 0.235294 1.000000
vt 0.245098 0.090909
vt 0.245098 0.000000
vt 0.245098 0.181818
vt 0.245098 0.272727
vt 0.245098 0.363636
vt 0.245098 0.454545
vt 0.245098 0.545455
vt 0.245098 0.636364
vt 0.245098 0.727273
vt 0.245098 0.818182
vt 0.245098 0.909091
vt 0.245098 1.000000
vt 0.254902 0.090909
vt 0.254902 0.000000
vt 0.254902 0.181818
vt 0.254902 0.272727
vt 0.254902 0.363636
vt 0.254902 0.454545
vt 0.254902 0.545455
vt 0.254902 0.636364
vt 0.254902 0.727273
vt 0.254902 0.818182
vt 0.254902 0.909091
vt 0.254902 1.000000
vt 0.264706 0.090909
vt 0.264706 0.000000
vt 0.264706 0.181818
vt 0.264706 0.272727
vt 0.264706 0.363636
vt 0.264706 0.454545
vt 0.264706 0.545455
vt 0.264706 0.636364
vt 0.264706 0.727273
vt 0.264706 0.818182
vt 0.264706 0.909091
vt 0.264706 1.000000
vt 0.274510 0.090909
vt 0.274510 0.000000
vt 0.274510 0.181818
vt 0.274510 0.272727
vt 0.274510 0.363636
vt 0.274510 0.454545
vt 0.274510 0.545455
vt 0.274510 0.636364
vt 0.274510 0.727273
vt 0.274510 0.818182
vt 0.274510 0.909091
vt 0.274510 1.000000
vt 0.284314 0.090909
vt 0.284314 0.000000
vt 0.284314 0.181818
vt 0.284314 0.272727
vt 0.284314 0.363636
vt 0.284314 0.454545
vt 0.284314 0.545455
vt 0.284314 0.636364
vt 0.284314 0.727273
vt 0.284314 0.818182
vt 0.284314 0.909091
vt 0.284314 1.000000
vt 0.294118 0.090909
vt 0.294118 0.000000
vt 0.294118 0.181818
vt 0.294118 0.272727
vt 0.294118 0.363636
vt 0.294118 0.454545
vt 0.294118 0.545455
vt 0.294118 0.636364
vt 0.294118 0.727273
vt 0.294118 0.818182
vt 0.294118 0.909091
vt 0.294118 1.000000
vt 0.303922 0.090909
vt 0.303922 0.000000
vt 0.303922 0.181818
vt 0.303922 0.272727
vt 0.303922 0.363636
vt 0.303922 0.454545
vt 0.303922 0.545455
vt 0.303922 0.636364
vt 0.303922 0.727273
vt 0.303922 0.818182
vt 0.303922 0.909091
vt 0.303922 1.000000
vt 0.313726 0.090909
vt 0.313726 0.000000
vt 0.313726 0.181818
vt 0.313726 0.272727
vt 0.313726 0.363636
vt 0.313726 0.454545
vt 0.313726 0.545455
vt 0.313726 0.636364
vt 0.313726 0.727273
vt 0.313726 0.818182
vt 0.313726 0.909091
vt 0.313726 1.000000
vt 0.323529 0.090909
vt 0.323529 0.000000
vt 0.323529 0.181818
vt 0.323529 0.272727
vt 0.323529 0.363636
vt 0.323529 0.454545
vt 0.323529 0.545455
vt 0.323529 0.636364
vt 0.323529 0.727273
vt 0.323529 0.818182
vt 0.323529 0.909091
vt 0.323529 1.000000
vt 0.333333 0.090909
vt 0.333333 0.181818
vt 0.333333 0.272727
vt 0.333333 0.363636
vt 0.333333 0.454545
vt 0.333333 0.545455
vt 0.333333 0.636364
vt 0.333333 0.727273
vt 0.333333 0.818182
vt 0.333333 0.909091
vt 0.333333 1.000000
vt 0.343137 0.090909
vt 0.343137 0.000000
vt 0.343137 0.181818
vt 0.343137 0.272727
vt 0.343137 0.363636
vt 0.343137 0.454545
vt 0.343137 0.545455
vt 0.343137 0.636364
vt 0.343137 0.727273
vt 0.343137 0.818182
vt 0.343137 0.909091
vt 0.343137 1.000000
vt 0.352941 0.090909
vt 0.352941 0.000000
vt 0.352941 0.181818
vt 0.352941 0.272727
vt 0.352941 0.363636
vt 0.352941 0.454545
vt 0.352941 0.545455
vt 0.352941 0.636364
vt 0.352941 0.727273
vt 0.352941 0.818182
vt 0.352941 0.909091
vt 0.352941 1.000000
vt 0.362745 0.090909
vt 0.362745 0.000000
vt 0.362745 0.181818
vt 0.362745 0.272727
vt 0.362745 0.363636
vt 0.362745 0.454545
vt 0.362745 0.545455
vt 0.362745 0.636364
vt 0.362745 0.727273
vt 0.362745 0.818182
vt 0.362745 0.909091
vt 0.362745 1.000000
vt 0.372549 0.090909
vt 0.372549 0.000000
vt 0.372549 0.181818
vt 0.372549 0.272727
vt 0.372549 0.363636
vt 0.372549 0.454545
vt 0.372549 0.545455
vt 0.372549 0.636364
vt 0.372549 0.727273
vt 0.372549 0.818182
vt 0.372549 0.909091
vt 0.372549 1.000000
vt 0.382353 0.090909
vt 0.382353 0.000000
vt 0.382353 0.181818
vt 0.382353 0.272727
vt 0.382353 0.363636
vt 0.382353 0.454545
vt 0.382353 0.545455
vt 0.382353 0.636364
vt 0.382353 0.727273
vt 0.382353 0.818182
vt 0.382353 0.909091
vt 0.382353 1.000000
vt 0.392157 0.090909
vt 0.392157 0.000000
vt 0.392157 0.181818
vt 0.392157 0.272727
vt 0.392157 0.363636
vt 0.392157 0.454545
vt 0.392157 0.545455
vt 0.392157 0.636364
vt 0.392157 0.727273
vt 0.392157 0.818182
vt 0.392157 0.909091
vt 0.392157 1.000000
vt 0.401961 0.090909
vt 0.401961 0.000000
vt 0.401961 0.181818
vt 0.401961 0.272727
vt 0.401961 0.363636
vt 0.401961 0.454545
vt 0.401961 0.545455
vt 0.401961 0.636364
vt 0.401961 0.727273
vt 0.401961 0.818182
vt 0.401961 0.909091
vt 0.401961 1.000000
vt 0.411765 0.090909
vt 0.411765 0.000000
vt 0.411765 0.181818
vt 0.411765 0.272727
vt 0.411765 0.363636
vt 0.411765 0.454545
vt 0.411765 0.545455
vt 0.411765 0.636364
vt 0.411765 0.727273
vt 0.411765 0.818182
vt 0.411765 0.909091
vt 0.411765 1.000000
vt 0.421569 0.090909
vt 0.421569 0.000000
vt 0.421569 0.181818
vt 0.421569 0.272727
vt 0.421569 0.363636
vt 0.421569 0.454545
vt 0.421569 0.545455
vt 0.421569 0.636364
vt 0.421569 0.727273
vt 0.421569 0.818182
vt 0.421569 0.909091
vt 0.421569 1.000000
vt 0.431373 0.090909
vt 0.431373 0.000000
vt 0.431373 0.181818
vt 0.431373 0.272727
vt 0.431373 0.363636
vt 0.431373 0.454545
vt 0.431373 0.545455
vt 0.431373 0.636364
vt 0.431373 0.727273
vt 0.431373 0.818182
vt 0.431373 0.909091
vt 0.431373 1.000000
vt 0.441176 0.090909
vt 0.441176 0.000000
vt 0.441176 0.181818
vt 0.441176 0.272727
vt 0.441176 0.363636
vt 0.441176 0.454545
vt 0.441176 0.545455
vt 0.441176 0.636364
vt 0.441176 0.727273
vt 0.441176 0.818182
vt 0.441176 0.909091
vt 0.441176 1.000000
vt 0.450980 0.090909
vt 0.450980 0.000000
vt 0.450980 0.181818
vt 0.450980 0.272727
vt 0.450980 0.363636
vt 0.450980 0.454545
vt 0.450980 0.545455
vt 0.450980 0.636364
vt 0.450980 0.727273
vt 0.450980 0.818182
vt 0.450980 0.909091
vt 0.450980 1.000000
vt 0.460784 0.090909
vt 0.460784 0.000000
vt 0.460784 0.181818
vt 0.460784 0.272727
vt 0.460784 0.363636
vt 0.460784 0.454545
vt 0.460784 0.545455
vt 0.460784 0.636364
vt 0.460784 0.727273
vt 0.460784 0.818182
vt 0.460784 0.909091
vt 0.460784 1.000000
vt 0.470588 0.090909
vt 0.470588 0.000000
vt 0.470588 0.181818
vt 0.470588 0.272727
vt 0.470588 0.363636
vt 0.470588 0.454545
vt 0.470588 0.545455
vt 0.470588 0.636364
vt 0.470588 0.727273
vt 0.470588 0.818182
vt 0.470588 0.909091
vt 0.470588 1.000000
vt 0.480392 0.090909
vt 0.480392 0.000000
vt 0.480392 0.181818
vt 0.480392 0.272727
vt 0.480392 0.363636
vt 0.480392 0.454545
vt 0.480392 0.545455
vt 0.480392 0.636364
vt 0.480392 0.727273
vt 0.480392 0.818182
vt 0.480392 0.909091
vt 0.480392 1.000000
vt 0.490196 0.090909
vt 0.490196 0.000000
vt 0.490196 0.181818
vt 0.490196 0.272727
vt 0.490196 0.363636
vt 0.490196 0.454545
vt 0.490196 0.545455
vt 0.490196 0.636364
vt 0.490196 0.727273
vt 0.490196 0.818182
vt 0.490196 0.909091
vt 0.490196 1.000000
vt 0.500000 0.090909
vt 0.500000 0.181818
vt 0.500000 0.272727
vt 0.500000 0.363636
vt 0.500000 0.454545
vt 0.500000 0.545455
vt 0.500000 0.636364
vt 0.500000 0.727273
vt 0.500000 0.818182
vt 0.500000 0.909091
vt 0.500000 1.000000
vt 0.509804 0.090909
vt 0.509804 0.000000
vt 0.509804 0.181818
vt 0.509804 0.272727
vt 0.509804 0.363636
vt 0.509804 0.454545
vt 0.509804 0.545455
vt 0.509804 0.636364
vt 0.509804 0.727273
vt 0.509804 0.818182
vt 0.509804 0.909091
vt 0.509804 1.000000
vt 0.519608 0.090909
vt 0.519608 0.000000
vt 0.519608 0.181818
vt 0.519608 0.272727
vt 0.519608 0.363636
vt 0.519608 0.454545
vt 0.519608 0.545455
vt 0.519608 0.636364
vt 0.519608 0.727273
vt 0.519608 0.818182
vt 0.519608 0.909091
vt 0.519608 1.000000
vt 0.529412 0.090909
vt 0.529412 0.000000
vt 0.529412 0.181818
vt 0.529412 0.272727
vt 0.529412 0.363636
vt 0.529412 0.454545
vt 0.529412 0.545455
vt 0.529412 0.636364
vt 0.529412 0.727273
vt 0.529412 0.818182
vt 0.529412 0.909091
vt 0.529412 1.000000
vt 0.539216 0.090909
vt 0.539216 0.000000
vt 0.539216 0.181818
vt 0.539216 0.272727
vt 0.539216 0.363636
vt 0.539216 0.454545
vt 0.539216 0.545455
vt 0.539216 0.636364
vt 0.539216 0.727273
vt 0.539216 0.818182
vt 0.539216 0.909091
vt 0.539216 1.000000
vt 0.549020 0.090909
vt 0.549020 0.000000
vt 0.549020 0.181818
vt 0.549020 0.272727
vt 0.549020 0.363636
vt 0.549020 0.454545
vt 0.549020 0.545455
vt 0.549020 0.636364
vt 0.549020 0.727273
vt 0.549020 0.818182
vt 0.549020 0.909091
vt 0.549020 1.000000
vt 0.558824 0.090909
vt 0.558824 0.000000
vt 0.558824 0.181818
vt 0.558824 0.272727
vt 0.558824 0.363636
vt 0.558824 0.454545
vt 0.558824 0.545455
vt 0.558824 0.636364
vt 0.558824 0.727273
vt 0.558824 0.818182
vt 0.558824 0.909091
vt 0.558824 1.000000
vt 0.568627 0.090909
vt 0.568627 0.000000
vt 0.568627 0.181818
vt 0.568627 0.272727
vt 0.568627 0.363636
vt 0.568627 0.454545
vt 0.568627 0.545455
vt 0.568627 0.636364
vt 0.568627 0.727273
vt 0.568627 0.818182
vt 0.568627 0.909091
vt 0.568627 1.000000
vt 0.578431 0.090909
vt 0.578431 0.000000
vt 0.578431 0.181818
vt 0.578431 0.272727
vt 0.578431 0.363636
vt 0.578431 0.454545
vt 0.578431 0.545455
vt 0.578431 0.636364
vt 0.578431 0.727273
vt 0.578431 0.818182
vt 0.578431 0.909091
vt 0.578431 1.000000
vt 0.588235 0.090909
vt 0.588235 0.000000
vt 0.588235 0.181818
vt 0.588235 0.272727
vt 0.588235 0.363636
vt 0.588235 0.454545
vt 0.588235 0.545455
vt 0.588235 0.636364
vt 0.588235 0.727273
vt 0.588235 0.818182
vt 0.588235 0.909091
vt 0.588235 1.000000
vt 0.598039 0.090909
vt 0.598039 0.000000
vt 0.598039 0.181818
vt 0.598039 0.272727
vt 0.598039 0.363636
vt 0.598039 0.454545
vt 0.598039 0.545455
vt 0.598039 0.636364
vt 0.598039 0.727273
vt 0.598039 0.818182
vt 0.598039 0.909091
vt 0.598039 1.000000
vt 0.607843 0.090909
vt 0.607843 0.000000
vt 0.607843 0.181818
vt 0.607843 0.272727
vt 0.607843 0.363636
vt 0.607843 0.454545
vt 0.607843 0.545455
vt 0.607843 0.636364
vt 0.607843 0.727273
vt 0.607843 0.818182
vt 0.607843 0.909091
vt 0.607843 1.000000
vt 0.617647 0.090909
vt 0.617647 0.000000
vt 0.617647 0.181818
vt 0.617647 0.272727
vt 0.617647 0.363636
vt 0.617647 0.454545
vt 0.617647 0.545455
vt 0.617647 0.636364
vt 0.617647 0.727273
vt 0.617647 0.818182
vt 0.617647 0.909091
vt 0.617647 1.000000
vt 0.627451 0.090909
vt 0.627451 0.000000
vt 0.627451 0.181818
vt 0.627451 0.272727
vt 0.627451 0.363636
vt 0.627451 0.454545
vt 0.627451 0.545455
vt 0.627451 0.636364
vt 0.627451 0.727273
vt 0.627451 0.818182
vt 0.627451 0.909091
vt 0.627451 1.000000
vt 0.637255 0.090909
vt 0.637255 0.000000
vt 0.637255 0.181818
vt 0.637255 0.272727
vt 0.637255 0.363636
vt 0.637255 0.454545
vt 0.637255 0.545455
vt 0.637255 0.636364
vt 0.637255 0.727273
vt 0.637255 0.818182
vt 0.637255 0.909091
vt 0.637255 1.000000
vt 0.647059 0.090909
vt 0.647059 0.000000
vt 0.647059 0.181818
vt 0.647059 0.272727
vt 0.647059 0.363636
vt 0.647059 0.454545
vt 0.647059 0.545455
vt 0.647059 0.636364
vt 0.647059 0.727273
vt 0.647059 0.818182
vt 0.647059 0.909091
vt 0.647059 1.000000
vt 0.656863 0.090909
vt 0.656863 0.000000
vt 0.656863 0.181818
vt 0.656863 0.272727
vt 0.656863 0.363636
vt 0.656863 0.454545
vt 0.656863 0.545455
vt 0.656863 0.636364
vt 0.656863 0.727273
vt 0.656863 0.818182
vt 0.656863 0.909091
vt 0.656863 1.000000
vt 0.666667 0.090909
vt 0.666667 0.181818
vt 0.666667 0.272727
vt 0.666667 0.363636
vt 0.666667 0.454545
vt 0.666667 0.545455
vt 0.666667 0.636364
vt 0.666667 0.727273
vt 0.666667 0.818182
vt 0.666667 0.909091
vt 0.666667 1.000000
vt 0.676471 0.090909
vt 0.676471 0.000000
vt 0.676471 0.181818
vt 0.676471 0.272727
vt 0.676471 0.363636
vt 0.676471 0.454545
vt 0.676471 0.545455
vt 0.676471 0.636364
vt 0.676471 0.727273
vt 0.676471 0.818182
vt 0.676471 0.909091
vt 0.676471 1.000000
vt 0.686275 0.090909
vt 0.686275 0.000000
vt 0.686275 0.181818
vt 0.686275 0.272727
vt 0.686275 0.363636
vt 0.686275 0.454545
vt 0.686275 0.545455
vt 0.686275 0.636364
vt 0.686275 0.727273
vt 0.686275 0.818182
vt 0.686275 0.909091
vt 0.686275 1.000000
vt 0.696078 0.090909
vt 0.696078 0.000000
vt 0.696078 0.181818
vt 0.696078 0.272727
vt 0.696078 0.363636
vt 0.696078 0.454545
vt 0.696078 0.545455
vt 0.696078 0.636364
vt 0.696078 0.727273
vt 0.696078 0.818182
vt 0.696078 0.909091
vt 0.696078 1.000000
vt 0.705882 0.090909
vt 0.705882 0.000000
vt 0.705882 0.181818
vt 0.705882 0.272727
vt 0.705882 0.363636
vt 0.705882 0.454545
vt 0.705882 0.545455
vt 0.705882 0.636364
vt 0.705882 0.727273
vt 0.705882 0.818182
vt 0.705882 0.909091
vt 0.705882 1.000000
vt 0.715686 0.090909
vt 0.715686 0.000000
vt 0.715686 0.181818
vt 0.715686 0.272727
vt 0.715686 0.363636
vt 0.715686 0.454545
vt 0.715686 0.545455
vt 0.715686 0.636364
vt 0.715686 0.727273
vt 0.715686 0.818182
vt 0.715686 0.909091
vt 0.715686 1.000000
vt 0.725490 0.090909
vt 0.725490 0.000000
vt 0.725490 0.181818
vt 0.725490 0.272727
vt 0.725490 0.363636
vt 0.725490 0.454545
vt 0.725490 0.545455
vt 0.725490 0.636364
vt 0.725490 0.727273
vt 0.725490 0.818182
vt 0.725490 0.909091
vt 0.725490 1.000000
vt 0.735294 0.090909
vt 0.735294 0.000000
vt 0.735294 0.181818
vt 0.735294 0.272727
vt 0.735294 0.363636
vt 0.735294 0.454545
vt 0.735294 0.545455
vt 0.735294 0.636364
vt 0.735294 0.727273
vt 0.735294 0.818182
vt 0.735294 0.909091
vt 0.735294 1.000000
vt 0.745098 0.090909
vt 0.745098 0.000000
vt 0.745098 0.181818
vt 0.745098 0.272727
vt 0.745098 0.363636
vt 0.745098 0.454545
vt 0.745098 0.545455
vt 0.745098 0.636364
vt 0.745098 0.727273
vt 0.745098 0.818182
vt 0.745098 0.909091
vt 0.745098 1.000000
vt 0.754902 0.090909
vt 0.754902 0.000000
vt 0.754902 0.181818
vt 0.754902 0.272727
vt 0.754902 0.363636
vt 0.754902 0.454545
vt 0.754902 0.545455
vt 0.754902 0.636364
vt 0.754902 0.727273
vt 0.754902 0.818182
vt 0.754902 0.909091
vt 0.754902 1.000000
vt 0.764706 0.090909
vt 0.764706 0.000000
vt 0.764706 0.181818
vt 0.764706 0.272727
vt 0.764706 0.363636
vt 0.764706 0.454545
vt 0.764706 0.545455
vt 0.764706 0.636364
vt 0.764706 0.727273
vt 0.764706 0.818182
vt 0.764706 0.909091
vt 0.764706 1.000000
vt 0.774510 0.090909
vt 0.774510 0.000000
vt 0.774510 0.181818
vt 0.774510 0.272727
vt 0.774510 0.363636
vt 0.774510 0.454545
vt 0.774510 0.545455
vt 0.774510 0.636364
vt 0.774510 0.727273
vt 0.774510 0.818182
vt 0.774510 0.909091
vt 0.774510 1.000000
vt 0.784314 0.090909
vt 0.784314 0.000000
vt 0.784314 0.181818
vt 0.784314 0.272727
vt 0.784314 0.363636
vt 0.784314 0.454545
vt 0.784314 0.545455
vt 0.784314 0.636364
vt 0.784314 0.727273
vt 0.784314 0.818182
vt 0.784314 0.909091
vt 0.784314 1.000000
vt 0.794118 0.090909
vt 0.794118 0.000000
vt 0.794118 0.181818
vt 0.794118 0.272727
vt 0.794118 0.363636
vt 0.794118 0.454545
vt 0.794118 0.545455
vt 0.794118 0.636364
vt 0.794118 0.727273
vt 0.794118 0.818182
vt 0.794118 0.909091
vt 0.794118 1.000000
vt 0.803922 0.090909
vt 0.803922 0.000000
vt 0.803922 0.181818
vt 0.803922 0.272727
vt 0.803922 0.363636
vt 0.803922 0.454545
vt 0.803922 0.545455
vt 0.803922 0.636364
vt 0.803922 0.727273
vt 0.803922 0.818182
vt 0.803922 0.909091
vt 0.803922 1.000000
vt 0.813725 0.090909
vt 0.813725 0.000000
vt 0.813725 0.181818
vt 0.813725 0.272727
vt 0.813725 0.363636
vt 0.813725 0.454545
vt 0.813725 0.545455
vt 0.813725 0.636364
vt 0.813725 0.727273
vt 0.813725 0.818182
vt 0.813725 0.909091
vt 0.813725 1.000000
vt 0.823529 0.090909
vt 0.823529 0.000000
vt 0.823529 0.181818
vt 0.823529 0.272727
vt 0.823529 0.363636
vt 0.823529 0.454545
vt 0.823529 0.545455
vt 0.823529 0.636364
vt 0.823529 0.727273
vt 0.823529 0.818182
vt 0.823529 0.909091
vt 0.823529 1.000000
vt 0.833333 0.090909
vt 0.833333 0.181818
vt 0.833333 0.272727
vt 0.833333 0.363636
vt 0.833333 0.454545
vt 0.833333 0.545455
vt 0.833333 0.636364
vt 0.833333 0.727273
vt 0.833333 0.818182
vt 0.833333 0.909091
vt 0.833333 1.000000
vt 0.843137 0.090909
vt 0.843137 0.000000
vt 0.843137 0.181818
vt 0.843137 0.272727
vt 0.843137 0.363636
vt 0.843137 0.454545
vt 0.843137 0.545455
vt 0.843137 0.636364
vt 0.843137 0.727273
vt 0.843137 0.818182
vt 0.843137 0.909091
vt 0.843137 1.000000
vt 0.852941 0.090909
vt 0.852941 0.000000
vt 0.852941 0.181818
vt 0.852941 0.272727
vt 0.852941 0.363636
vt 0.852941 0.454545
vt 0.852941 0.545455
vt 0.852941 0.636364
vt 0.852941 0.727273
vt 0.852941 0.818182
vt 0.852941 0.909091
vt 0.852941 1.000000
vt 0.862745 0.090909
vt 0.862745 0.000000
vt 0.862745 0.181818
vt 0.862745 0.272727
vt 0.862745 0.363636
vt 0.862745 0.454545
vt 0.862745 0.545455
vt 0.862745 0.636364
vt 0.862745 0.727273
vt 0.862745 0.818182
vt 0.862745 0.909091
vt 0.862745 1.000000
vt 0.872549 0.090909
vt 0.872549 0.000000
vt 0.872549 0.181818
vt 0.872549 0.272727
vt 0.872549 0.363636
vt 0.872549 0.454545
vt 0.872549 0.545455
vt 0.872549 0.636364
vt 0.872549 0.727273
vt 0.872549 0.818182
vt 0.872549 0.909091
vt 0.872549 1.000000
vt 0.882353 0.090909
vt 0.882353 0.000000
vt 0.882353 0.181818
vt 0.882353 0.272727
vt 0.882353 0.363636
vt 0.882353 0.454545
vt 0.882353 0.545455
vt 0.882353 0.636364
vt 0.882353 0.727273
vt 0.882353 0.818182
vt 0.882353 0.909091
vt 0.882353 1.000000
vt 0.892157 0.090909
vt 0.892157 0.000000
vt 0.892157 0.181818
vt 0.892157 0.272727
vt 0.892157 0.363636
vt 0.892157 0.454545
vt 0.892157 0.545455
vt 0.892157 0.636364
vt 0.892157 0.727273
vt 0.892157 0.818182
vt 0.892157 0.909091
vt 0.892157 1.000000
vt 0.901961 0.090909
vt 0.901961 0.000000
vt 0.901961 0.181818
vt 0.901961 0.272727
vt 0.901961 0.363636
vt 0.901961 0.454545
vt 0.901961 0.545455
vt 0.901961 0.636364
vt 0.901961 0.727273
vt 0.901961 0.818182
vt 0.901961 0.909091
vt 0.901961 1.000000
vt 0.911765 0.090909
vt 0.911765 0.000000
vt 0.911765 0.181818
vt 0.911765 0.272727
vt 0.911765 0.363636
vt 0.911765 0.454545
vt 0.911765 0.545455
vt 0.911765 0.636364
vt 0.911765 0.727273
vt 0.911765 0.818182
vt 0.911765 0.909091
vt 0.911765 1.000000
vt 0.921569 0.090909
vt 0.921569 0.000000
vt 0.921569 0.181818
vt 0.921569 0.272727
vt 0.921569 0.363636
vt 0.921569 0.454545
vt 0.921569 0.545455
vt 0.921569 0.636364
vt 0.921569 0.727273
vt 0.921569 0.818182
vt 0.921569 0.909091
vt 0.921569 1.000000
vt 0.931373 0.090909
vt 0.931373 0.000000
vt 0.931373 0.181818
vt 0.931373 0.272727
vt 0.931373 0.363636
vt 0.931373 0.454545
vt 0.931373 0.545455
vt 0.931373 0.636364
vt 0.931373 0.727273
vt 0.931373 0.818182
vt 0.931373 0.909091
vt 0.931373 1.000000
vt 0.941176 0.090909
vt 0.941176 0.000000
vt 0.941176 0.181818
vt 0.941176 0.272727
vt 0.941176 0.363636
vt 0.941176 0.454545
vt 0.941176 0.545455
vt 0.941176 0.636364
vt 0.941176 0.727273
vt 0.941176 0.818182
vt 0.941176 0.909091
vt 0.941176 1.000000
vt 0.950980 0.090909
vt 0.950980 0.000000
vt 0.950980 0.181818
vt 0.950980 0.272727
vt 0.950980 0.363636
vt 0.950980 0.454545
vt 0.950980 0.545455
vt 0.950980 0.636364
vt 0.950980 0.727273
vt 0.950980 0.818182
vt 0.950980 0.909091
vt 0.950980 1.000000
vt 0.960784 0.090909
vt 0.960784 0.000000
vt 0.960784 0.181818
vt 0.960784 0.272727
vt 0.960784 0.363636
vt 0.960784 0.454545
vt 0.960784 0.545455
vt 0.960784 0.636364
vt 0.960784 0.727273
vt 0.960784 0.818182
vt 0.960784 0.909091
vt 0.960784 1.000000
vt 0.970588 0.090909
vt 0.970588 0.000000
vt 0.970588 0.181818
vt 0.970588 0.272727
vt 0.970588 0.363636
vt 0.970588 0.454545
vt 0.970588 0.545455
vt 0.970588 0.636364
vt 0.970588 0.727273
vt 0.970588 0.818182
vt 0.970588 0.909091
vt 0.970588 1.000000
vt 0.980392 0.090909
vt 0.980392 0.000000
vt 0.980392 0.181818
vt 0.980392 0.272727
vt 0.980392 0.363636
vt 0.980392 0.454545
vt 0.980392 0.545455
vt 0.980392 0.636364
vt 0.980392 0.727273
vt 0.980392 0.818182
vt 0.980392 0.909091
vt 0.980392 1.000000
vt 0.990196 0.090909
vt 0.990196 0.000000
vt 0.990196 0.181818
vt 0.990196 0.272727
vt 0.990196 0.363636
vt 0.990196 0.454545
vt 0.990196 0.545455
vt 0.990196 0.636364
vt 0.990196 0.727273
vt 0.990196 0.818182
vt 0.990196 0.909091
vt 0.990196 1.000000
vt 1.000000 0.090909
vt 1.000000 0.181818
vt 1.000000 0.272727
vt 1.000000 0.363636
vt 1.000000 0.454545
vt 1.000000 0.545455
vt 1.000000 0.636364
vt 1.000000 0.727273
vt 1.000000 0.818182
vt 1.000000 0.909091
vt 1.000000 1.000000
vt 0.125000 0.090909
vt 0.125000 0.000000
vt 0.125000 0.181818
vt 0.125000 0.272727
vt 0.125000 0.363636
vt 0.125000 0.454545
vt 0.125000 0.545455
vt 0.125000 0.636364
vt 0.125000 0.727273
vt 0.125000 0.818182
vt 0.125000 0.909091
vt 0.125000 1.000000
vt 0.250000 0.090909
vt 0.250000 0.000000
vt 0.250000 0.181818
vt 0.250000 0.272727
vt 0.250000 0.363636
vt 0.250000 0.454545
vt 0.250000 0.545455
vt 0.250000 0.636364
vt 0.250000 0.727273
vt 0.250000 0.818182
vt 0.250000 0.909091
vt 0.250000 1.000000
vt 0.375000 0.090909
vt 0.375000 0.000000
vt 0.375000 0.181818
vt 0.375000 0.272727
vt 0.375000 0.363636
vt 0.375000 0.454545
vt 0.375000 0.545455
vt 0.375000 0.636364
vt 0.375000 0.727273
vt 0.375000 0.818182
vt 0.375000 0.909091
vt 0.375000 1.000000
vt 0.625000 0.090909
vt 0.625000 0.000000
vt 0.625000 0.181818
vt 0.625000 0.272727
vt 0.625000 0.363636
vt 0.625000 0.454545
vt 0.625000 0.545455
vt 0.625000 0.636364
vt 0.625000 0.727273
vt 0.625000 0.818182
vt 0.625000 0.909091
vt 0.625000 1.000000
vt 0.750000 0.090909
vt 0.750000 0.000000
vt 0.750000 0.181818
vt 0.750000 0.272727
vt 0.750000 0.363636
vt 0.750000 0.454545
vt 0.750000 0.545455
vt 0.750000 0.636364
vt 0.750000 0.727273
vt 0.750000 0.818182
vt 0.750000 0.909091
vt 0.750000 1.000000
vt 0.875000 0.090909
vt 0.875000 0.000000
vt 0.875000 0.181818
vt 0.875000 0.272727
vt 0.875000 0.363636
vt 0.875000 0.454545
vt 0.875000 0.545455
vt 0.875000 0.636364
vt 0.875000 0.727273
vt 0.875000 0.818182
vt 0.875000 0.909091
vt 0.875000 1.000000
vt 0.066667 0.090909
vt 0.066667 0.000000
vt 0.066667 0.181818
vt 0.066667 0.272727
vt 0.066667 0.363636
vt 0.066667 0.454545
vt 0.066667 0.545455
vt 0.066667 0.636364
vt 0.066667 0.727273
vt 0.066667 0.818182
vt 0.066667 0.909091
vt 0.066667 1.000000
vt 0.133333 0.090909
vt 0.133333 0.000000
vt 0.133333 0.181818
vt 0.133333 0.272727
vt 0.133333 0.363636
vt 0.133333 0.454545
vt 0.133333 0.545455
vt 0.133333 0.636364
vt 0.133333 0.727273
vt 0.133333 0.818182
vt 0.133333 0.909091
vt 0.133333 1.000000
vt 0.200000 0.090909
vt 0.200000 0.181818
vt 0.200000 0.272727
vt 0.200000 0.363636
vt 0.200000 0.454545
vt 0.200000 0.545455
vt 0.200000 0.636364
vt 0.200000 0.727273
vt 0.200000 0.818182
vt 0.200000 0.909091
vt 0.200000 1.000000
vt 0.266667 0.090909
vt 0.266667 0.000000
vt 0.266667 0.181818
vt 0.266667 0.272727
vt 0.266667 0.363636
vt 0.266667 0.454545
vt 0.266667 0.545455
vt 0.266667 0.636364
vt 0.266667 0.727273
vt 0.266667 0.818182
vt 0.266667 0.909091
vt 0.266667 1.000000
vt 0.400000 0.090909
vt 0.400000 0.181818
vt 0.400000 0.272727
vt 0.400000 0.363636
vt 0.400000 0.454545
vt 0.400000 0.545455
vt 0.400000 0.636364
vt 0.400000 0.727273
vt 0.400000 0.818182
vt 0.400000 0.909091
vt 0.400000 1.000000
vt 0.466667 0.090909
vt 0.466667 0.000000
vt 0.466667 0.181818
vt 0.466667 0.272727
vt 0.466667 0.363636
vt 0.466667 0.454545
vt 0.466667 0.545455
vt 0.466667 0.636364
vt 0.466667 0.727273
vt 0.466667 0.818182
vt 0.466667 0.909091
vt 0.466667 1.000000
vt 0.533333 0.090909
vt 0.533333 0.000000
vt 0.533333 0.181818
vt 0.533333 0.272727
vt 0.533333 0.363636
vt 0.533333 0.454545
vt 0.533333 0.545455
vt 0.533333 0.636364
vt 0.533333 0.727273
vt 0.533333 0.818182
vt 0.533333 0.909091
vt 0.533333 1.000000
vt 0.600000 0.090909
vt 0.600000 0.181818
vt 0.600000 0.272727
vt 0.600000 0.363636
vt 0.600000 0.454545
vt 0.600000 0.545455
vt 0.600000 0.636364
vt 0.600000 0.727273
vt 0.600000 0.818182
vt 0.600000 0.909091
vt 0.600000 1.000000
vt 0.733333 0.090909
vt 0.733333 0.000000
vt 0.733333 0.181818
vt 0.733333 0.272727
vt 0.733333 0.363636
vt 0.733333 0.454545
vt 0.733333 0.545455
vt 0.733333 0.636364
vt 0.733333 0.727273
vt 0.733333 0.818182
vt 0.733333 0.909091
vt 0.733333 1.000000
vt 0.800000 0.090909
vt 0.800000 0.181818
vt 0.800000 0.272727
vt 0.800000 0.363636
vt 0.800000 0.454545
vt 0.800000 0.545455
vt 0.800000 0.636364
vt 0.800000 0.727273
vt 0.800000 0.818182
vt 0.800000 0.909091
vt 0.800000 1.000000
vt 0.866667 0.090909
vt 0.866667 0.000000
vt 0.866667 0.181818
vt 0.866667 0.272727
vt 0.866667 0.363636
vt 0.866667 0.454545
vt 0.866667 0.545455
vt 0.866667 0.636364
vt 0.866667 0.727273
vt 0.866667 0.818182
vt 0.866667 0.909091
vt 0.866667 1.000000
vt 0.933333 0.090909
vt 0.933333 0.000000
vt 0.933333 0.181818
vt 0.933333 0.272727
vt 0.933333 0.363636
vt 0.933333 0.454545
vt 0.933333 0.545455
vt 0.933333 0.636364
vt 0.933333 0.727273
vt 0.933333 0.818182
vt 0.933333 0.909091
vt 0.933333 1.000000
vt 0.083333 0.090909
vt 0.083333 0.000000
vt 0.083333 0.181818
vt 0.083333 0.272727
vt 0.083333 0.363636
vt 0.083333 0.454545
vt 0.083333 0.545455
vt 0.083333 0.636364
vt 0.083333 0.727273
vt 0.083333 0.818182
vt 0.083333 0.909091
vt 0.083333 1.000000
vt 0.416667 0.090909
vt 0.416667 0.000000
vt 0.416667 0.181818
vt 0.416667 0.272727
vt 0.416667 0.363636
vt 0.416667 0.454545
vt 0.416667 0.545455
vt 0.416667 0.636364
vt 0.416667 0.727273
vt 0.416667 0.818182
vt 0.416667 0.909091
vt 0.416667 1.000000
vt 0.583333 0.090909
vt 0.583333 0.000000
vt 0.583333 0.181818
vt 0.583333 0.272727
vt 0.583333 0.363636
vt 0.583333 0.454545
vt 0.583333 0.545455
vt 0.583333 0.636364
vt 0.583333 0.727273
vt 0.583333 0.818182
vt 0.583333 0.909091
vt 0.583333 1.000000
vt 0.916667 0.090909
vt 0.916667 0.000000
vt 0.916667 0.181818
vt 0.916667 0.272727
vt 0.916667 0.363636
vt 0.916667 0.454545
vt 0.916667 0.545455
vt 0.916667 0.636364
vt 0.916667 0.727273
vt 0.916667 0.818182
vt 0.916667 0.909091
vt 0.916667 1.000000
vt 0.020833 0.090909
vt 0.020833 0.000000
vt 0.020833 0.181818
vt 0.020833 0.272727
vt 0.020833 0.363636
vt 0.020833 0.454545
vt 0.020833 0.545455
vt 0.020833 0.636364
vt 0.020833 0.727273
vt 0.020833 0.818182
vt 0.020833 0.909091
vt 0.020833 1.000000
vt 0.041667 0.090909
vt 0.041667 0.000000
vt 0.041667 0.181818
vt 0.041667 0.272727
vt 0.041667 0.363636
vt 0.041667 0.454545
vt 0.041667 0.545455
vt 0.041667 0.636364
vt 0.041667 0.727273
vt 0.041667 0.818182
vt 0.041667 0.909091
vt 0.041667 1.000000
vt 0.062500 0.090909
vt 0.062500 0.000000
vt 0.062500 0.181818
vt 0.062500 0.272727
vt 0.062500 0.363636
vt 0.062500 0.454545
vt 0.062500 0.545455
vt 0.062500 0.636364
vt 0.062500 0.727273
vt 0.062500 0.818182
vt 0.062500 0.909091
vt 0.062500 1.000000
vt 0.104167 0.090909
vt 0.104167 0.000000
vt 0.104167 0.181818
vt 0.104167 0.272727
vt 0.104167 0.363636
vt 0.104167 0.454545
vt 0.104167 0.545455
vt 0.104167 0.636364
vt 0.104167 0.727273
vt 0.104167 0.818182
vt 0.104167 0.909091
vt 0.104167 1.000000
vt 0.145833 0.090909
vt 0.145833 0.000000
vt 0.145833 0.181818
vt 0.145833 0.272727
vt 0.145833 0.363636
vt 0.145833 0.454545
vt 0.145833 0.545455
vt 0.145833 0.636364
vt 0.145833 0.727273
vt 0.145833 0.818182
vt 0.145833 0.909091
vt 0.145833 1.000000
vt 0.187500 0.090909
vt 0.187500 0.000000
vt 0.187500 0.181818
vt 0.187500 0.272727
vt 0.187500 0.363636
vt 0.187500 0.454545
vt 0.187500 0.545455
vt 0.187500 0.636364
vt 0.187500 0.727273
vt 0.187500 0.818182
vt 0.187500 0.909091
vt 0.187500 1.000000
vt 0.208333 0.090909
vt 0.208333 0.000000
vt 0.208333 0.181818
vt 0.208333 0.272727
vt 0.208333 0.363636
vt 0.208333 0.454545
vt 0.208333 0.545455
vt 0.208333 0.636364
vt 0.208333 0.727273
vt 0.208333 0.818182
vt 0.208333 0.909091
vt 0.208333 1.000000
vt 0.229167 0.090909
vt 0.229167 0.000000
vt 0.229167 0.181818
vt 0.229167 0.272727
vt 0.229167 0.363636
vt 0.229167 0.454545
vt 0.229167 0.545455
vt 0.229167 0.636364
vt 0.229167 0.727273
vt 0.229167 0.818182
vt 0.229167 0.909091
vt 0.229167 1.000000
vt 0.270833 0.090909
vt 0.270833 0.000000
vt 0.270833 0.181818
vt 0.270833 0.272727
vt 0.270833 0.363636
vt 0.270833 0.454545
vt 0.270833 0.545455
vt 0.270833 0.636364
vt 0.270833 0.727273
vt 0.270833 0.818182
vt 0.270833 0.909091
vt 0.270833 1.000000
vt 0.291667 0.090909
vt 0.291667 0.000000
vt 0.291667 0.181818
vt 0.291667 0.272727
vt 0.291667 0.363636
vt 0.291667 0.454545
vt 0.291667 0.545455
vt 0.291667 0.636364
vt 0.291667 0.727273
vt 0.291667 0.818182
vt 0.291667 0.909091
vt 0.291667 1.000000
vt 0.312500 0.090909
vt 0.312500 0.000000
vt 0.312500 0.181818
vt 0.312500 0.272727
vt 0.312500 0.363636
vt 0.312500 0.454545
vt 0.312500 0.545455
vt 0.312500 0.636364
vt 0.312500 0.727273
vt 0.312500 0.818182
vt 0.312500 0.909091
vt 0.312500 1.000000
vt 0.354167 0.090909
vt 0.354167 0.000000
vt 0.354167 0.181818
vt 0.354167 0.272727
vt 0.354167 0.363636
vt 0.354167 0.454545
vt 0.354167 0.545455
vt 0.354167 0.636364
vt 0.354167 0.727273
vt 0.354167 0.818182
vt 0.354167 0.909091
vt 0.354167 1.000000
vt 0.395833 0.090909
vt 0.395833 0.000000
vt 0.395833 0.181818
vt 0.395833 0.272727
vt 0.395833 0.363636
vt 0.395833 0.454545
vt 0.395833 0.545455
vt 0.395833 0.636364
vt 0.395833 0.727273
vt 0.395833 0.818182
vt 0.395833 0.909091
vt 0.395833 1.000000
vt 0.437500 0.090909
vt 0.437500 0.000000
vt 0.437500 0.181818
vt 0.437500 0.272727
vt 0.437500 0.363636
vt 0.437500 0.454545
vt 0.437500 0.545455
vt 0.437500 0.636364
vt 0.437500 0.727273
vt 0.437500 0.818182
vt 0.437500 0.909091
vt 0.437500 1.000000
vt 0.458333 0.090909
vt 0.458333 0.000000
vt 0.458333 0.181818
vt 0.458333 0.272727
vt 0.458333 0.363636
vt 0.458333 0.454545
vt 0.458333 0.545455
vt 0.458333 0.636364
vt 0.458333 0.727273
vt 0.458333 0.818182
vt 0.458333 0.909091
vt 0.458333 1.000000
vt 0.479167 0.090909
vt 0.479167 0.000000
vt 0.479167 0.181818
vt 0.479167 0.272727
vt 0.479167 0.363636
vt 0.479167 0.454545
vt 0.479167 0.545455
vt 0.479167 0.636364
vt 0.479167 0.727273
vt 0.479167 0.818182
vt 0.479167 0.909091
vt 0.479167 1.000000
vt 0.520833 0.090909
vt 0.520833 0.000000
vt 0.520833 0.181818
vt 0.520833 0.272727
vt 0.520833 0.363636
vt 0.520833 0.454545
vt 0.520833 0.545455
vt 0.520833 0.636364
vt 0.520833 0.727273
vt 0.520833 0.818182
vt 0.520833 0.909091
vt 0.520833 1.000000
vt 0.541667 0.090909
vt 0.541667 0.000000
vt 0.541667 0.181818
vt 0.541667 0.272727
vt 0.541667 0.363636
vt 0.541667 0.454545
vt 0.541667 0.545455
vt 0.541667 0.636364
vt 0.541667 0.727273
vt 0.541667 0.818182
vt 0.541667 0.909091
vt 0.541667 1.000000
vt 0.562500 0.090909
vt 0.562500 0.000000
vt 0.562500 0.181818
vt 0.562500 0.272727
vt 0.562500 0.363636
vt 0.562500 0.454545
vt 0.562500 0.545455
vt 0.562500 0.636364
vt 0.562500 0.727273
vt 0.562500 0.818182
vt 0.562500 0.909091
vt 0.562500 1.000000
vt 0.604167 0.090909
vt 0.604167 0.000000
vt 0.604167 0.181818
vt 0.604167 0.272727
vt 0.604167 0.363636
vt 0.604167 0.454545
vt 0.604167 0.545455
vt 0.604167 0.636364
vt 0.604167 0.727273
vt 0.604167 0.818182
vt 0.604167 0.909091
vt 0.604167 1.000000
vt 0.645833 0.090909
vt 0.645833 0.000000
vt 0.645833 0.181818
vt 0.645833 0.272727
vt 0.645833 0.363636
vt 0.645833 0.454545
vt 0.645833 0.545455
vt 0.645833 0.636364
vt 0.645833 0.727273
vt 0.645833 0.818182
vt 0.645833 0.909091
vt 0.645833 1.000000
vt 0.687500 0.090909
vt 0.687500 0.000000
vt 0.687500 0.181818
vt 0.687500 0.272727
vt 0.687500 0.363636
vt 0.687500 0.454545
vt 0.687500 0.545455
vt 0.687500 0.636364
vt 0.687500 0.727273
vt 0.687500 0.818182
vt 0.687500 0.909091
vt 0.687500 1.000000
vt 0.708333 0.090909
vt 0.708333 0.000000
vt 0.708333 0.181818
vt 0.708333 0.272727
vt 0.708333 0.363636
vt 0.708333 0.454545
vt 0.708333 0.545455
vt 0.708333 0.636364
vt 0.708333 0.727273
vt 0.708333 0.818182
vt 0.708333 0.909091
vt 0.708333 1.000000
vt 0.729167 0.090909
vt 0.729167 0.000000
vt 0.729167 0.181818
vt 0.729167 0.272727
vt 0.729167 0.363636
vt 0.729167 0.454545
vt 0.729167 0.545455
vt 0.729167 0.636364
vt 0.729167 0.727273
vt 0.729167 0.818182
vt 0.729167 0.909091
vt 0.729167 1.000000
vt 0.770833 0.090909
vt 0.770833 0.000000
vt 0.770833 0.181818
vt 0.770833 0.272727
vt 0.770833 0.363636
vt 0.770833 0.454545
vt 0.770833 0.545455
vt 0.770833 0.636364
vt 0.770833 0.727273
vt 0.770833 0.818182
vt 0.770833 0.909091
vt 0.770833 1.000000
vt 0.791667 0.090909
vt 0.791667 0.000000
vt 0.791667 0.181818
vt 0.791667 0.272727
vt 0.791667 0.363636
vt 0.791667 0.454545
vt 0.791667 0.545455
vt 0.791667 0.636364
vt 0.791667 0.727273
vt 0.791667 0.818182
vt 0.791667 0.909091
vt 0.791667 1.000000
vt 0.812500 0.090909
vt 0.812500 0.000000
vt 0.812500 0.181818
vt 0.812500 0.272727
vt 0.812500 0.363636
vt 0.812500 0.454545
vt 0.812500 0.545455
vt 0.812500 0.636364
vt 0.812500 0.727273
vt 0.812500 0.818182
vt 0.812500 0.909091
vt 0.812500 1.000000
vt 0.854167 0.090909
vt 0.854167 0.000000
vt 0.854167 0.181818
vt 0.854167 0.272727
vt 0.854167 0.363636
vt 0.854167 0.454545
vt 0.854167 0.545455
vt 0.854167 0.636364
vt 0.854167 0.727273
vt 0.854167 0.818182
vt 0.854167 0.909091
vt 0.854167 1.000000
vt 0.895833 0.090909
vt 0.895833 0.000000
vt 0.895833 0.181818
vt 0.895833 0.272727
vt 0.895833 0.363636
vt 0.895833 0.454545
vt 0.895833 0.545455
vt 0.895833 0.636364
vt 0.895833 0.727273
vt 0.895833 0.818182
vt 0.895833 0.909091
vt 0.895833 1.000000
vt 0.937500 0.090909
vt 0.937500 0.000000
vt 0.937500 0.181818
vt 0.937500 0.272727
vt 0.937500 0.363636
vt 0.937500 0.454545
vt 0.937500 0.545455
vt 0.937500 0.636364
vt 0.937500 0.727273
vt 0.937500 0.818182
vt 0.937500 0.909091
vt 0.937500 1.000000
vt 0.958333 0.090909
vt 0.958333 0.000000
vt 0.958333 0.181818
vt 0.958333 0.272727
vt 0.958333 0.363636
vt 0.958333 0.454545
vt 0.958333 0.545455
vt 0.958333 0.636364
vt 0.958333 0.727273
vt 0.958333 0.818182
vt 0.958333 0.909091
vt 0.958333 1.000000
vt 0.979167 0.090909
vt 0.979167 0.000000
vt 0.979167 0.181818
vt 0.979167 0.272727
vt 0.979167 0.363636
vt 0.979167 0.454545
vt 0.979167 0.545455
vt 0.979167 0.636364
vt 0.979167 0.727273
vt 0.979167 0.818182
vt 0.979167 0.909091
vt 0.979167 1.000000
vt 0.142857 0.090909
vt 0.142857 0.181818
vt 0.142857 0.272727
vt 0.142857 0.363636
vt 0.142857 0.454545
vt 0.142857 0.545455
vt 0.142857 0.636364
vt 0.142857 0.727273
vt 0.142857 0.818182
vt 0.142857 0.909091
vt 0.142857 1.000000
vt 0.285714 0.090909
vt 0.285714 0.181818
vt 0.285714 0.272727
vt 0.285714 0.363636
vt 0.285714 0.454545
vt 0.285714 0.545455
vt 0.285714 0.636364
vt 0.285714 0.727273
vt 0.285714 0.818182
vt 0.285714 0.909091
vt 0.285714 1.000000
vt 0.428571 0.090909
vt 0.428571 0.181818
vt 0.428571 0.272727
vt 0.428571 0.363636
vt 0.428571 0.454545
vt 0.428571 0.545455
vt 0.428571 0.636364
vt 0.428571 0.727273
vt 0.428571 0.818182
vt 0.428571 0.909091
vt 0.428571 1.000000
vt 0.571429 0.090909
vt 0.571429 0.181818
vt 0.571429 0.272727
vt 0.571429 0.363636
vt 0.571429 0.454545
vt 0.571429 0.545455
vt 0.571429 0.636364
vt 0.571429 0.727273
vt 0.571429 0.818182
vt 0.571429 0.909091
vt 0.571429 1.000000
vt 0.714286 0.090909
vt 0.714286 0.181818
vt 0.714286 0.272727
vt 0.714286 0.363636
vt 0.714286 0.454545
vt 0.714286 0.545455
vt 0.714286 0.636364
vt 0.714286 0.727273
vt 0.714286 0.818182
vt 0.714286 0.909091
vt 0.714286 1.000000
vt 0.857143 0.090909
vt 0.857143 0.181818
vt 0.857143 0.272727
vt 0.857143 0.363636
vt 0.857143 0.454545
vt 0.857143 0.545455
vt 0.857143 0.636364
vt 0.857143 0.727273
vt 0.857143 0.818182
vt 0.857143 0.909091
vt 0.857143 1.000000
vt 0.014925 0.090909
vt 0.014925 0.000000
vt 0.014925 0.181818
vt 0.014925 0.272727
vt 0.014925 0.363636
vt 0.014925 0.454545
vt 0.014925 0.545455
vt 0.014925 0.636364
vt 0.014925 0.727273
vt 0.014925 0.818182
vt 0.014925 0.909091
vt 0.014925 1.000000
vt 0.029851 0.090909
vt 0.029851 0.000000
vt 0.029851 0.181818
vt 0.029851 0.272727
vt 0.029851 0.363636
vt 0.029851 0.454545
vt 0.029851 0.545455
vt 0.029851 0.636364
vt 0.029851 0.727273
vt 0.029851 0.818182
vt 0.029851 0.909091
vt 0.029851 1.000000
vt 0.044776 0.090909
vt 0.044776 0.000000
vt 0.044776 0.181818
vt 0.044776 0.272727
vt 0.044776 0.363636
vt 0.044776 0.454545
vt 0.044776 0.545455
vt 0.044776 0.636364
vt 0.044776 0.727273
vt 0.044776 0.818182
vt 0.044776 0.909091
vt 0.044776 1.000000
vt 0.059701 0.090909
vt 0.059701 0.000000
vt 0.059701 0.181818
vt 0.059701 0.272727
vt 0.059701 0.363636
vt 0.059701 0.454545
vt 0.059701 0.545455
vt 0.059701 0.636364
vt 0.059701 0.727273
vt 0.059701 0.818182
vt 0.059701 0.909091
vt 0.059701 1.000000
vt 0.074627 0.090909
vt 0.074627 0.000000
vt 0.074627 0.181818
vt 0.074627 0.272727
vt 0.074627 0.363636
vt 0.074627 0.454545
vt 0.074627 0.545455
vt 0.074627 0.636364
vt 0.074627 0.727273
vt 0.074627 0.818182
vt 0.074627 0.909091
vt 0.074627 1.000000
vt 0.089552 0.090909
vt 0.089552 0.000000
vt 0.089552 0.181818
vt 0.089552 0.272727
vt 0.089552 0.363636
vt 0.089552 0.454545
vt 0.089552 0.545455
vt 0.089552 0.636364
vt 0.089552 0.727273
vt 0.089552 0.818182
vt 0.089552 0.909091
vt 0.089552 1.000000
vt 0.104478 0.090909
vt 0.104478 0.000000
vt 0.104478 0.181818
vt 0.104478 0.272727
vt 0.104478 0.363636
vt 0.104478 0.454545
vt 0.104478 0.545455
vt 0.104478 0.636364
vt 0.104478 0.727273
vt 0.104478 0.818182
vt 0.104478 0.909091
vt 0.104478 1.000000
vt 0.119403 0.090909
vt 0.119403 0.000000
vt 0.119403 0.181818
vt 0.119403 0.272727
vt 0.119403 0.363636
vt 0.119403 0.454545
vt 0.119403 0.545455
vt 0.119403 0.636364
vt 0.119403 0.727273
vt 0.119403 0.818182
vt 0.119403 0.909091
vt 0.119403 1.000000
vt 0.134328 0.090909
vt 0.134328 0.000000
vt 0.134328 0.181818
vt 0.134328 0.272727
vt 0.134328 0.363636
vt 0.134328 0.454545
vt 0.134328 0.545455
vt 0.134328 0.636364
vt 0.134328 0.727273
vt 0.134328 0.818182
vt 0.134328 0.909091
vt 0.134328 1.000000
vt 0.149254 0.090909
vt 0.149254 0.000000
vt 0.149254 0.181818
vt 0.149254 0.272727
vt 0.149254 0.363636
vt 0.149254 0.454545
vt 0.149254 0.545455
vt 0.149254 0.636364
vt 0.149254 0.727273
vt 0.149254 0.818182
vt 0.149254 0.909091
vt 0.149254 1.000000
vt 0.164179 0.090909
vt 0.164179 0.000000
vt 0.164179 0.181818
vt 0.164179 0.272727
vt 0.164179 0.363636
vt 0.164179 0.454545
vt 0.164179 0.545455
vt 0.164179 0.636364
vt 0.164179 0.727273
vt 0.164179 0.818182
vt 0.164179 0.909091
vt 0.164179 1.000000
vt 0.179104 0.090909
vt 0.179104 0.000000
vt 0.179104 0.181818
vt 0.179104 0.272727
vt 0.179104 0.363636
vt 0.179104 0.454545
vt 0.179104 0.545455
vt 0.179104 0.636364
vt 0.179104 0.727273
vt 0.179104 0.818182
vt 0.179104 0.909091
vt 0.179104 1.000000
vt 0.194030 0.090909
vt 0.194030 0.000000
vt 0.194030 0.181818
vt 0.194030 0.272727
vt 0.194030 0.363636
vt 0.194030 0.454545
vt 0.194030 0.545455
vt 0.194030 0.636364
vt 0.194030 0.727273
vt 0.194030 0.818182
vt 0.194030 0.909091
vt 0.194030 1.000000
vt 0.208955 0.090909
vt 0.208955 0.000000
vt 0.208955 0.181818
vt 0.208955 0.272727
vt 0.208955 0.363636
vt 0.208955 0.454545
vt 0.208955 0.545455
vt 0.208955 0.636364
vt 0.208955 0.727273
vt 0.208955 0.818182
vt 0.208955 0.909091
vt 0.208955 1.000000
vt 0.223881 0.090909
vt 0.223881 0.000000
vt 0.223881 0.181818
vt 0.223881 0.272727
vt 0.223881 0.363636
vt 0.223881 0.454545
vt 0.223881 0.545455
vt 0.223881 0.636364
vt 0.223881 0.727273
vt 0.223881 0.818182
vt 0.223881 0.909091
vt 0.223881 1.000000
vt 0.238806 0.090909
vt 0.238806 0.000000
vt 0.238806 0.181818
vt 0.238806 0.272727
vt 0.238806 0.363636
vt 0.238806 0.454545
vt 0.238806 0.545455
vt 0.238806 0.636364
vt 0.238806 0.727273
vt 0.238806 0.818182
vt 0.238806 0.909091
vt 0.238806 1.000000
vt 0.253731 0.090909
vt 0.253731 0.000000
vt 0.253731 0.181818
vt 0.253731 0.272727
vt 0.253731 0.363636
vt 0.253731 0.454545
vt 0.253731 0.545455
vt 0.253731 0.636364
vt 0.253731 0.727273
vt 0.253731 0.818182
vt 0.253731 0.909091
vt 0.253731 1.000000
vt 0.268657 0.090909
vt 0.268657 0.000000
vt 0.268657 0.181818
vt 0.268657 0.272727
vt 0.268657 0.363636
vt 0.268657 0.454545
vt 0.268657 0.545455
vt 0.268657 0.636364
vt 0.268657 0.727273
vt 0.268657 0.818182
vt 0.268657 0.909091
vt 0.268657 1.000000
vt 0.283582 0.090909
vt 0.283582 0.000000
vt 0.283582 0.181818
vt 0.283582 0.272727
vt 0.283582 0.363636
vt 0.283582 0.454545
vt 0.283582 0.545455
vt 0.283582 0.636364
vt 0.283582 0.727273
vt 0.283582 0.818182
vt 0.283582 0.909091
vt 0.283582 1.000000
vt 0.298507 0.090909
vt 0.298507 0.000000
vt 0.298507 0.181818
vt 0.298507 0.272727
vt 0.298507 0.363636
vt 0.298507 0.454545
vt 0.298507 0.545455
vt 0.298507 0.636364
vt 0.298507 0.727273
vt 0.298507 0.818182
vt 0.298507 0.909091
vt 0.298507 1.000000
vt 0.313433 0.090909
vt 0.313433 0.000000
vt 0.313433 0.181818
vt 0.313433 0.272727
vt 0.313433 0.363636
vt 0.313433 0.454545
vt 0.313433 0.545455
vt 0.313433 0.636364
vt 0.313433 0.727273
vt 0.313433 0.818182
vt 0.313433 0.909091
vt 0.313433 1.000000
vt 0.328358 0.090909
vt 0.328358 0.000000
vt 0.328358 0.181818
vt 0.328358 0.272727
vt 0.328358 0.363636
vt 0.328358 0.454545
vt 0.328358 0.545455
vt 0.328358 0.636364
vt 0.328358 0.727273
vt 0.328358 0.818182
vt 0.328358 0.909091
vt 0.328358 1.000000
vt 0.343284 0.090909
vt 0.343284 0.000000
vt 0.343284 0.181818
vt 0.343284 0.272727
vt 0.343284 0.363636
vt 0.343284 0.454545
vt 0.343284 0.545455
vt 0.343284 0.636364
vt 0.343284 0.727273
vt 0.343284 0.818182
vt 0.343284 0.909091
vt 0.343284 1.000000
vt 0.358209 0.090909
vt 0.358209 0.000000
vt 0.358209 0.181818
vt 0.358209 0.272727
vt 0.358209 0.363636
vt 0.358209 0.454545
vt 0.358209 0.545455
vt 0.358209 0.636364
vt 0.358209 0.727273
vt 0.358209 0.818182
vt 0.358209 0.909091
vt 0.358209 1.000000
vt 0.373134 0.090909
vt 0.373134 0.000000
vt 0.373134 0.181818
vt 0.373134 0.272727
vt 0.373134 0.363636
vt 0.373134 0.454545
vt 0.373134 0.545455
vt 0.373134 0.636364
vt 0.373134 0.727273
vt 0.373134 0.818182
vt 0.373134 0.909091
vt 0.373134 1.000000
vt 0.388060 0.090909
vt 0.388060 0.000000
vt 0.388060 0.181818
vt 0.388060 0.272727
vt 0.388060 0.363636
vt 0.388060 0.454545
vt 0.388060 0.545455
vt 0.388060 0.636364
vt 0.388060 0.727273
vt 0.388060 0.818182
vt 0.388060 0.909091
vt 0.388060 1.000000
vt 0.402985 0.090909
vt 0.402985 0.000000
vt 0.402985 0.181818
vt 0.402985 0.272727
vt 0.402985 0.363636
vt 0.402985 0.454545
vt 0.402985 0.545455
vt 0.402985 0.636364
vt 0.402985 0.727273
vt 0.402985 0.818182
vt 0.402985 0.909091
vt 0.402985 1.000000
vt 0.417910 0.090909
vt 0.417910 0.000000
vt 0.417910 0.181818
vt 0.417910 0.272727
vt 0.417910 0.363636
vt 0.417910 0.454545
vt 0.417910 0.545455
vt 0.417910 0.636364
vt 0.417910 0.727273
vt 0.417910 0.818182
vt 0.417910 0.909091
vt 0.417910 1.000000
vt 0.432836 0.090909
vt 0.432836 0.000000
vt 0.432836 0.181818
vt 0.432836 0.272727
vt 0.432836 0.363636
vt 0.432836 0.454545
vt 0.432836 0.545455
vt 0.432836 0.636364
vt 0.432836 0.727273
vt 0.432836 0.818182
vt 0.432836 0.909091
vt 0.432836 1.000000
vt 0.447761 0.090909
vt 0.447761 0.000000
vt 0.447761 0.181818
vt 0.447761 0.272727
vt 0.447761 0.363636
vt 0.447761 0.454545
vt 0.447761 0.545455
vt 0.447761 0.636364
vt 0.447761 0.727273
vt 0.447761 0.818182
vt 0.447761 0.909091
vt 0.447761 1.000000
vt 0.462687 0.090909
vt 0.462687 0.000000
vt 0.462687 0.181818
vt 0.462687 0.272727
vt 0.462687 0.363636
vt 0.462687 0.454545
vt 0.462687 0.545455
vt 0.462687 0.636364
vt 0.462687 0.727273
vt 0.462687 0.818182
vt 0.462687 0.909091
vt 0.462687 1.000000
vt 0.477612 0.090909
vt 0.477612 0.000000
vt 0.477612 0.181818
vt 0.477612 0.272727
vt 0.477612 0.363636
vt 0.477612 0.454545
vt 0.477612 0.545455
vt 0.477612 0.636364
vt 0.477612 0.727273
vt 0.477612 0.818182
vt 0.477612 0.909091
vt 0.477612 1.000000
vt 0.492537 0.090909
vt 0.492537 0.000000
vt 0.492537 0.181818
vt 0.492537 0.272727
vt 0.492537 0.363636
vt 0.492537 0.454545
vt 0.492537 0.545455
vt 0.492537 0.636364
vt 0.492537 0.727273
vt 0.492537 0.818182
vt 0.492537 0.909091
vt 0.492537 1.000000
vt 0.507463 0.090909
vt 0.507463 0.000000
vt 0.507463 0.181818
vt 0.507463 0.272727
vt 0.507463 0.363636
vt 0.507463 0.454545
vt 0.507463 0.545455
vt 0.507463 0.636364
vt 0.507463 0.727273
vt 0.507463 0.818182
vt 0.507463 0.909091
vt 0.507463 1.000000
vt 0.522388 0.090909
vt 0.522388 0.000000
vt 0.522388 0.181818
vt 0.522388 0.272727
vt 0.522388 0.363636
vt 0.522388 0.454545
vt 0.522388 0.545455
vt 0.522388 0.636364
vt 0.522388 0.727273
vt 0.522388 0.818182
vt 0.522388 0.909091
vt 0.522388 1.000000
vt 0.537313 0.090909
vt 0.537313 0.000000
vt 0.537313 0.181818
vt 0.537313 0.272727
vt 0.537313 0.363636
vt 0.537313 0.454545
vt 0.537313 0.545455
vt 0.537313 0.636364
vt 0.537313 0.727273
vt 0.537313 0.818182
vt 0.537313 0.909091
vt 0.537313 1.000000
vt 0.552239 0.090909
vt 0.552239 0.000000
vt 0.552239 0.181818
vt 0.552239 0.272727
vt 0.552239 0.363636
vt 0.552239 0.454545
vt 0.552239 0.545455
vt 0.552239 0.636364
vt 0.552239 0.727273
vt 0.552239 0.818182
vt 0.552239 0.909091
vt 0.552239 1.000000
vt 0.567164 0.090909
vt 0.567164 0.000000
vt 0.567164 0.181818
vt 0.567164 0.272727
vt 0.567164 0.363636
vt 0.567164 0.454545
vt 0.567164 0.545455
vt 0.567164 0.636364
vt 0.567164 0.727273
vt 0.567164 0.818182
vt 0.567164 0.909091
vt 0.567164 1.000000
vt 0.582090 0.090909
vt 0.582090 0.000000
vt 0.582090 0.181818
vt 0.582090 0.272727
vt 0.582090 0.363636
vt 0.582090 0.454545
vt 0.582090 0.545455
vt 0.582090 0.636364
vt 0.582090 0.727273
vt 0.582090 0.818182
vt 0.582090 0.909091
vt 0.582090 1.000000
vt 0.597015 0.090909
vt 0.597015 0.000000
vt 0.597015 0.181818
vt 0.597015 0.272727
vt 0.597015 0.363636
vt 0.597015 0.454545
vt 0.597015 0.545455
vt 0.597015 0.636364
vt 0.597015 0.727273
vt 0.597015 0.818182
vt 0.597015 0.909091
vt 0.597015 1.000000
vt 0.611940 0.090909
vt 0.611940 0.000000
vt 0.611940 0.181818
vt 0.611940 0.272727
vt 0.611940 0.363636
vt 0.611940 0.454545
vt 0.611940 0.545455
vt 0.611940 0.636364
vt 0.611940 0.727273
vt 0.611940 0.818182
vt 0.611940 0.909091
vt 0.611940 1.000000
vt 0.626866 0.090909
vt 0.626866 0.000000
vt 0.626866 0.181818
vt 0.626866 0.272727
vt 0.626866 0.363636
vt 0.626866 0.454545
vt 0.626866 0.545455
vt 0.626866 0.636364
vt 0.626866 0.727273
vt 0.626866 0.818182
vt 0.626866 0.909091
vt 0.626866 1.000000
vt 0.641791 0.090909
vt 0.641791 0.000000
vt 0.641791 0.181818
vt 0.641791 0.272727
vt 0.641791 0.363636
vt 0.641791 0.454545
vt 0.641791 0.545455
vt 0.641791 0.636364
vt 0.641791 0.727273
vt 0.641791 0.818182
vt 0.641791 0.909091
vt 0.641791 1.000000
vt 0.656716 0.090909
vt 0.656716 0.000000
vt 0.656716 0.181818
vt 0.656716 0.272727
vt 0.656716 0.363636
vt 0.656716 0.454545
vt 0.656716 0.545455
vt 0.656716 0.636364
vt 0.656716 0.727273
vt 0.656716 0.818182
vt 0.656716 0.909091
vt 0.656716 1.000000
vt 0.671642 0.090909
vt 0.671642 0.000000
vt 0.671642 0.181818
vt 0.671642 0.272727
vt 0.671642 0.363636
vt 0.671642 0.454545
vt 0.671642 0.545455
vt 0.671642 0.636364
vt 0.671642 0.727273
vt 0.671642 0.818182
vt 0.671642 0.909091
vt 0.671642 1.000000
vt 0.686567 0.090909
vt 0.686567 0.000000
vt 0.686567 0.181818
vt 0.686567 0.272727
vt 0.686567 0.363636
vt 0.686567 0.454545
vt 0.686567 0.545455
vt 0.686567 0.636364
vt 0.686567 0.727273
vt 0.686567 0.818182
vt 0.686567 0.909091
vt 0.686567 1.000000
vt 0.701493 0.090909
vt 0.701493 0.000000
vt 0.701493 0.181818
vt 0.701493 0.272727
vt 0.701493 0.363636
vt 0.701493 0.454545
vt 0.701493 0.545455
vt 0.701493 0.636364
vt 0.701493 0.727273
vt 0.701493 0.818182
vt 0.701493 0.909091
vt 0.701493 1.000000
vt 0.716418 0.090909
vt 0.716418 0.000000
vt 0.716418 0.181818
vt 0.716418 0.272727
vt 0.716418 0.363636
vt 0.716418 0.454545
vt 0.716418 0.545455
vt 0.716418 0.636364
vt 0.716418 0.727273
vt 0.716418 0.818182
vt 0.716418 0.909091
vt 0.716418 1.000000
vt 0.731343 0.090909
vt 0.731343 0.000000
vt 0.731343 0.181818
vt 0.731343 0.272727
vt 0.731343 0.363636
vt 0.731343 0.454545
vt 0.731343 0.545455
vt 0.731343 0.636364
vt 0.731343 0.727273
vt 0.731343 0.818182
vt 0.731343 0.909091
vt 0.731343 1.000000
vt 0.746269 0.090909
vt 0.746269 0.000000
vt 0.746269 0.181818
vt 0.746269 0.272727
vt 0.746269 0.363636
vt 0.746269 0.454545
vt 0.746269 0.545455
vt 0.746269 0.636364
vt 0.746269 0.727273
vt 0.746269 0.818182
vt 0.746269 0.909091
vt 0.746269 1.000000
vt 0.761194 0.090909
vt 0.761194 0.000000
vt 0.761194 0.181818
vt 0.761194 0.272727
vt 0.761194 0.363636
vt 0.761194 0.454545
vt 0.761194 0.545455
vt 0.761194 0.636364
vt 0.761194 0.727273
vt 0.761194 0.818182
vt 0.761194 0.909091
vt 0.761194 1.000000
vt 0.776119 0.090909
vt 0.776119 0.000000
vt 0.776119 0.181818
vt 0.776119 0.272727
vt 0.776119 0.363636
vt 0.776119 0.454545
vt 0.776119 0.545455
vt 0.776119 0.636364
vt 0.776119 0.727273
vt 0.776119 0.818182
vt 0.776119 0.909091
vt 0.776119 1.000000
vt 0.791045 0.090909
vt 0.791045 0.000000
vt 0.791045 0.181818
vt 0.791045 0.272727
vt 0.791045 0.363636
vt 0.791045 0.454545
vt 0.791045 0.545455
vt 0.791045 0.636364
vt 0.791045 0.727273
vt 0.791045 0.818182
vt 0.791045 0.909091
vt 0.791045 1.000000
vt 0.805970 0.090909
vt 0.805970 0.000000
vt 0.805970 0.181818
vt 0.805970 0.272727
vt 0.805970 0.363636
vt 0.805970 0.454545
vt 0.805970 0.545455
vt 0.805970 0.636364
vt 0.805970 0.727273
vt 0.805970 0.818182
vt 0.805970 0.909091
vt 0.805970 1.000000
vt 0.820895 0.090909
vt 0.820895 0.000000
vt 0.820895 0.181818
vt 0.820895 0.272727
vt 0.820895 0.363636
vt 0.820895 0.454545
vt 0.820895 0.545455
vt 0.820895 0.636364
vt 0.820895 0.727273
vt 0.820895 0.818182
vt 0.820895 0.909091
vt 0.820895 1.000000
vt 0.835821 0.090909
vt 0.835821 0.000000
vt 0.835821 0.181818
vt 0.835821 0.272727
vt 0.835821 0.363636
vt 0.835821 0.454545
vt 0.835821 0.545455
vt 0.835821 0.636364
vt 0.835821 0.727273
vt 0.835821 0.818182
vt 0.835821 0.909091
vt 0.835821 1.000000
vt 0.850746 0.090909
vt 0.850746 0.000000
vt 0.850746 0.181818
vt 0.850746 0.272727
vt 0.850746 0.363636
vt 0.850746 0.454545
vt 0.850746 0.545455
vt 0.850746 0.636364
vt 0.850746 0.727273
vt 0.850746 0.818182
vt 0.850746 0.909091
vt 0.850746 1.000000
vt 0.865672 0.090909
vt 0.865672 0.000000
vt 0.865672 0.181818
vt 0.865672 0.272727
vt 0.865672 0.363636
vt 0.865672 0.454545
vt 0.865672 0.545455
vt 0.865672 0.636364
vt 0.865672 0.727273
vt 0.865672 0.818182
vt 0.865672 0.909091
vt 0.865672 1.000000
vt 0.880597 0.090909
vt 0.880597 0.000000
vt 0.880597 0.181818
vt 0.880597 0.272727
vt 0.880597 0.363636
vt 0.880597 0.454545
vt 0.880597 0.545455
vt 0.880597 0.636364
vt 0.880597 0.727273
vt 0.880597 0.818182
vt 0.880597 0.909091
vt 0.880597 1.000000
vt 0.895522 0.090909
vt 0.895522 0.000000
vt 0.895522 0.181818
vt 0.895522 0.272727
vt 0.895522 0.363636
vt 0.895522 0.454545
vt 0.895522 0.545455
vt 0.895522 0.636364
vt 0.895522 0.727273
vt 0.895522 0.818182
vt 0.895522 0.909091
vt 0.895522 1.000000
vt 0.910448 0.090909
vt 0.910448 0.000000
vt 0.910448 0.181818
vt 0.910448 0.272727
vt 0.910448 0.363636
vt 0.910448 0.454545
vt 0.910448 0.545455
vt 0.910448 0.636364
vt 0.910448 0.727273
vt 0.910448 0.818182
vt 0.910448 0.909091
vt 0.910448 1.000000
vt 0.925373 0.090909
vt 0.925373 0.000000
vt 0.925373 0.181818
vt 0.925373 0.272727
vt 0.925373 0.363636
vt 0.925373 0.454545
vt 0.925373 0.545455
vt 0.925373 0.636364
vt 0.925373 0.727273
vt 0.925373 0.818182
vt 0.925373 0.909091
vt 0.925373 1.000000
vt 0.940298 0.090909
vt 0.940298 0.000000
vt 0.940298 0.181818
vt 0.940298 0.272727
vt 0.940298 0.363636
vt 0.940298 0.454545
vt 0.940298 0.545455
vt 0.940298 0.636364
vt 0.940298 0.727273
vt 0.940298 0.818182
vt 0.940298 0.909091
vt 0.940298 1.000000
vt 0.955224 0.090909
vt 0.955224 0.000000
vt 0.955224 0.181818
vt 0.955224 0.272727
vt 0.955224 0.363636
vt 0.955224 0.454545
vt 0.955224 0.545455
vt 0.955224 0.636364
vt 0.955224 0.727273
vt 0.955224 0.818182
vt 0.955224 0.909091
vt 0.955224 1.000000
vt 0.970149 0.090909
vt 0.970149 0.000000
vt 0.970149 0.181818
vt 0.970149 0.272727
vt 0.970149 0.363636
vt 0.970149 0.454545
vt 0.970149 0.545455
vt 0.970149 0.636364
vt 0.970149 0.727273
vt 0.970149 0.818182
vt 0.970149 0.909091
vt 0.970149 1.000000
vt 0.985075 0.090909
vt 0.985075 0.000000
vt 0.985075 0.181818
vt 0.985075 0.272727
vt 0.985075 0.363636
vt 0.985075 0.454545
vt 0.985075 0.545455
vt 0.985075 0.636364
vt 0.985075 0.727273
vt 0.985075 0.818182
vt 0.985075 0.909091
vt 0.985075 1.000000
vt 0.037037 0.090909
vt 0.037037 0.000000
vt 0.037037 0.181818
vt 0.037037 0.272727
vt 0.037037 0.363636
vt 0.037037 0.454545
vt 0.037037 0.545455
vt 0.037037 0.636364
vt 0.037037 0.727273
vt 0.037037 0.818182
vt 0.037037 0.909091
vt 0.037037 1.000000
vt 0.074074 0.090909
vt 0.074074 0.000000
vt 0.074074 0.181818
vt 0.074074 0.272727
vt 0.074074 0.363636
vt 0.074074 0.454545
vt 0.074074 0.545455
vt 0.074074 0.636364
vt 0.074074 0.727273
vt 0.074074 0.818182
vt 0.074074 0.909091
vt 0.074074 1.000000
vt 0.111111 0.090909
vt 0.111111 0.000000
vt 0.111111 0.181818
vt 0.111111 0.272727
vt 0.111111 0.363636
vt 0.111111 0.454545
vt 0.111111 0.545455
vt 0.111111 0.636364
vt 0.111111 0.727273
vt 0.111111 0.818182
vt 0.111111 0.909091
vt 0.111111 1.000000
vt 0.148148 0.090909
vt 0.148148 0.000000
vt 0.148148 0.181818
vt 0.148148 0.272727
vt 0.148148 0.363636
vt 0.148148 0.454545
vt 0.148148 0.545455
vt 0.148148 0.636364
vt 0.148148 0.727273
vt 0.148148 0.818182
vt 0.148148 0.909091
vt 0.148148 1.000000
vt 0.185185 0.090909
vt 0.185185 0.000000
vt 0.185185 0.181818
vt 0.185185 0.272727
vt 0.185185 0.363636
vt 0.185185 0.454545
vt 0.185185 0.545455
vt 0.185185 0.636364
vt 0.185185 0.727273
vt 0.185185 0.818182
vt 0.185185 0.909091
vt 0.185185 1.000000
vt 0.222222 0.090909
vt 0.222222 0.000000
vt 0.222222 0.181818
vt 0.222222 0.272727
vt 0.222222 0.363636
vt 0.222222 0.454545
vt 0.222222 0.545455
vt 0.222222 0.636364
vt 0.222222 0.727273
vt 0.222222 0.818182
vt 0.222222 0.909091
vt 0.222222 1.000000
vt 0.259259 0.090909
vt 0.259259 0.000000
vt 0.259259 0.181818
vt 0.259259 0.272727
vt 0.259259 0.363636
vt 0.259259 0.454545
vt 0.259259 0.545455
vt 0.259259 0.636364
vt 0.259259 0.727273
vt 0.259259 0.818182
vt 0.259259 0.909091
vt 0.259259 1.000000
vt 0.296296 0.090909
vt 0.296296 0.000000
vt 0.296296 0.181818
vt 0.296296 0.272727
vt 0.296296 0.363636
vt 0.296296 0.454545
vt 0.296296 0.545455
vt 0.296296 0.636364
vt 0.296296 0.727273
vt 0.296296 0.818182
vt 0.296296 0.909091
vt 0.296296 1.000000
vt 0.370370 0.090909
vt 0.370370 0.000000
vt 0.370370 0.181818
vt 0.370370 0.272727
vt 0.370370 0.363636
vt 0.370370 0.454545
vt 0.370370 0.545455
vt 0.370370 0.636364
vt 0.370370 0.727273
vt 0.370370 0.818182
vt 0.370370 0.909091
vt 0.370370 1.000000
vt 0.407407 0.090909
vt 0.407407 0.000000
vt 0.407407 0.181818
vt 0.407407 0.272727
vt 0.407407 0.363636
vt 0.407407 0.454545
vt 0.407407 0.545455
vt 0.407407 0.636364
vt 0.407407 0.727273
vt 0.407407 0.818182
vt 0.407407 0.909091
vt 0.407407 1.000000
vt 0.444444 0.090909
vt 0.444444 0.000000
vt 0.444444 0.181818
vt 0.444444 0.272727
vt 0.444444 0.363636
vt 0.444444 0.454545
vt 0.444444 0.545455
vt 0.444444 0.636364
vt 0.444444 0.727273
vt 0.444444 0.818182
vt 0.444444 0.909091
vt 0.444444 1.000000
vt 0.481481 0.090909
vt 0.481481 0.000000
vt 0.481481 0.181818
vt 0.481481 0.272727
vt 0.481481 0.363636
vt 0.481481 0.454545
vt 0.481481 0.545455
vt 0.481481 0.636364
vt 0.481481 0.727273
vt 0.481481 0.818182
vt 0.481481 0.909091
vt 0.481481 1.000000
vt 0.518519 0.090909
vt 0.518519 0.000000
vt 0.518519 0.181818
vt 0.518519 0.272727
vt 0.518519 0.363636
vt 0.518519 0.454545
vt 0.518519 0.545455
vt 0.518519 0.636364
vt 0.518519 0.727273
vt 0.518519 0.818182
vt 0.518519 0.909091
vt 0.518519 1.000000
vt 0.555556 0.090909
vt 0.555556 0.000000
vt 0.555556 0.181818
vt 0.555556 0.272727
vt 0.555556 0.363636
vt 0.555556 0.454545
vt 0.555556 0.545455
vt 0.555556 0.636364
vt 0.555556 0.727273
vt 0.555556 0.818182
vt 0.555556 0.909091
vt 0.555556 1.000000
vt 0.592593 0.090909
vt 0.592593 0.000000
vt 0.592593 0.181818
vt 0.592593 0.272727
vt 0.592593 0.363636
vt 0.592593 0.454545
vt 0.592593 0.545455
vt 0.592593 0.636364
vt 0.592593 0.727273
vt 0.592593 0.818182
vt 0.592593 0.909091
vt 0.592593 1.000000
vt 0.629630 0.090909
vt 0.629630 0.000000
vt 0.629630 0.181818
vt 0.629630 0.272727
vt 0.629630 0.363636
vt 0.629630 0.454545
vt 0.629630 0.545455
vt 0.629630 0.636364
vt 0.629630 0.727273
vt 0.629630 0.818182
vt 0.629630 0.909091
vt 0.629630 1.000000
vt 0.703704 0.090909
vt 0.703704 0.000000
vt 0.703704 0.181818
vt 0.703704 0.272727
vt 0.703704 0.363636
vt 0.703704 0.454545
vt 0.703704 0.545455
vt 0.703704 0.636364
vt 0.703704 0.727273
vt 0.703704 0.818182
vt 0.703704 0.909091
vt 0.703704 1.000000
vt 0.740741 0.090909
vt 0.740741 0.000000
vt 0.740741 0.181818
vt 0.740741 0.272727
vt 0.740741 0.363636
vt 0.740741 0.454545
vt 0.740741 0.545455
vt 0.740741 0.636364
vt 0.740741 0.727273
vt 0.740741 0.818182
vt 0.740741 0.909091
vt 0.740741 1.000000
vt 0.777778 0.090909
vt 0.777778 0.000000
vt 0.777778 0.181818
vt 0.777778 0.272727
vt 0.777778 0.363636
vt 0.777778 0.454545
vt 0.777778 0.545455
vt 0.777778 0.636364
vt 0.777778 0.727273
vt 0.777778 0.818182
vt 0.777778 0.909091
vt 0.777778 1.000000
vt 0.814815 0.090909
vt 0.814815 0.000000
vt 0.814815 0.181818
vt 0.814815 0.272727
vt 0.814815 0.363636
vt 0.814815 0.454545
vt 0.814815 0.545455
vt 0.814815 0.636364
vt 0.814815 0.727273
vt 0.814815 0.818182
vt 0.814815 0.909091
vt 0.814815 1.000000
vt 0.851852 0.090909
vt 0.851852 0.000000
vt 0.851852 0.181818
vt 0.851852 0.272727
vt 0.851852 0.363636
vt 0.851852 0.454545
vt 0.851852 0.545455
vt 0.851852 0.636364
vt 0.851852 0.727273
vt 0.851852 0.818182
vt 0.851852 0.909091
vt 0.851852 1.000000
vt 0.888889 0.090909
vt 0.888889 0.000000
vt 0.888889 0.181818
vt 0.888889 0.272727
vt 0.888889 0.363636
vt 0.888889 0.454545
vt 0.888889 0.545455
vt 0.888889 0.636364
vt 0.888889 0.727273
vt 0.888889 0.818182
vt 0.888889 0.909091
vt 0.888889 1.000000
vt 0.925926 0.090909
vt 0.925926 0.000000
vt 0.925926 0.181818
vt 0.925926 0.272727
vt 0.925926 0.363636
vt 0.925926 0.454545
vt 0.925926 0.545455
vt 0.925926 0.636364
vt 0.925926 0.727273
vt 0.925926 0.818182
vt 0.925926 0.909091
vt 0.925926 1.000000
vt 0.962963 0.090909
vt 0.962963 0.000000
vt 0.962963 0.181818
vt 0.962963 0.272727
vt 0.962963 0.363636
vt 0.962963 0.454545
vt 0.962963 0.545455
vt 0.962963 0.636364
vt 0.962963 0.727273
vt 0.962963 0.818182
vt 0.962963 0.909091
vt 0.962963 1.000000
s 0
usemtl マテリアル.003
f 65/1/1 93/2/1 66/3/1
f 93/2/1 67/4/1 66/3/1
f 93/2/1 1/5/1 67/4/1
f 93/2/1 2/6/1 1/5/1
f 93/2/1 3/7/1 2/6/1
f 93/2/1 4/8/1 3/7/1
f 93/2/1 5/9/1 4/8/1
f 93/2/1 6/10/1 5/9/1
f 93/2/1 7/11/1 6/10/1
f 93/2/1 92/12/1 7/11/1
f 92/12/1 8/13/1 7/11/1
f 65/1/1 94/14/1 93/2/1
f 91/15/1 8/13/1 92/12/1
f 90/16/1 8/13/1 91/15/1
f 89/17/1 8/13/1 90/16/1
f 89/17/1 9/18/1 8/13/1
f 88/19/1 9/18/1 89/17/1
f 87/20/1 9/18/1 88/19/1
f 86/21/1 9/18/1 87/20/1
f 86/21/1 10/22/1 9/18/1
f 85/23/1 10/22/1 86/21/1
f 84/24/1 10/22/1 85/23/1
f 83/25/1 10/22/1 84/24/1
f 83/25/1 11/26/1 10/22/1
f 82/27/1 11/26/1 83/25/1
f 81/28/1 11/26/1 82/27/1
f 81/28/1 12/29/1 11/26/1
f 80/30/1 12/29/1 81/28/1
f 79/31/1 12/29/1 80/30/1
f 79/31/1 13/32/1 12/29/1
f 78/33/1 13/32/1 79/31/1
f 78/33/1 14/34/1 13/32/1
f 77/35/1 14/34/1 78/33/1
f 76/36/1 14/34/1 77/35/1
f 76/36/1 15/37/1 14/34/1
f 75/38/1 15/37/1 76/36/1
f 75/38/1 16/39/1 15/37/1
f 74/40/1 16/39/1 75/38/1
f 74/40/1 17/41/1 16/39/1
f 73/42/1 17/41/1 74/40/1
f 72/43/1 17/41/1 73/42/1
f 72/43/1 18/44/1 17/41/1
f 71/45/1 18/44/1 72/43/1
f 70/46/1 18/44/1 71/45/1
f 70/46/1 19/47/1 18/44/1
f 69/48/1 19/47/1 70/46/1
f 68/49/1 19/47/1 69/48/1
f 65/1/1 63/50/1 94/14/1
f 63/50/1 68/49/1 94/14/1
f 63/50/1 19/47/1 68/49/1
f 63/50/1 20/51/1 19/47/1
f 63/50/1 21/52/1 20/51/1
f 63/50/1 22/53/1 21/52/1
f 63/50/1 23/54/1 22/53/1
f 63/50/1 24/55/1 23/54/1
f 63/50/1 25/56/1 24/55/1
f 63/50/1 26/57/1 25/56/1
f 63/50/1 62/58/1 26/57/1
f 62/58/1 61/59/1 26/57/1
f 61/59/1 27/60/1 26/57/1
f 65/1/1 64/61/1 63/50/1
f 60/62/1 27/60/1 61/59/1
f 59/63/1 27/60/1 60/62/1
f 58/64/1 27/60/1 59/63/1
f 58/64/1 28/65/1 27/60/1
f 57/66/1 28/65/1 58/64/1
f 56/67/1 28/65/1 57/66/1
f 56/67/1 29/68/1 28/65/1
f 55/69/1 29/68/1 56/67/1
f 55/69/1 30/70/1 29/68/1
f 54/71/1 30/70/1 55/69/1
f 54/71/1 31/72/1 30/70/1
f 53/73/1 31/72/1 54/71/1
f 53/73/1 32/74/1 31/72/1
f 52/75/1 32/74/1 53/73/1
f 52/75/1 33/76/1 32/74/1
f 51/77/1 33/76/1 52/75/1
f 51/77/1 34/78/1 33/76/1
f 51/77/1 35/79/1 34/78/1
f 50/80/1 35/79/1 51/77/1
f 50/80/1 36/81/1 35/79/1
f 49/82/1 36/81/1 50/80/1
f 49/82/1 37/83/1 36/81/1
f 49/82/1 38/84/1 37/83/1
f 49/82/1 39/85/1 38/84/1
f 49/82/1 40/86/1 39/85/1
f 49/82/1 41/87/1 40/86/1
f 49/82/1 42/88/1 41/87/1
f 49/82/1 43/89/1 42/88/1
f 49/82/1 44/90/1 43/89/1
f 49/82/1 45/91/1 44/90/1
f 49/82/1 46/92/1 45/91/1
f 49/82/1 47/93/1 46/92/1
f 49/82/1 48/94/1 47/93/1
f 103/95/1 95/5/1 104/96/1
f 95/5/1 105/97/1 104/96/1
f 95/5/1 106/14/1 105/97/1
f 103/95/1 96/98/1 95/5/1
f 103/95/1 99/99/1 96/98/1
f 99/99/1 97/100/1 96/98/1
f 99/99/1 98/101/1 97/100/1
f 103/95/1 100/102/1 99/99/1
f 103/95/1 101/103/1 100/102/1
f 103/95/1 102/104/1 101/103/1
f 107/5/1 109/74/1 108/105/1
f 107/5/1 110/106/1 109/74/1
f 110/106/1 112/107/1 111/50/1
f 110/106/1 113/14/1 112/107/1
f 107/5/1 113/14/1 110/106/1
f 160/108/1 114/5/1 161/109/1
f 160/108/1 115/110/1 114/5/1
f 159/111/1 115/110/1 160/108/1
f 159/111/1 116/112/1 115/110/1
f 158/113/1 116/112/1 159/111/1
f 158/113/1 117/114/1 116/112/1
f 157/115/1 117/114/1 158/113/1
f 157/115/1 118/116/1 117/114/1
f 156/117/1 118/116/1 157/115/1
f 156/117/1 119/118/1 118/116/1
f 155/119/1 185/120/1 156/117/1
f 185/120/1 119/118/1 156/117/1
f 155/119/1 186/121/1 185/120/1
f 184/122/1 119/118/1 185/120/1
f 155/119/1 187/123/1 186/121/1
f 183/124/1 119/118/1 184/122/1
f 155/119/1 188/125/1 187/123/1
f 182/126/1 119/118/1 183/124/1
f 182/126/1 120/127/1 119/118/1
f 154/128/1 188/125/1 155/119/1
f 154/128/1 189/129/1 188/125/1
f 181/130/1 120/127/1 182/126/1
f 154/128/1 190/131/1 189/129/1
f 180/132/1 120/127/1 181/130/1
f 180/132/1 121/133/1 120/127/1
f 153/134/1 190/131/1 154/128/1
f 153/134/1 191/135/1 190/131/1
f 179/136/1 121/133/1 180/132/1
f 153/134/1 192/137/1 191/135/1
f 178/138/1 121/133/1 179/136/1
f 178/138/1 122/139/1 121/133/1
f 152/140/1 192/137/1 153/134/1
f 152/140/1 193/141/1 192/137/1
f 177/142/1 122/139/1 178/138/1
f 177/142/1 123/143/1 122/139/1
f 151/144/1 193/141/1 152/140/1
f 151/144/1 194/145/1 193/141/1
f 176/146/1 123/143/1 177/142/1
f 175/147/1 123/143/1 176/146/1
f 151/144/1 195/148/1 194/145/1
f 175/147/1 124/149/1 123/143/1
f 150/150/1 195/148/1 151/144/1
f 174/151/1 124/149/1 175/147/1
f 150/150/1 196/152/1 195/148/1
f 174/151/1 125/153/1 124/149/1
f 149/154/1 196/152/1 150/150/1
f 173/155/1 125/153/1 174/151/1
f 149/154/1 197/156/1 196/152/1
f 148/157/1 197/156/1 149/154/1
f 148/157/1 198/158/1 197/156/1
f 172/159/1 125/153/1 173/155/1
f 172/159/1 126/160/1 125/153/1
f 171/161/1 126/160/1 172/159/1
f 148/157/1 199/162/1 198/158/1
f 171/161/1 127/163/1 126/160/1
f 147/164/1 199/162/1 148/157/1
f 170/165/1 127/163/1 171/161/1
f 147/164/1 200/166/1 199/162/1
f 170/165/1 128/167/1 127/163/1
f 146/168/1 200/166/1 147/164/1
f 169/169/1 128/167/1 170/165/1
f 146/168/1 201/170/1 200/166/1
f 169/169/1 129/171/1 128/167/1
f 145/172/1 201/170/1 146/168/1
f 168/173/1 129/171/1 169/169/1
f 145/172/1 202/174/1 201/170/1
f 167/175/1 129/171/1 168/173/1
f 145/172/1 203/176/1 202/174/1
f 167/175/1 130/177/1 129/171/1
f 144/178/1 203/176/1 145/172/1
f 166/179/1 130/177/1 167/175/1
f 144/178/1 204/180/1 203/176/1
f 165/181/1 130/177/1 166/179/1
f 144/178/1 205/182/1 204/180/1
f 165/181/1 131/183/1 130/177/1
f 143/184/1 205/182/1 144/178/1
f 164/185/1 131/183/1 165/181/1
f 143/184/1 206/186/1 205/182/1
f 163/187/1 131/183/1 164/185/1
f 143/184/1 207/188/1 206/186/1
f 163/187/1 132/189/1 131/183/1
f 142/190/1 207/188/1 143/184/1
f 162/191/1 132/189/1 163/187/1
f 142/190/1 208/192/1 207/188/1
f 209/14/1 132/189/1 162/191/1
f 142/190/1 209/14/1 208/192/1
f 142/190/1 132/189/1 209/14/1
f 142/190/1 133/193/1 132/189/1
f 141/194/1 133/193/1 142/190/1
f 141/194/1 134/195/1 133/193/1
f 140/196/1 134/195/1 141/194/1
f 140/196/1 135/197/1 134/195/1
f 139/198/1 135/197/1 140/196/1
f 139/198/1 136/199/1 135/197/1
f 138/200/1 136/199/1 139/198/1
f 138/200/1 137/201/1 136/199/1
f 218/95/1 210/5/1 219/96/1
f 210/5/1 220/97/1 219/96/1
f 210/5/1 221/14/1 220/97/1
f 218/95/1 211/98/1 210/5/1
f 218/95/1 214/99/1 211/98/1
f 214/99/1 212/100/1 211/98/1
f 214/99/1 213/101/1 212/100/1
f 218/95/1 215/102/1 214/99/1
f 218/95/1 216/103/1 215/102/1
f 218/95/1 217/104/1 216/103/1
f 230/202/1 232/203/1 231/204/1
f 230/202/1 228/205/1 232/203/1
f 228/205/1 227/206/1 232/203/1
f 227/206/1 233/207/1 232/203/1
f 233/207/1 235/208/1 234/209/1
f 233/207/1 224/210/1 235/208/1
f 224/210/1 223/211/1 235/208/1
f 223/211/1 236/14/1 235/208/1
f 230/202/1 229/106/1 228/205/1
f 226/212/1 233/207/1 227/206/1
f 233/207/1 225/213/1 224/210/1
f 222/5/1 236/14/1 223/211/1
f 226/212/1 225/213/1 233/207/1
f 241/140/1 243/161/1 242/106/1
f 241/140/1 246/214/1 243/161/1
f 246/214/1 244/215/1 243/161/1
f 241/140/1 247/14/1 246/214/1
f 245/131/1 244/215/1 246/214/1
f 241/140/1 239/193/1 247/14/1
f 239/193/1 245/131/1 247/14/1
f 239/193/1 238/216/1 245/131/1
f 238/216/1 244/215/1 245/131/1
f 241/140/1 240/217/1 239/193/1
f 237/5/1 244/215/1 238/216/1
f 282/218/1 284/219/1 283/220/1
f 282/218/1 285/221/1 284/219/1
f 282/218/1 286/222/1 285/221/1
f 282/218/1 287/223/1 286/222/1
f 281/224/1 287/223/1 282/218/1
f 281/224/1 288/225/1 287/223/1
f 281/224/1 289/226/1 288/225/1
f 281/224/1 290/227/1 289/226/1
f 280/228/1 290/227/1 281/224/1
f 280/228/1 291/229/1 290/227/1
f 280/228/1 292/230/1 291/229/1
f 279/231/1 292/230/1 280/228/1
f 279/231/1 293/232/1 292/230/1
f 279/231/1 294/233/1 293/232/1
f 278/234/1 294/233/1 279/231/1
f 278/234/1 295/235/1 294/233/1
f 278/234/1 306/236/1 295/235/1
f 306/236/1 305/237/1 295/235/1
f 305/237/1 304/238/1 295/235/1
f 304/238/1 303/239/1 295/235/1
f 303/239/1 302/240/1 295/235/1
f 302/240/1 301/241/1 295/235/1
f 301/241/1 300/242/1 295/235/1
f 300/242/1 299/243/1 295/235/1
f 299/243/1 298/244/1 295/235/1
f 298/244/1 297/245/1 295/235/1
f 297/245/1 296/246/1 295/235/1
f 277/247/1 308/248/1 278/234/1
f 308/248/1 307/249/1 278/234/1
f 307/249/1 306/236/1 278/234/1
f 277/247/1 309/250/1 308/248/1
f 277/247/1 310/251/1 309/250/1
f 277/247/1 311/252/1 310/251/1
f 276/253/1 311/252/1 277/247/1
f 276/253/1 312/254/1 311/252/1
f 276/253/1 313/255/1 312/254/1
f 275/256/1 313/255/1 276/253/1
f 275/256/1 314/257/1 313/255/1
f 275/256/1 315/258/1 314/257/1
f 274/259/1 315/258/1 275/256/1
f 274/259/1 316/260/1 315/258/1
f 273/261/1 316/260/1 274/259/1
f 273/261/1 317/262/1 316/260/1
f 273/261/1 318/263/1 317/262/1
f 272/264/1 318/263/1 273/261/1
f 272/264/1 319/265/1 318/263/1
f 271/266/1 319/265/1 272/264/1
f 271/266/1 320/267/1 319/265/1
f 271/266/1 321/268/1 320/267/1
f 270/269/1 321/268/1 271/266/1
f 346/270/1 348/271/1 347/272/1
f 346/270/1 345/273/1 348/271/1
f 345/273/1 349/14/1 348/271/1
f 270/269/1 322/274/1 321/268/1
f 269/275/1 322/274/1 270/269/1
f 269/275/1 323/276/1 322/274/1
f 344/277/1 349/14/1 345/273/1
f 268/278/1 323/276/1 269/275/1
f 268/278/1 324/279/1 323/276/1
f 268/278/1 325/280/1 324/279/1
f 267/281/1 325/280/1 268/278/1
f 267/281/1 326/282/1 325/280/1
f 266/283/1 326/282/1 267/281/1
f 266/283/1 327/284/1 326/282/1
f 266/283/1 328/285/1 327/284/1
f 265/286/1 328/285/1 266/283/1
f 265/286/1 329/287/1 328/285/1
f 343/288/1 349/14/1 344/277/1
f 342/289/1 349/14/1 343/288/1
f 341/290/1 349/14/1 342/289/1
f 265/286/1 330/291/1 329/287/1
f 340/292/1 349/14/1 341/290/1
f 339/293/1 349/14/1 340/292/1
f 338/294/1 349/14/1 339/293/1
f 265/286/1 331/295/1 330/291/1
f 264/296/1 331/295/1 265/286/1
f 337/297/1 349/14/1 338/294/1
f 336/298/1 349/14/1 337/297/1
f 335/299/1 349/14/1 336/298/1
f 264/296/1 332/300/1 331/295/1
f 334/301/1 349/14/1 335/299/1
f 333/302/1 349/14/1 334/301/1
f 332/300/1 349/14/1 333/302/1
f 264/296/1 349/14/1 332/300/1
f 263/303/1 349/14/1 264/296/1
f 263/303/1 248/5/1 349/14/1
f 263/303/1 249/304/1 248/5/1
f 262/305/1 249/304/1 263/303/1
f 262/305/1 250/306/1 249/304/1
f 262/305/1 251/307/1 250/306/1
f 261/308/1 251/307/1 262/305/1
f 261/308/1 252/309/1 251/307/1
f 261/308/1 253/310/1 252/309/1
f 261/308/1 254/311/1 253/310/1
f 260/312/1 254/311/1 261/308/1
f 260/312/1 255/313/1 254/311/1
f 260/312/1 256/314/1 255/313/1
f 260/312/1 257/315/1 256/314/1
f 259/316/1 257/315/1 260/312/1
f 259/316/1 258/317/1 257/315/1
f 414/1/2 415/3/2 442/2/2
f 442/2/2 415/3/2 416/4/2
f 442/2/2 416/4/2 350/5/2
f 442/2/2 350/5/2 351/6/2
f 442/2/2 351/6/2 352/7/2
f 442/2/2 352/7/2 353/8/2
f 442/2/2 353/8/2 354/9/2
f 442/2/2 354/9/2 355/10/2
f 442/2/2 355/10/2 356/11/2
f 442/2/2 356/11/2 441/12/2
f 441/12/2 356/11/2 357/13/2
f 414/1/2 442/2/2 443/14/2
f 440/15/2 441/12/2 357/13/2
f 439/16/2 440/15/2 357/13/2
f 438/17/2 439/16/2 357/13/2
f 438/17/2 357/13/2 358/18/2
f 437/19/2 438/17/2 358/18/2
f 436/20/2 437/19/2 358/18/2
f 435/21/2 436/20/2 358/18/2
f 435/21/2 358/18/2 359/22/2
f 434/23/2 435/21/2 359/22/2
f 433/24/2 434/23/2 359/22/2
f 432/25/2 433/24/2 359/22/2
f 432/25/2 359/22/2 360/26/2
f 431/27/2 432/25/2 360/26/2
f 430/28/2 431/27/2 360/26/2
f 430/28/2 360/26/2 361/29/2
f 429/30/2 430/28/2 361/29/2
f 428/31/2 429/30/2 361/29/2
f 428/31/2 361/29/2 362/32/2
f 427/33/2 428/31/2 362/32/2
f 427/33/2 362/32/2 363/34/2
f 426/35/2 427/33/2 363/34/2
f 425/36/2 426/35/2 363/34/2
f 425/36/2 363/34/2 364/37/2
f 424/38/2 425/36/2 364/37/2
f 424/38/2 364/37/2 365/39/2
f 423/40/2 424/38/2 365/39/2
f 423/40/2 365/39/2 366/41/2
f 422/42/2 423/40/2 366/41/2
f 421/43/2 422/42/2 366/41/2
f 421/43/2 366/41/2 367/44/2
f 420/45/2 421/43/2 367/44/2
f 419/46/2 420/45/2 367/44/2
f 419/46/2 367/44/2 368/47/2
f 418/48/2 419/46/2 368/47/2
f 417/49/2 418/48/2 368/47/2
f 414/1/2 443/14/2 412/50/2
f 412/50/2 443/14/2 417/49/2
f 412/50/2 417/49/2 368/47/2
f 412/50/2 368/47/2 369/51/2
f 412/50/2 369/51/2 370/52/2
f 412/50/2 370/52/2 371/53/2
f 412/50/2 371/53/2 372/54/2
f 412/50/2 372/54/2 373/55/2
f 412/50/2 373/55/2 374/56/2
f 412/50/2 374/56/2 375/57/2
f 412/50/2 375/57/2 411/58/2
f 411/58/2 375/57/2 410/59/2
f 410/59/2 375/57/2 376/60/2
f 414/1/2 412/50/2 413/61/2
f 409/62/2 410/59/2 376/60/2
f 408/63/2 409/62/2 376/60/2
f 407/64/2 408/63/2 376/60/2
f 407/64/2 376/60/2 377/65/2
f 406/66/2 407/64/2 377/65/2
f 405/67/2 406/66/2 377/65/2
f 405/67/2 377/65/2 378/68/2
f 404/69/2 405/67/2 378/68/2
f 404/69/2 378/68/2 379/70/2
f 403/71/2 404/69/2 379/70/2
f 403/71/2 379/70/2 380/72/2
f 402/73/2 403/71/2 380/72/2
f 402/73/2 380/72/2 381/74/2
f 401/75/2 402/73/2 381/74/2
f 401/75/2 381/74/2 382/76/2
f 400/77/2 401/75/2 382/76/2
f 400/77/2 382/76/2 383/78/2
f 400/77/2 383/78/2 384/79/2
f 399/80/2 400/77/2 384/79/2
f 399/80/2 384/79/2 385/81/2
f 398/82/2 399/80/2 385/81/2
f 398/82/2 385/81/2 386/83/2
f 398/82/2 386/83/2 387/84/2
f 398/82/2 387/84/2 388/85/2
f 398/82/2 388/85/2 389/86/2
f 398/82/2 389/86/2 390/87/2
f 398/82/2 390/87/2 391/88/2
f 398/82/2 391/88/2 392/89/2
f 398/82/2 392/89/2 393/90/2
f 398/82/2 393/90/2 394/91/2
f 398/82/2 394/91/2 395/92/2
f 398/82/2 395/92/2 396/93/2
f 398/82/2 396/93/2 397/94/2
f 452/95/2 453/96/2 444/5/2
f 444/5/2 453/96/2 454/97/2
f 444/5/2 454/97/2 455/14/2
f 452/95/2 444/5/2 445/98/2
f 452/95/2 445/98/2 448/99/2
f 448/99/2 445/98/2 446/100/2
f 448/99/2 446/100/2 447/101/2
f 452/95/2 448/99/2 449/102/2
f 452/95/2 449/102/2 450/103/2
f 452/95/2 450/103/2 451/104/2
f 456/5/2 457/105/2 458/74/2
f 456/5/2 458/74/2 459/106/2
f 459/106/2 460/50/2 461/107/2
f 459/106/2 461/107/2 462/14/2
f 456/5/2 459/106/2 462/14/2
f 509/108/2 510/109/2 463/5/2
f 509/108/2 463/5/2 464/110/2
f 508/111/2 509/108/2 464/110/2
f 508/111/2 464/110/2 465/112/2
f 507/113/2 508/111/2 465/112/2
f 507/113/2 465/112/2 466/114/2
f 506/115/2 507/113/2 466/114/2
f 506/115/2 466/114/2 467/116/2
f 505/117/2 506/115/2 467/116/2
f 505/117/2 467/116/2 468/118/2
f 504/119/2 505/117/2 534/120/2
f 534/120/2 505/117/2 468/118/2
f 504/119/2 534/120/2 535/121/2
f 533/122/2 534/120/2 468/118/2
f 504/119/2 535/121/2 536/123/2
f 532/124/2 533/122/2 468/118/2
f 504/119/2 536/123/2 537/125/2
f 531/126/2 532/124/2 468/118/2
f 531/126/2 468/118/2 469/127/2
f 503/128/2 504/119/2 537/125/2
f 503/128/2 537/125/2 538/129/2
f 530/130/2 531/126/2 469/127/2
f 503/128/2 538/129/2 539/131/2
f 529/132/2 530/130/2 469/127/2
f 529/132/2 469/127/2 470/133/2
f 502/134/2 503/128/2 539/131/2
f 502/134/2 539/131/2 540/135/2
f 528/136/2 529/132/2 470/133/2
f 502/134/2 540/135/2 541/137/2
f 527/138/2 528/136/2 470/133/2
f 527/138/2 470/133/2 471/139/2
f 501/140/2 502/134/2 541/137/2
f 501/140/2 541/137/2 542/141/2
f 526/142/2 527/138/2 471/139/2
f 526/142/2 471/139/2 472/143/2
f 500/144/2 501/140/2 542/141/2
f 500/144/2 542/141/2 543/145/2
f 525/146/2 526/142/2 472/143/2
f 524/147/2 525/146/2 472/143/2
f 500/144/2 543/145/2 544/148/2
f 524/147/2 472/143/2 473/149/2
f 499/150/2 500/144/2 544/148/2
f 523/151/2 524/147/2 473/149/2
f 499/150/2 544/148/2 545/152/2
f 523/151/2 473/149/2 474/153/2
f 498/154/2 499/150/2 545/152/2
f 522/155/2 523/151/2 474/153/2
f 498/154/2 545/152/2 546/156/2
f 497/157/2 498/154/2 546/156/2
f 497/157/2 546/156/2 547/158/2
f 521/159/2 522/155/2 474/153/2
f 521/159/2 474/153/2 475/160/2
f 520/161/2 521/159/2 475/160/2
f 497/157/2 547/158/2 548/162/2
f 520/161/2 475/160/2 476/163/2
f 496/164/2 497/157/2 548/162/2
f 519/165/2 520/161/2 476/163/2
f 496/164/2 548/162/2 549/166/2
f 519/165/2 476/163/2 477/167/2
f 495/168/2 496/164/2 549/166/2
f 518/169/2 519/165/2 477/167/2
f 495/168/2 549/166/2 550/170/2
f 518/169/2 477/167/2 478/171/2
f 494/172/2 495/168/2 550/170/2
f 517/173/2 518/169/2 478/171/2
f 494/172/2 550/170/2 551/174/2
f 516/175/2 517/173/2 478/171/2
f 494/172/2 551/174/2 552/176/2
f 516/175/2 478/171/2 479/177/2
f 493/178/2 494/172/2 552/176/2
f 515/179/2 516/175/2 479/177/2
f 493/178/2 552/176/2 553/180/2
f 514/181/2 515/179/2 479/177/2
f 493/178/2 553/180/2 554/182/2
f 514/181/2 479/177/2 480/183/2
f 492/184/2 493/178/2 554/182/2
f 513/185/2 514/181/2 480/183/2
f 492/184/2 554/182/2 555/186/2
f 512/187/2 513/185/2 480/183/2
f 492/184/2 555/186/2 556/188/2
f 512/187/2 480/183/2 481/189/2
f 491/190/2 492/184/2 556/188/2
f 511/191/2 512/187/2 481/189/2
f 491/190/2 556/188/2 557/192/2
f 558/14/2 511/191/2 481/189/2
f 491/190/2 557/192/2 558/14/2
f 491/190/2 558/14/2 481/189/2
f 491/190/2 481/189/2 482/193/2
f 490/194/2 491/190/2 482/193/2
f 490/194/2 482/193/2 483/195/2
f 489/196/2 490/194/2 483/195/2
f 489/196/2 483/195/2 484/197/2
f 488/198/2 489/196/2 484/197/2
f 488/198/2 484/197/2 485/199/2
f 487/200/2 488/198/2 485/199/2
f 487/200/2 485/199/2 486/201/2
f 567/95/2 568/96/2 559/5/2
f 559/5/2 568/96/2 569/97/2
f 559/5/2 569/97/2 570/14/2
f 567/95/2 559/5/2 560/98/2
f 567/95/2 560/98/2 563/99/2
f 563/99/2 560/98/2 561/100/2
f 563/99/2 561/100/2 562/101/2
f 567/95/2 563/99/2 564/102/2
f 567/95/2 564/102/2 565/103/2
f 567/95/2 565/103/2 566/104/2
f 579/202/2 580/204/2 581/203/2
f 579/202/2 581/203/2 577/205/2
f 577/205/2 581/203/2 576/206/2
f 576/206/2 581/203/2 582/207/2
f 582/207/2 583/209/2 584/208/2
f 582/207/2 584/208/2 573/210/2
f 573/210/2 584/208/2 572/211/2
f 572/211/2 584/208/2 585/14/2
f 579/202/2 577/205/2 578/106/2
f 575/212/2 576/206/2 582/207/2
f 582/207/2 573/210/2 574/213/2
f 571/5/2 572/211/2 585/14/2
f 575/212/2 582/207/2 574/213/2
f 590/140/2 591/106/2 592/161/2
f 590/140/2 592/161/2 595/214/2
f 595/214/2 592/161/2 593/215/2
f 590/140/2 595/214/2 596/14/2
f 594/131/2 595/214/2 593/215/2
f 590/140/2 596/14/2 588/193/2
f 588/193/2 596/14/2 594/131/2
f 588/193/2 594/131/2 587/216/2
f 587/216/2 594/131/2 593/215/2
f 590/140/2 588/193/2 589/217/2
f 586/5/2 587/216/2 593/215/2
f 631/218/2 632/220/2 633/219/2
f 631/218/2 633/219/2 634/221/2
f 631/218/2 634/221/2 635/222/2
f 631/218/2 635/222/2 636/223/2
f 630/224/2 631/218/2 636/223/2
f 630/224/2 636/223/2 637/225/2
f 630/224/2 637/225/2 638/226/2
f 630/224/2 638/226/2 639/227/2
f 629/228/2 630/224/2 639/227/2
f 629/228/2 639/227/2 640/229/2
f 629/228/2 640/229/2 641/230/2
f 628/231/2 629/228/2 641/230/2
f 628/231/2 641/230/2 642/232/2
f 628/231/2 642/232/2 643/233/2
f 627/234/2 628/231/2 643/233/2
f 627/234/2 643/233/2 644/235/2
f 627/234/2 644/235/2 655/236/2
f 655/236/2 644/235/2 654/237/2
f 654/237/2 644/235/2 653/238/2
f 653/238/2 644/235/2 652/239/2
f 652/239/2 644/235/2 651/240/2
f 651/240/2 644/235/2 650/241/2
f 650/241/2 644/235/2 649/242/2
f 649/242/2 644/235/2 648/243/2
f 648/243/2 644/235/2 647/244/2
f 647/244/2 644/235/2 646/245/2
f 646/245/2 644/235/2 645/246/2
f 626/247/2 627/234/2 657/248/2
f 657/248/2 627/234/2 656/249/2
f 656/249/2 627/234/2 655/236/2
f 626/247/2 657/248/2 658/250/2
f 626/247/2 658/250/2 659/251/2
f 626/247/2 659/251/2 660/252/2
f 625/253/2 626/247/2 660/252/2
f 625/253/2 660/252/2 661/254/2
f 625/253/2 661/254/2 662/255/2
f 624/256/2 625/253/2 662/255/2
f 624/256/2 662/255/2 663/257/2
f 624/256/2 663/257/2 664/258/2
f 623/259/2 624/256/2 664/258/2
f 623/259/2 664/258/2 665/260/2
f 622/261/2 623/259/2 665/260/2
f 622/261/2 665/260/2 666/262/2
f 622/261/2 666/262/2 667/263/2
f 621/264/2 622/261/2 667/263/2
f 621/264/2 667/263/2 668/265/2
f 620/266/2 621/264/2 668/265/2
f 620/266/2 668/265/2 669/267/2
f 620/266/2 669/267/2 670/268/2
f 619/269/2 620/266/2 670/268/2
f 695/270/2 696/272/2 697/271/2
f 695/270/2 697/271/2 694/273/2
f 694/273/2 697/271/2 698/14/2
f 619/269/2 670/268/2 671/274/2
f 618/275/2 619/269/2 671/274/2
f 618/275/2 671/274/2 672/276/2
f 693/277/2 694/273/2 698/14/2
f 617/278/2 618/275/2 672/276/2
f 617/278/2 672/276/2 673/279/2
f 617/278/2 673/279/2 674/280/2
f 616/281/2 617/278/2 674/280/2
f 616/281/2 674/280/2 675/282/2
f 615/283/2 616/281/2 675/282/2
f 615/283/2 675/282/2 676/284/2
f 615/283/2 676/284/2 677/285/2
f 614/286/2 615/283/2 677/285/2
f 614/286/2 677/285/2 678/287/2
f 692/288/2 693/277/2 698/14/2
f 691/289/2 692/288/2 698/14/2
f 690/290/2 691/289/2 698/14/2
f 614/286/2 678/287/2 679/291/2
f 689/292/2 690/290/2 698/14/2
f 688/293/2 689/292/2 698/14/2
f 687/294/2 688/293/2 698/14/2
f 614/286/2 679/291/2 680/295/2
f 613/296/2 614/286/2 680/295/2
f 686/297/2 687/294/2 698/14/2
f 685/298/2 686/297/2 698/14/2
f 684/299/2 685/298/2 698/14/2
f 613/296/2 680/295/2 681/300/2
f 683/301/2 684/299/2 698/14/2
f 682/302/2 683/301/2 698/14/2
f 681/300/2 682/302/2 698/14/2
f 613/296/2 681/300/2 698/14/2
f 612/303/2 613/296/2 698/14/2
f 612/303/2 698/14/2 597/5/2
f 612/303/2 597/5/2 598/304/2
f 611/305/2 612/303/2 598/304/2
f 611/305/2 598/304/2 599/306/2
f 611/305/2 599/306/2 600/307/2
f 610/308/2 611/305/2 600/307/2
f 610/308/2 600/307/2 601/309/2
f 610/308/2 601/309/2 602/310/2
f 610/308/2 602/310/2 603/311/2
f 609/312/2 610/308/2 603/311/2
f 609/312/2 603/311/2 604/313/2
f 609/312/2 604/313/2 605/314/2
f 609/312/2 605/314/2 606/315/2
f 608/316/2 609/312/2 606/315/2
f 608/316/2 606/315/2 607/317/2
s 1
f 700/318/3 712/319/4 711/320/5 699/5/6
f 701/321/7 713/322/8 712/319/4 700/318/3
f 702/323/9 714/324/10 713/322/8 701/321/7
f 703/325/11 715/326/12 714/324/10 702/323/9
f 704/327/13 716/328/14 715/326/12 703/325/11
f 705/329/15 717/330/16 716/328/14 704/327/13
f 706/331/17 718/332/18 717/330/16 705/329/15
f 707/333/19 719/334/20 718/332/18 706/331/17
f 708/335/21 720/336/22 719/334/20 707/333/19
f 709/337/23 721/338/24 720/336/22 708/335/21
f 710/339/25 722/340/26 721/338/24 709/337/23
f 712/319/4 724/341/27 723/342/28 711/320/5
f 713/322/8 725/343/29 724/341/27 712/319/4
f 714/324/10 726/344/30 725/343/29 713/322/8
f 715/326/12 727/345/31 726/344/30 714/324/10
f 716/328/14 728/346/32 727/345/31 715/326/12
f 717/330/16 729/347/33 728/346/32 716/328/14
f 718/332/18 730/348/34 729/347/33 717/330/16
f 719/334/20 731/349/35 730/348/34 718/332/18
f 720/336/22 732/350/36 731/349/35 719/334/20
f 721/338/24 733/351/37 732/350/36 720/336/22
f 722/340/26 734/352/38 733/351/37 721/338/24
f 724/341/27 736/353/39 735/354/40 723/342/28
f 725/343/29 737/355/41 736/353/39 724/341/27
f 726/344/30 738/356/42 737/355/41 725/343/29
f 727/345/31 739/357/43 738/356/42 726/344/30
f 728/346/32 740/358/44 739/357/43 727/345/31
f 729/347/33 741/359/45 740/358/44 728/346/32
f 730/348/34 742/360/46 741/359/45 729/347/33
f 731/349/35 743/361/47 742/360/46 730/348/34
f 732/350/36 744/362/48 743/361/47 731/349/35
f 733/351/37 745/363/49 744/362/48 732/350/36
f 734/352/38 746/364/50 745/363/49 733/351/37
f 736/353/39 748/365/51 747/366/52 735/354/40
f 737/355/41 749/367/53 748/365/51 736/353/39
f 738/356/42 750/368/54 749/367/53 737/355/41
f 739/357/43 751/369/55 750/368/54 738/356/42
f 740/358/44 752/370/56 751/369/55 739/357/43
f 741/359/45 753/371/57 752/370/56 740/358/44
f 742/360/46 754/372/58 753/371/57 741/359/45
f 743/361/47 755/373/59 754/372/58 742/360/46
f 744/362/48 756/374/60 755/373/59 743/361/47
f 745/363/49 757/375/61 756/374/60 744/362/48
f 746/364/50 758/376/62 757/375/61 745/363/49
f 748/365/51 760/377/63 759/378/64 747/366/52
f 749/367/53 761/379/65 760/377/63 748/365/51
f 750/368/54 762/380/66 761/379/65 749/367/53
f 751/369/55 763/381/67 762/380/66 750/368/54
f 752/370/56 764/382/68 763/381/67 751/369/55
f 753/371/57 765/383/69 764/382/68 752/370/56
f 754/372/58 766/384/70 765/383/69 753/371/57
f 755/373/59 767/385/71 766/384/70 754/372/58
f 756/374/60 768/386/72 767/385/71 755/373/59
f 757/375/61 769/387/73 768/386/72 756/374/60
f 758/376/62 770/388/74 769/387/73 757/375/61
f 760/377/63 772/389/75 771/390/76 759/378/64
f 761/379/65 773/391/77 772/389/75 760/377/63
f 762/380/66 774/392/78 773/391/77 761/379/65
f 763/381/67 775/393/79 774/392/78 762/380/66
f 764/382/68 776/394/80 775/393/79 763/381/67
f 765/383/69 777/395/81 776/394/80 764/382/68
f 766/384/70 778/396/82 777/395/81 765/383/69
f 767/385/71 779/397/83 778/396/82 766/384/70
f 768/386/72 780/398/84 779/397/83 767/385/71
f 769/387/73 781/399/85 780/398/84 768/386/72
f 770/388/74 782/400/86 781/399/85 769/387/73
f 772/389/75 784/401/87 783/402/88 771/390/76
f 773/391/77 785/403/89 784/401/87 772/389/75
f 774/392/78 786/404/90 785/403/89 773/391/77
f 775/393/79 787/405/91 786/404/90 774/392/78
f 776/394/80 788/406/92 787/405/91 775/393/79
f 777/395/81 789/407/93 788/406/92 776/394/80
f 778/396/82 790/408/94 789/407/93 777/395/81
f 779/397/83 791/409/95 790/408/94 778/396/82
f 780/398/84 792/410/96 791/409/95 779/397/83
f 781/399/85 793/411/97 792/410/96 780/398/84
f 782/400/86 794/412/98 793/411/97 781/399/85
f 784/401/87 796/413/99 795/414/100 783/402/88
f 785/403/89 797/415/101 796/413/99 784/401/87
f 786/404/90 798/416/102 797/415/101 785/403/89
f 787/405/91 799/417/103 798/416/102 786/404/90
f 788/406/92 800/418/104 799/417/103 787/405/91
f 789/407/93 801/419/105 800/418/104 788/406/92
f 790/408/94 802/420/106 801/419/105 789/407/93
f 791/409/95 803/421/107 802/420/106 790/408/94
f 792/410/96 804/422/108 803/421/107 791/409/95
f 793/411/97 805/423/109 804/422/108 792/410/96
f 794/412/98 806/424/110 805/423/109 793/411/97
f 796/413/99 808/425/111 807/426/112 795/414/100
f 797/415/101 809/427/113 808/425/111 796/413/99
f 798/416/102 810/428/114 809/427/113 797/415/101
f 799/417/103 811/429/115 810/428/114 798/416/102
f 800/418/104 812/430/116 811/429/115 799/417/103
f 801/419/105 813/431/117 812/430/116 800/418/104
f 802/420/106 814/432/118 813/431/117 801/419/105
f 803/421/107 815/433/119 814/432/118 802/420/106
f 804/422/108 816/434/120 815/433/119 803/421/107
f 805/423/109 817/435/121 816/434/120 804/422/108
f 806/424/110 818/436/122 817/435/121 805/423/109
f 808/425/111 820/437/123 819/438/124 807/426/112
f 809/427/113 821/439/125 820/437/123 808/425/111
f 810/428/114 822/440/126 821/439/125 809/427/113
f 811/429/115 823/441/127 822/440/126 810/428/114
f 812/430/116 824/442/128 823/441/127 811/429/115
f 813/431/117 825/443/129 824/442/128 812/430/116
f 814/432/118 826/444/130 825/443/129 813/431/117
f 815/433/119 827/445/131 826/444/130 814/432/118
f 816/434/120 828/446/132 827/445/131 815/433/119
f 817/435/121 829/447/133 828/446/132 816/434/120
f 818/436/122 830/448/134 829/447/133 817/435/121
f 820/437/123 832/449/135 831/450/136 819/438/124
f 821/439/125 833/451/137 832/449/135 820/437/123
f 822/440/126 834/452/138 833/451/137 821/439/125
f 823/441/127 835/453/139 834/452/138 822/440/126
f 824/442/128 836/454/140 835/453/139 823/441/127
f 825/443/129 837/455/141 836/454/140 824/442/128
f 826/444/130 838/456/142 837/455/141 825/443/129
f 827/445/131 839/457/143 838/456/142 826/444/130
f 828/446/132 840/458/144 839/457/143 827/445/131
f 829/447/133 841/459/145 840/458/144 828/446/132
f 830/448/134 842/460/146 841/459/145 829/447/133
f 832/449/135 844/461/147 843/462/148 831/450/136
f 833/451/137 845/463/149 844/461/147 832/449/135
f 834/452/138 846/464/150 845/463/149 833/451/137
f 835/453/139 847/465/151 846/464/150 834/452/138
f 836/454/140 848/466/152 847/465/151 835/453/139
f 837/455/141 849/467/153 848/466/152 836/454/140
f 838/456/142 850/468/154 849/467/153 837/455/141
f 839/457/143 851/469/155 850/468/154 838/456/142
f 840/458/144 852/470/156 851/469/155 839/457/143
f 841/459/145 853/471/157 852/470/156 840/458/144
f 842/460/146 854/472/158 853/471/157 841/459/145
f 844/461/147 856/473/159 855/474/160 843/462/148
f 845/463/149 857/475/161 856/473/159 844/461/147
f 846/464/150 858/476/162 857/475/161 845/463/149
f 847/465/151 859/477/163 858/476/162 846/464/150
f 848/466/152 860/478/164 859/477/163 847/465/151
f 849/467/153 861/479/165 860/478/164 848/466/152
f 850/468/154 862/480/166 861/479/165 849/467/153
f 851/469/155 863/481/167 862/480/166 850/468/154
f 852/470/156 864/482/168 863/481/167 851/469/155
f 853/471/157 865/483/169 864/482/168 852/470/156
f 854/472/158 866/484/170 865/483/169 853/471/157
f 856/473/159 868/485/171 867/486/172 855/474/160
f 857/475/161 869/487/173 868/485/171 856/473/159
f 858/476/162 870/488/174 869/487/173 857/475/161
f 859/477/163 871/489/175 870/488/174 858/476/162
f 860/478/164 872/490/176 871/489/175 859/477/163
f 861/479/165 873/491/177 872/490/176 860/478/164
f 862/480/166 874/492/178 873/491/177 861/479/165
f 863/481/167 875/493/179 874/492/178 862/480/166
f 864/482/168 876/494/180 875/493/179 863/481/167
f 865/483/169 877/495/181 876/494/180 864/482/168
f 866/484/170 878/496/182 877/495/181 865/483/169
f 868/485/171 880/497/183 879/498/184 867/486/172
f 869/487/173 881/499/185 880/497/183 868/485/171
f 870/488/174 882/500/186 881/499/185 869/487/173
f 871/489/175 883/501/187 882/500/186 870/488/174
f 872/490/176 884/502/188 883/501/187 871/489/175
f 873/491/177 885/503/189 884/502/188 872/490/176
f 874/492/178 886/504/190 885/503/189 873/491/177
f 875/493/179 887/505/191 886/504/190 874/492/178
f 876/494/180 888/506/192 887/505/191 875/493/179
f 877/495/181 889/507/193 888/506/192 876/494/180
f 878/496/182 890/508/194 889/507/193 877/495/181
f 880/497/183 892/509/195 891/510/196 879/498/184
f 881/499/185 893/511/197 892/509/195 880/497/183
f 882/500/186 894/512/198 893/511/197 881/499/185
f 883/501/187 895/513/199 894/512/198 882/500/186
f 884/502/188 896/514/200 895/513/199 883/501/187
f 885/503/189 897/515/201 896/514/200 884/502/188
f 886/504/190 898/516/202 897/515/201 885/503/189
f 887/505/191 899/517/203 898/516/202 886/504/190
f 888/506/192 900/518/204 899/517/203 887/505/191
f 889/507/193 901/519/205 900/518/204 888/506/192
f 890/508/194 902/520/206 901/519/205 889/507/193
f 892/509/195 904/521/207 903/105/208 891/510/196
f 893/511/197 905/522/209 904/521/207 892/509/195
f 894/512/198 906/523/210 905/522/209 893/511/197
f 895/513/199 907/524/211 906/523/210 894/512/198
f 896/514/200 908/525/212 907/524/211 895/513/199
f 897/515/201 909/526/213 908/525/212 896/514/200
f 898/516/202 910/527/214 909/526/213 897/515/201
f 899/517/203 911/528/215 910/527/214 898/516/202
f 900/518/204 912/529/216 911/528/215 899/517/203
f 901/519/205 913/530/217 912/529/216 900/518/204
f 902/520/206 914/531/218 913/530/217 901/519/205
f 904/521/207 916/532/219 915/533/220 903/105/208
f 905/522/209 917/534/221 916/532/219 904/521/207
f 906/523/210 918/535/222 917/534/221 905/522/209
f 907/524/211 919/536/223 918/535/222 906/523/210
f 908/525/212 920/537/224 919/536/223 907/524/211
f 909/526/213 921/538/225 920/537/224 908/525/212
f 910/527/214 922/539/226 921/538/225 909/526/213
f 911/528/215 923/540/227 922/539/226 910/527/214
f 912/529/216 924/541/228 923/540/227 911/528/215
f 913/530/217 925/542/229 924/541/228 912/529/216
f 914/531/218 926/543/230 925/542/229 913/530/217
f 916/532/219 928/544/231 927/545/232 915/533/220
f 917/534/221 929/546/233 928/544/231 916/532/219
f 918/535/222 930/547/234 929/546/233 917/534/221
f 919/536/223 931/548/235 930/547/234 918/535/222
f 920/537/224 932/549/236 931/548/235 919/536/223
f 921/538/225 933/550/237 932/549/236 920/537/224
f 922/539/226 934/551/238 933/550/237 921/538/225
f 923/540/227 935/552/239 934/551/238 922/539/226
f 924/541/228 936/553/240 935/552/239 923/540/227
f 925/542/229 937/554/241 936/553/240 924/541/228
f 926/543/230 938/555/242 937/554/241 925/542/229
f 928/544/231 940/556/243 939/557/244 927/545/232
f 929/546/233 941/558/245 940/556/243 928/544/231
f 930/547/234 942/559/246 941/558/245 929/546/233
f 931/548/235 943/560/247 942/559/246 930/547/234
f 932/549/236 944/561/248 943/560/247 931/548/235
f 933/550/237 945/562/249 944/561/248 932/549/236
f 934/551/238 946/563/250 945/562/249 933/550/237
f 935/552/239 947/564/251 946/563/250 934/551/238
f 936/553/240 948/565/252 947/564/251 935/552/239
f 937/554/241 949/566/253 948/565/252 936/553/240
f 938/555/242 950/567/254 949/566/253 937/554/241
f 940/556/243 952/568/255 951/569/256 939/557/244
f 941/558/245 953/570/257 952/568/255 940/556/243
f 942/559/246 954/571/258 953/570/257 941/558/245
f 943/560/247 955/572/259 954/571/258 942/559/246
f 944/561/248 956/573/260 955/572/259 943/560/247
f 945/562/249 957/574/261 956/573/260 944/561/248
f 946/563/250 958/575/262 957/574/261 945/562/249
f 947/564/251 959/576/263 958/575/262 946/563/250
f 948/565/252 960/577/264 959/576/263 947/564/251
f 949/566/253 961/578/265 960/577/264 948/565/252
f 950/567/254 962/579/266 961/578/265 949/566/253
f 952/568/255 964/580/267 963/581/268 951/569/256
f 953/570/257 965/582/269 964/580/267 952/568/255
f 954/571/258 966/583/270 965/582/269 953/570/257
f 955/572/259 967/584/271 966/583/270 954/571/258
f 956/573/260 968/585/272 967/584/271 955/572/259
f 957/574/261 969/586/273 968/585/272 956/573/260
f 958/575/262 970/587/274 969/586/273 957/574/261
f 959/576/263 971/588/275 970/587/274 958/575/262
f 960/577/264 972/589/276 971/588/275 959/576/263
f 961/578/265 973/590/277 972/589/276 960/577/264
f 962/579/266 974/591/278 973/590/277 961/578/265
f 964/580/267 976/592/279 975/593/280 963/581/268
f 965/582/269 977/594/281 976/592/279 964/580/267
f 966/583/270 978/595/282 977/594/281 965/582/269
f 967/584/271 979/596/283 978/595/282 966/583/270
f 968/585/272 980/597/284 979/596/283 967/584/271
f 969/586/273 981/598/285 980/597/284 968/585/272
f 970/587/274 982/599/286 981/598/285 969/586/273
f 971/588/275 983/600/287 982/599/286 970/587/274
f 972/589/276 984/601/288 983/600/287 971/588/275
f 973/590/277 985/602/289 984/601/288 972/589/276
f 974/591/278 986/603/290 985/602/289 973/590/277
f 976/592/279 988/604/291 987/605/292 975/593/280
f 977/594/281 989/606/293 988/604/291 976/592/279
f 978/595/282 990/607/294 989/606/293 977/594/281
f 979/596/283 991/608/295 990/607/294 978/595/282
f 980/597/284 992/609/296 991/608/295 979/596/283
f 981/598/285 993/610/297 992/609/296 980/597/284
f 982/599/286 994/611/298 993/610/297 981/598/285
f 983/600/287 995/612/299 994/611/298 982/599/286
f 984/601/288 996/613/300 995/612/299 983/600/287
f 985/602/289 997/614/301 996/613/300 984/601/288
f 986/603/290 998/615/302 997/614/301 985/602/289
f 988/604/291 1000/616/303 999/617/304 987/605/292
f 989/606/293 1001/618/305 1000/616/303 988/604/291
f 990/607/294 1002/619/306 1001/618/305 989/606/293
f 991/608/295 1003/620/307 1002/619/306 990/607/294
f 992/609/296 1004/621/308 1003/620/307 991/608/295
f 993/610/297 1005/622/309 1004/621/308 992/609/296
f 994/611/298 1006/623/310 1005/622/309 993/610/297
f 995/612/299 1007/624/311 1006/623/310 994/611/298
f 996/613/300 1008/625/312 1007/624/311 995/612/299
f 997/614/301 1009/626/313 1008/625/312 996/613/300
f 998/615/302 1010/627/314 1009/626/313 997/614/301
f 1000/616/303 1012/628/315 1011/629/316 999/617/304
f 1001/618/305 1013/630/317 1012/628/315 1000/616/303
f 1002/619/306 1014/631/318 1013/630/317 1001/618/305
f 1003/620/307 1015/632/319 1014/631/318 1002/619/306
f 1004/621/308 1016/633/320 1015/632/319 1003/620/307
f 1005/622/309 1017/634/321 1016/633/320 1004/621/308
f 1006/623/310 1018/635/322 1017/634/321 1005/622/309
f 1007/624/311 1019/636/323 1018/635/322 1006/623/310
f 1008/625/312 1020/637/324 1019/636/323 1007/624/311
f 1009/626/313 1021/638/325 1020/637/324 1008/625/312
f 1010/627/314 1022/639/326 1021/638/325 1009/626/313
f 1012/628/315 1024/640/327 1023/641/328 1011/629/316
f 1013/630/317 1025/642/329 1024/640/327 1012/628/315
f 1014/631/318 1026/643/330 1025/642/329 1013/630/317
f 1015/632/319 1027/644/331 1026/643/330 1014/631/318
f 1016/633/320 1028/645/332 1027/644/331 1015/632/319
f 1017/634/321 1029/646/333 1028/645/332 1016/633/320
f 1018/635/322 1030/647/334 1029/646/333 1017/634/321
f 1019/636/323 1031/648/335 1030/647/334 1018/635/322
f 1020/637/324 1032/649/336 1031/648/335 1019/636/323
f 1021/638/325 1033/650/337 1032/649/336 1020/637/324
f 1022/639/326 1034/651/338 1033/650/337 1021/638/325
f 1024/640/327 1036/652/339 1035/653/340 1023/641/328
f 1025/642/329 1037/654/341 1036/652/339 1024/640/327
f 1026/643/330 1038/655/342 1037/654/341 1025/642/329
f 1027/644/331 1039/656/343 1038/655/342 1026/643/330
f 1028/645/332 1040/657/344 1039/656/343 1027/644/331
f 1029/646/333 1041/658/345 1040/657/344 1028/645/332
f 1030/647/334 1042/659/346 1041/658/345 1029/646/333
f 1031/648/335 1043/660/347 1042/659/346 1030/647/334
f 1032/649/336 1044/661/348 1043/660/347 1031/648/335
f 1033/650/337 1045/662/349 1044/661/348 1032/649/336
f 1034/651/338 1046/663/350 1045/662/349 1033/650/337
f 1036/652/339 1048/664/351 1047/665/352 1035/653/340
f 1037/654/341 1049/666/353 1048/664/351 1036/652/339
f 1038/655/342 1050/667/354 1049/666/353 1037/654/341
f 1039/656/343 1051/668/355 1050/667/354 1038/655/342
f 1040/657/344 1052/669/356 1051/668/355 1039/656/343
f 1041/658/345 1053/670/357 1052/669/356 1040/657/344
f 1042/659/346 1054/671/358 1053/670/357 1041/658/345
f 1043/660/347 1055/672/359 1054/671/358 1042/659/346
f 1044/661/348 1056/673/360 1055/672/359 1043/660/347
f 1045/662/349 1057/674/361 1056/673/360 1044/661/348
f 1046/663/350 1058/675/362 1057/674/361 1045/662/349
f 1048/664/351 1060/676/363 1059/677/364 1047/665/352
f 1049/666/353 1061/678/365 1060/676/363 1048/664/351
f 1050/667/354 1062/679/366 1061/678/365 1049/666/353
f 1051/668/355 1063/680/367 1062/679/366 1050/667/354
f 1052/669/356 1064/681/368 1063/680/367 1051/668/355
f 1053/670/357 1065/682/369 1064/681/368 1052/669/356
f 1054/671/358 1066/683/370 1065/682/369 1053/670/357
f 1055/672/359 1067/684/371 1066/683/370 1054/671/358
f 1056/673/360 1068/685/372 1067/684/371 1055/672/359
f 1057/674/361 1069/686/373 1068/685/372 1056/673/360
f 1058/675/362 1070/687/374 1069/686/373 1057/674/361
f 1060/676/363 1072/688/375 1071/689/376 1059/677/364
f 1061/678/365 1073/690/377 1072/688/375 1060/676/363
f 1062/679/366 1074/691/378 1073/690/377 1061/678/365
f 1063/680/367 1075/692/379 1074/691/378 1062/679/366
f 1064/681/368 1076/693/380 1075/692/379 1063/680/367
f 1065/682/369 1077/694/381 1076/693/380 1064/681/368
f 1066/683/370 1078/695/382 1077/694/381 1065/682/369
f 1067/684/371 1079/696/383 1078/695/382 1066/683/370
f 1068/685/372 1080/697/384 1079/696/383 1067/684/371
f 1069/686/373 1081/698/385 1080/697/384 1068/685/372
f 1070/687/374 1082/699/386 1081/698/385 1069/686/373
f 1072/688/375 1084/700/387 1083/701/388 1071/689/376
f 1073/690/377 1085/702/389 1084/700/387 1072/688/375
f 1074/691/378 1086/703/390 1085/702/389 1073/690/377
f 1075/692/379 1087/704/391 1086/703/390 1074/691/378
f 1076/693/380 1088/705/392 1087/704/391 1075/692/379
f 1077/694/381 1089/706/393 1088/705/392 1076/693/380
f 1078/695/382 1090/707/394 1089/706/393 1077/694/381
f 1079/696/383 1091/708/395 1090/707/394 1078/695/382
f 1080/697/384 1092/709/396 1091/708/395 1079/696/383
f 1081/698/385 1093/710/397 1092/709/396 1080/697/384
f 1082/699/386 1094/711/398 1093/710/397 1081/698/385
f 1084/700/387 1096/712/399 1095/713/400 1083/701/388
f 1085/702/389 1097/714/401 1096/712/399 1084/700/387
f 1086/703/390 1098/715/402 1097/714/401 1085/702/389
f 1087/704/391 1099/716/403 1098/715/402 1086/703/390
f 1088/705/392 1100/717/404 1099/716/403 1087/704/391
f 1089/706/393 1101/718/405 1100/717/404 1088/705/392
f 1090/707/394 1102/719/406 1101/718/405 1089/706/393
f 1091/708/395 1103/720/407 1102/719/406 1090/707/394
f 1092/709/396 1104/721/408 1103/720/407 1091/708/395
f 1093/710/397 1105/722/409 1104/721/408 1092/709/396
f 1094/711/398 1106/723/410 1105/722/409 1093/710/397
f 1096/712/399 1108/724/411 1107/74/412 1095/713/400
f 1097/714/401 1109/725/413 1108/724/411 1096/712/399
f 1098/715/402 1110/726/414 1109/725/413 1097/714/401
f 1099/716/403 1111/727/415 1110/726/414 1098/715/402
f 1100/717/404 1112/728/416 1111/727/415 1099/716/403
f 1101/718/405 1113/729/417 1112/728/416 1100/717/404
f 1102/719/406 1114/730/418 1113/729/417 1101/718/405
f 1103/720/407 1115/731/419 1114/730/418 1102/719/406
f 1104/721/408 1116/732/420 1115/731/419 1103/720/407
f 1105/722/409 1117/733/421 1116/732/420 1104/721/408
f 1106/723/410 1118/734/422 1117/733/421 1105/722/409
f 1108/724/411 1120/735/423 1119/736/424 1107/74/412
f 1109/725/413 1121/737/425 1120/735/423 1108/724/411
f 1110/726/414 1122/738/426 1121/737/425 1109/725/413
f 1111/727/415 1123/739/427 1122/738/426 1110/726/414
f 1112/728/416 1124/740/428 1123/739/427 1111/727/415
f 1113/729/417 1125/741/429 1124/740/428 1112/728/416
f 1114/730/418 1126/742/430 1125/741/429 1113/729/417
f 1115/731/419 1127/743/431 1126/742/430 1114/730/418
f 1116/732/420 1128/744/432 1127/743/431 1115/731/419
f 1117/733/421 1129/745/433 1128/744/432 1116/732/420
f 1118/734/422 1130/746/434 1129/745/433 1117/733/421
f 1120/735/423 1132/747/435 1131/748/436 1119/736/424
f 1121/737/425 1133/749/437 1132/747/435 1120/735/423
f 1122/738/426 1134/750/438 1133/749/437 1121/737/425
f 1123/739/427 1135/751/439 1134/750/438 1122/738/426
f 1124/740/428 1136/752/440 1135/751/439 1123/739/427
f 1125/741/429 1137/753/441 1136/752/440 1124/740/428
f 1126/742/430 1138/754/442 1137/753/441 1125/741/429
f 1127/743/431 1139/755/443 1138/754/442 1126/742/430
f 1128/744/432 1140/756/444 1139/755/443 1127/743/431
f 1129/745/433 1141/757/445 1140/756/444 1128/744/432
f 1130/746/434 1142/758/446 1141/757/445 1129/745/433
f 1132/747/435 1144/759/447 1143/760/448 1131/748/436
f 1133/749/437 1145/761/449 1144/759/447 1132/747/435
f 1134/750/438 1146/762/450 1145/761/449 1133/749/437
f 1135/751/439 1147/763/451 1146/762/450 1134/750/438
f 1136/752/440 1148/764/452 1147/763/451 1135/751/439
f 1137/753/441 1149/765/453 1148/764/452 1136/752/440
f 1138/754/442 1150/766/454 1149/765/453 1137/753/441
f 1139/755/443 1151/767/455 1150/766/454 1138/754/442
f 1140/756/444 1152/768/456 1151/767/455 1139/755/443
f 1141/757/445 1153/769/457 1152/768/456 1140/756/444
f 1142/758/446 1154/770/458 1153/769/457 1141/757/445
f 1144/759/447 1156/771/459 1155/772/460 1143/760/448
f 1145/761/449 1157/773/461 1156/771/459 1144/759/447
f 1146/762/450 1158/774/462 1157/773/461 1145/761/449
f 1147/763/451 1159/775/463 1158/774/462 1146/762/450
f 1148/764/452 1160/776/464 1159/775/463 1147/763/451
f 1149/765/453 1161/777/465 1160/776/464 1148/764/452
f 1150/766/454 1162/778/466 1161/777/465 1149/765/453
f 1151/767/455 1163/779/467 1162/778/466 1150/766/454
f 1152/768/456 1164/780/468 1163/779/467 1151/767/455
f 1153/769/457 1165/781/469 1164/780/468 1152/768/456
f 1154/770/458 1166/782/470 1165/781/469 1153/769/457
f 1156/771/459 1168/783/471 1167/784/472 1155/772/460
f 1157/773/461 1169/785/473 1168/783/471 1156/771/459
f 1158/774/462 1170/786/474 1169/785/473 1157/773/461
f 1159/775/463 1171/787/475 1170/786/474 1158/774/462
f 1160/776/464 1172/788/476 1171/787/475 1159/775/463
f 1161/777/465 1173/789/477 1172/788/476 1160/776/464
f 1162/778/466 1174/790/478 1173/789/477 1161/777/465
f 1163/779/467 1175/791/479 1174/790/478 1162/778/466
f 1164/780/468 1176/792/480 1175/791/479 1163/779/467
f 1165/781/469 1177/793/481 1176/792/480 1164/780/468
f 1166/782/470 1178/794/482 1177/793/481 1165/781/469
f 1168/783/471 1180/795/483 1179/796/484 1167/784/472
f 1169/785/473 1181/797/485 1180/795/483 1168/783/471
f 1170/786/474 1182/798/486 1181/797/485 1169/785/473
f 1171/787/475 1183/799/487 1182/798/486 1170/786/474
f 1172/788/476 1184/800/488 1183/799/487 1171/787/475
f 1173/789/477 1185/801/489 1184/800/488 1172/788/476
f 1174/790/478 1186/802/490 1185/801/489 1173/789/477
f 1175/791/479 1187/803/491 1186/802/490 1174/790/478
f 1176/792/480 1188/804/492 1187/803/491 1175/791/479
f 1177/793/481 1189/805/493 1188/804/492 1176/792/480
f 1178/794/482 1190/806/494 1189/805/493 1177/793/481
f 1180/795/483 1192/807/495 1191/808/496 1179/796/484
f 1181/797/485 1193/809/497 1192/807/495 1180/795/483
f 1182/798/486 1194/810/498 1193/809/497 1181/797/485
f 1183/799/487 1195/811/499 1194/810/498 1182/798/486
f 1184/800/488 1196/812/500 1195/811/499 1183/799/487
f 1185/801/489 1197/813/501 1196/812/500 1184/800/488
f 1186/802/490 1198/814/502 1197/813/501 1185/801/489
f 1187/803/491 1199/815/503 1198/814/502 1186/802/490
f 1188/804/492 1200/816/504 1199/815/503 1187/803/491
f 1189/805/493 1201/817/505 1200/816/504 1188/804/492
f 1190/806/494 1202/818/506 1201/817/505 1189/805/493
f 1192/807/495 1204/819/507 1203/820/508 1191/808/496
f 1193/809/497 1205/821/509 1204/819/507 1192/807/495
f 1194/810/498 1206/822/510 1205/821/509 1193/809/497
f 1195/811/499 1207/823/511 1206/822/510 1194/810/498
f 1196/812/500 1208/824/512 1207/823/511 1195/811/499
f 1197/813/501 1209/825/513 1208/824/512 1196/812/500
f 1198/814/502 1210/826/514 1209/825/513 1197/813/501
f 1199/815/503 1211/827/515 1210/826/514 1198/814/502
f 1200/816/504 1212/828/516 1211/827/515 1199/815/503
f 1201/817/505 1213/829/517 1212/828/516 1200/816/504
f 1202/818/506 1214/830/518 1213/829/517 1201/817/505
f 1204/819/507 1216/831/519 1215/832/520 1203/820/508
f 1205/821/509 1217/833/521 1216/831/519 1204/819/507
f 1206/822/510 1218/834/522 1217/833/521 1205/821/509
f 1207/823/511 1219/835/523 1218/834/522 1206/822/510
f 1208/824/512 1220/836/524 1219/835/523 1207/823/511
f 1209/825/513 1221/837/525 1220/836/524 1208/824/512
f 1210/826/514 1222/838/526 1221/837/525 1209/825/513
f 1211/827/515 1223/839/527 1222/838/526 1210/826/514
f 1212/828/516 1224/840/528 1223/839/527 1211/827/515
f 1213/829/517 1225/841/529 1224/840/528 1212/828/516
f 1214/830/518 1226/842/530 1225/841/529 1213/829/517
f 1216/831/519 1228/843/531 1227/844/532 1215/832/520
f 1217/833/521 1229/845/533 1228/843/531 1216/831/519
f 1218/834/522 1230/846/534 1229/845/533 1217/833/521
f 1219/835/523 1231/847/535 1230/846/534 1218/834/522
f 1220/836/524 1232/848/536 1231/847/535 1219/835/523
f 1221/837/525 1233/849/537 1232/848/536 1220/836/524
f 1222/838/526 1234/850/538 1233/849/537 1221/837/525
f 1223/839/527 1235/851/539 1234/850/538 1222/838/526
f 1224/840/528 1236/852/540 1235/851/539 1223/839/527
f 1225/841/529 1237/853/541 1236/852/540 1224/840/528
f 1226/842/530 1238/854/542 1237/853/541 1225/841/529
f 1228/843/531 1240/855/543 1239/856/544 1227/844/532
f 1229/845/533 1241/857/545 1240/855/543 1228/843/531
f 1230/846/534 1242/858/546 1241/857/545 1229/845/533
f 1231/847/535 1243/859/547 1242/858/546 1230/846/534
f 1232/848/536 1244/860/548 1243/859/547 1231/847/535
f 1233/849/537 1245/861/549 1244/860/548 1232/848/536
f 1234/850/538 1246/862/550 1245/861/549 1233/849/537
f 1235/851/539 1247/863/551 1246/862/550 1234/850/538
f 1236/852/540 1248/864/552 1247/863/551 1235/851/539
f 1237/853/541 1249/865/553 1248/864/552 1236/852/540
f 1238/854/542 1250/866/554 1249/865/553 1237/853/541
f 1240/855/543 1252/867/555 1251/868/556 1239/856/544
f 1241/857/545 1253/869/557 1252/867/555 1240/855/543
f 1242/858/546 1254/870/558 1253/869/557 1241/857/545
f 1243/859/547 1255/871/559 1254/870/558 1242/858/546
f 1244/860/548 1256/872/560 1255/871/559 1243/859/547
f 1245/861/549 1257/873/561 1256/872/560 1244/860/548
f 1246/862/550 1258/874/562 1257/873/561 1245/861/549
f 1247/863/551 1259/875/563 1258/874/562 1246/862/550
f 1248/864/552 1260/876/564 1259/875/563 1247/863/551
f 1249/865/553 1261/877/565 1260/876/564 1248/864/552
f 1250/866/554 1262/878/566 1261/877/565 1249/865/553
f 1252/867/555 1264/879/567 1263/880/568 1251/868/556
f 1253/869/557 1265/881/569 1264/879/567 1252/867/555
f 1254/870/558 1266/882/570 1265/881/569 1253/869/557
f 1255/871/559 1267/883/571 1266/882/570 1254/870/558
f 1256/872/560 1268/884/572 1267/883/571 1255/871/559
f 1257/873/561 1269/885/573 1268/884/572 1256/872/560
f 1258/874/562 1270/886/574 1269/885/573 1257/873/561
f 1259/875/563 1271/887/575 1270/886/574 1258/874/562
f 1260/876/564 1272/888/576 1271/887/575 1259/875/563
f 1261/877/565 1273/889/577 1272/888/576 1260/876/564
f 1262/878/566 1274/890/578 1273/889/577 1261/877/565
f 1264/879/567 1276/891/579 1275/892/580 1263/880/568
f 1265/881/569 1277/893/581 1276/891/579 1264/879/567
f 1266/882/570 1278/894/582 1277/893/581 1265/881/569
f 1267/883/571 1279/895/583 1278/894/582 1266/882/570
f 1268/884/572 1280/896/584 1279/895/583 1267/883/571
f 1269/885/573 1281/897/585 1280/896/584 1268/884/572
f 1270/886/574 1282/898/586 1281/897/585 1269/885/573
f 1271/887/575 1283/899/587 1282/898/586 1270/886/574
f 1272/888/576 1284/900/588 1283/899/587 1271/887/575
f 1273/889/577 1285/901/589 1284/900/588 1272/888/576
f 1274/890/578 1286/902/590 1285/901/589 1273/889/577
f 1276/891/579 1288/903/591 1287/904/592 1275/892/580
f 1277/893/581 1289/905/593 1288/903/591 1276/891/579
f 1278/894/582 1290/906/594 1289/905/593 1277/893/581
f 1279/895/583 1291/907/595 1290/906/594 1278/894/582
f 1280/896/584 1292/908/596 1291/907/595 1279/895/583
f 1281/897/585 1293/909/597 1292/908/596 1280/896/584
f 1282/898/586 1294/910/598 1293/909/597 1281/897/585
f 1283/899/587 1295/911/599 1294/910/598 1282/898/586
f 1284/900/588 1296/912/600 1295/911/599 1283/899/587
f 1285/901/589 1297/913/601 1296/912/600 1284/900/588
f 1286/902/590 1298/914/602 1297/913/601 1285/901/589
f 1288/903/591 1300/915/603 1299/916/604 1287/904/592
f 1289/905/593 1301/917/605 1300/915/603 1288/903/591
f 1290/906/594 1302/918/606 1301/917/605 1289/905/593
f 1291/907/595 1303/919/607 1302/918/606 1290/906/594
f 1292/908/596 1304/920/608 1303/919/607 1291/907/595
f 1293/909/597 1305/921/609 1304/920/608 1292/908/596
f 1294/910/598 1306/922/610 1305/921/609 1293/909/597
f 1295/911/599 1307/923/611 1306/922/610 1294/910/598
f 1296/912/600 1308/924/612 1307/923/611 1295/911/599
f 1297/913/601 1309/925/613 1308/924/612 1296/912/600
f 1298/914/602 1310/926/614 1309/925/613 1297/913/601
f 1300/915/603 1312/927/615 1311/106/616 1299/916/604
f 1301/917/605 1313/928/617 1312/927/615 1300/915/603
f 1302/918/606 1314/929/618 1313/928/617 1301/917/605
f 1303/919/607 1315/930/619 1314/929/618 1302/918/606
f 1304/920/608 1316/931/620 1315/930/619 1303/919/607
f 1305/921/609 1317/932/621 1316/931/620 1304/920/608
f 1306/922/610 1318/933/622 1317/932/621 1305/921/609
f 1307/923/611 1319/934/623 1318/933/622 1306/922/610
f 1308/924/612 1320/935/624 1319/934/623 1307/923/611
f 1309/925/613 1321/936/625 1320/935/624 1308/924/612
f 1310/926/614 1322/937/626 1321/936/625 1309/925/613
f 1312/927/615 1324/938/627 1323/939/628 1311/106/616
f 1313/928/617 1325/940/629 1324/938/627 1312/927/615
f 1314/929/618 1326/941/630 1325/940/629 1313/928/617
f 1315/930/619 1327/942/631 1326/941/630 1314/929/618
f 1316/931/620 1328/943/632 1327/942/631 1315/930/619
f 1317/932/621 1329/944/633 1328/943/632 1316/931/620
f 1318/933/622 1330/945/634 1329/944/633 1317/932/621
f 1319/934/623 1331/946/635 1330/945/634 1318/933/622
f 1320/935/624 1332/947/636 1331/946/635 1319/934/623
f 1321/936/625 1333/948/637 1332/947/636 1320/935/624
f 1322/937/626 1334/949/638 1333/948/637 1321/936/625
f 1324/938/627 1336/950/639 1335/951/640 1323/939/628
f 1325/940/629 1337/952/641 1336/950/639 1324/938/627
f 1326/941/630 1338/953/642 1337/952/641 1325/940/629
f 1327/942/631 1339/954/643 1338/953/642 1326/941/630
f 1328/943/632 1340/955/644 1339/954/643 1327/942/631
f 1329/944/633 1341/956/645 1340/955/644 1328/943/632
f 1330/945/634 1342/957/646 1341/956/645 1329/944/633
f 1331/946/635 1343/958/647 1342/957/646 1330/945/634
f 1332/947/636 1344/959/648 1343/958/647 1331/946/635
f 1333/948/637 1345/960/649 1344/959/648 1332/947/636
f 1334/949/638 1346/961/650 1345/960/649 1333/948/637
f 1336/950/639 1348/962/651 1347/963/652 1335/951/640
f 1337/952/641 1349/964/653 1348/962/651 1336/950/639
f 1338/953/642 1350/965/654 1349/964/653 1337/952/641
f 1339/954/643 1351/966/655 1350/965/654 1338/953/642
f 1340/955/644 1352/967/656 1351/966/655 1339/954/643
f 1341/956/645 1353/968/657 1352/967/656 1340/955/644
f 1342/957/646 1354/969/658 1353/968/657 1341/956/645
f 1343/958/647 1355/970/659 1354/969/658 1342/957/646
f 1344/959/648 1356/971/660 1355/970/659 1343/958/647
f 1345/960/649 1357/972/661 1356/971/660 1344/959/648
f 1346/961/650 1358/973/662 1357/972/661 1345/960/649
f 1348/962/651 1360/974/663 1359/975/664 1347/963/652
f 1349/964/653 1361/976/665 1360/974/663 1348/962/651
f 1350/965/654 1362/977/666 1361/976/665 1349/964/653
f 1351/966/655 1363/978/667 1362/977/666 1350/965/654
f 1352/967/656 1364/979/668 1363/978/667 1351/966/655
f 1353/968/657 1365/980/669 1364/979/668 1352/967/656
f 1354/969/658 1366/981/670 1365/980/669 1353/968/657
f 1355/970/659 1367/982/671 1366/981/670 1354/969/658
f 1356/971/660 1368/983/672 1367/982/671 1355/970/659
f 1357/972/661 1369/984/673 1368/983/672 1356/971/660
f 1358/973/662 1370/985/674 1369/984/673 1357/972/661
f 1360/974/663 1372/986/675 1371/987/676 1359/975/664
f 1361/976/665 1373/988/677 1372/986/675 1360/974/663
f 1362/977/666 1374/989/678 1373/988/677 1361/976/665
f 1363/978/667 1375/990/679 1374/989/678 1362/977/666
f 1364/979/668 1376/991/680 1375/990/679 1363/978/667
f 1365/980/669 1377/992/681 1376/991/680 1364/979/668
f 1366/981/670 1378/993/682 1377/992/681 1365/980/669
f 1367/982/671 1379/994/683 1378/993/682 1366/981/670
f 1368/983/672 1380/995/684 1379/994/683 1367/982/671
f 1369/984/673 1381/996/685 1380/995/684 1368/983/672
f 1370/985/674 1382/997/686 1381/996/685 1369/984/673
f 1372/986/675 1384/998/687 1383/999/688 1371/987/676
f 1373/988/677 1385/1000/689 1384/998/687 1372/986/675
f 1374/989/678 1386/1001/690 1385/1000/689 1373/988/677
f 1375/990/679 1387/1002/691 1386/1001/690 1374/989/678
f 1376/991/680 1388/1003/692 1387/1002/691 1375/990/679
f 1377/992/681 1389/1004/693 1388/1003/692 1376/991/680
f 1378/993/682 1390/1005/694 1389/1004/693 1377/992/681
f 1379/994/683 1391/1006/695 1390/1005/694 1378/993/682
f 1380/995/684 1392/1007/696 1391/1006/695 1379/994/683
f 1381/996/685 1393/1008/697 1392/1007/696 1380/995/684
f 1382/997/686 1394/1009/698 1393/1008/697 1381/996/685
f 1384/998/687 1396/1010/699 1395/1011/700 1383/999/688
f 1385/1000/689 1397/1012/701 1396/1010/699 1384/998/687
f 1386/1001/690 1398/1013/702 1397/1012/701 1385/1000/689
f 1387/1002/691 1399/1014/703 1398/1013/702 1386/1001/690
f 1388/1003/692 1400/1015/704 1399/1014/703 1387/1002/691
f 1389/1004/693 1401/1016/705 1400/1015/704 1388/1003/692
f 1390/1005/694 1402/1017/706 1401/1016/705 1389/1004/693
f 1391/1006/695 1403/1018/707 1402/1017/706 1390/1005/694
f 1392/1007/696 1404/1019/708 1403/1018/707 1391/1006/695
f 1393/1008/697 1405/1020/709 1404/1019/708 1392/1007/696
f 1394/1009/698 1406/1021/710 1405/1020/709 1393/1008/697
f 1396/1010/699 1408/1022/711 1407/1023/712 1395/1011/700
f 1397/1012/701 1409/1024/713 1408/1022/711 1396/1010/699
f 1398/1013/702 1410/1025/714 1409/1024/713 1397/1012/701
f 1399/1014/703 1411/1026/715 1410/1025/714 1398/1013/702
f 1400/1015/704 1412/1027/716 1411/1026/715 1399/1014/703
f 1401/1016/705 1413/1028/717 1412/1027/716 1400/1015/704
f 1402/1017/706 1414/1029/718 1413/1028/717 1401/1016/705
f 1403/1018/707 1415/1030/719 1414/1029/718 1402/1017/706
f 1404/1019/708 1416/1031/720 1415/1030/719 1403/1018/707
f 1405/1020/709 1417/1032/721 1416/1031/720 1404/1019/708
f 1406/1021/710 1418/1033/722 1417/1032/721 1405/1020/709
f 1408/1022/711 1420/1034/723 1419/1035/724 1407/1023/712
f 1409/1024/713 1421/1036/725 1420/1034/723 1408/1022/711
f 1410/1025/714 1422/1037/726 1421/1036/725 1409/1024/713
f 1411/1026/715 1423/1038/727 1422/1037/726 1410/1025/714
f 1412/1027/716 1424/1039/728 1423/1038/727 1411/1026/715
f 1413/1028/717 1425/1040/729 1424/1039/728 1412/1027/716
f 1414/1029/718 1426/1041/730 1425/1040/729 1413/1028/717
f 1415/1030/719 1427/1042/731 1426/1041/730 1414/1029/718
f 1416/1031/720 1428/1043/732 1427/1042/731 1415/1030/719
f 1417/1032/721 1429/1044/733 1428/1043/732 1416/1031/720
f 1418/1033/722 1430/1045/734 1429/1044/733 1417/1032/721
f 1420/1034/723 1432/1046/735 1431/1047/736 1419/1035/724
f 1421/1036/725 1433/1048/737 1432/1046/735 1420/1034/723
f 1422/1037/726 1434/1049/738 1433/1048/737 1421/1036/725
f 1423/1038/727 1435/1050/739 1434/1049/738 1422/1037/726
f 1424/1039/728 1436/1051/740 1435/1050/739 1423/1038/727
f 1425/1040/729 1437/1052/741 1436/1051/740 1424/1039/728
f 1426/1041/730 1438/1053/742 1437/1052/741 1425/1040/729
f 1427/1042/731 1439/1054/743 1438/1053/742 1426/1041/730
f 1428/1043/732 1440/1055/744 1439/1054/743 1427/1042/731
f 1429/1044/733 1441/1056/745 1440/1055/744 1428/1043/732
f 1430/1045/734 1442/1057/746 1441/1056/745 1429/1044/733
f 1432/1046/735 1444/1058/747 1443/1059/748 1431/1047/736
f 1433/1048/737 1445/1060/749 1444/1058/747 1432/1046/735
f 1434/1049/738 1446/1061/750 1445/1060/749 1433/1048/737
f 1435/1050/739 1447/1062/751 1446/1061/750 1434/1049/738
f 1436/1051/740 1448/1063/752 1447/1062/751 1435/1050/739
f 1437/1052/741 1449/1064/753 1448/1063/752 1436/1051/740
f 1438/1053/742 1450/1065/754 1449/1064/753 1437/1052/741
f 1439/1054/743 1451/1066/755 1450/1065/754 1438/1053/742
f 1440/1055/744 1452/1067/756 1451/1066/755 1439/1054/743
f 1441/1056/745 1453/1068/757 1452/1067/756 1440/1055/744
f 1442/1057/746 1454/1069/758 1453/1068/757 1441/1056/745
f 1444/1058/747 1456/1070/759 1455/1071/760 1443/1059/748
f 1445/1060/749 1457/1072/761 1456/1070/759 1444/1058/747
f 1446/1061/750 1458/1073/762 1457/1072/761 1445/1060/749
f 1447/1062/751 1459/1074/763 1458/1073/762 1446/1061/750
f 1448/1063/752 1460/1075/764 1459/1074/763 1447/1062/751
f 1449/1064/753 1461/1076/765 1460/1075/764 1448/1063/752
f 1450/1065/754 1462/1077/766 1461/1076/765 1449/1064/753
f 1451/1066/755 1463/1078/767 1462/1077/766 1450/1065/754
f 1452/1067/756 1464/1079/768 1463/1078/767 1451/1066/755
f 1453/1068/757 1465/1080/769 1464/1079/768 1452/1067/756
f 1454/1069/758 1466/1081/770 1465/1080/769 1453/1068/757
f 1456/1070/759 1468/1082/771 1467/1083/772 1455/1071/760
f 1457/1072/761 1469/1084/773 1468/1082/771 1456/1070/759
f 1458/1073/762 1470/1085/774 1469/1084/773 1457/1072/761
f 1459/1074/763 1471/1086/775 1470/1085/774 1458/1073/762
f 1460/1075/764 1472/1087/776 1471/1086/775 1459/1074/763
f 1461/1076/765 1473/1088/777 1472/1087/776 1460/1075/764
f 1462/1077/766 1474/1089/778 1473/1088/777 1461/1076/765
f 1463/1078/767 1475/1090/779 1474/1089/778 1462/1077/766
f 1464/1079/768 1476/1091/780 1475/1090/779 1463/1078/767
f 1465/1080/769 1477/1092/781 1476/1091/780 1464/1079/768
f 1466/1081/770 1478/1093/782 1477/1092/781 1465/1080/769
f 1468/1082/771 1480/1094/783 1479/1095/784 1467/1083/772
f 1469/1084/773 1481/1096/785 1480/1094/783 1468/1082/771
f 1470/1085/774 1482/1097/786 1481/1096/785 1469/1084/773
f 1471/1086/775 1483/1098/787 1482/1097/786 1470/1085/774
f 1472/1087/776 1484/1099/788 1483/1098/787 1471/1086/775
f 1473/1088/777 1485/1100/789 1484/1099/788 1472/1087/776
f 1474/1089/778 1486/1101/790 1485/1100/789 1473/1088/777
f 1475/1090/779 1487/1102/791 1486/1101/790 1474/1089/778
f 1476/1091/780 1488/1103/792 1487/1102/791 1475/1090/779
f 1477/1092/781 1489/1104/793 1488/1103/792 1476/1091/780
f 1478/1093/782 1490/1105/794 1489/1104/793 1477/1092/781
f 1480/1094/783 1492/1106/795 1491/1107/796 1479/1095/784
f 1481/1096/785 1493/1108/797 1492/1106/795 1480/1094/783
f 1482/1097/786 1494/1109/798 1493/1108/797 1481/1096/785
f 1483/1098/787 1495/1110/799 1494/1109/798 1482/1097/786
f 1484/1099/788 1496/1111/800 1495/1110/799 1483/1098/787
f 1485/1100/789 1497/1112/801 1496/1111/800 1484/1099/788
f 1486/1101/790 1498/1113/802 1497/1112/801 1485/1100/789
f 1487/1102/791 1499/1114/803 1498/1113/802 1486/1101/790
f 1488/1103/792 1500/1115/804 1499/1114/803 1487/1102/791
f 1489/1104/793 1501/1116/805 1500/1115/804 1488/1103/792
f 1490/1105/794 1502/1117/806 1501/1116/805 1489/1104/793
f 1492/1106/795 1504/1118/807 1503/1119/808 1491/1107/796
f 1493/1108/797 1505/1120/809 1504/1118/807 1492/1106/795
f 1494/1109/798 1506/1121/810 1505/1120/809 1493/1108/797
f 1495/1110/799 1507/1122/811 1506/1121/810 1494/1109/798
f 1496/1111/800 1508/1123/812 1507/1122/811 1495/1110/799
f 1497/1112/801 1509/1124/813 1508/1123/812 1496/1111/800
f 1498/1113/802 1510/1125/814 1509/1124/813 1497/1112/801
f 1499/1114/803 1511/1126/815 1510/1125/814 1498/1113/802
f 1500/1115/804 1512/1127/816 1511/1126/815 1499/1114/803
f 1501/1116/805 1513/1128/817 1512/1127/816 1500/1115/804
f 1502/1117/806 1514/1129/818 1513/1128/817 1501/1116/805
f 1504/1118/807 1516/1130/819 1515/50/820 1503/1119/808
f 1505/1120/809 1517/1131/821 1516/1130/819 1504/1118/807
f 1506/1121/810 1518/1132/822 1517/1131/821 1505/1120/809
f 1507/1122/811 1519/1133/823 1518/1132/822 1506/1121/810
f 1508/1123/812 1520/1134/824 1519/1133/823 1507/1122/811
f 1509/1124/813 1521/1135/825 1520/1134/824 1508/1123/812
f 1510/1125/814 1522/1136/826 1521/1135/825 1509/1124/813
f 1511/1126/815 1523/1137/827 1522/1136/826 1510/1125/814
f 1512/1127/816 1524/1138/828 1523/1137/827 1511/1126/815
f 1513/1128/817 1525/1139/829 1524/1138/828 1512/1127/816
f 1514/1129/818 1526/1140/830 1525/1139/829 1513/1128/817
f 1516/1130/819 1528/1141/831 1527/1142/832 1515/50/820
f 1517/1131/821 1529/1143/833 1528/1141/831 1516/1130/819
f 1518/1132/822 1530/1144/834 1529/1143/833 1517/1131/821
f 1519/1133/823 1531/1145/835 1530/1144/834 1518/1132/822
f 1520/1134/824 1532/1146/836 1531/1145/835 1519/1133/823
f 1521/1135/825 1533/1147/837 1532/1146/836 1520/1134/824
f 1522/1136/826 1534/1148/838 1533/1147/837 1521/1135/825
f 1523/1137/827 1535/1149/839 1534/1148/838 1522/1136/826
f 1524/1138/828 1536/1150/840 1535/1149/839 1523/1137/827
f 1525/1139/829 1537/1151/841 1536/1150/840 1524/1138/828
f 1526/1140/830 1538/1152/842 1537/1151/841 1525/1139/829
f 1528/1141/831 1540/1153/843 1539/1154/844 1527/1142/832
f 1529/1143/833 1541/1155/845 1540/1153/843 1528/1141/831
f 1530/1144/834 1542/1156/846 1541/1155/845 1529/1143/833
f 1531/1145/835 1543/1157/847 1542/1156/846 1530/1144/834
f 1532/1146/836 1544/1158/848 1543/1157/847 1531/1145/835
f 1533/1147/837 1545/1159/849 1544/1158/848 1532/1146/836
f 1534/1148/838 1546/1160/850 1545/1159/849 1533/1147/837
f 1535/1149/839 1547/1161/851 1546/1160/850 1534/1148/838
f 1536/1150/840 1548/1162/852 1547/1161/851 1535/1149/839
f 1537/1151/841 1549/1163/853 1548/1162/852 1536/1150/840
f 1538/1152/842 1550/1164/854 1549/1163/853 1537/1151/841
f 1540/1153/843 1552/1165/855 1551/1166/856 1539/1154/844
f 1541/1155/845 1553/1167/857 1552/1165/855 1540/1153/843
f 1542/1156/846 1554/1168/858 1553/1167/857 1541/1155/845
f 1543/1157/847 1555/1169/859 1554/1168/858 1542/1156/846
f 1544/1158/848 1556/1170/860 1555/1169/859 1543/1157/847
f 1545/1159/849 1557/1171/861 1556/1170/860 1544/1158/848
f 1546/1160/850 1558/1172/862 1557/1171/861 1545/1159/849
f 1547/1161/851 1559/1173/863 1558/1172/862 1546/1160/850
f 1548/1162/852 1560/1174/864 1559/1173/863 1547/1161/851
f 1549/1163/853 1561/1175/865 1560/1174/864 1548/1162/852
f 1550/1164/854 1562/1176/866 1561/1175/865 1549/1163/853
f 1552/1165/855 1564/1177/867 1563/1178/868 1551/1166/856
f 1553/1167/857 1565/1179/869 1564/1177/867 1552/1165/855
f 1554/1168/858 1566/1180/870 1565/1179/869 1553/1167/857
f 1555/1169/859 1567/1181/871 1566/1180/870 1554/1168/858
f 1556/1170/860 1568/1182/872 1567/1181/871 1555/1169/859
f 1557/1171/861 1569/1183/873 1568/1182/872 1556/1170/860
f 1558/1172/862 1570/1184/874 1569/1183/873 1557/1171/861
f 1559/1173/863 1571/1185/875 1570/1184/874 1558/1172/862
f 1560/1174/864 1572/1186/876 1571/1185/875 1559/1173/863
f 1561/1175/865 1573/1187/877 1572/1186/876 1560/1174/864
f 1562/1176/866 1574/1188/878 1573/1187/877 1561/1175/865
f 1564/1177/867 1576/1189/879 1575/1190/880 1563/1178/868
f 1565/1179/869 1577/1191/881 1576/1189/879 1564/1177/867
f 1566/1180/870 1578/1192/882 1577/1191/881 1565/1179/869
f 1567/1181/871 1579/1193/883 1578/1192/882 1566/1180/870
f 1568/1182/872 1580/1194/884 1579/1193/883 1567/1181/871
f 1569/1183/873 1581/1195/885 1580/1194/884 1568/1182/872
f 1570/1184/874 1582/1196/886 1581/1195/885 1569/1183/873
f 1571/1185/875 1583/1197/887 1582/1196/886 1570/1184/874
f 1572/1186/876 1584/1198/888 1583/1197/887 1571/1185/875
f 1573/1187/877 1585/1199/889 1584/1198/888 1572/1186/876
f 1574/1188/878 1586/1200/890 1585/1199/889 1573/1187/877
f 1576/1189/879 1588/1201/891 1587/1202/892 1575/1190/880
f 1577/1191/881 1589/1203/893 1588/1201/891 1576/1189/879
f 1578/1192/882 1590/1204/894 1589/1203/893 1577/1191/881
f 1579/1193/883 1591/1205/895 1590/1204/894 1578/1192/882
f 1580/1194/884 1592/1206/896 1591/1205/895 1579/1193/883
f 1581/1195/885 1593/1207/897 1592/1206/896 1580/1194/884
f 1582/1196/886 1594/1208/898 1593/1207/897 1581/1195/885
f 1583/1197/887 1595/1209/899 1594/1208/898 1582/1196/886
f 1584/1198/888 1596/1210/900 1595/1209/899 1583/1197/887
f 1585/1199/889 1597/1211/901 1596/1210/900 1584/1198/888
f 1586/1200/890 1598/1212/902 1597/1211/901 1585/1199/889
f 1588/1201/891 1600/1213/903 1599/1214/904 1587/1202/892
f 1589/1203/893 1601/1215/905 1600/1213/903 1588/1201/891
f 1590/1204/894 1602/1216/906 1601/1215/905 1589/1203/893
f 1591/1205/895 1603/1217/907 1602/1216/906 1590/1204/894
f 1592/1206/896 1604/1218/908 1603/1217/907 1591/1205/895
f 1593/1207/897 1605/1219/909 1604/1218/908 1592/1206/896
f 1594/1208/898 1606/1220/910 1605/1219/909 1593/1207/897
f 1595/1209/899 1607/1221/911 1606/1220/910 1594/1208/898
f 1596/1210/900 1608/1222/912 1607/1221/911 1595/1209/899
f 1597/1211/901 1609/1223/913 1608/1222/912 1596/1210/900
f 1598/1212/902 1610/1224/914 1609/1223/913 1597/1211/901
f 1600/1213/903 1612/1225/915 1611/1226/916 1599/1214/904
f 1601/1215/905 1613/1227/917 1612/1225/915 1600/1213/903
f 1602/1216/906 1614/1228/918 1613/1227/917 1601/1215/905
f 1603/1217/907 1615/1229/919 1614/1228/918 1602/1216/906
f 1604/1218/908 1616/1230/920 1615/1229/919 1603/1217/907
f 1605/1219/909 1617/1231/921 1616/1230/920 1604/1218/908
f 1606/1220/910 1618/1232/922 1617/1231/921 1605/1219/909
f 1607/1221/911 1619/1233/923 1618/1232/922 1606/1220/910
f 1608/1222/912 1620/1234/924 1619/1233/923 1607/1221/911
f 1609/1223/913 1621/1235/925 1620/1234/924 1608/1222/912
f 1610/1224/914 1622/1236/926 1621/1235/925 1609/1223/913
f 1612/1225/915 1624/1237/927 1623/1238/928 1611/1226/916
f 1613/1227/917 1625/1239/929 1624/1237/927 1612/1225/915
f 1614/1228/918 1626/1240/930 1625/1239/929 1613/1227/917
f 1615/1229/919 1627/1241/931 1626/1240/930 1614/1228/918
f 1616/1230/920 1628/1242/932 1627/1241/931 1615/1229/919
f 1617/1231/921 1629/1243/933 1628/1242/932 1616/1230/920
f 1618/1232/922 1630/1244/934 1629/1243/933 1617/1231/921
f 1619/1233/923 1631/1245/935 1630/1244/934 1618/1232/922
f 1620/1234/924 1632/1246/936 1631/1245/935 1619/1233/923
f 1621/1235/925 1633/1247/937 1632/1246/936 1620/1234/924
f 1622/1236/926 1634/1248/938 1633/1247/937 1621/1235/925
f 1624/1237/927 1636/1249/939 1635/1250/940 1623/1238/928
f 1625/1239/929 1637/1251/941 1636/1249/939 1624/1237/927
f 1626/1240/930 1638/1252/942 1637/1251/941 1625/1239/929
f 1627/1241/931 1639/1253/943 1638/1252/942 1626/1240/930
f 1628/1242/932 1640/1254/944 1639/1253/943 1627/1241/931
f 1629/1243/933 1641/1255/945 1640/1254/944 1628/1242/932
f 1630/1244/934 1642/1256/946 1641/1255/945 1629/1243/933
f 1631/1245/935 1643/1257/947 1642/1256/946 1630/1244/934
f 1632/1246/936 1644/1258/948 1643/1257/947 1631/1245/935
f 1633/1247/937 1645/1259/949 1644/1258/948 1632/1246/936
f 1634/1248/938 1646/1260/950 1645/1259/949 1633/1247/937
f 1636/1249/939 1648/1261/951 1647/1262/952 1635/1250/940
f 1637/1251/941 1649/1263/953 1648/1261/951 1636/1249/939
f 1638/1252/942 1650/1264/954 1649/1263/953 1637/1251/941
f 1639/1253/943 1651/1265/955 1650/1264/954 1638/1252/942
f 1640/1254/944 1652/1266/956 1651/1265/955 1639/1253/943
f 1641/1255/945 1653/1267/957 1652/1266/956 1640/1254/944
f 1642/1256/946 1654/1268/958 1653/1267/957 1641/1255/945
f 1643/1257/947 1655/1269/959 1654/1268/958 1642/1256/946
f 1644/1258/948 1656/1270/960 1655/1269/959 1643/1257/947
f 1645/1259/949 1657/1271/961 1656/1270/960 1644/1258/948
f 1646/1260/950 1658/1272/962 1657/1271/961 1645/1259/949
f 1648/1261/951 1660/1273/963 1659/1274/964 1647/1262/952
f 1649/1263/953 1661/1275/965 1660/1273/963 1648/1261/951
f 1650/1264/954 1662/1276/966 1661/1275/965 1649/1263/953
f 1651/1265/955 1663/1277/967 1662/1276/966 1650/1264/954
f 1652/1266/956 1664/1278/968 1663/1277/967 1651/1265/955
f 1653/1267/957 1665/1279/969 1664/1278/968 1652/1266/956
f 1654/1268/958 1666/1280/970 1665/1279/969 1653/1267/957
f 1655/1269/959 1667/1281/971 1666/1280/970 1654/1268/958
f 1656/1270/960 1668/1282/972 1667/1281/971 1655/1269/959
f 1657/1271/961 1669/1283/973 1668/1282/972 1656/1270/960
f 1658/1272/962 1670/1284/974 1669/1283/973 1657/1271/961
f 1660/1273/963 1672/1285/975 1671/1286/976 1659/1274/964
f 1661/1275/965 1673/1287/977 1672/1285/975 1660/1273/963
f 1662/1276/966 1674/1288/978 1673/1287/977 1661/1275/965
f 1663/1277/967 1675/1289/979 1674/1288/978 1662/1276/966
f 1664/1278/968 1676/1290/980 1675/1289/979 1663/1277/967
f 1665/1279/969 1677/1291/981 1676/1290/980 1664/1278/968
f 1666/1280/970 1678/1292/982 1677/1291/981 1665/1279/969
f 1667/1281/971 1679/1293/983 1678/1292/982 1666/1280/970
f 1668/1282/972 1680/1294/984 1679/1293/983 1667/1281/971
f 1669/1283/973 1681/1295/985 1680/1294/984 1668/1282/972
f 1670/1284/974 1682/1296/986 1681/1295/985 1669/1283/973
f 1672/1285/975 1684/1297/987 1683/1298/988 1671/1286/976
f 1673/1287/977 1685/1299/989 1684/1297/987 1672/1285/975
f 1674/1288/978 1686/1300/990 1685/1299/989 1673/1287/977
f 1675/1289/979 1687/1301/991 1686/1300/990 1674/1288/978
f 1676/1290/980 1688/1302/992 1687/1301/991 1675/1289/979
f 1677/1291/981 1689/1303/993 1688/1302/992 1676/1290/980
f 1678/1292/982 1690/1304/994 1689/1303/993 1677/1291/981
f 1679/1293/983 1691/1305/995 1690/1304/994 1678/1292/982
f 1680/1294/984 1692/1306/996 1691/1305/995 1679/1293/983
f 1681/1295/985 1693/1307/997 1692/1306/996 1680/1294/984
f 1682/1296/986 1694/1308/998 1693/1307/997 1681/1295/985
f 1684/1297/987 1696/1309/999 1695/1310/1000 1683/1298/988
f 1685/1299/989 1697/1311/1001 1696/1309/999 1684/1297/987
f 1686/1300/990 1698/1312/1002 1697/1311/1001 1685/1299/989
f 1687/1301/991 1699/1313/1003 1698/1312/1002 1686/1300/990
f 1688/1302/992 1700/1314/1004 1699/1313/1003 1687/1301/991
f 1689/1303/993 1701/1315/1005 1700/1314/1004 1688/1302/992
f 1690/1304/994 1702/1316/1006 1701/1315/1005 1689/1303/993
f 1691/1305/995 1703/1317/1007 1702/1316/1006 1690/1304/994
f 1692/1306/996 1704/1318/1008 1703/1317/1007 1691/1305/995
f 1693/1307/997 1705/1319/1009 1704/1318/1008 1692/1306/996
f 1694/1308/998 1706/1320/1010 1705/1319/1009 1693/1307/997
f 1696/1309/999 1708/1321/1011 1707/1322/1012 1695/1310/1000
f 1697/1311/1001 1709/1323/1013 1708/1321/1011 1696/1309/999
f 1698/1312/1002 1710/1324/1014 1709/1323/1013 1697/1311/1001
f 1699/1313/1003 1711/1325/1015 1710/1324/1014 1698/1312/1002
f 1700/1314/1004 1712/1326/1016 1711/1325/1015 1699/1313/1003
f 1701/1315/1005 1713/1327/1017 1712/1326/1016 1700/1314/1004
f 1702/1316/1006 1714/1328/1018 1713/1327/1017 1701/1315/1005
f 1703/1317/1007 1715/1329/1019 1714/1328/1018 1702/1316/1006
f 1704/1318/1008 1716/1330/1020 1715/1329/1019 1703/1317/1007
f 1705/1319/1009 1717/1331/1021 1716/1330/1020 1704/1318/1008
f 1706/1320/1010 1718/1332/1022 1717/1331/1021 1705/1319/1009
f 1708/1321/1011 1720/1333/1023 1719/107/1024 1707/1322/1012
f 1709/1323/1013 1721/1334/1025 1720/1333/1023 1708/1321/1011
f 1710/1324/1014 1722/1335/1026 1721/1334/1025 1709/1323/1013
f 1711/1325/1015 1723/1336/1027 1722/1335/1026 1710/1324/1014
f 1712/1326/1016 1724/1337/1028 1723/1336/1027 1711/1325/1015
f 1713/1327/1017 1725/1338/1029 1724/1337/1028 1712/1326/1016
f 1714/1328/1018 1726/1339/1030 1725/1338/1029 1713/1327/1017
f 1715/1329/1019 1727/1340/1031 1726/1339/1030 1714/1328/1018
f 1716/1330/1020 1728/1341/1032 1727/1340/1031 1715/1329/1019
f 1717/1331/1021 1729/1342/1033 1728/1341/1032 1716/1330/1020
f 1718/1332/1022 1730/1343/1034 1729/1342/1033 1717/1331/1021
f 1720/1333/1023 1732/1344/1035 1731/1345/1036 1719/107/1024
f 1721/1334/1025 1733/1346/1037 1732/1344/1035 1720/1333/1023
f 1722/1335/1026 1734/1347/1038 1733/1346/1037 1721/1334/1025
f 1723/1336/1027 1735/1348/1039 1734/1347/1038 1722/1335/1026
f 1724/1337/1028 1736/1349/1040 1735/1348/1039 1723/1336/1027
f 1725/1338/1029 1737/1350/1041 1736/1349/1040 1724/1337/1028
f 1726/1339/1030 1738/1351/1042 1737/1350/1041 1725/1338/1029
f 1727/1340/1031 1739/1352/1043 1738/1351/1042 1726/1339/1030
f 1728/1341/1032 1740/1353/1044 1739/1352/1043 1727/1340/1031
f 1729/1342/1033 1741/1354/1045 1740/1353/1044 1728/1341/1032
f 1730/1343/1034 1742/1355/1046 1741/1354/1045 1729/1342/1033
f 1732/1344/1035 1744/1356/1047 1743/1357/1048 1731/1345/1036
f 1733/1346/1037 1745/1358/1049 1744/1356/1047 1732/1344/1035
f 1734/1347/1038 1746/1359/1050 1745/1358/1049 1733/1346/1037
f 1735/1348/1039 1747/1360/1051 1746/1359/1050 1734/1347/1038
f 1736/1349/1040 1748/1361/1052 1747/1360/1051 1735/1348/1039
f 1737/1350/1041 1749/1362/1053 1748/1361/1052 1736/1349/1040
f 1738/1351/1042 1750/1363/1054 1749/1362/1053 1737/1350/1041
f 1739/1352/1043 1751/1364/1055 1750/1363/1054 1738/1351/1042
f 1740/1353/1044 1752/1365/1056 1751/1364/1055 1739/1352/1043
f 1741/1354/1045 1753/1366/1057 1752/1365/1056 1740/1353/1044
f 1742/1355/1046 1754/1367/1058 1753/1366/1057 1741/1354/1045
f 1744/1356/1047 1756/1368/1059 1755/1369/1060 1743/1357/1048
f 1745/1358/1049 1757/1370/1061 1756/1368/1059 1744/1356/1047
f 1746/1359/1050 1758/1371/1062 1757/1370/1061 1745/1358/1049
f 1747/1360/1051 1759/1372/1063 1758/1371/1062 1746/1359/1050
f 1748/1361/1052 1760/1373/1064 1759/1372/1063 1747/1360/1051
f 1749/1362/1053 1761/1374/1065 1760/1373/1064 1748/1361/1052
f 1750/1363/1054 1762/1375/1066 1761/1374/1065 1749/1362/1053
f 1751/1364/1055 1763/1376/1067 1762/1375/1066 1750/1363/1054
f 1752/1365/1056 1764/1377/1068 1763/1376/1067 1751/1364/1055
f 1753/1366/1057 1765/1378/1069 1764/1377/1068 1752/1365/1056
f 1754/1367/1058 1766/1379/1070 1765/1378/1069 1753/1366/1057
f 1756/1368/1059 1768/1380/1071 1767/1381/1072 1755/1369/1060
f 1757/1370/1061 1769/1382/1073 1768/1380/1071 1756/1368/1059
f 1758/1371/1062 1770/1383/1074 1769/1382/1073 1757/1370/1061
f 1759/1372/1063 1771/1384/1075 1770/1383/1074 1758/1371/1062
f 1760/1373/1064 1772/1385/1076 1771/1384/1075 1759/1372/1063
f 1761/1374/1065 1773/1386/1077 1772/1385/1076 1760/1373/1064
f 1762/1375/1066 1774/1387/1078 1773/1386/1077 1761/1374/1065
f 1763/1376/1067 1775/1388/1079 1774/1387/1078 1762/1375/1066
f 1764/1377/1068 1776/1389/1080 1775/1388/1079 1763/1376/1067
f 1765/1378/1069 1777/1390/1081 1776/1389/1080 1764/1377/1068
f 1766/1379/1070 1778/1391/1082 1777/1390/1081 1765/1378/1069
f 1768/1380/1071 1780/1392/1083 1779/1393/1084 1767/1381/1072
f 1769/1382/1073 1781/1394/1085 1780/1392/1083 1768/1380/1071
f 1770/1383/1074 1782/1395/1086 1781/1394/1085 1769/1382/1073
f 1771/1384/1075 1783/1396/1087 1782/1395/1086 1770/1383/1074
f 1772/1385/1076 1784/1397/1088 1783/1396/1087 1771/1384/1075
f 1773/1386/1077 1785/1398/1089 1784/1397/1088 1772/1385/1076
f 1774/1387/1078 1786/1399/1090 1785/1398/1089 1773/1386/1077
f 1775/1388/1079 1787/1400/1091 1786/1399/1090 1774/1387/1078
f 1776/1389/1080 1788/1401/1092 1787/1400/1091 1775/1388/1079
f 1777/1390/1081 1789/1402/1093 1788/1401/1092 1776/1389/1080
f 1778/1391/1082 1790/1403/1094 1789/1402/1093 1777/1390/1081
f 1780/1392/1083 1792/1404/1095 1791/1405/1096 1779/1393/1084
f 1781/1394/1085 1793/1406/1097 1792/1404/1095 1780/1392/1083
f 1782/1395/1086 1794/1407/1098 1793/1406/1097 1781/1394/1085
f 1783/1396/1087 1795/1408/1099 1794/1407/1098 1782/1395/1086
f 1784/1397/1088 1796/1409/1100 1795/1408/1099 1783/1396/1087
f 1785/1398/1089 1797/1410/1101 1796/1409/1100 1784/1397/1088
f 1786/1399/1090 1798/1411/1102 1797/1410/1101 1785/1398/1089
f 1787/1400/1091 1799/1412/1103 1798/1411/1102 1786/1399/1090
f 1788/1401/1092 1800/1413/1104 1799/1412/1103 1787/1400/1091
f 1789/1402/1093 1801/1414/1105 1800/1413/1104 1788/1401/1092
f 1790/1403/1094 1802/1415/1106 1801/1414/1105 1789/1402/1093
f 1792/1404/1095 1804/1416/1107 1803/1417/1108 1791/1405/1096
f 1793/1406/1097 1805/1418/1109 1804/1416/1107 1792/1404/1095
f 1794/1407/1098 1806/1419/1110 1805/1418/1109 1793/1406/1097
f 1795/1408/1099 1807/1420/1111 1806/1419/1110 1794/1407/1098
f 1796/1409/1100 1808/1421/1112 1807/1420/1111 1795/1408/1099
f 1797/1410/1101 1809/1422/1113 1808/1421/1112 1796/1409/1100
f 1798/1411/1102 1810/1423/1114 1809/1422/1113 1797/1410/1101
f 1799/1412/1103 1811/1424/1115 1810/1423/1114 1798/1411/1102
f 1800/1413/1104 1812/1425/1116 1811/1424/1115 1799/1412/1103
f 1801/1414/1105 1813/1426/1117 1812/1425/1116 1800/1413/1104
f 1802/1415/1106 1814/1427/1118 1813/1426/1117 1801/1414/1105
f 1804/1416/1107 1816/1428/1119 1815/1429/1120 1803/1417/1108
f 1805/1418/1109 1817/1430/1121 1816/1428/1119 1804/1416/1107
f 1806/1419/1110 1818/1431/1122 1817/1430/1121 1805/1418/1109
f 1807/1420/1111 1819/1432/1123 1818/1431/1122 1806/1419/1110
f 1808/1421/1112 1820/1433/1124 1819/1432/1123 1807/1420/1111
f 1809/1422/1113 1821/1434/1125 1820/1433/1124 1808/1421/1112
f 1810/1423/1114 1822/1435/1126 1821/1434/1125 1809/1422/1113
f 1811/1424/1115 1823/1436/1127 1822/1435/1126 1810/1423/1114
f 1812/1425/1116 1824/1437/1128 1823/1436/1127 1811/1424/1115
f 1813/1426/1117 1825/1438/1129 1824/1437/1128 1812/1425/1116
f 1814/1427/1118 1826/1439/1130 1825/1438/1129 1813/1426/1117
f 1816/1428/1119 1828/1440/1131 1827/1441/1132 1815/1429/1120
f 1817/1430/1121 1829/1442/1133 1828/1440/1131 1816/1428/1119
f 1818/1431/1122 1830/1443/1134 1829/1442/1133 1817/1430/1121
f 1819/1432/1123 1831/1444/1135 1830/1443/1134 1818/1431/1122
f 1820/1433/1124 1832/1445/1136 1831/1444/1135 1819/1432/1123
f 1821/1434/1125 1833/1446/1137 1832/1445/1136 1820/1433/1124
f 1822/1435/1126 1834/1447/1138 1833/1446/1137 1821/1434/1125
f 1823/1436/1127 1835/1448/1139 1834/1447/1138 1822/1435/1126
f 1824/1437/1128 1836/1449/1140 1835/1448/1139 1823/1436/1127
f 1825/1438/1129 1837/1450/1141 1836/1449/1140 1824/1437/1128
f 1826/1439/1130 1838/1451/1142 1837/1450/1141 1825/1438/1129
f 1828/1440/1131 1840/1452/1143 1839/1453/1144 1827/1441/1132
f 1829/1442/1133 1841/1454/1145 1840/1452/1143 1828/1440/1131
f 1830/1443/1134 1842/1455/1146 1841/1454/1145 1829/1442/1133
f 1831/1444/1135 1843/1456/1147 1842/1455/1146 1830/1443/1134
f 1832/1445/1136 1844/1457/1148 1843/1456/1147 1831/1444/1135
f 1833/1446/1137 1845/1458/1149 1844/1457/1148 1832/1445/1136
f 1834/1447/1138 1846/1459/1150 1845/1458/1149 1833/1446/1137
f 1835/1448/1139 1847/1460/1151 1846/1459/1150 1834/1447/1138
f 1836/1449/1140 1848/1461/1152 1847/1460/1151 1835/1448/1139
f 1837/1450/1141 1849/1462/1153 1848/1461/1152 1836/1449/1140
f 1838/1451/1142 1850/1463/1154 1849/1462/1153 1837/1450/1141
f 1840/1452/1143 1852/1464/1155 1851/1465/1156 1839/1453/1144
f 1841/1454/1145 1853/1466/1157 1852/1464/1155 1840/1452/1143
f 1842/1455/1146 1854/1467/1158 1853/1466/1157 1841/1454/1145
f 1843/1456/1147 1855/1468/1159 1854/1467/1158 1842/1455/1146
f 1844/1457/1148 1856/1469/1160 1855/1468/1159 1843/1456/1147
f 1845/1458/1149 1857/1470/1161 1856/1469/1160 1844/1457/1148
f 1846/1459/1150 1858/1471/1162 1857/1470/1161 1845/1458/1149
f 1847/1460/1151 1859/1472/1163 1858/1471/1162 1846/1459/1150
f 1848/1461/1152 1860/1473/1164 1859/1472/1163 1847/1460/1151
f 1849/1462/1153 1861/1474/1165 1860/1473/1164 1848/1461/1152
f 1850/1463/1154 1862/1475/1166 1861/1474/1165 1849/1462/1153
f 1852/1464/1155 1864/1476/1167 1863/1477/1168 1851/1465/1156
f 1853/1466/1157 1865/1478/1169 1864/1476/1167 1852/1464/1155
f 1854/1467/1158 1866/1479/1170 1865/1478/1169 1853/1466/1157
f 1855/1468/1159 1867/1480/1171 1866/1479/1170 1854/1467/1158
f 1856/1469/1160 1868/1481/1172 1867/1480/1171 1855/1468/1159
f 1857/1470/1161 1869/1482/1173 1868/1481/1172 1856/1469/1160
f 1858/1471/1162 1870/1483/1174 1869/1482/1173 1857/1470/1161
f 1859/1472/1163 1871/1484/1175 1870/1483/1174 1858/1471/1162
f 1860/1473/1164 1872/1485/1176 1871/1484/1175 1859/1472/1163
f 1861/1474/1165 1873/1486/1177 1872/1485/1176 1860/1473/1164
f 1862/1475/1166 1874/1487/1178 1873/1486/1177 1861/1474/1165
f 1864/1476/1167 1876/1488/1179 1875/1489/1168 1863/1477/1168
f 1865/1478/1169 1877/1490/1180 1876/1488/1179 1864/1476/1167
f 1866/1479/1170 1878/1491/1181 1877/1490/1180 1865/1478/1169
f 1867/1480/1171 1879/1492/1182 1878/1491/1181 1866/1479/1170
f 1868/1481/1172 1880/1493/1183 1879/1492/1182 1867/1480/1171
f 1869/1482/1173 1881/1494/1184 1880/1493/1183 1868/1481/1172
f 1870/1483/1174 1882/1495/1185 1881/1494/1184 1869/1482/1173
f 1871/1484/1175 1883/1496/1186 1882/1495/1185 1870/1483/1174
f 1872/1485/1176 1884/1497/1187 1883/1496/1186 1871/1484/1175
f 1873/1486/1177 1885/1498/1188 1884/1497/1187 1872/1485/1176
f 1874/1487/1178 1886/1499/1178 1885/1498/1188 1873/1486/1177
f 1876/1488/1179 1888/1500/1189 1887/1501/1190 1875/1489/1168
f 1877/1490/1180 1889/1502/1191 1888/1500/1189 1876/1488/1179
f 1878/1491/1181 1890/1503/1192 1889/1502/1191 1877/1490/1180
f 1879/1492/1182 1891/1504/1193 1890/1503/1192 1878/1491/1181
f 1880/1493/1183 1892/1505/1194 1891/1504/1193 1879/1492/1182
f 1881/1494/1184 1893/1506/1195 1892/1505/1194 1880/1493/1183
f 1882/1495/1185 1894/1507/1196 1893/1506/1195 1881/1494/1184
f 1883/1496/1186 1895/1508/1197 1894/1507/1196 1882/1495/1185
f 1884/1497/1187 1896/1509/1198 1895/1508/1197 1883/1496/1186
f 1885/1498/1188 1897/1510/1199 1896/1509/1198 1884/1497/1187
f 1886/1499/1178 1898/1511/1200 1897/1510/1199 1885/1498/1188
f 1888/1500/1189 1900/1512/1201 1899/1513/1202 1887/1501/1190
f 1889/1502/1191 1901/1514/1203 1900/1512/1201 1888/1500/1189
f 1890/1503/1192 1902/1515/1204 1901/1514/1203 1889/1502/1191
f 1891/1504/1193 1903/1516/1205 1902/1515/1204 1890/1503/1192
f 1892/1505/1194 1904/1517/1206 1903/1516/1205 1891/1504/1193
f 1893/1506/1195 1905/1518/1207 1904/1517/1206 1892/1505/1194
f 1894/1507/1196 1906/1519/1208 1905/1518/1207 1893/1506/1195
f 1895/1508/1197 1907/1520/1209 1906/1519/1208 1894/1507/1196
f 1896/1509/1198 1908/1521/1210 1907/1520/1209 1895/1508/1197
f 1897/1510/1199 1909/1522/1211 1908/1521/1210 1896/1509/1198
f 1898/1511/1200 1910/1523/1212 1909/1522/1211 1897/1510/1199
f 1900/1512/1201 1912/1524/1213 1911/1525/1214 1899/1513/1202
f 1901/1514/1203 1913/1526/1215 1912/1524/1213 1900/1512/1201
f 1902/1515/1204 1914/1527/1216 1913/1526/1215 1901/1514/1203
f 1903/1516/1205 1915/1528/1217 1914/1527/1216 1902/1515/1204
f 1904/1517/1206 1916/1529/1218 1915/1528/1217 1903/1516/1205
f 1905/1518/1207 1917/1530/1219 1916/1529/1218 1904/1517/1206
f 1906/1519/1208 1918/1531/1220 1917/1530/1219 1905/1518/1207
f 1907/1520/1209 1919/1532/1221 1918/1531/1220 1906/1519/1208
f 1908/1521/1210 1920/1533/1222 1919/1532/1221 1907/1520/1209
f 1909/1522/1211 1921/1534/1223 1920/1533/1222 1908/1521/1210
f 1910/1523/1212 1922/1535/1224 1921/1534/1223 1909/1522/1211
f 1912/1524/1213 700/1536/3 699/14/6 1911/1525/1214
f 1913/1526/1215 701/1537/7 700/1536/3 1912/1524/1213
f 1914/1527/1216 702/1538/9 701/1537/7 1913/1526/1215
f 1915/1528/1217 703/1539/11 702/1538/9 1914/1527/1216
f 1916/1529/1218 704/1540/13 703/1539/11 1915/1528/1217
f 1917/1530/1219 705/1541/15 704/1540/13 1916/1529/1218
f 1918/1531/1220 706/1542/17 705/1541/15 1917/1530/1219
f 1919/1532/1221 707/1543/19 706/1542/17 1918/1531/1220
f 1920/1533/1222 708/1544/21 707/1543/19 1919/1532/1221
f 1921/1534/1223 709/1545/23 708/1544/21 1920/1533/1222
f 1922/1535/1224 710/1546/25 709/1545/23 1921/1534/1223
f 1924/318/1225 1936/1547/1226 1935/1548/1227 1923/5/1227
f 1925/321/1228 1937/1549/1229 1936/1547/1226 1924/318/1225
f 1926/323/1230 1938/1550/1231 1937/1549/1229 1925/321/1228
f 1927/325/1232 1939/1551/1233 1938/1550/1231 1926/323/1230
f 1928/327/1234 1940/1552/1235 1939/1551/1233 1927/325/1232
f 1929/329/1236 1941/1553/1237 1940/1552/1235 1928/327/1234
f 1930/331/1238 1942/1554/1239 1941/1553/1237 1929/329/1236
f 1931/333/1240 1943/1555/1241 1942/1554/1239 1930/331/1238
f 1932/335/1242 1944/1556/1243 1943/1555/1241 1931/333/1240
f 1933/337/1244 1945/1557/1245 1944/1556/1243 1932/335/1242
f 1934/339/1246 1946/1558/1246 1945/1557/1245 1933/337/1244
f 1936/1547/1226 1948/1559/1247 1947/1560/1248 1935/1548/1227
f 1937/1549/1229 1949/1561/1249 1948/1559/1247 1936/1547/1226
f 1938/1550/1231 1950/1562/1250 1949/1561/1249 1937/1549/1229
f 1939/1551/1233 1951/1563/1251 1950/1562/1250 1938/1550/1231
f 1940/1552/1235 1952/1564/1252 1951/1563/1251 1939/1551/1233
f 1941/1553/1237 1953/1565/1253 1952/1564/1252 1940/1552/1235
f 1942/1554/1239 1954/1566/1254 1953/1565/1253 1941/1553/1237
f 1943/1555/1241 1955/1567/1255 1954/1566/1254 1942/1554/1239
f 1944/1556/1243 1956/1568/1256 1955/1567/1255 1943/1555/1241
f 1945/1557/1245 1957/1569/1257 1956/1568/1256 1944/1556/1243
f 1946/1558/1246 1958/1570/1258 1957/1569/1257 1945/1557/1245
f 1948/1559/1247 1960/1571/1259 1959/1572/1248 1947/1560/1248
f 1949/1561/1249 1961/1573/1260 1960/1571/1259 1948/1559/1247
f 1950/1562/1250 1962/1574/1261 1961/1573/1260 1949/1561/1249
f 1951/1563/1251 1963/1575/1262 1962/1574/1261 1950/1562/1250
f 1952/1564/1252 1964/1576/1263 1963/1575/1262 1951/1563/1251
f 1953/1565/1253 1965/1577/1264 1964/1576/1263 1952/1564/1252
f 1954/1566/1254 1966/1578/1265 1965/1577/1264 1953/1565/1253
f 1955/1567/1255 1967/1579/1266 1966/1578/1265 1954/1566/1254
f 1956/1568/1256 1968/1580/1267 1967/1579/1266 1955/1567/1255
f 1957/1569/1257 1969/1581/1268 1968/1580/1267 1956/1568/1256
f 1958/1570/1258 1970/1582/1258 1969/1581/1268 1957/1569/1257
f 1960/1571/1259 1972/927/1269 1971/106/1270 1959/1572/1248
f 1961/1573/1260 1973/928/1271 1972/927/1269 1960/1571/1259
f 1962/1574/1261 1974/929/1272 1973/928/1271 1961/1573/1260
f 1963/1575/1262 1975/930/1273 1974/929/1272 1962/1574/1261
f 1964/1576/1263 1976/931/1274 1975/930/1273 1963/1575/1262
f 1965/1577/1264 1977/932/1275 1976/931/1274 1964/1576/1263
f 1966/1578/1265 1978/933/1276 1977/932/1275 1965/1577/1264
f 1967/1579/1266 1979/934/1277 1978/933/1276 1966/1578/1265
f 1968/1580/1267 1980/935/1278 1979/934/1277 1967/1579/1266
f 1969/1581/1268 1981/936/1279 1980/935/1278 1968/1580/1267
f 1970/1582/1258 1982/937/1280 1981/936/1279 1969/1581/1268
f 1972/927/1269 1984/1583/1281 1983/1584/1282 1971/106/1270
f 1973/928/1271 1985/1585/1283 1984/1583/1281 1972/927/1269
f 1974/929/1272 1986/1586/1284 1985/1585/1283 1973/928/1271
f 1975/930/1273 1987/1587/1285 1986/1586/1284 1974/929/1272
f 1976/931/1274 1988/1588/1286 1987/1587/1285 1975/930/1273
f 1977/932/1275 1989/1589/1287 1988/1588/1286 1976/931/1274
f 1978/933/1276 1990/1590/1288 1989/1589/1287 1977/932/1275
f 1979/934/1277 1991/1591/1289 1990/1590/1288 1978/933/1276
f 1980/935/1278 1992/1592/1290 1991/1591/1289 1979/934/1277
f 1981/936/1279 1993/1593/1291 1992/1592/1290 1980/935/1278
f 1982/937/1280 1994/1594/1292 1993/1593/1291 1981/936/1279
f 1984/1583/1281 1996/1595/1293 1995/1596/1294 1983/1584/1282
f 1985/1585/1283 1997/1597/1295 1996/1595/1293 1984/1583/1281
f 1986/1586/1284 1998/1598/1296 1997/1597/1295 1985/1585/1283
f 1987/1587/1285 1999/1599/1297 1998/1598/1296 1986/1586/1284
f 1988/1588/1286 2000/1600/1298 1999/1599/1297 1987/1587/1285
f 1989/1589/1287 2001/1601/1299 2000/1600/1298 1988/1588/1286
f 1990/1590/1288 2002/1602/1300 2001/1601/1299 1989/1589/1287
f 1991/1591/1289 2003/1603/1301 2002/1602/1300 1990/1590/1288
f 1992/1592/1290 2004/1604/1302 2003/1603/1301 1991/1591/1289
f 1993/1593/1291 2005/1605/1303 2004/1604/1302 1992/1592/1290
f 1994/1594/1292 2006/1606/1304 2005/1605/1303 1993/1593/1291
f 1996/1595/1293 2008/1607/1305 2007/1608/1306 1995/1596/1294
f 1997/1597/1295 2009/1609/1307 2008/1607/1305 1996/1595/1293
f 1998/1598/1296 2010/1610/1308 2009/1609/1307 1997/1597/1295
f 1999/1599/1297 2011/1611/1309 2010/1610/1308 1998/1598/1296
f 2000/1600/1298 2012/1612/1310 2011/1611/1309 1999/1599/1297
f 2001/1601/1299 2013/1613/1311 2012/1612/1310 2000/1600/1298
f 2002/1602/1300 2014/1614/1312 2013/1613/1311 2001/1601/1299
f 2003/1603/1301 2015/1615/1313 2014/1614/1312 2002/1602/1300
f 2004/1604/1302 2016/1616/1314 2015/1615/1313 2003/1603/1301
f 2005/1605/1303 2017/1617/1315 2016/1616/1314 2004/1604/1302
f 2006/1606/1304 2018/1618/1316 2017/1617/1315 2005/1605/1303
f 2008/1607/1305 1924/1536/1225 1923/14/1227 2007/1608/1306
f 2009/1609/1307 1925/1537/1228 1924/1536/1225 2008/1607/1305
f 2010/1610/1308 1926/1538/1230 1925/1537/1228 2009/1609/1307
f 2011/1611/1309 1927/1539/1232 1926/1538/1230 2010/1610/1308
f 2012/1612/1310 1928/1540/1234 1927/1539/1232 2011/1611/1309
f 2013/1613/1311 1929/1541/1236 1928/1540/1234 2012/1612/1310
f 2014/1614/1312 1930/1542/1238 1929/1541/1236 2013/1613/1311
f 2015/1615/1313 1931/1543/1240 1930/1542/1238 2014/1614/1312
f 2016/1616/1314 1932/1544/1242 1931/1543/1240 2015/1615/1313
f 2017/1617/1315 1933/1545/1244 1932/1544/1242 2016/1616/1314
f 2018/1618/1316 1934/1546/1246 1933/1545/1244 2017/1617/1315
f 2020/318/1317 2032/724/1318 2031/74/1319 2019/5/1320
f 2021/321/1321 2033/725/1322 2032/724/1318 2020/318/1317
f 2022/323/1323 2034/726/1324 2033/725/1322 2021/321/1321
f 2023/325/1325 2035/727/1326 2034/726/1324 2022/323/1323
f 2024/327/1327 2036/728/1328 2035/727/1326 2023/325/1325
f 2025/329/1329 2037/729/1330 2036/728/1328 2024/327/1327
f 2026/331/1331 2038/730/1332 2037/729/1330 2025/329/1329
f 2027/333/1333 2039/731/1334 2038/730/1332 2026/331/1331
f 2028/335/1335 2040/732/1336 2039/731/1334 2027/333/1333
f 2029/337/1337 2041/733/1338 2040/732/1336 2028/335/1335
f 2030/339/1339 2042/734/1340 2041/733/1338 2029/337/1337
f 2032/724/1318 2044/1130/1341 2043/50/1342 2031/74/1319
f 2033/725/1322 2045/1131/1343 2044/1130/1341 2032/724/1318
f 2034/726/1324 2046/1132/1344 2045/1131/1343 2033/725/1322
f 2035/727/1326 2047/1133/1345 2046/1132/1344 2034/726/1324
f 2036/728/1328 2048/1134/1346 2047/1133/1345 2035/727/1326
f 2037/729/1330 2049/1135/1347 2048/1134/1346 2036/728/1328
f 2038/730/1332 2050/1136/1348 2049/1135/1347 2037/729/1330
f 2039/731/1334 2051/1137/1349 2050/1136/1348 2038/730/1332
f 2040/732/1336 2052/1138/1350 2051/1137/1349 2039/731/1334
f 2041/733/1338 2053/1139/1351 2052/1138/1350 2040/732/1336
f 2042/734/1340 2054/1140/1352 2053/1139/1351 2041/733/1338
f 2044/1130/1341 2020/1536/1317 2019/14/1320 2043/50/1342
f 2045/1131/1343 2021/1537/1321 2020/1536/1317 2044/1130/1341
f 2046/1132/1344 2022/1538/1323 2021/1537/1321 2045/1131/1343
f 2047/1133/1345 2023/1539/1325 2022/1538/1323 2046/1132/1344
f 2048/1134/1346 2024/1540/1327 2023/1539/1325 2047/1133/1345
f 2049/1135/1347 2025/1541/1329 2024/1540/1327 2048/1134/1346
f 2050/1136/1348 2026/1542/1331 2025/1541/1329 2049/1135/1347
f 2051/1137/1349 2027/1543/1333 2026/1542/1331 2050/1136/1348
f 2052/1138/1350 2028/1544/1335 2027/1543/1333 2051/1137/1349
f 2053/1139/1351 2029/1545/1337 2028/1544/1335 2052/1138/1350
f 2054/1140/1352 2030/1546/1339 2029/1545/1337 2053/1139/1351
f 2056/318/1179 2068/1619/1353 2067/1620/1354 2055/5/1168
f 2057/321/1180 2069/1621/1355 2068/1619/1353 2056/318/1179
f 2058/323/1181 2070/1622/1356 2069/1621/1355 2057/321/1180
f 2059/325/1357 2071/1623/1358 2070/1622/1356 2058/323/1181
f 2060/327/1183 2072/1624/1359 2071/1623/1358 2059/325/1357
f 2061/329/1184 2073/1625/1360 2072/1624/1359 2060/327/1183
f 2062/331/1361 2074/1626/1362 2073/1625/1360 2061/329/1184
f 2063/333/1186 2075/1627/1363 2074/1626/1362 2062/331/1361
f 2064/335/1187 2076/1628/1364 2075/1627/1363 2063/333/1186
f 2065/337/1188 2077/1629/1365 2076/1628/1364 2064/335/1187
f 2066/339/1178 2078/1630/1354 2077/1629/1365 2065/337/1188
f 2068/1619/1353 2080/1631/1366 2079/1632/1367 2067/1620/1354
f 2069/1621/1355 2081/1633/1368 2080/1631/1366 2068/1619/1353
f 2070/1622/1356 2082/1634/1369 2081/1633/1368 2069/1621/1355
f 2071/1623/1358 2083/1635/1370 2082/1634/1369 2070/1622/1356
f 2072/1624/1359 2084/1636/1371 2083/1635/1370 2071/1623/1358
f 2073/1625/1360 2085/1637/1372 2084/1636/1371 2072/1624/1359
f 2074/1626/1362 2086/1638/1373 2085/1637/1372 2073/1625/1360
f 2075/1627/1363 2087/1639/1374 2086/1638/1373 2074/1626/1362
f 2076/1628/1364 2088/1640/1375 2087/1639/1374 2075/1627/1363
f 2077/1629/1365 2089/1641/1376 2088/1640/1375 2076/1628/1364
f 2078/1630/1354 2090/1642/1367 2089/1641/1376 2077/1629/1365
f 2080/1631/1366 2092/1643/1377 2091/193/1378 2079/1632/1367
f 2081/1633/1368 2093/1644/1379 2092/1643/1377 2080/1631/1366
f 2082/1634/1369 2094/1645/1380 2093/1644/1379 2081/1633/1368
f 2083/1635/1370 2095/1646/1381 2094/1645/1380 2082/1634/1369
f 2084/1636/1371 2096/1647/1382 2095/1646/1381 2083/1635/1370
f 2085/1637/1372 2097/1648/1383 2096/1647/1382 2084/1636/1371
f 2086/1638/1373 2098/1649/1384 2097/1648/1383 2085/1637/1372
f 2087/1639/1374 2099/1650/1385 2098/1649/1384 2086/1638/1373
f 2088/1640/1375 2100/1651/1386 2099/1650/1385 2087/1639/1374
f 2089/1641/1376 2101/1652/1387 2100/1651/1386 2088/1640/1375
f 2090/1642/1367 2102/1653/1388 2101/1652/1387 2089/1641/1376
f 2092/1643/1377 2104/1654/1389 2103/1655/1390 2091/193/1378
f 2093/1644/1379 2105/1656/1391 2104/1654/1389 2092/1643/1377
f 2094/1645/1380 2106/1657/1392 2105/1656/1391 2093/1644/1379
f 2095/1646/1381 2107/1658/1393 2106/1657/1392 2094/1645/1380
f 2096/1647/1382 2108/1659/1394 2107/1658/1393 2095/1646/1381
f 2097/1648/1383 2109/1660/1395 2108/1659/1394 2096/1647/1382
f 2098/1649/1384 2110/1661/1396 2109/1660/1395 2097/1648/1383
f 2099/1650/1385 2111/1662/1397 2110/1661/1396 2098/1649/1384
f 2100/1651/1386 2112/1663/1398 2111/1662/1397 2099/1650/1385
f 2101/1652/1387 2113/1664/1399 2112/1663/1398 2100/1651/1386
f 2102/1653/1388 2114/1665/1400 2113/1664/1399 2101/1652/1387
f 2104/1654/1389 2116/724/1401 2115/74/1402 2103/1655/1390
f 2105/1656/1391 2117/725/1403 2116/724/1401 2104/1654/1389
f 2106/1657/1392 2118/726/1404 2117/725/1403 2105/1656/1391
f 2107/1658/1393 2119/727/1405 2118/726/1404 2106/1657/1392
f 2108/1659/1394 2120/728/1406 2119/727/1405 2107/1658/1393
f 2109/1660/1395 2121/729/1407 2120/728/1406 2108/1659/1394
f 2110/1661/1396 2122/730/1408 2121/729/1407 2109/1660/1395
f 2111/1662/1397 2123/731/1409 2122/730/1408 2110/1661/1396
f 2112/1663/1398 2124/732/1410 2123/731/1409 2111/1662/1397
f 2113/1664/1399 2125/733/1411 2124/732/1410 2112/1663/1398
f 2114/1665/1400 2126/734/1412 2125/733/1411 2113/1664/1399
f 2116/724/1401 2128/1666/1413 2127/140/1414 2115/74/1402
f 2117/725/1403 2129/1667/1415 2128/1666/1413 2116/724/1401
f 2118/726/1404 2130/1668/1416 2129/1667/1415 2117/725/1403
f 2119/727/1405 2131/1669/1417 2130/1668/1416 2118/726/1404
f 2120/728/1406 2132/1670/1418 2131/1669/1417 2119/727/1405
f 2121/729/1407 2133/1671/1419 2132/1670/1418 2120/728/1406
f 2122/730/1408 2134/1672/1420 2133/1671/1419 2121/729/1407
f 2123/731/1409 2135/1673/1421 2134/1672/1420 2122/730/1408
f 2124/732/1410 2136/1674/1422 2135/1673/1421 2123/731/1409
f 2125/733/1411 2137/1675/1423 2136/1674/1422 2124/732/1410
f 2126/734/1412 2138/1676/1424 2137/1675/1423 2125/733/1411
f 2128/1666/1413 2140/1677/1425 2139/1678/1426 2127/140/1414
f 2129/1667/1415 2141/1679/1427 2140/1677/1425 2128/1666/1413
f 2130/1668/1416 2142/1680/1428 2141/1679/1427 2129/1667/1415
f 2131/1669/1417 2143/1681/1429 2142/1680/1428 2130/1668/1416
f 2132/1670/1418 2144/1682/1430 2143/1681/1429 2131/1669/1417
f 2133/1671/1419 2145/1683/1431 2144/1682/1430 2132/1670/1418
f 2134/1672/1420 2146/1684/1432 2145/1683/1431 2133/1671/1419
f 2135/1673/1421 2147/1685/1433 2146/1684/1432 2134/1672/1420
f 2136/1674/1422 2148/1686/1434 2147/1685/1433 2135/1673/1421
f 2137/1675/1423 2149/1687/1435 2148/1686/1434 2136/1674/1422
f 2138/1676/1424 2150/1688/1436 2149/1687/1435 2137/1675/1423
f 2140/1677/1425 2152/1689/1179 2151/1690/1168 2139/1678/1426
f 2141/1679/1427 2153/1691/1180 2152/1689/1179 2140/1677/1425
f 2142/1680/1428 2154/1692/1181 2153/1691/1180 2141/1679/1427
f 2143/1681/1429 2155/1693/1357 2154/1692/1181 2142/1680/1428
f 2144/1682/1430 2156/1694/1183 2155/1693/1357 2143/1681/1429
f 2145/1683/1431 2157/1695/1184 2156/1694/1183 2144/1682/1430
f 2146/1684/1432 2158/1696/1361 2157/1695/1184 2145/1683/1431
f 2147/1685/1433 2159/1697/1186 2158/1696/1361 2146/1684/1432
f 2148/1686/1434 2160/1698/1187 2159/1697/1186 2147/1685/1433
f 2149/1687/1435 2161/1699/1188 2160/1698/1187 2148/1686/1434
f 2150/1688/1436 2162/1700/1178 2161/1699/1188 2149/1687/1435
f 2152/1689/1179 2164/1701/1189 2163/161/1190 2151/1690/1168
f 2153/1691/1180 2165/1702/1191 2164/1701/1189 2152/1689/1179
f 2154/1692/1181 2166/1703/1192 2165/1702/1191 2153/1691/1180
f 2155/1693/1357 2167/1704/1437 2166/1703/1192 2154/1692/1181
f 2156/1694/1183 2168/1705/1194 2167/1704/1437 2155/1693/1357
f 2157/1695/1184 2169/1706/1195 2168/1705/1194 2156/1694/1183
f 2158/1696/1361 2170/1707/1438 2169/1706/1195 2157/1695/1184
f 2159/1697/1186 2171/1708/1197 2170/1707/1438 2158/1696/1361
f 2160/1698/1187 2172/1709/1198 2171/1708/1197 2159/1697/1186
f 2161/1699/1188 2173/1710/1199 2172/1709/1198 2160/1698/1187
f 2162/1700/1178 2174/1711/1200 2173/1710/1199 2161/1699/1188
f 2164/1701/1189 2176/1130/1439 2175/50/1440 2163/161/1190
f 2165/1702/1191 2177/1131/1441 2176/1130/1439 2164/1701/1189
f 2166/1703/1192 2178/1132/1442 2177/1131/1441 2165/1702/1191
f 2167/1704/1437 2179/1133/1443 2178/1132/1442 2166/1703/1192
f 2168/1705/1194 2180/1134/1444 2179/1133/1443 2167/1704/1437
f 2169/1706/1195 2181/1135/1445 2180/1134/1444 2168/1705/1194
f 2170/1707/1438 2182/1136/1446 2181/1135/1445 2169/1706/1195
f 2171/1708/1197 2183/1137/1447 2182/1136/1446 2170/1707/1438
f 2172/1709/1198 2184/1138/1448 2183/1137/1447 2171/1708/1197
f 2173/1710/1199 2185/1139/1449 2184/1138/1448 2172/1709/1198
f 2174/1711/1200 2186/1140/1450 2185/1139/1449 2173/1710/1199
f 2176/1130/1439 2188/1712/1451 2187/1713/1452 2175/50/1440
f 2177/1131/1441 2189/1714/1453 2188/1712/1451 2176/1130/1439
f 2178/1132/1442 2190/1715/1454 2189/1714/1453 2177/1131/1441
f 2179/1133/1443 2191/1716/1455 2190/1715/1454 2178/1132/1442
f 2180/1134/1444 2192/1717/1456 2191/1716/1455 2179/1133/1443
f 2181/1135/1445 2193/1718/1457 2192/1717/1456 2180/1134/1444
f 2182/1136/1446 2194/1719/1458 2193/1718/1457 2181/1135/1445
f 2183/1137/1447 2195/1720/1459 2194/1719/1458 2182/1136/1446
f 2184/1138/1448 2196/1721/1460 2195/1720/1459 2183/1137/1447
f 2185/1139/1449 2197/1722/1461 2196/1721/1460 2184/1138/1448
f 2186/1140/1450 2198/1723/1462 2197/1722/1461 2185/1139/1449
f 2188/1712/1451 2200/1724/1463 2199/131/1464 2187/1713/1452
f 2189/1714/1453 2201/1725/1465 2200/1724/1463 2188/1712/1451
f 2190/1715/1454 2202/1726/1466 2201/1725/1465 2189/1714/1453
f 2191/1716/1455 2203/1727/1467 2202/1726/1466 2190/1715/1454
f 2192/1717/1456 2204/1728/1468 2203/1727/1467 2191/1716/1455
f 2193/1718/1457 2205/1729/1469 2204/1728/1468 2192/1717/1456
f 2194/1719/1458 2206/1730/1470 2205/1729/1469 2193/1718/1457
f 2195/1720/1459 2207/1731/1471 2206/1730/1470 2194/1719/1458
f 2196/1721/1460 2208/1732/1472 2207/1731/1471 2195/1720/1459
f 2197/1722/1461 2209/1733/1473 2208/1732/1472 2196/1721/1460
f 2198/1723/1462 2210/1734/1474 2209/1733/1473 2197/1722/1461
f 2200/1724/1463 2212/1735/1201 2211/1736/1202 2199/131/1464
f 2201/1725/1465 2213/1737/1203 2212/1735/1201 2200/1724/1463
f 2202/1726/1466 2214/1738/1204 2213/1737/1203 2201/1725/1465
f 2203/1727/1467 2215/1739/1205 2214/1738/1204 2202/1726/1466
f 2204/1728/1468 2216/1740/1206 2215/1739/1205 2203/1727/1467
f 2205/1729/1469 2217/1741/1207 2216/1740/1206 2204/1728/1468
f 2206/1730/1470 2218/1742/1208 2217/1741/1207 2205/1729/1469
f 2207/1731/1471 2219/1743/1209 2218/1742/1208 2206/1730/1470
f 2208/1732/1472 2220/1744/1210 2219/1743/1209 2207/1731/1471
f 2209/1733/1473 2221/1745/1211 2220/1744/1210 2208/1732/1472
f 2210/1734/1474 2222/1746/1212 2221/1745/1211 2209/1733/1473
f 2212/1735/1201 2224/1747/1425 2223/1748/1426 2211/1736/1202
f 2213/1737/1203 2225/1749/1427 2224/1747/1425 2212/1735/1201
f 2214/1738/1204 2226/1750/1428 2225/1749/1427 2213/1737/1203
f 2215/1739/1205 2227/1751/1429 2226/1750/1428 2214/1738/1204
f 2216/1740/1206 2228/1752/1430 2227/1751/1429 2215/1739/1205
f 2217/1741/1207 2229/1753/1431 2228/1752/1430 2216/1740/1206
f 2218/1742/1208 2230/1754/1432 2229/1753/1431 2217/1741/1207
f 2219/1743/1209 2231/1755/1433 2230/1754/1432 2218/1742/1208
f 2220/1744/1210 2232/1756/1434 2231/1755/1433 2219/1743/1209
f 2221/1745/1211 2233/1757/1435 2232/1756/1434 2220/1744/1210
f 2222/1746/1212 2234/1758/1436 2233/1757/1435 2221/1745/1211
f 2224/1747/1425 2056/1536/1179 2055/14/1168 2223/1748/1426
f 2225/1749/1427 2057/1537/1180 2056/1536/1179 2224/1747/1425
f 2226/1750/1428 2058/1538/1181 2057/1537/1180 2225/1749/1427
f 2227/1751/1429 2059/1539/1357 2058/1538/1181 2226/1750/1428
f 2228/1752/1430 2060/1540/1183 2059/1539/1357 2227/1751/1429
f 2229/1753/1431 2061/1541/1184 2060/1540/1183 2228/1752/1430
f 2230/1754/1432 2062/1542/1361 2061/1541/1184 2229/1753/1431
f 2231/1755/1433 2063/1543/1186 2062/1542/1361 2230/1754/1432
f 2232/1756/1434 2064/1544/1187 2063/1543/1186 2231/1755/1433
f 2233/1757/1435 2065/1545/1188 2064/1544/1187 2232/1756/1434
f 2234/1758/1436 2066/1546/1178 2065/1545/1188 2233/1757/1435
f 2236/318/1475 2248/1759/1476 2247/1760/1202 2235/5/1426
f 2237/321/1477 2249/1761/1478 2248/1759/1476 2236/318/1475
f 2238/323/1479 2250/1762/1480 2249/1761/1478 2237/321/1477
f 2239/325/1481 2251/1763/1482 2250/1762/1480 2238/323/1479
f 2240/327/1483 2252/1764/1484 2251/1763/1482 2239/325/1481
f 2241/329/1485 2253/1765/1486 2252/1764/1484 2240/327/1483
f 2242/331/1487 2254/1766/1488 2253/1765/1486 2241/329/1485
f 2243/333/1489 2255/1767/1490 2254/1766/1488 2242/331/1487
f 2244/335/1491 2256/1768/1492 2255/1767/1490 2243/333/1489
f 2245/337/1493 2257/1769/1494 2256/1768/1492 2244/335/1491
f 2246/339/1436 2258/1770/1212 2257/1769/1494 2245/337/1493
f 2248/1759/1476 2260/521/1201 2259/105/1202 2247/1760/1202
f 2249/1761/1478 2261/522/1203 2260/521/1201 2248/1759/1476
f 2250/1762/1480 2262/523/1204 2261/522/1203 2249/1761/1478
f 2251/1763/1482 2263/524/1205 2262/523/1204 2250/1762/1480
f 2252/1764/1484 2264/525/1206 2263/524/1205 2251/1763/1482
f 2253/1765/1486 2265/526/1207 2264/525/1206 2252/1764/1484
f 2254/1766/1488 2266/527/1208 2265/526/1207 2253/1765/1486
f 2255/1767/1490 2267/528/1209 2266/527/1208 2254/1766/1488
f 2256/1768/1492 2268/529/1210 2267/528/1209 2255/1767/1490
f 2257/1769/1494 2269/530/1211 2268/529/1210 2256/1768/1492
f 2258/1770/1212 2270/531/1212 2269/530/1211 2257/1769/1494
f 2260/521/1201 2272/1559/1425 2271/1560/1426 2259/105/1202
f 2261/522/1203 2273/1561/1427 2272/1559/1425 2260/521/1201
f 2262/523/1204 2274/1562/1428 2273/1561/1427 2261/522/1203
f 2263/524/1205 2275/1563/1495 2274/1562/1428 2262/523/1204
f 2264/525/1206 2276/1564/1430 2275/1563/1495 2263/524/1205
f 2265/526/1207 2277/1565/1431 2276/1564/1430 2264/525/1206
f 2266/527/1208 2278/1566/1496 2277/1565/1431 2265/526/1207
f 2267/528/1209 2279/1567/1433 2278/1566/1496 2266/527/1208
f 2268/529/1210 2280/1568/1434 2279/1567/1433 2267/528/1209
f 2269/530/1211 2281/1569/1435 2280/1568/1434 2268/529/1210
f 2270/531/1212 2282/1570/1436 2281/1569/1435 2269/530/1211
f 2272/1559/1425 2284/724/1475 2283/74/1426 2271/1560/1426
f 2273/1561/1427 2285/725/1477 2284/724/1475 2272/1559/1425
f 2274/1562/1428 2286/726/1479 2285/725/1477 2273/1561/1427
f 2275/1563/1495 2287/727/1481 2286/726/1479 2274/1562/1428
f 2276/1564/1430 2288/728/1483 2287/727/1481 2275/1563/1495
f 2277/1565/1431 2289/729/1485 2288/728/1483 2276/1564/1430
f 2278/1566/1496 2290/730/1487 2289/729/1485 2277/1565/1431
f 2279/1567/1433 2291/731/1489 2290/730/1487 2278/1566/1496
f 2280/1568/1434 2292/732/1491 2291/731/1489 2279/1567/1433
f 2281/1569/1435 2293/733/1493 2292/732/1491 2280/1568/1434
f 2282/1570/1436 2294/734/1436 2293/733/1493 2281/1569/1435
f 2284/724/1475 2296/1771/1476 2295/1772/1202 2283/74/1426
f 2285/725/1477 2297/1773/1478 2296/1771/1476 2284/724/1475
f 2286/726/1479 2298/1774/1480 2297/1773/1478 2285/725/1477
f 2287/727/1481 2299/1775/1482 2298/1774/1480 2286/726/1479
f 2288/728/1483 2300/1776/1484 2299/1775/1482 2287/727/1481
f 2289/729/1485 2301/1777/1486 2300/1776/1484 2288/728/1483
f 2290/730/1487 2302/1778/1488 2301/1777/1486 2289/729/1485
f 2291/731/1489 2303/1779/1490 2302/1778/1488 2290/730/1487
f 2292/732/1491 2304/1780/1492 2303/1779/1490 2291/731/1489
f 2293/733/1493 2305/1781/1494 2304/1780/1492 2292/732/1491
f 2294/734/1436 2306/1782/1212 2305/1781/1494 2293/733/1493
f 2296/1771/1476 2308/927/1201 2307/106/1202 2295/1772/1202
f 2297/1773/1478 2309/928/1203 2308/927/1201 2296/1771/1476
f 2298/1774/1480 2310/929/1204 2309/928/1203 2297/1773/1478
f 2299/1775/1482 2311/930/1205 2310/929/1204 2298/1774/1480
f 2300/1776/1484 2312/931/1206 2311/930/1205 2299/1775/1482
f 2301/1777/1486 2313/932/1207 2312/931/1206 2300/1776/1484
f 2302/1778/1488 2314/933/1208 2313/932/1207 2301/1777/1486
f 2303/1779/1490 2315/934/1209 2314/933/1208 2302/1778/1488
f 2304/1780/1492 2316/935/1210 2315/934/1209 2303/1779/1490
f 2305/1781/1494 2317/936/1211 2316/935/1210 2304/1780/1492
f 2306/1782/1212 2318/937/1212 2317/936/1211 2305/1781/1494
f 2308/927/1201 2320/1783/1425 2319/1784/1426 2307/106/1202
f 2309/928/1203 2321/1785/1427 2320/1783/1425 2308/927/1201
f 2310/929/1204 2322/1786/1428 2321/1785/1427 2309/928/1203
f 2311/930/1205 2323/1787/1495 2322/1786/1428 2310/929/1204
f 2312/931/1206 2324/1788/1430 2323/1787/1495 2311/930/1205
f 2313/932/1207 2325/1789/1431 2324/1788/1430 2312/931/1206
f 2314/933/1208 2326/1790/1496 2325/1789/1431 2313/932/1207
f 2315/934/1209 2327/1791/1433 2326/1790/1496 2314/933/1208
f 2316/935/1210 2328/1792/1434 2327/1791/1433 2315/934/1209
f 2317/936/1211 2329/1793/1435 2328/1792/1434 2316/935/1210
f 2318/937/1212 2330/1794/1436 2329/1793/1435 2317/936/1211
f 2320/1783/1425 2332/1130/1179 2331/50/1168 2319/1784/1426
f 2321/1785/1427 2333/1131/1180 2332/1130/1179 2320/1783/1425
f 2322/1786/1428 2334/1132/1181 2333/1131/1180 2321/1785/1427
f 2323/1787/1495 2335/1133/1357 2334/1132/1181 2322/1786/1428
f 2324/1788/1430 2336/1134/1183 2335/1133/1357 2323/1787/1495
f 2325/1789/1431 2337/1135/1184 2336/1134/1183 2324/1788/1430
f 2326/1790/1496 2338/1136/1361 2337/1135/1184 2325/1789/1431
f 2327/1791/1433 2339/1137/1186 2338/1136/1361 2326/1790/1496
f 2328/1792/1434 2340/1138/1187 2339/1137/1186 2327/1791/1433
f 2329/1793/1435 2341/1139/1188 2340/1138/1187 2328/1792/1434
f 2330/1794/1436 2342/1140/1178 2341/1139/1188 2329/1793/1435
f 2332/1130/1179 2344/1595/1189 2343/1596/1190 2331/50/1168
f 2333/1131/1180 2345/1597/1191 2344/1595/1189 2332/1130/1179
f 2334/1132/1181 2346/1598/1192 2345/1597/1191 2333/1131/1180
f 2335/1133/1357 2347/1599/1193 2346/1598/1192 2334/1132/1181
f 2336/1134/1183 2348/1600/1194 2347/1599/1193 2335/1133/1357
f 2337/1135/1184 2349/1601/1195 2348/1600/1194 2336/1134/1183
f 2338/1136/1361 2350/1602/1196 2349/1601/1195 2337/1135/1184
f 2339/1137/1186 2351/1603/1197 2350/1602/1196 2338/1136/1361
f 2340/1138/1187 2352/1604/1198 2351/1603/1197 2339/1137/1186
f 2341/1139/1188 2353/1605/1199 2352/1604/1198 2340/1138/1187
f 2342/1140/1178 2354/1606/1200 2353/1605/1199 2341/1139/1188
f 2344/1595/1189 2356/1333/1201 2355/107/1202 2343/1596/1190
f 2345/1597/1191 2357/1334/1203 2356/1333/1201 2344/1595/1189
f 2346/1598/1192 2358/1335/1204 2357/1334/1203 2345/1597/1191
f 2347/1599/1193 2359/1336/1205 2358/1335/1204 2346/1598/1192
f 2348/1600/1194 2360/1337/1206 2359/1336/1205 2347/1599/1193
f 2349/1601/1195 2361/1338/1207 2360/1337/1206 2348/1600/1194
f 2350/1602/1196 2362/1339/1208 2361/1338/1207 2349/1601/1195
f 2351/1603/1197 2363/1340/1209 2362/1339/1208 2350/1602/1196
f 2352/1604/1198 2364/1341/1210 2363/1340/1209 2351/1603/1197
f 2353/1605/1199 2365/1342/1211 2364/1341/1210 2352/1604/1198
f 2354/1606/1200 2366/1343/1212 2365/1342/1211 2353/1605/1199
f 2356/1333/1201 2368/1795/1425 2367/1796/1426 2355/107/1202
f 2357/1334/1203 2369/1797/1427 2368/1795/1425 2356/1333/1201
f 2358/1335/1204 2370/1798/1428 2369/1797/1427 2357/1334/1203
f 2359/1336/1205 2371/1799/1495 2370/1798/1428 2358/1335/1204
f 2360/1337/1206 2372/1800/1430 2371/1799/1495 2359/1336/1205
f 2361/1338/1207 2373/1801/1431 2372/1800/1430 2360/1337/1206
f 2362/1339/1208 2374/1802/1496 2373/1801/1431 2361/1338/1207
f 2363/1340/1209 2375/1803/1433 2374/1802/1496 2362/1339/1208
f 2364/1341/1210 2376/1804/1434 2375/1803/1433 2363/1340/1209
f 2365/1342/1211 2377/1805/1435 2376/1804/1434 2364/1341/1210
f 2366/1343/1212 2378/1806/1436 2377/1805/1435 2365/1342/1211
f 2368/1795/1425 2236/1536/1475 2235/14/1426 2367/1796/1426
f 2369/1797/1427 2237/1537/1477 2236/1536/1475 2368/1795/1425
f 2370/1798/1428 2238/1538/1479 2237/1537/1477 2369/1797/1427
f 2371/1799/1495 2239/1539/1481 2238/1538/1479 2370/1798/1428
f 2372/1800/1430 2240/1540/1483 2239/1539/1481 2371/1799/1495
f 2373/1801/1431 2241/1541/1485 2240/1540/1483 2372/1800/1430
f 2374/1802/1496 2242/1542/1487 2241/1541/1485 2373/1801/1431
f 2375/1803/1433 2243/1543/1489 2242/1542/1487 2374/1802/1496
f 2376/1804/1434 2244/1544/1491 2243/1543/1489 2375/1803/1433
f 2377/1805/1435 2245/1545/1493 2244/1544/1491 2376/1804/1434
f 2378/1806/1436 2246/1546/1436 2245/1545/1493 2377/1805/1435
f 2380/318/1497 2392/1807/1498 2391/1808/1499 2379/5/1500
f 2381/321/1501 2393/1809/1502 2392/1807/1498 2380/318/1497
f 2382/323/1503 2394/1810/1504 2393/1809/1502 2381/321/1501
f 2383/325/1505 2395/1811/1506 2394/1810/1504 2382/323/1503
f 2384/327/1507 2396/1812/1508 2395/1811/1506 2383/325/1505
f 2385/329/1509 2397/1813/1510 2396/1812/1508 2384/327/1507
f 2386/331/1511 2398/1814/1512 2397/1813/1510 2385/329/1509
f 2387/333/1513 2399/1815/1514 2398/1814/1512 2386/331/1511
f 2388/335/1515 2400/1816/1516 2399/1815/1514 2387/333/1513
f 2389/337/1517 2401/1817/1518 2400/1816/1516 2388/335/1515
f 2390/339/1519 2402/1818/1520 2401/1817/1518 2389/337/1517
f 2392/1807/1498 2404/1819/1521 2403/1820/1522 2391/1808/1499
f 2393/1809/1502 2405/1821/1523 2404/1819/1521 2392/1807/1498
f 2394/1810/1504 2406/1822/1524 2405/1821/1523 2393/1809/1502
f 2395/1811/1506 2407/1823/1525 2406/1822/1524 2394/1810/1504
f 2396/1812/1508 2408/1824/1526 2407/1823/1525 2395/1811/1506
f 2397/1813/1510 2409/1825/1527 2408/1824/1526 2396/1812/1508
f 2398/1814/1512 2410/1826/1528 2409/1825/1527 2397/1813/1510
f 2399/1815/1514 2411/1827/1529 2410/1826/1528 2398/1814/1512
f 2400/1816/1516 2412/1828/1530 2411/1827/1529 2399/1815/1514
f 2401/1817/1518 2413/1829/1531 2412/1828/1530 2400/1816/1516
f 2402/1818/1520 2414/1830/1532 2413/1829/1531 2401/1817/1518
f 2404/1819/1521 2416/1831/1533 2415/1832/1534 2403/1820/1522
f 2405/1821/1523 2417/1833/1535 2416/1831/1533 2404/1819/1521
f 2406/1822/1524 2418/1834/1536 2417/1833/1535 2405/1821/1523
f 2407/1823/1525 2419/1835/1537 2418/1834/1536 2406/1822/1524
f 2408/1824/1526 2420/1836/1538 2419/1835/1537 2407/1823/1525
f 2409/1825/1527 2421/1837/1539 2420/1836/1538 2408/1824/1526
f 2410/1826/1528 2422/1838/1540 2421/1837/1539 2409/1825/1527
f 2411/1827/1529 2423/1839/1541 2422/1838/1540 2410/1826/1528
f 2412/1828/1530 2424/1840/1542 2423/1839/1541 2411/1827/1529
f 2413/1829/1531 2425/1841/1543 2424/1840/1542 2412/1828/1530
f 2414/1830/1532 2426/1842/1544 2425/1841/1543 2413/1829/1531
f 2416/1831/1533 2428/1759/1545 2427/1760/1546 2415/1832/1534
f 2417/1833/1535 2429/1761/1547 2428/1759/1545 2416/1831/1533
f 2418/1834/1536 2430/1762/1548 2429/1761/1547 2417/1833/1535
f 2419/1835/1537 2431/1763/1549 2430/1762/1548 2418/1834/1536
f 2420/1836/1538 2432/1764/1550 2431/1763/1549 2419/1835/1537
f 2421/1837/1539 2433/1765/1551 2432/1764/1550 2420/1836/1538
f 2422/1838/1540 2434/1766/1552 2433/1765/1551 2421/1837/1539
f 2423/1839/1541 2435/1767/1553 2434/1766/1552 2422/1838/1540
f 2424/1840/1542 2436/1768/1554 2435/1767/1553 2423/1839/1541
f 2425/1841/1543 2437/1769/1555 2436/1768/1554 2424/1840/1542
f 2426/1842/1544 2438/1770/1556 2437/1769/1555 2425/1841/1543
f 2428/1759/1545 2440/1843/1557 2439/1844/1558 2427/1760/1546
f 2429/1761/1547 2441/1845/1559 2440/1843/1557 2428/1759/1545
f 2430/1762/1548 2442/1846/1560 2441/1845/1559 2429/1761/1547
f 2431/1763/1549 2443/1847/1561 2442/1846/1560 2430/1762/1548
f 2432/1764/1550 2444/1848/1562 2443/1847/1561 2431/1763/1549
f 2433/1765/1551 2445/1849/1563 2444/1848/1562 2432/1764/1550
f 2434/1766/1552 2446/1850/1564 2445/1849/1563 2433/1765/1551
f 2435/1767/1553 2447/1851/1565 2446/1850/1564 2434/1766/1552
f 2436/1768/1554 2448/1852/1566 2447/1851/1565 2435/1767/1553
f 2437/1769/1555 2449/1853/1567 2448/1852/1566 2436/1768/1554
f 2438/1770/1556 2450/1854/1568 2449/1853/1567 2437/1769/1555
f 2440/1843/1557 2452/1547/1569 2451/1548/1570 2439/1844/1558
f 2441/1845/1559 2453/1549/1571 2452/1547/1569 2440/1843/1557
f 2442/1846/1560 2454/1550/1572 2453/1549/1571 2441/1845/1559
f 2443/1847/1561 2455/1551/1573 2454/1550/1572 2442/1846/1560
f 2444/1848/1562 2456/1552/1574 2455/1551/1573 2443/1847/1561
f 2445/1849/1563 2457/1553/1575 2456/1552/1574 2444/1848/1562
f 2446/1850/1564 2458/1554/1576 2457/1553/1575 2445/1849/1563
f 2447/1851/1565 2459/1555/1577 2458/1554/1576 2446/1850/1564
f 2448/1852/1566 2460/1556/1578 2459/1555/1577 2447/1851/1565
f 2449/1853/1567 2461/1557/1579 2460/1556/1578 2448/1852/1566
f 2450/1854/1568 2462/1558/1580 2461/1557/1579 2449/1853/1567
f 2452/1547/1569 2464/1855/1581 2463/1856/1582 2451/1548/1570
f 2453/1549/1571 2465/1857/1583 2464/1855/1581 2452/1547/1569
f 2454/1550/1572 2466/1858/1584 2465/1857/1583 2453/1549/1571
f 2455/1551/1573 2467/1859/1585 2466/1858/1584 2454/1550/1572
f 2456/1552/1574 2468/1860/1586 2467/1859/1585 2455/1551/1573
f 2457/1553/1575 2469/1861/1587 2468/1860/1586 2456/1552/1574
f 2458/1554/1576 2470/1862/1588 2469/1861/1587 2457/1553/1575
f 2459/1555/1577 2471/1863/1589 2470/1862/1588 2458/1554/1576
f 2460/1556/1578 2472/1864/1590 2471/1863/1589 2459/1555/1577
f 2461/1557/1579 2473/1865/1591 2472/1864/1590 2460/1556/1578
f 2462/1558/1580 2474/1866/1592 2473/1865/1591 2461/1557/1579
f 2464/1855/1581 2476/521/1593 2475/105/1594 2463/1856/1582
f 2465/1857/1583 2477/522/1595 2476/521/1593 2464/1855/1581
f 2466/1858/1584 2478/523/1596 2477/522/1595 2465/1857/1583
f 2467/1859/1585 2479/524/1597 2478/523/1596 2466/1858/1584
f 2468/1860/1586 2480/525/1598 2479/524/1597 2467/1859/1585
f 2469/1861/1587 2481/526/1599 2480/525/1598 2468/1860/1586
f 2470/1862/1588 2482/527/1600 2481/526/1599 2469/1861/1587
f 2471/1863/1589 2483/528/1601 2482/527/1600 2470/1862/1588
f 2472/1864/1590 2484/529/1602 2483/528/1601 2471/1863/1589
f 2473/1865/1591 2485/530/1603 2484/529/1602 2472/1864/1590
f 2474/1866/1592 2486/531/1604 2485/530/1603 2473/1865/1591
f 2476/521/1593 2488/1867/1605 2487/1868/1606 2475/105/1594
f 2477/522/1595 2489/1869/1607 2488/1867/1605 2476/521/1593
f 2478/523/1596 2490/1870/1608 2489/1869/1607 2477/522/1595
f 2479/524/1597 2491/1871/1609 2490/1870/1608 2478/523/1596
f 2480/525/1598 2492/1872/1610 2491/1871/1609 2479/524/1597
f 2481/526/1599 2493/1873/1611 2492/1872/1610 2480/525/1598
f 2482/527/1600 2494/1874/1612 2493/1873/1611 2481/526/1599
f 2483/528/1601 2495/1875/1613 2494/1874/1612 2482/527/1600
f 2484/529/1602 2496/1876/1614 2495/1875/1613 2483/528/1601
f 2485/530/1603 2497/1877/1615 2496/1876/1614 2484/529/1602
f 2486/531/1604 2498/1878/1616 2497/1877/1615 2485/530/1603
f 2488/1867/1605 2500/1879/1617 2499/1880/1618 2487/1868/1606
f 2489/1869/1607 2501/1881/1619 2500/1879/1617 2488/1867/1605
f 2490/1870/1608 2502/1882/1620 2501/1881/1619 2489/1869/1607
f 2491/1871/1609 2503/1883/1621 2502/1882/1620 2490/1870/1608
f 2492/1872/1610 2504/1884/1622 2503/1883/1621 2491/1871/1609
f 2493/1873/1611 2505/1885/1623 2504/1884/1622 2492/1872/1610
f 2494/1874/1612 2506/1886/1624 2505/1885/1623 2493/1873/1611
f 2495/1875/1613 2507/1887/1625 2506/1886/1624 2494/1874/1612
f 2496/1876/1614 2508/1888/1626 2507/1887/1625 2495/1875/1613
f 2497/1877/1615 2509/1889/1627 2508/1888/1626 2496/1876/1614
f 2498/1878/1616 2510/1890/1628 2509/1889/1627 2497/1877/1615
f 2500/1879/1617 2512/1891/1629 2511/1892/1630 2499/1880/1618
f 2501/1881/1619 2513/1893/1631 2512/1891/1629 2500/1879/1617
f 2502/1882/1620 2514/1894/1632 2513/1893/1631 2501/1881/1619
f 2503/1883/1621 2515/1895/1633 2514/1894/1632 2502/1882/1620
f 2504/1884/1622 2516/1896/1634 2515/1895/1633 2503/1883/1621
f 2505/1885/1623 2517/1897/1635 2516/1896/1634 2504/1884/1622
f 2506/1886/1624 2518/1898/1636 2517/1897/1635 2505/1885/1623
f 2507/1887/1625 2519/1899/1637 2518/1898/1636 2506/1886/1624
f 2508/1888/1626 2520/1900/1638 2519/1899/1637 2507/1887/1625
f 2509/1889/1627 2521/1901/1639 2520/1900/1638 2508/1888/1626
f 2510/1890/1628 2522/1902/1640 2521/1901/1639 2509/1889/1627
f 2512/1891/1629 2524/1559/1641 2523/1560/1642 2511/1892/1630
f 2513/1893/1631 2525/1561/1643 2524/1559/1641 2512/1891/1629
f 2514/1894/1632 2526/1562/1644 2525/1561/1643 2513/1893/1631
f 2515/1895/1633 2527/1563/1645 2526/1562/1644 2514/1894/1632
f 2516/1896/1634 2528/1564/1646 2527/1563/1645 2515/1895/1633
f 2517/1897/1635 2529/1565/1647 2528/1564/1646 2516/1896/1634
f 2518/1898/1636 2530/1566/1648 2529/1565/1647 2517/1897/1635
f 2519/1899/1637 2531/1567/1649 2530/1566/1648 2518/1898/1636
f 2520/1900/1638 2532/1568/1650 2531/1567/1649 2519/1899/1637
f 2521/1901/1639 2533/1569/1651 2532/1568/1650 2520/1900/1638
f 2522/1902/1640 2534/1570/1652 2533/1569/1651 2521/1901/1639
f 2524/1559/1641 2536/1903/1653 2535/1904/1654 2523/1560/1642
f 2525/1561/1643 2537/1905/1655 2536/1903/1653 2524/1559/1641
f 2526/1562/1644 2538/1906/1656 2537/1905/1655 2525/1561/1643
f 2527/1563/1645 2539/1907/1657 2538/1906/1656 2526/1562/1644
f 2528/1564/1646 2540/1908/1658 2539/1907/1657 2527/1563/1645
f 2529/1565/1647 2541/1909/1659 2540/1908/1658 2528/1564/1646
f 2530/1566/1648 2542/1910/1660 2541/1909/1659 2529/1565/1647
f 2531/1567/1649 2543/1911/1661 2542/1910/1660 2530/1566/1648
f 2532/1568/1650 2544/1912/1662 2543/1911/1661 2531/1567/1649
f 2533/1569/1651 2545/1913/1663 2544/1912/1662 2532/1568/1650
f 2534/1570/1652 2546/1914/1664 2545/1913/1663 2533/1569/1651
f 2536/1903/1653 2548/1915/1665 2547/1916/1666 2535/1904/1654
f 2537/1905/1655 2549/1917/1667 2548/1915/1665 2536/1903/1653
f 2538/1906/1656 2550/1918/1668 2549/1917/1667 2537/1905/1655
f 2539/1907/1657 2551/1919/1669 2550/1918/1668 2538/1906/1656
f 2540/1908/1658 2552/1920/1670 2551/1919/1669 2539/1907/1657
f 2541/1909/1659 2553/1921/1671 2552/1920/1670 2540/1908/1658
f 2542/1910/1660 2554/1922/1672 2553/1921/1671 2541/1909/1659
f 2543/1911/1661 2555/1923/1673 2554/1922/1672 2542/1910/1660
f 2544/1912/1662 2556/1924/1674 2555/1923/1673 2543/1911/1661
f 2545/1913/1663 2557/1925/1675 2556/1924/1674 2544/1912/1662
f 2546/1914/1664 2558/1926/1676 2557/1925/1675 2545/1913/1663
f 2548/1915/1665 2560/1927/1677 2559/1928/1678 2547/1916/1666
f 2549/1917/1667 2561/1929/1679 2560/1927/1677 2548/1915/1665
f 2550/1918/1668 2562/1930/1680 2561/1929/1679 2549/1917/1667
f 2551/1919/1669 2563/1931/1681 2562/1930/1680 2550/1918/1668
f 2552/1920/1670 2564/1932/1682 2563/1931/1681 2551/1919/1669
f 2553/1921/1671 2565/1933/1683 2564/1932/1682 2552/1920/1670
f 2554/1922/1672 2566/1934/1684 2565/1933/1683 2553/1921/1671
f 2555/1923/1673 2567/1935/1685 2566/1934/1684 2554/1922/1672
f 2556/1924/1674 2568/1936/1686 2567/1935/1685 2555/1923/1673
f 2557/1925/1675 2569/1937/1687 2568/1936/1686 2556/1924/1674
f 2558/1926/1676 2570/1938/1688 2569/1937/1687 2557/1925/1675
f 2560/1927/1677 2572/724/1689 2571/74/1690 2559/1928/1678
f 2561/1929/1679 2573/725/1691 2572/724/1689 2560/1927/1677
f 2562/1930/1680 2574/726/1692 2573/725/1691 2561/1929/1679
f 2563/1931/1681 2575/727/1693 2574/726/1692 2562/1930/1680
f 2564/1932/1682 2576/728/1694 2575/727/1693 2563/1931/1681
f 2565/1933/1683 2577/729/1695 2576/728/1694 2564/1932/1682
f 2566/1934/1684 2578/730/1696 2577/729/1695 2565/1933/1683
f 2567/1935/1685 2579/731/1697 2578/730/1696 2566/1934/1684
f 2568/1936/1686 2580/732/1698 2579/731/1697 2567/1935/1685
f 2569/1937/1687 2581/733/1699 2580/732/1698 2568/1936/1686
f 2570/1938/1688 2582/734/1700 2581/733/1699 2569/1937/1687
f 2572/724/1689 2584/1939/1701 2583/1940/1702 2571/74/1690
f 2573/725/1691 2585/1941/1703 2584/1939/1701 2572/724/1689
f 2574/726/1692 2586/1942/1704 2585/1941/1703 2573/725/1691
f 2575/727/1693 2587/1943/1705 2586/1942/1704 2574/726/1692
f 2576/728/1694 2588/1944/1706 2587/1943/1705 2575/727/1693
f 2577/729/1695 2589/1945/1707 2588/1944/1706 2576/728/1694
f 2578/730/1696 2590/1946/1708 2589/1945/1707 2577/729/1695
f 2579/731/1697 2591/1947/1709 2590/1946/1708 2578/730/1696
f 2580/732/1698 2592/1948/1710 2591/1947/1709 2579/731/1697
f 2581/733/1699 2593/1949/1711 2592/1948/1710 2580/732/1698
f 2582/734/1700 2594/1950/1712 2593/1949/1711 2581/733/1699
f 2584/1939/1701 2596/1571/1713 2595/1572/1714 2583/1940/1702
f 2585/1941/1703 2597/1573/1715 2596/1571/1713 2584/1939/1701
f 2586/1942/1704 2598/1574/1716 2597/1573/1715 2585/1941/1703
f 2587/1943/1705 2599/1575/1717 2598/1574/1716 2586/1942/1704
f 2588/1944/1706 2600/1576/1718 2599/1575/1717 2587/1943/1705
f 2589/1945/1707 2601/1577/1719 2600/1576/1718 2588/1944/1706
f 2590/1946/1708 2602/1578/1720 2601/1577/1719 2589/1945/1707
f 2591/1947/1709 2603/1579/1721 2602/1578/1720 2590/1946/1708
f 2592/1948/1710 2604/1580/1722 2603/1579/1721 2591/1947/1709
f 2593/1949/1711 2605/1581/1723 2604/1580/1722 2592/1948/1710
f 2594/1950/1712 2606/1582/1724 2605/1581/1723 2593/1949/1711
f 2596/1571/1713 2608/1951/1725 2607/1952/1726 2595/1572/1714
f 2597/1573/1715 2609/1953/1727 2608/1951/1725 2596/1571/1713
f 2598/1574/1716 2610/1954/1728 2609/1953/1727 2597/1573/1715
f 2599/1575/1717 2611/1955/1729 2610/1954/1728 2598/1574/1716
f 2600/1576/1718 2612/1956/1730 2611/1955/1729 2599/1575/1717
f 2601/1577/1719 2613/1957/1731 2612/1956/1730 2600/1576/1718
f 2602/1578/1720 2614/1958/1732 2613/1957/1731 2601/1577/1719
f 2603/1579/1721 2615/1959/1733 2614/1958/1732 2602/1578/1720
f 2604/1580/1722 2616/1960/1734 2615/1959/1733 2603/1579/1721
f 2605/1581/1723 2617/1961/1735 2616/1960/1734 2604/1580/1722
f 2606/1582/1724 2618/1962/1736 2617/1961/1735 2605/1581/1723
f 2608/1951/1725 2620/1771/1737 2619/1772/1738 2607/1952/1726
f 2609/1953/1727 2621/1773/1739 2620/1771/1737 2608/1951/1725
f 2610/1954/1728 2622/1774/1740 2621/1773/1739 2609/1953/1727
f 2611/1955/1729 2623/1775/1741 2622/1774/1740 2610/1954/1728
f 2612/1956/1730 2624/1776/1742 2623/1775/1741 2611/1955/1729
f 2613/1957/1731 2625/1777/1743 2624/1776/1742 2612/1956/1730
f 2614/1958/1732 2626/1778/1744 2625/1777/1743 2613/1957/1731
f 2615/1959/1733 2627/1779/1745 2626/1778/1744 2614/1958/1732
f 2616/1960/1734 2628/1780/1746 2627/1779/1745 2615/1959/1733
f 2617/1961/1735 2629/1781/1747 2628/1780/1746 2616/1960/1734
f 2618/1962/1736 2630/1782/1748 2629/1781/1747 2617/1961/1735
f 2620/1771/1737 2632/1963/1749 2631/1964/1750 2619/1772/1738
f 2621/1773/1739 2633/1965/1751 2632/1963/1749 2620/1771/1737
f 2622/1774/1740 2634/1966/1752 2633/1965/1751 2621/1773/1739
f 2623/1775/1741 2635/1967/1753 2634/1966/1752 2622/1774/1740
f 2624/1776/1742 2636/1968/1754 2635/1967/1753 2623/1775/1741
f 2625/1777/1743 2637/1969/1755 2636/1968/1754 2624/1776/1742
f 2626/1778/1744 2638/1970/1756 2637/1969/1755 2625/1777/1743
f 2627/1779/1745 2639/1971/1757 2638/1970/1756 2626/1778/1744
f 2628/1780/1746 2640/1972/1758 2639/1971/1757 2627/1779/1745
f 2629/1781/1747 2641/1973/1759 2640/1972/1758 2628/1780/1746
f 2630/1782/1748 2642/1974/1760 2641/1973/1759 2629/1781/1747
f 2632/1963/1749 2644/1975/1761 2643/1976/1762 2631/1964/1750
f 2633/1965/1751 2645/1977/1763 2644/1975/1761 2632/1963/1749
f 2634/1966/1752 2646/1978/1764 2645/1977/1763 2633/1965/1751
f 2635/1967/1753 2647/1979/1765 2646/1978/1764 2634/1966/1752
f 2636/1968/1754 2648/1980/1766 2647/1979/1765 2635/1967/1753
f 2637/1969/1755 2649/1981/1767 2648/1980/1766 2636/1968/1754
f 2638/1970/1756 2650/1982/1768 2649/1981/1767 2637/1969/1755
f 2639/1971/1757 2651/1983/1769 2650/1982/1768 2638/1970/1756
f 2640/1972/1758 2652/1984/1770 2651/1983/1769 2639/1971/1757
f 2641/1973/1759 2653/1985/1771 2652/1984/1770 2640/1972/1758
f 2642/1974/1760 2654/1986/1772 2653/1985/1771 2641/1973/1759
f 2644/1975/1761 2656/1987/1773 2655/1988/1774 2643/1976/1762
f 2645/1977/1763 2657/1989/1775 2656/1987/1773 2644/1975/1761
f 2646/1978/1764 2658/1990/1776 2657/1989/1775 2645/1977/1763
f 2647/1979/1765 2659/1991/1777 2658/1990/1776 2646/1978/1764
f 2648/1980/1766 2660/1992/1778 2659/1991/1777 2647/1979/1765
f 2649/1981/1767 2661/1993/1779 2660/1992/1778 2648/1980/1766
f 2650/1982/1768 2662/1994/1780 2661/1993/1779 2649/1981/1767
f 2651/1983/1769 2663/1995/1781 2662/1994/1780 2650/1982/1768
f 2652/1984/1770 2664/1996/1782 2663/1995/1781 2651/1983/1769
f 2653/1985/1771 2665/1997/1783 2664/1996/1782 2652/1984/1770
f 2654/1986/1772 2666/1998/1784 2665/1997/1783 2653/1985/1771
f 2656/1987/1773 2668/927/1785 2667/106/1786 2655/1988/1774
f 2657/1989/1775 2669/928/1787 2668/927/1785 2656/1987/1773
f 2658/1990/1776 2670/929/1788 2669/928/1787 2657/1989/1775
f 2659/1991/1777 2671/930/1789 2670/929/1788 2658/1990/1776
f 2660/1992/1778 2672/931/1790 2671/930/1789 2659/1991/1777
f 2661/1993/1779 2673/932/1791 2672/931/1790 2660/1992/1778
f 2662/1994/1780 2674/933/1792 2673/932/1791 2661/1993/1779
f 2663/1995/1781 2675/934/1793 2674/933/1792 2662/1994/1780
f 2664/1996/1782 2676/935/1794 2675/934/1793 2663/1995/1781
f 2665/1997/1783 2677/936/1795 2676/935/1794 2664/1996/1782
f 2666/1998/1784 2678/937/1796 2677/936/1795 2665/1997/1783
f 2668/927/1785 2680/1999/1797 2679/2000/1798 2667/106/1786
f 2669/928/1787 2681/2001/1799 2680/1999/1797 2668/927/1785
f 2670/929/1788 2682/2002/1800 2681/2001/1799 2669/928/1787
f 2671/930/1789 2683/2003/1801 2682/2002/1800 2670/929/1788
f 2672/931/1790 2684/2004/1802 2683/2003/1801 2671/930/1789
f 2673/932/1791 2685/2005/1803 2684/2004/1802 2672/931/1790
f 2674/933/1792 2686/2006/1804 2685/2005/1803 2673/932/1791
f 2675/934/1793 2687/2007/1805 2686/2006/1804 2674/933/1792
f 2676/935/1794 2688/2008/1806 2687/2007/1805 2675/934/1793
f 2677/936/1795 2689/2009/1807 2688/2008/1806 2676/935/1794
f 2678/937/1796 2690/2010/1808 2689/2009/1807 2677/936/1795
f 2680/1999/1797 2692/2011/1809 2691/2012/1810 2679/2000/1798
f 2681/2001/1799 2693/2013/1811 2692/2011/1809 2680/1999/1797
f 2682/2002/1800 2694/2014/1812 2693/2013/1811 2681/2001/1799
f 2683/2003/1801 2695/2015/1813 2694/2014/1812 2682/2002/1800
f 2684/2004/1802 2696/2016/1814 2695/2015/1813 2683/2003/1801
f 2685/2005/1803 2697/2017/1815 2696/2016/1814 2684/2004/1802
f 2686/2006/1804 2698/2018/1816 2697/2017/1815 2685/2005/1803
f 2687/2007/1805 2699/2019/1817 2698/2018/1816 2686/2006/1804
f 2688/2008/1806 2700/2020/1818 2699/2019/1817 2687/2007/1805
f 2689/2009/1807 2701/2021/1819 2700/2020/1818 2688/2008/1806
f 2690/2010/1808 2702/2022/1820 2701/2021/1819 2689/2009/1807
f 2692/2011/1809 2704/2023/1821 2703/2024/1822 2691/2012/1810
f 2693/2013/1811 2705/2025/1823 2704/2023/1821 2692/2011/1809
f 2694/2014/1812 2706/2026/1824 2705/2025/1823 2693/2013/1811
f 2695/2015/1813 2707/2027/1825 2706/2026/1824 2694/2014/1812
f 2696/2016/1814 2708/2028/1826 2707/2027/1825 2695/2015/1813
f 2697/2017/1815 2709/2029/1827 2708/2028/1826 2696/2016/1814
f 2698/2018/1816 2710/2030/1828 2709/2029/1827 2697/2017/1815
f 2699/2019/1817 2711/2031/1829 2710/2030/1828 2698/2018/1816
f 2700/2020/1818 2712/2032/1830 2711/2031/1829 2699/2019/1817
f 2701/2021/1819 2713/2033/1831 2712/2032/1830 2700/2020/1818
f 2702/2022/1820 2714/2034/1832 2713/2033/1831 2701/2021/1819
f 2704/2023/1821 2716/1783/1833 2715/1784/1834 2703/2024/1822
f 2705/2025/1823 2717/1785/1835 2716/1783/1833 2704/2023/1821
f 2706/2026/1824 2718/1786/1836 2717/1785/1835 2705/2025/1823
f 2707/2027/1825 2719/1787/1837 2718/1786/1836 2706/2026/1824
f 2708/2028/1826 2720/1788/1838 2719/1787/1837 2707/2027/1825
f 2709/2029/1827 2721/1789/1839 2720/1788/1838 2708/2028/1826
f 2710/2030/1828 2722/1790/1840 2721/1789/1839 2709/2029/1827
f 2711/2031/1829 2723/1791/1841 2722/1790/1840 2710/2030/1828
f 2712/2032/1830 2724/1792/1842 2723/1791/1841 2711/2031/1829
f 2713/2033/1831 2725/1793/1843 2724/1792/1842 2712/2032/1830
f 2714/2034/1832 2726/1794/1844 2725/1793/1843 2713/2033/1831
f 2716/1783/1833 2728/2035/1845 2727/2036/1846 2715/1784/1834
f 2717/1785/1835 2729/2037/1847 2728/2035/1845 2716/1783/1833
f 2718/1786/1836 2730/2038/1848 2729/2037/1847 2717/1785/1835
f 2719/1787/1837 2731/2039/1849 2730/2038/1848 2718/1786/1836
f 2720/1788/1838 2732/2040/1850 2731/2039/1849 2719/1787/1837
f 2721/1789/1839 2733/2041/1851 2732/2040/1850 2720/1788/1838
f 2722/1790/1840 2734/2042/1852 2733/2041/1851 2721/1789/1839
f 2723/1791/1841 2735/2043/1853 2734/2042/1852 2722/1790/1840
f 2724/1792/1842 2736/2044/1854 2735/2043/1853 2723/1791/1841
f 2725/1793/1843 2737/2045/1855 2736/2044/1854 2724/1792/1842
f 2726/1794/1844 2738/2046/1856 2737/2045/1855 2725/1793/1843
f 2728/2035/1845 2740/1583/1857 2739/1584/1858 2727/2036/1846
f 2729/2037/1847 2741/1585/1859 2740/1583/1857 2728/2035/1845
f 2730/2038/1848 2742/1586/1860 2741/1585/1859 2729/2037/1847
f 2731/2039/1849 2743/1587/1861 2742/1586/1860 2730/2038/1848
f 2732/2040/1850 2744/1588/1862 2743/1587/1861 2731/2039/1849
f 2733/2041/1851 2745/1589/1863 2744/1588/1862 2732/2040/1850
f 2734/2042/1852 2746/1590/1864 2745/1589/1863 2733/2041/1851
f 2735/2043/1853 2747/1591/1865 2746/1590/1864 2734/2042/1852
f 2736/2044/1854 2748/1592/1866 2747/1591/1865 2735/2043/1853
f 2737/2045/1855 2749/1593/1867 2748/1592/1866 2736/2044/1854
f 2738/2046/1856 2750/1594/1868 2749/1593/1867 2737/2045/1855
f 2740/1583/1857 2752/2047/1869 2751/2048/1870 2739/1584/1858
f 2741/1585/1859 2753/2049/1871 2752/2047/1869 2740/1583/1857
f 2742/1586/1860 2754/2050/1872 2753/2049/1871 2741/1585/1859
f 2743/1587/1861 2755/2051/1873 2754/2050/1872 2742/1586/1860
f 2744/1588/1862 2756/2052/1874 2755/2051/1873 2743/1587/1861
f 2745/1589/1863 2757/2053/1875 2756/2052/1874 2744/1588/1862
f 2746/1590/1864 2758/2054/1876 2757/2053/1875 2745/1589/1863
f 2747/1591/1865 2759/2055/1877 2758/2054/1876 2746/1590/1864
f 2748/1592/1866 2760/2056/1878 2759/2055/1877 2747/1591/1865
f 2749/1593/1867 2761/2057/1879 2760/2056/1878 2748/1592/1866
f 2750/1594/1868 2762/2058/1880 2761/2057/1879 2749/1593/1867
f 2752/2047/1869 2764/1130/1881 2763/50/1882 2751/2048/1870
f 2753/2049/1871 2765/1131/1883 2764/1130/1881 2752/2047/1869
f 2754/2050/1872 2766/1132/1884 2765/1131/1883 2753/2049/1871
f 2755/2051/1873 2767/1133/1885 2766/1132/1884 2754/2050/1872
f 2756/2052/1874 2768/1134/1886 2767/1133/1885 2755/2051/1873
f 2757/2053/1875 2769/1135/1887 2768/1134/1886 2756/2052/1874
f 2758/2054/1876 2770/1136/1888 2769/1135/1887 2757/2053/1875
f 2759/2055/1877 2771/1137/1889 2770/1136/1888 2758/2054/1876
f 2760/2056/1878 2772/1138/1890 2771/1137/1889 2759/2055/1877
f 2761/2057/1879 2773/1139/1891 2772/1138/1890 2760/2056/1878
f 2762/2058/1880 2774/1140/1892 2773/1139/1891 2761/2057/1879
f 2764/1130/1881 2776/2059/1893 2775/2060/1894 2763/50/1882
f 2765/1131/1883 2777/2061/1895 2776/2059/1893 2764/1130/1881
f 2766/1132/1884 2778/2062/1896 2777/2061/1895 2765/1131/1883
f 2767/1133/1885 2779/2063/1897 2778/2062/1896 2766/1132/1884
f 2768/1134/1886 2780/2064/1898 2779/2063/1897 2767/1133/1885
f 2769/1135/1887 2781/2065/1899 2780/2064/1898 2768/1134/1886
f 2770/1136/1888 2782/2066/1900 2781/2065/1899 2769/1135/1887
f 2771/1137/1889 2783/2067/1901 2782/2066/1900 2770/1136/1888
f 2772/1138/1890 2784/2068/1902 2783/2067/1901 2771/1137/1889
f 2773/1139/1891 2785/2069/1903 2784/2068/1902 2772/1138/1890
f 2774/1140/1892 2786/2070/1904 2785/2069/1903 2773/1139/1891
f 2776/2059/1893 2788/2071/1905 2787/2072/1906 2775/2060/1894
f 2777/2061/1895 2789/2073/1907 2788/2071/1905 2776/2059/1893
f 2778/2062/1896 2790/2074/1908 2789/2073/1907 2777/2061/1895
f 2779/2063/1897 2791/2075/1909 2790/2074/1908 2778/2062/1896
f 2780/2064/1898 2792/2076/1910 2791/2075/1909 2779/2063/1897
f 2781/2065/1899 2793/2077/1911 2792/2076/1910 2780/2064/1898
f 2782/2066/1900 2794/2078/1912 2793/2077/1911 2781/2065/1899
f 2783/2067/1901 2795/2079/1913 2794/2078/1912 2782/2066/1900
f 2784/2068/1902 2796/2080/1914 2795/2079/1913 2783/2067/1901
f 2785/2069/1903 2797/2081/1915 2796/2080/1914 2784/2068/1902
f 2786/2070/1904 2798/2082/1916 2797/2081/1915 2785/2069/1903
f 2788/2071/1905 2800/2083/1917 2799/2084/1918 2787/2072/1906
f 2789/2073/1907 2801/2085/1919 2800/2083/1917 2788/2071/1905
f 2790/2074/1908 2802/2086/1920 2801/2085/1919 2789/2073/1907
f 2791/2075/1909 2803/2087/1921 2802/2086/1920 2790/2074/1908
f 2792/2076/1910 2804/2088/1922 2803/2087/1921 2791/2075/1909
f 2793/2077/1911 2805/2089/1923 2804/2088/1922 2792/2076/1910
f 2794/2078/1912 2806/2090/1924 2805/2089/1923 2793/2077/1911
f 2795/2079/1913 2807/2091/1925 2806/2090/1924 2794/2078/1912
f 2796/2080/1914 2808/2092/1926 2807/2091/1925 2795/2079/1913
f 2797/2081/1915 2809/2093/1927 2808/2092/1926 2796/2080/1914
f 2798/2082/1916 2810/2094/1928 2809/2093/1927 2797/2081/1915
f 2800/2083/1917 2812/1595/1929 2811/1596/1930 2799/2084/1918
f 2801/2085/1919 2813/1597/1931 2812/1595/1929 2800/2083/1917
f 2802/2086/1920 2814/1598/1932 2813/1597/1931 2801/2085/1919
f 2803/2087/1921 2815/1599/1933 2814/1598/1932 2802/2086/1920
f 2804/2088/1922 2816/1600/1934 2815/1599/1933 2803/2087/1921
f 2805/2089/1923 2817/1601/1935 2816/1600/1934 2804/2088/1922
f 2806/2090/1924 2818/1602/1936 2817/1601/1935 2805/2089/1923
f 2807/2091/1925 2819/1603/1937 2818/1602/1936 2806/2090/1924
f 2808/2092/1926 2820/1604/1938 2819/1603/1937 2807/2091/1925
f 2809/2093/1927 2821/1605/1939 2820/1604/1938 2808/2092/1926
f 2810/2094/1928 2822/1606/1940 2821/1605/1939 2809/2093/1927
f 2812/1595/1929 2824/2095/1941 2823/2096/1942 2811/1596/1930
f 2813/1597/1931 2825/2097/1943 2824/2095/1941 2812/1595/1929
f 2814/1598/1932 2826/2098/1944 2825/2097/1943 2813/1597/1931
f 2815/1599/1933 2827/2099/1945 2826/2098/1944 2814/1598/1932
f 2816/1600/1934 2828/2100/1946 2827/2099/1945 2815/1599/1933
f 2817/1601/1935 2829/2101/1947 2828/2100/1946 2816/1600/1934
f 2818/1602/1936 2830/2102/1948 2829/2101/1947 2817/1601/1935
f 2819/1603/1937 2831/2103/1949 2830/2102/1948 2818/1602/1936
f 2820/1604/1938 2832/2104/1950 2831/2103/1949 2819/1603/1937
f 2821/1605/1939 2833/2105/1951 2832/2104/1950 2820/1604/1938
f 2822/1606/1940 2834/2106/1952 2833/2105/1951 2821/1605/1939
f 2824/2095/1941 2836/2107/1953 2835/2108/1954 2823/2096/1942
f 2825/2097/1943 2837/2109/1955 2836/2107/1953 2824/2095/1941
f 2826/2098/1944 2838/2110/1956 2837/2109/1955 2825/2097/1943
f 2827/2099/1945 2839/2111/1957 2838/2110/1956 2826/2098/1944
f 2828/2100/1946 2840/2112/1958 2839/2111/1957 2827/2099/1945
f 2829/2101/1947 2841/2113/1959 2840/2112/1958 2828/2100/1946
f 2830/2102/1948 2842/2114/1960 2841/2113/1959 2829/2101/1947
f 2831/2103/1949 2843/2115/1961 2842/2114/1960 2830/2102/1948
f 2832/2104/1950 2844/2116/1962 2843/2115/1961 2831/2103/1949
f 2833/2105/1951 2845/2117/1963 2844/2116/1962 2832/2104/1950
f 2834/2106/1952 2846/2118/1964 2845/2117/1963 2833/2105/1951
f 2836/2107/1953 2848/2119/1965 2847/2120/1966 2835/2108/1954
f 2837/2109/1955 2849/2121/1967 2848/2119/1965 2836/2107/1953
f 2838/2110/1956 2850/2122/1968 2849/2121/1967 2837/2109/1955
f 2839/2111/1957 2851/2123/1969 2850/2122/1968 2838/2110/1956
f 2840/2112/1958 2852/2124/1970 2851/2123/1969 2839/2111/1957
f 2841/2113/1959 2853/2125/1971 2852/2124/1970 2840/2112/1958
f 2842/2114/1960 2854/2126/1972 2853/2125/1971 2841/2113/1959
f 2843/2115/1961 2855/2127/1973 2854/2126/1972 2842/2114/1960
f 2844/2116/1962 2856/2128/1974 2855/2127/1973 2843/2115/1961
f 2845/2117/1963 2857/2129/1975 2856/2128/1974 2844/2116/1962
f 2846/2118/1964 2858/2130/1976 2857/2129/1975 2845/2117/1963
f 2848/2119/1965 2860/1333/1977 2859/107/1978 2847/2120/1966
f 2849/2121/1967 2861/1334/1979 2860/1333/1977 2848/2119/1965
f 2850/2122/1968 2862/1335/1980 2861/1334/1979 2849/2121/1967
f 2851/2123/1969 2863/1336/1981 2862/1335/1980 2850/2122/1968
f 2852/2124/1970 2864/1337/1982 2863/1336/1981 2851/2123/1969
f 2853/2125/1971 2865/1338/1983 2864/1337/1982 2852/2124/1970
f 2854/2126/1972 2866/1339/1984 2865/1338/1983 2853/2125/1971
f 2855/2127/1973 2867/1340/1985 2866/1339/1984 2854/2126/1972
f 2856/2128/1974 2868/1341/1986 2867/1340/1985 2855/2127/1973
f 2857/2129/1975 2869/1342/1987 2868/1341/1986 2856/2128/1974
f 2858/2130/1976 2870/1343/1988 2869/1342/1987 2857/2129/1975
f 2860/1333/1977 2872/2131/1989 2871/2132/1990 2859/107/1978
f 2861/1334/1979 2873/2133/1991 2872/2131/1989 2860/1333/1977
f 2862/1335/1980 2874/2134/1992 2873/2133/1991 2861/1334/1979
f 2863/1336/1981 2875/2135/1993 2874/2134/1992 2862/1335/1980
f 2864/1337/1982 2876/2136/1994 2875/2135/1993 2863/1336/1981
f 2865/1338/1983 2877/2137/1995 2876/2136/1994 2864/1337/1982
f 2866/1339/1984 2878/2138/1996 2877/2137/1995 2865/1338/1983
f 2867/1340/1985 2879/2139/1997 2878/2138/1996 2866/1339/1984
f 2868/1341/1986 2880/2140/1998 2879/2139/1997 2867/1340/1985
f 2869/1342/1987 2881/2141/1999 2880/2140/1998 2868/1341/1986
f 2870/1343/1988 2882/2142/2000 2881/2141/1999 2869/1342/1987
f 2872/2131/1989 2884/1607/2001 2883/1608/2002 2871/2132/1990
f 2873/2133/1991 2885/1609/2003 2884/1607/2001 2872/2131/1989
f 2874/2134/1992 2886/1610/2004 2885/1609/2003 2873/2133/1991
f 2875/2135/1993 2887/1611/2005 2886/1610/2004 2874/2134/1992
f 2876/2136/1994 2888/1612/2006 2887/1611/2005 2875/2135/1993
f 2877/2137/1995 2889/1613/2007 2888/1612/2006 2876/2136/1994
f 2878/2138/1996 2890/1614/2008 2889/1613/2007 2877/2137/1995
f 2879/2139/1997 2891/1615/2009 2890/1614/2008 2878/2138/1996
f 2880/2140/1998 2892/1616/2010 2891/1615/2009 2879/2139/1997
f 2881/2141/1999 2893/1617/2011 2892/1616/2010 2880/2140/1998
f 2882/2142/2000 2894/1618/2012 2893/1617/2011 2881/2141/1999
f 2884/1607/2001 2896/2143/2013 2895/2144/2014 2883/1608/2002
f 2885/1609/2003 2897/2145/2015 2896/2143/2013 2884/1607/2001
f 2886/1610/2004 2898/2146/2016 2897/2145/2015 2885/1609/2003
f 2887/1611/2005 2899/2147/2017 2898/2146/2016 2886/1610/2004
f 2888/1612/2006 2900/2148/2018 2899/2147/2017 2887/1611/2005
f 2889/1613/2007 2901/2149/2019 2900/2148/2018 2888/1612/2006
f 2890/1614/2008 2902/2150/2020 2901/2149/2019 2889/1613/2007
f 2891/1615/2009 2903/2151/2021 2902/2150/2020 2890/1614/2008
f 2892/1616/2010 2904/2152/2022 2903/2151/2021 2891/1615/2009
f 2893/1617/2011 2905/2153/2023 2904/2152/2022 2892/1616/2010
f 2894/1618/2012 2906/2154/2024 2905/2153/2023 2893/1617/2011
f 2896/2143/2013 2908/1795/2025 2907/1796/2026 2895/2144/2014
f 2897/2145/2015 2909/1797/2027 2908/1795/2025 2896/2143/2013
f 2898/2146/2016 2910/1798/2028 2909/1797/2027 2897/2145/2015
f 2899/2147/2017 2911/1799/2029 2910/1798/2028 2898/2146/2016
f 2900/2148/2018 2912/1800/2030 2911/1799/2029 2899/2147/2017
f 2901/2149/2019 2913/1801/2031 2912/1800/2030 2900/2148/2018
f 2902/2150/2020 2914/1802/2032 2913/1801/2031 2901/2149/2019
f 2903/2151/2021 2915/1803/2033 2914/1802/2032 2902/2150/2020
f 2904/2152/2022 2916/1804/2034 2915/1803/2033 2903/2151/2021
f 2905/2153/2023 2917/1805/2035 2916/1804/2034 2904/2152/2022
f 2906/2154/2024 2918/1806/2036 2917/1805/2035 2905/2153/2023
f 2908/1795/2025 2920/2155/2037 2919/2156/2038 2907/1796/2026
f 2909/1797/2027 2921/2157/2039 2920/2155/2037 2908/1795/2025
f 2910/1798/2028 2922/2158/2040 2921/2157/2039 2909/1797/2027
f 2911/1799/2029 2923/2159/2041 2922/2158/2040 2910/1798/2028
f 2912/1800/2030 2924/2160/2042 2923/2159/2041 2911/1799/2029
f 2913/1801/2031 2925/2161/2043 2924/2160/2042 2912/1800/2030
f 2914/1802/2032 2926/2162/2044 2925/2161/2043 2913/1801/2031
f 2915/1803/2033 2927/2163/2045 2926/2162/2044 2914/1802/2032
f 2916/1804/2034 2928/2164/2046 2927/2163/2045 2915/1803/2033
f 2917/1805/2035 2929/2165/2047 2928/2164/2046 2916/1804/2034
f 2918/1806/2036 2930/2166/2048 2929/2165/2047 2917/1805/2035
f 2920/2155/2037 2932/2167/2049 2931/2168/412 2919/2156/2038
f 2921/2157/2039 2933/2169/2050 2932/2167/2049 2920/2155/2037
f 2922/2158/2040 2934/2170/2051 2933/2169/2050 2921/2157/2039
f 2923/2159/2041 2935/2171/2052 2934/2170/2051 2922/2158/2040
f 2924/2160/2042 2936/2172/2053 2935/2171/2052 2923/2159/2041
f 2925/2161/2043 2937/2173/2054 2936/2172/2053 2924/2160/2042
f 2926/2162/2044 2938/2174/2055 2937/2173/2054 2925/2161/2043
f 2927/2163/2045 2939/2175/2056 2938/2174/2055 2926/2162/2044
f 2928/2164/2046 2940/2176/2057 2939/2175/2056 2927/2163/2045
f 2929/2165/2047 2941/2177/2058 2940/2176/2057 2928/2164/2046
f 2930/2166/2048 2942/2178/422 2941/2177/2058 2929/2165/2047
f 2932/2167/2049 2944/2179/2059 2943/2180/2060 2931/2168/412
f 2933/2169/2050 2945/2181/2061 2944/2179/2059 2932/2167/2049
f 2934/2170/2051 2946/2182/2062 2945/2181/2061 2933/2169/2050
f 2935/2171/2052 2947/2183/2063 2946/2182/2062 2934/2170/2051
f 2936/2172/2053 2948/2184/2064 2947/2183/2063 2935/2171/2052
f 2937/2173/2054 2949/2185/2065 2948/2184/2064 2936/2172/2053
f 2938/2174/2055 2950/2186/2066 2949/2185/2065 2937/2173/2054
f 2939/2175/2056 2951/2187/2067 2950/2186/2066 2938/2174/2055
f 2940/2176/2057 2952/2188/2068 2951/2187/2067 2939/2175/2056
f 2941/2177/2058 2953/2189/2069 2952/2188/2068 2940/2176/2057
f 2942/2178/422 2954/2190/2070 2953/2189/2069 2941/2177/2058
f 2944/2179/2059 2380/1536/1497 2379/14/1500 2943/2180/2060
f 2945/2181/2061 2381/1537/1501 2380/1536/1497 2944/2179/2059
f 2946/2182/2062 2382/1538/1503 2381/1537/1501 2945/2181/2061
f 2947/2183/2063 2383/1539/1505 2382/1538/1503 2946/2182/2062
f 2948/2184/2064 2384/1540/1507 2383/1539/1505 2947/2183/2063
f 2949/2185/2065 2385/1541/1509 2384/1540/1507 2948/2184/2064
f 2950/2186/2066 2386/1542/1511 2385/1541/1509 2949/2185/2065
f 2951/2187/2067 2387/1543/1513 2386/1542/1511 2950/2186/2066
f 2952/2188/2068 2388/1544/1515 2387/1543/1513 2951/2187/2067
f 2953/2189/2069 2389/1545/1517 2388/1544/1515 2952/2188/2068
f 2954/2190/2070 2390/1546/1519 2389/1545/1517 2953/2189/2069
f 2956/318/2071 2968/1807/2072 2967/1808/2073 2955/5/2074
f 2957/321/2075 2969/1809/2076 2968/1807/2072 2956/318/2071
f 2958/323/2077 2970/1810/2078 2969/1809/2076 2957/321/2075
f 2959/325/2079 2971/1811/2080 2970/1810/2078 2958/323/2077
f 2960/327/2081 2972/1812/2082 2971/1811/2080 2959/325/2079
f 2961/329/2083 2973/1813/2084 2972/1812/2082 2960/327/2081
f 2962/331/2085 2974/1814/2086 2973/1813/2084 2961/329/2083
f 2963/333/2087 2975/1815/2088 2974/1814/2086 2962/331/2085
f 2964/335/2089 2976/1816/2090 2975/1815/2088 2963/333/2087
f 2965/337/2091 2977/1817/2092 2976/1816/2090 2964/335/2089
f 2966/339/2093 2978/1818/2094 2977/1817/2092 2965/337/2091
f 2968/1807/2072 2980/1819/2095 2979/1820/388 2967/1808/2073
f 2969/1809/2076 2981/1821/2096 2980/1819/2095 2968/1807/2072
f 2970/1810/2078 2982/1822/2097 2981/1821/2096 2969/1809/2076
f 2971/1811/2080 2983/1823/2098 2982/1822/2097 2970/1810/2078
f 2972/1812/2082 2984/1824/2099 2983/1823/2098 2971/1811/2080
f 2973/1813/2084 2985/1825/2100 2984/1824/2099 2972/1812/2082
f 2974/1814/2086 2986/1826/2101 2985/1825/2100 2973/1813/2084
f 2975/1815/2088 2987/1827/2102 2986/1826/2101 2974/1814/2086
f 2976/1816/2090 2988/1828/2103 2987/1827/2102 2975/1815/2088
f 2977/1817/2092 2989/1829/2104 2988/1828/2103 2976/1816/2090
f 2978/1818/2094 2990/1830/398 2989/1829/2104 2977/1817/2092
f 2980/1819/2095 2992/1831/2105 2991/1832/2106 2979/1820/388
f 2981/1821/2096 2993/1833/2107 2992/1831/2105 2980/1819/2095
f 2982/1822/2097 2994/1834/2108 2993/1833/2107 2981/1821/2096
f 2983/1823/2098 2995/1835/2109 2994/1834/2108 2982/1822/2097
f 2984/1824/2099 2996/1836/2110 2995/1835/2109 2983/1823/2098
f 2985/1825/2100 2997/1837/2111 2996/1836/2110 2984/1824/2099
f 2986/1826/2101 2998/1838/2112 2997/1837/2111 2985/1825/2100
f 2987/1827/2102 2999/1839/2113 2998/1838/2112 2986/1826/2101
f 2988/1828/2103 3000/1840/2114 2999/1839/2113 2987/1827/2102
f 2989/1829/2104 3001/1841/2115 3000/1840/2114 2988/1828/2103
f 2990/1830/398 3002/1842/2116 3001/1841/2115 2989/1829/2104
f 2992/1831/2105 3004/1759/2117 3003/1760/2118 2991/1832/2106
f 2993/1833/2107 3005/1761/2119 3004/1759/2117 2992/1831/2105
f 2994/1834/2108 3006/1762/2120 3005/1761/2119 2993/1833/2107
f 2995/1835/2109 3007/1763/2121 3006/1762/2120 2994/1834/2108
f 2996/1836/2110 3008/1764/2122 3007/1763/2121 2995/1835/2109
f 2997/1837/2111 3009/1765/2123 3008/1764/2122 2996/1836/2110
f 2998/1838/2112 3010/1766/2124 3009/1765/2123 2997/1837/2111
f 2999/1839/2113 3011/1767/2125 3010/1766/2124 2998/1838/2112
f 3000/1840/2114 3012/1768/2126 3011/1767/2125 2999/1839/2113
f 3001/1841/2115 3013/1769/2127 3012/1768/2126 3000/1840/2114
f 3002/1842/2116 3014/1770/2128 3013/1769/2127 3001/1841/2115
f 3004/1759/2117 3016/1843/2129 3015/1844/2130 3003/1760/2118
f 3005/1761/2119 3017/1845/2131 3016/1843/2129 3004/1759/2117
f 3006/1762/2120 3018/1846/2132 3017/1845/2131 3005/1761/2119
f 3007/1763/2121 3019/1847/2133 3018/1846/2132 3006/1762/2120
f 3008/1764/2122 3020/1848/2134 3019/1847/2133 3007/1763/2121
f 3009/1765/2123 3021/1849/2135 3020/1848/2134 3008/1764/2122
f 3010/1766/2124 3022/1850/2136 3021/1849/2135 3009/1765/2123
f 3011/1767/2125 3023/1851/2137 3022/1850/2136 3010/1766/2124
f 3012/1768/2126 3024/1852/2138 3023/1851/2137 3011/1767/2125
f 3013/1769/2127 3025/1853/2139 3024/1852/2138 3012/1768/2126
f 3014/1770/2128 3026/1854/2140 3025/1853/2139 3013/1769/2127
f 3016/1843/2129 3028/1547/2141 3027/1548/2142 3015/1844/2130
f 3017/1845/2131 3029/1549/2143 3028/1547/2141 3016/1843/2129
f 3018/1846/2132 3030/1550/2144 3029/1549/2143 3017/1845/2131
f 3019/1847/2133 3031/1551/2145 3030/1550/2144 3018/1846/2132
f 3020/1848/2134 3032/1552/2146 3031/1551/2145 3019/1847/2133
f 3021/1849/2135 3033/1553/2147 3032/1552/2146 3020/1848/2134
f 3022/1850/2136 3034/1554/2148 3033/1553/2147 3021/1849/2135
f 3023/1851/2137 3035/1555/2149 3034/1554/2148 3022/1850/2136
f 3024/1852/2138 3036/1556/2150 3035/1555/2149 3023/1851/2137
f 3025/1853/2139 3037/1557/2151 3036/1556/2150 3024/1852/2138
f 3026/1854/2140 3038/1558/2152 3037/1557/2151 3025/1853/2139
f 3028/1547/2141 3040/1855/2153 3039/1856/2154 3027/1548/2142
f 3029/1549/2143 3041/1857/2155 3040/1855/2153 3028/1547/2141
f 3030/1550/2144 3042/1858/2156 3041/1857/2155 3029/1549/2143
f 3031/1551/2145 3043/1859/2157 3042/1858/2156 3030/1550/2144
f 3032/1552/2146 3044/1860/2158 3043/1859/2157 3031/1551/2145
f 3033/1553/2147 3045/1861/2159 3044/1860/2158 3032/1552/2146
f 3034/1554/2148 3046/1862/2160 3045/1861/2159 3033/1553/2147
f 3035/1555/2149 3047/1863/2161 3046/1862/2160 3034/1554/2148
f 3036/1556/2150 3048/1864/2162 3047/1863/2161 3035/1555/2149
f 3037/1557/2151 3049/1865/2163 3048/1864/2162 3036/1556/2150
f 3038/1558/2152 3050/1866/2164 3049/1865/2163 3037/1557/2151
f 3040/1855/2153 3052/521/2165 3051/105/2166 3039/1856/2154
f 3041/1857/2155 3053/522/2167 3052/521/2165 3040/1855/2153
f 3042/1858/2156 3054/523/2168 3053/522/2167 3041/1857/2155
f 3043/1859/2157 3055/524/2169 3054/523/2168 3042/1858/2156
f 3044/1860/2158 3056/525/2170 3055/524/2169 3043/1859/2157
f 3045/1861/2159 3057/526/2171 3056/525/2170 3044/1860/2158
f 3046/1862/2160 3058/527/2172 3057/526/2171 3045/1861/2159
f 3047/1863/2161 3059/528/2173 3058/527/2172 3046/1862/2160
f 3048/1864/2162 3060/529/2174 3059/528/2173 3047/1863/2161
f 3049/1865/2163 3061/530/2175 3060/529/2174 3048/1864/2162
f 3050/1866/2164 3062/531/2176 3061/530/2175 3049/1865/2163
f 3052/521/2165 3064/1867/2177 3063/1868/2178 3051/105/2166
f 3053/522/2167 3065/1869/2179 3064/1867/2177 3052/521/2165
f 3054/523/2168 3066/1870/2180 3065/1869/2179 3053/522/2167
f 3055/524/2169 3067/1871/2181 3066/1870/2180 3054/523/2168
f 3056/525/2170 3068/1872/2182 3067/1871/2181 3055/524/2169
f 3057/526/2171 3069/1873/2183 3068/1872/2182 3056/525/2170
f 3058/527/2172 3070/1874/2184 3069/1873/2183 3057/526/2171
f 3059/528/2173 3071/1875/2185 3070/1874/2184 3058/527/2172
f 3060/529/2174 3072/1876/2186 3071/1875/2185 3059/528/2173
f 3061/530/2175 3073/1877/2187 3072/1876/2186 3060/529/2174
f 3062/531/2176 3074/1878/2188 3073/1877/2187 3061/530/2175
f 3064/1867/2177 3076/1879/2189 3075/1880/1930 3063/1868/2178
f 3065/1869/2179 3077/1881/2190 3076/1879/2189 3064/1867/2177
f 3066/1870/2180 3078/1882/2191 3077/1881/2190 3065/1869/2179
f 3067/1871/2181 3079/1883/2192 3078/1882/2191 3066/1870/2180
f 3068/1872/2182 3080/1884/2193 3079/1883/2192 3067/1871/2181
f 3069/1873/2183 3081/1885/2194 3080/1884/2193 3068/1872/2182
f 3070/1874/2184 3082/1886/2195 3081/1885/2194 3069/1873/2183
f 3071/1875/2185 3083/1887/2196 3082/1886/2195 3070/1874/2184
f 3072/1876/2186 3084/1888/2197 3083/1887/2196 3071/1875/2185
f 3073/1877/2187 3085/1889/2198 3084/1888/2197 3072/1876/2186
f 3074/1878/2188 3086/1890/1940 3085/1889/2198 3073/1877/2187
f 3076/1879/2189 3088/1891/2199 3087/1892/1918 3075/1880/1930
f 3077/1881/2190 3089/1893/2200 3088/1891/2199 3076/1879/2189
f 3078/1882/2191 3090/1894/2201 3089/1893/2200 3077/1881/2190
f 3079/1883/2192 3091/1895/2202 3090/1894/2201 3078/1882/2191
f 3080/1884/2193 3092/1896/2203 3091/1895/2202 3079/1883/2192
f 3081/1885/2194 3093/1897/2204 3092/1896/2203 3080/1884/2193
f 3082/1886/2195 3094/1898/2205 3093/1897/2204 3081/1885/2194
f 3083/1887/2196 3095/1899/2206 3094/1898/2205 3082/1886/2195
f 3084/1888/2197 3096/1900/2207 3095/1899/2206 3083/1887/2196
f 3085/1889/2198 3097/1901/2208 3096/1900/2207 3084/1888/2197
f 3086/1890/1940 3098/1902/1928 3097/1901/2208 3085/1889/2198
f 3088/1891/2199 3100/1559/2209 3099/1560/2210 3087/1892/1918
f 3089/1893/2200 3101/1561/2211 3100/1559/2209 3088/1891/2199
f 3090/1894/2201 3102/1562/2212 3101/1561/2211 3089/1893/2200
f 3091/1895/2202 3103/1563/2213 3102/1562/2212 3090/1894/2201
f 3092/1896/2203 3104/1564/2214 3103/1563/2213 3091/1895/2202
f 3093/1897/2204 3105/1565/2215 3104/1564/2214 3092/1896/2203
f 3094/1898/2205 3106/1566/2216 3105/1565/2215 3093/1897/2204
f 3095/1899/2206 3107/1567/2217 3106/1566/2216 3094/1898/2205
f 3096/1900/2207 3108/1568/2218 3107/1567/2217 3095/1899/2206
f 3097/1901/2208 3109/1569/2219 3108/1568/2218 3096/1900/2207
f 3098/1902/1928 3110/1570/2220 3109/1569/2219 3097/1901/2208
f 3100/1559/2209 3112/1903/2221 3111/1904/2222 3099/1560/2210
f 3101/1561/2211 3113/1905/2223 3112/1903/2221 3100/1559/2209
f 3102/1562/2212 3114/1906/2224 3113/1905/2223 3101/1561/2211
f 3103/1563/2213 3115/1907/2225 3114/1906/2224 3102/1562/2212
f 3104/1564/2214 3116/1908/2226 3115/1907/2225 3103/1563/2213
f 3105/1565/2215 3117/1909/2227 3116/1908/2226 3104/1564/2214
f 3106/1566/2216 3118/1910/2228 3117/1909/2227 3105/1565/2215
f 3107/1567/2217 3119/1911/2229 3118/1910/2228 3106/1566/2216
f 3108/1568/2218 3120/1912/2230 3119/1911/2229 3107/1567/2217
f 3109/1569/2219 3121/1913/2231 3120/1912/2230 3108/1568/2218
f 3110/1570/2220 3122/1914/2232 3121/1913/2231 3109/1569/2219
f 3112/1903/2221 3124/1915/2233 3123/1916/2234 3111/1904/2222
f 3113/1905/2223 3125/1917/2235 3124/1915/2233 3112/1903/2221
f 3114/1906/2224 3126/1918/2236 3125/1917/2235 3113/1905/2223
f 3115/1907/2225 3127/1919/2237 3126/1918/2236 3114/1906/2224
f 3116/1908/2226 3128/1920/2238 3127/1919/2237 3115/1907/2225
f 3117/1909/2227 3129/1921/2239 3128/1920/2238 3116/1908/2226
f 3118/1910/2228 3130/1922/2240 3129/1921/2239 3117/1909/2227
f 3119/1911/2229 3131/1923/2241 3130/1922/2240 3118/1910/2228
f 3120/1912/2230 3132/1924/2242 3131/1923/2241 3119/1911/2229
f 3121/1913/2231 3133/1925/2243 3132/1924/2242 3120/1912/2230
f 3122/1914/2232 3134/1926/2244 3133/1925/2243 3121/1913/2231
f 3124/1915/2233 3136/1927/2245 3135/1928/2246 3123/1916/2234
f 3125/1917/2235 3137/1929/2247 3136/1927/2245 3124/1915/2233
f 3126/1918/2236 3138/1930/2248 3137/1929/2247 3125/1917/2235
f 3127/1919/2237 3139/1931/2249 3138/1930/2248 3126/1918/2236
f 3128/1920/2238 3140/1932/2250 3139/1931/2249 3127/1919/2237
f 3129/1921/2239 3141/1933/2251 3140/1932/2250 3128/1920/2238
f 3130/1922/2240 3142/1934/2252 3141/1933/2251 3129/1921/2239
f 3131/1923/2241 3143/1935/2253 3142/1934/2252 3130/1922/2240
f 3132/1924/2242 3144/1936/2254 3143/1935/2253 3131/1923/2241
f 3133/1925/2243 3145/1937/2255 3144/1936/2254 3132/1924/2242
f 3134/1926/2244 3146/1938/2256 3145/1937/2255 3133/1925/2243
f 3136/1927/2245 3148/724/2257 3147/74/2258 3135/1928/2246
f 3137/1929/2247 3149/725/2259 3148/724/2257 3136/1927/2245
f 3138/1930/2248 3150/726/2260 3149/725/2259 3137/1929/2247
f 3139/1931/2249 3151/727/2261 3150/726/2260 3138/1930/2248
f 3140/1932/2250 3152/728/2262 3151/727/2261 3139/1931/2249
f 3141/1933/2251 3153/729/2263 3152/728/2262 3140/1932/2250
f 3142/1934/2252 3154/730/2264 3153/729/2263 3141/1933/2251
f 3143/1935/2253 3155/731/2265 3154/730/2264 3142/1934/2252
f 3144/1936/2254 3156/732/2266 3155/731/2265 3143/1935/2253
f 3145/1937/2255 3157/733/2267 3156/732/2266 3144/1936/2254
f 3146/1938/2256 3158/734/2268 3157/733/2267 3145/1937/2255
f 3148/724/2257 3160/1939/2269 3159/1940/2270 3147/74/2258
f 3149/725/2259 3161/1941/2271 3160/1939/2269 3148/724/2257
f 3150/726/2260 3162/1942/2272 3161/1941/2271 3149/725/2259
f 3151/727/2261 3163/1943/2273 3162/1942/2272 3150/726/2260
f 3152/728/2262 3164/1944/2274 3163/1943/2273 3151/727/2261
f 3153/729/2263 3165/1945/2275 3164/1944/2274 3152/728/2262
f 3154/730/2264 3166/1946/2276 3165/1945/2275 3153/729/2263
f 3155/731/2265 3167/1947/2277 3166/1946/2276 3154/730/2264
f 3156/732/2266 3168/1948/2278 3167/1947/2277 3155/731/2265
f 3157/733/2267 3169/1949/2279 3168/1948/2278 3156/732/2266
f 3158/734/2268 3170/1950/2280 3169/1949/2279 3157/733/2267
f 3160/1939/2269 3172/1571/2281 3171/1572/2282 3159/1940/2270
f 3161/1941/2271 3173/1573/2283 3172/1571/2281 3160/1939/2269
f 3162/1942/2272 3174/1574/2284 3173/1573/2283 3161/1941/2271
f 3163/1943/2273 3175/1575/2285 3174/1574/2284 3162/1942/2272
f 3164/1944/2274 3176/1576/2286 3175/1575/2285 3163/1943/2273
f 3165/1945/2275 3177/1577/2287 3176/1576/2286 3164/1944/2274
f 3166/1946/2276 3178/1578/2288 3177/1577/2287 3165/1945/2275
f 3167/1947/2277 3179/1579/2289 3178/1578/2288 3166/1946/2276
f 3168/1948/2278 3180/1580/2290 3179/1579/2289 3167/1947/2277
f 3169/1949/2279 3181/1581/2291 3180/1580/2290 3168/1948/2278
f 3170/1950/2280 3182/1582/2292 3181/1581/2291 3169/1949/2279
f 3172/1571/2281 3184/1951/2293 3183/1952/2294 3171/1572/2282
f 3173/1573/2283 3185/1953/2295 3184/1951/2293 3172/1571/2281
f 3174/1574/2284 3186/1954/2296 3185/1953/2295 3173/1573/2283
f 3175/1575/2285 3187/1955/2297 3186/1954/2296 3174/1574/2284
f 3176/1576/2286 3188/1956/2298 3187/1955/2297 3175/1575/2285
f 3177/1577/2287 3189/1957/2299 3188/1956/2298 3176/1576/2286
f 3178/1578/2288 3190/1958/2300 3189/1957/2299 3177/1577/2287
f 3179/1579/2289 3191/1959/2301 3190/1958/2300 3178/1578/2288
f 3180/1580/2290 3192/1960/2302 3191/1959/2301 3179/1579/2289
f 3181/1581/2291 3193/1961/2303 3192/1960/2302 3180/1580/2290
f 3182/1582/2292 3194/1962/2304 3193/1961/2303 3181/1581/2291
f 3184/1951/2293 3196/1771/2305 3195/1772/2306 3183/1952/2294
f 3185/1953/2295 3197/1773/2307 3196/1771/2305 3184/1951/2293
f 3186/1954/2296 3198/1774/2308 3197/1773/2307 3185/1953/2295
f 3187/1955/2297 3199/1775/2309 3198/1774/2308 3186/1954/2296
f 3188/1956/2298 3200/1776/2310 3199/1775/2309 3187/1955/2297
f 3189/1957/2299 3201/1777/2311 3200/1776/2310 3188/1956/2298
f 3190/1958/2300 3202/1778/2312 3201/1777/2311 3189/1957/2299
f 3191/1959/2301 3203/1779/2313 3202/1778/2312 3190/1958/2300
f 3192/1960/2302 3204/1780/2314 3203/1779/2313 3191/1959/2301
f 3193/1961/2303 3205/1781/2315 3204/1780/2314 3192/1960/2302
f 3194/1962/2304 3206/1782/2316 3205/1781/2315 3193/1961/2303
f 3196/1771/2305 3208/1963/2317 3207/1964/2318 3195/1772/2306
f 3197/1773/2307 3209/1965/2319 3208/1963/2317 3196/1771/2305
f 3198/1774/2308 3210/1966/2320 3209/1965/2319 3197/1773/2307
f 3199/1775/2309 3211/1967/2321 3210/1966/2320 3198/1774/2308
f 3200/1776/2310 3212/1968/2322 3211/1967/2321 3199/1775/2309
f 3201/1777/2311 3213/1969/2323 3212/1968/2322 3200/1776/2310
f 3202/1778/2312 3214/1970/2324 3213/1969/2323 3201/1777/2311
f 3203/1779/2313 3215/1971/2325 3214/1970/2324 3202/1778/2312
f 3204/1780/2314 3216/1972/2326 3215/1971/2325 3203/1779/2313
f 3205/1781/2315 3217/1973/2327 3216/1972/2326 3204/1780/2314
f 3206/1782/2316 3218/1974/2328 3217/1973/2327 3205/1781/2315
f 3208/1963/2317 3220/1975/2329 3219/1976/2330 3207/1964/2318
f 3209/1965/2319 3221/1977/2331 3220/1975/2329 3208/1963/2317
f 3210/1966/2320 3222/1978/2332 3221/1977/2331 3209/1965/2319
f 3211/1967/2321 3223/1979/2333 3222/1978/2332 3210/1966/2320
f 3212/1968/2322 3224/1980/2334 3223/1979/2333 3211/1967/2321
f 3213/1969/2323 3225/1981/2335 3224/1980/2334 3212/1968/2322
f 3214/1970/2324 3226/1982/2336 3225/1981/2335 3213/1969/2323
f 3215/1971/2325 3227/1983/2337 3226/1982/2336 3214/1970/2324
f 3216/1972/2326 3228/1984/2338 3227/1983/2337 3215/1971/2325
f 3217/1973/2327 3229/1985/2339 3228/1984/2338 3216/1972/2326
f 3218/1974/2328 3230/1986/2340 3229/1985/2339 3217/1973/2327
f 3220/1975/2329 3232/1987/2341 3231/1988/2342 3219/1976/2330
f 3221/1977/2331 3233/1989/2343 3232/1987/2341 3220/1975/2329
f 3222/1978/2332 3234/1990/2344 3233/1989/2343 3221/1977/2331
f 3223/1979/2333 3235/1991/2345 3234/1990/2344 3222/1978/2332
f 3224/1980/2334 3236/1992/2346 3235/1991/2345 3223/1979/2333
f 3225/1981/2335 3237/1993/2347 3236/1992/2346 3224/1980/2334
f 3226/1982/2336 3238/1994/2348 3237/1993/2347 3225/1981/2335
f 3227/1983/2337 3239/1995/2349 3238/1994/2348 3226/1982/2336
f 3228/1984/2338 3240/1996/2350 3239/1995/2349 3227/1983/2337
f 3229/1985/2339 3241/1997/2351 3240/1996/2350 3228/1984/2338
f 3230/1986/2340 3242/1998/2352 3241/1997/2351 3229/1985/2339
f 3232/1987/2341 3244/927/2353 3243/106/2354 3231/1988/2342
f 3233/1989/2343 3245/928/2355 3244/927/2353 3232/1987/2341
f 3234/1990/2344 3246/929/2356 3245/928/2355 3233/1989/2343
f 3235/1991/2345 3247/930/2357 3246/929/2356 3234/1990/2344
f 3236/1992/2346 3248/931/2358 3247/930/2357 3235/1991/2345
f 3237/1993/2347 3249/932/2359 3248/931/2358 3236/1992/2346
f 3238/1994/2348 3250/933/2360 3249/932/2359 3237/1993/2347
f 3239/1995/2349 3251/934/2361 3250/933/2360 3238/1994/2348
f 3240/1996/2350 3252/935/2362 3251/934/2361 3239/1995/2349
f 3241/1997/2351 3253/936/2363 3252/935/2362 3240/1996/2350
f 3242/1998/2352 3254/937/2364 3253/936/2363 3241/1997/2351
f 3244/927/2353 3256/1999/2365 3255/2000/2366 3243/106/2354
f 3245/928/2355 3257/2001/2367 3256/1999/2365 3244/927/2353
f 3246/929/2356 3258/2002/2368 3257/2001/2367 3245/928/2355
f 3247/930/2357 3259/2003/2369 3258/2002/2368 3246/929/2356
f 3248/931/2358 3260/2004/2370 3259/2003/2369 3247/930/2357
f 3249/932/2359 3261/2005/2371 3260/2004/2370 3248/931/2358
f 3250/933/2360 3262/2006/2372 3261/2005/2371 3249/932/2359
f 3251/934/2361 3263/2007/2373 3262/2006/2372 3250/933/2360
f 3252/935/2362 3264/2008/2374 3263/2007/2373 3251/934/2361
f 3253/936/2363 3265/2009/2375 3264/2008/2374 3252/935/2362
f 3254/937/2364 3266/2010/2376 3265/2009/2375 3253/936/2363
f 3256/1999/2365 3268/2011/2377 3267/2012/2378 3255/2000/2366
f 3257/2001/2367 3269/2013/2379 3268/2011/2377 3256/1999/2365
f 3258/2002/2368 3270/2014/2380 3269/2013/2379 3257/2001/2367
f 3259/2003/2369 3271/2015/2381 3270/2014/2380 3258/2002/2368
f 3260/2004/2370 3272/2016/2382 3271/2015/2381 3259/2003/2369
f 3261/2005/2371 3273/2017/2383 3272/2016/2382 3260/2004/2370
f 3262/2006/2372 3274/2018/2384 3273/2017/2383 3261/2005/2371
f 3263/2007/2373 3275/2019/2385 3274/2018/2384 3262/2006/2372
f 3264/2008/2374 3276/2020/2386 3275/2019/2385 3263/2007/2373
f 3265/2009/2375 3277/2021/2387 3276/2020/2386 3264/2008/2374
f 3266/2010/2376 3278/2022/2388 3277/2021/2387 3265/2009/2375
f 3268/2011/2377 3280/2023/2389 3279/2024/2390 3267/2012/2378
f 3269/2013/2379 3281/2025/2391 3280/2023/2389 3268/2011/2377
f 3270/2014/2380 3282/2026/2392 3281/2025/2391 3269/2013/2379
f 3271/2015/2381 3283/2027/2393 3282/2026/2392 3270/2014/2380
f 3272/2016/2382 3284/2028/2394 3283/2027/2393 3271/2015/2381
f 3273/2017/2383 3285/2029/2395 3284/2028/2394 3272/2016/2382
f 3274/2018/2384 3286/2030/2396 3285/2029/2395 3273/2017/2383
f 3275/2019/2385 3287/2031/2397 3286/2030/2396 3274/2018/2384
f 3276/2020/2386 3288/2032/2398 3287/2031/2397 3275/2019/2385
f 3277/2021/2387 3289/2033/2399 3288/2032/2398 3276/2020/2386
f 3278/2022/2388 3290/2034/2400 3289/2033/2399 3277/2021/2387
f 3280/2023/2389 3292/1783/2401 3291/1784/2402 3279/2024/2390
f 3281/2025/2391 3293/1785/2403 3292/1783/2401 3280/2023/2389
f 3282/2026/2392 3294/1786/2404 3293/1785/2403 3281/2025/2391
f 3283/2027/2393 3295/1787/2405 3294/1786/2404 3282/2026/2392
f 3284/2028/2394 3296/1788/2406 3295/1787/2405 3283/2027/2393
f 3285/2029/2395 3297/1789/2407 3296/1788/2406 3284/2028/2394
f 3286/2030/2396 3298/1790/2408 3297/1789/2407 3285/2029/2395
f 3287/2031/2397 3299/1791/2409 3298/1790/2408 3286/2030/2396
f 3288/2032/2398 3300/1792/2410 3299/1791/2409 3287/2031/2397
f 3289/2033/2399 3301/1793/2411 3300/1792/2410 3288/2032/2398
f 3290/2034/2400 3302/1794/2412 3301/1793/2411 3289/2033/2399
f 3292/1783/2401 3304/2035/2413 3303/2036/2414 3291/1784/2402
f 3293/1785/2403 3305/2037/2415 3304/2035/2413 3292/1783/2401
f 3294/1786/2404 3306/2038/2416 3305/2037/2415 3293/1785/2403
f 3295/1787/2405 3307/2039/2417 3306/2038/2416 3294/1786/2404
f 3296/1788/2406 3308/2040/2418 3307/2039/2417 3295/1787/2405
f 3297/1789/2407 3309/2041/2419 3308/2040/2418 3296/1788/2406
f 3298/1790/2408 3310/2042/2420 3309/2041/2419 3297/1789/2407
f 3299/1791/2409 3311/2043/2421 3310/2042/2420 3298/1790/2408
f 3300/1792/2410 3312/2044/2422 3311/2043/2421 3299/1791/2409
f 3301/1793/2411 3313/2045/2423 3312/2044/2422 3300/1792/2410
f 3302/1794/2412 3314/2046/2424 3313/2045/2423 3301/1793/2411
f 3304/2035/2413 3316/1583/2425 3315/1584/2426 3303/2036/2414
f 3305/2037/2415 3317/1585/2427 3316/1583/2425 3304/2035/2413
f 3306/2038/2416 3318/1586/2428 3317/1585/2427 3305/2037/2415
f 3307/2039/2417 3319/1587/2429 3318/1586/2428 3306/2038/2416
f 3308/2040/2418 3320/1588/2430 3319/1587/2429 3307/2039/2417
f 3309/2041/2419 3321/1589/2431 3320/1588/2430 3308/2040/2418
f 3310/2042/2420 3322/1590/2432 3321/1589/2431 3309/2041/2419
f 3311/2043/2421 3323/1591/2433 3322/1590/2432 3310/2042/2420
f 3312/2044/2422 3324/1592/2434 3323/1591/2433 3311/2043/2421
f 3313/2045/2423 3325/1593/2435 3324/1592/2434 3312/2044/2422
f 3314/2046/2424 3326/1594/2436 3325/1593/2435 3313/2045/2423
f 3316/1583/2425 3328/2047/2437 3327/2048/2438 3315/1584/2426
f 3317/1585/2427 3329/2049/2439 3328/2047/2437 3316/1583/2425
f 3318/1586/2428 3330/2050/2440 3329/2049/2439 3317/1585/2427
f 3319/1587/2429 3331/2051/2441 3330/2050/2440 3318/1586/2428
f 3320/1588/2430 3332/2052/2442 3331/2051/2441 3319/1587/2429
f 3321/1589/2431 3333/2053/2443 3332/2052/2442 3320/1588/2430
f 3322/1590/2432 3334/2054/2444 3333/2053/2443 3321/1589/2431
f 3323/1591/2433 3335/2055/2445 3334/2054/2444 3322/1590/2432
f 3324/1592/2434 3336/2056/2446 3335/2055/2445 3323/1591/2433
f 3325/1593/2435 3337/2057/2447 3336/2056/2446 3324/1592/2434
f 3326/1594/2436 3338/2058/2448 3337/2057/2447 3325/1593/2435
f 3328/2047/2437 3340/1130/2449 3339/50/2450 3327/2048/2438
f 3329/2049/2439 3341/1131/2451 3340/1130/2449 3328/2047/2437
f 3330/2050/2440 3342/1132/2452 3341/1131/2451 3329/2049/2439
f 3331/2051/2441 3343/1133/2453 3342/1132/2452 3330/2050/2440
f 3332/2052/2442 3344/1134/2454 3343/1133/2453 3331/2051/2441
f 3333/2053/2443 3345/1135/2455 3344/1134/2454 3332/2052/2442
f 3334/2054/2444 3346/1136/2456 3345/1135/2455 3333/2053/2443
f 3335/2055/2445 3347/1137/2457 3346/1136/2456 3334/2054/2444
f 3336/2056/2446 3348/1138/2458 3347/1137/2457 3335/2055/2445
f 3337/2057/2447 3349/1139/2459 3348/1138/2458 3336/2056/2446
f 3338/2058/2448 3350/1140/2460 3349/1139/2459 3337/2057/2447
f 3340/1130/2449 3352/2059/2461 3351/2060/2462 3339/50/2450
f 3341/1131/2451 3353/2061/2463 3352/2059/2461 3340/1130/2449
f 3342/1132/2452 3354/2062/2464 3353/2061/2463 3341/1131/2451
f 3343/1133/2453 3355/2063/2465 3354/2062/2464 3342/1132/2452
f 3344/1134/2454 3356/2064/2466 3355/2063/2465 3343/1133/2453
f 3345/1135/2455 3357/2065/2467 3356/2064/2466 3344/1134/2454
f 3346/1136/2456 3358/2066/2468 3357/2065/2467 3345/1135/2455
f 3347/1137/2457 3359/2067/2469 3358/2066/2468 3346/1136/2456
f 3348/1138/2458 3360/2068/2470 3359/2067/2469 3347/1137/2457
f 3349/1139/2459 3361/2069/2471 3360/2068/2470 3348/1138/2458
f 3350/1140/2460 3362/2070/2472 3361/2069/2471 3349/1139/2459
f 3352/2059/2461 3364/2071/2473 3363/2072/2474 3351/2060/2462
f 3353/2061/2463 3365/2073/2475 3364/2071/2473 3352/2059/2461
f 3354/2062/2464 3366/2074/2476 3365/2073/2475 3353/2061/2463
f 3355/2063/2465 3367/2075/2477 3366/2074/2476 3354/2062/2464
f 3356/2064/2466 3368/2076/2478 3367/2075/2477 3355/2063/2465
f 3357/2065/2467 3369/2077/2479 3368/2076/2478 3356/2064/2466
f 3358/2066/2468 3370/2078/2480 3369/2077/2479 3357/2065/2467
f 3359/2067/2469 3371/2079/2481 3370/2078/2480 3358/2066/2468
f 3360/2068/2470 3372/2080/2482 3371/2079/2481 3359/2067/2469
f 3361/2069/2471 3373/2081/2483 3372/2080/2482 3360/2068/2470
f 3362/2070/2472 3374/2082/2484 3373/2081/2483 3361/2069/2471
f 3364/2071/2473 3376/2083/2485 3375/2084/1630 3363/2072/2474
f 3365/2073/2475 3377/2085/2486 3376/2083/2485 3364/2071/2473
f 3366/2074/2476 3378/2086/2487 3377/2085/2486 3365/2073/2475
f 3367/2075/2477 3379/2087/2488 3378/2086/2487 3366/2074/2476
f 3368/2076/2478 3380/2088/2489 3379/2087/2488 3367/2075/2477
f 3369/2077/2479 3381/2089/2490 3380/2088/2489 3368/2076/2478
f 3370/2078/2480 3382/2090/2491 3381/2089/2490 3369/2077/2479
f 3371/2079/2481 3383/2091/2492 3382/2090/2491 3370/2078/2480
f 3372/2080/2482 3384/2092/2493 3383/2091/2492 3371/2079/2481
f 3373/2081/2483 3385/2093/2494 3384/2092/2493 3372/2080/2482
f 3374/2082/2484 3386/2094/1640 3385/2093/2494 3373/2081/2483
f 3376/2083/2485 3388/1595/879 3387/1596/880 3375/2084/1630
f 3377/2085/2486 3389/1597/2495 3388/1595/879 3376/2083/2485
f 3378/2086/2487 3390/1598/2496 3389/1597/2495 3377/2085/2486
f 3379/2087/2488 3391/1599/2497 3390/1598/2496 3378/2086/2487
f 3380/2088/2489 3392/1600/2498 3391/1599/2497 3379/2087/2488
f 3381/2089/2490 3393/1601/2499 3392/1600/2498 3380/2088/2489
f 3382/2090/2491 3394/1602/2500 3393/1601/2499 3381/2089/2490
f 3383/2091/2492 3395/1603/2501 3394/1602/2500 3382/2090/2491
f 3384/2092/2493 3396/1604/2502 3395/1603/2501 3383/2091/2492
f 3385/2093/2494 3397/1605/889 3396/1604/2502 3384/2092/2493
f 3386/2094/1640 3398/1606/890 3397/1605/889 3385/2093/2494
f 3388/1595/879 3400/2095/2503 3399/2096/2504 3387/1596/880
f 3389/1597/2495 3401/2097/2505 3400/2095/2503 3388/1595/879
f 3390/1598/2496 3402/2098/2506 3401/2097/2505 3389/1597/2495
f 3391/1599/2497 3403/2099/2507 3402/2098/2506 3390/1598/2496
f 3392/1600/2498 3404/2100/2508 3403/2099/2507 3391/1599/2497
f 3393/1601/2499 3405/2101/2509 3404/2100/2508 3392/1600/2498
f 3394/1602/2500 3406/2102/2510 3405/2101/2509 3393/1601/2499
f 3395/1603/2501 3407/2103/2511 3406/2102/2510 3394/1602/2500
f 3396/1604/2502 3408/2104/2512 3407/2103/2511 3395/1603/2501
f 3397/1605/889 3409/2105/2513 3408/2104/2512 3396/1604/2502
f 3398/1606/890 3410/2106/2514 3409/2105/2513 3397/1605/889
f 3400/2095/2503 3412/2107/2515 3411/2108/2516 3399/2096/2504
f 3401/2097/2505 3413/2109/2517 3412/2107/2515 3400/2095/2503
f 3402/2098/2506 3414/2110/2518 3413/2109/2517 3401/2097/2505
f 3403/2099/2507 3415/2111/2519 3414/2110/2518 3402/2098/2506
f 3404/2100/2508 3416/2112/2520 3415/2111/2519 3403/2099/2507
f 3405/2101/2509 3417/2113/2521 3416/2112/2520 3404/2100/2508
f 3406/2102/2510 3418/2114/2522 3417/2113/2521 3405/2101/2509
f 3407/2103/2511 3419/2115/2523 3418/2114/2522 3406/2102/2510
f 3408/2104/2512 3420/2116/2524 3419/2115/2523 3407/2103/2511
f 3409/2105/2513 3421/2117/2525 3420/2116/2524 3408/2104/2512
f 3410/2106/2514 3422/2118/2526 3421/2117/2525 3409/2105/2513
f 3412/2107/2515 3424/2119/2527 3423/2120/2528 3411/2108/2516
f 3413/2109/2517 3425/2121/2529 3424/2119/2527 3412/2107/2515
f 3414/2110/2518 3426/2122/2530 3425/2121/2529 3413/2109/2517
f 3415/2111/2519 3427/2123/2531 3426/2122/2530 3414/2110/2518
f 3416/2112/2520 3428/2124/2532 3427/2123/2531 3415/2111/2519
f 3417/2113/2521 3429/2125/2533 3428/2124/2532 3416/2112/2520
f 3418/2114/2522 3430/2126/2534 3429/2125/2533 3417/2113/2521
f 3419/2115/2523 3431/2127/2535 3430/2126/2534 3418/2114/2522
f 3420/2116/2524 3432/2128/2536 3431/2127/2535 3419/2115/2523
f 3421/2117/2525 3433/2129/2537 3432/2128/2536 3420/2116/2524
f 3422/2118/2526 3434/2130/2538 3433/2129/2537 3421/2117/2525
f 3424/2119/2527 3436/1333/2539 3435/107/2540 3423/2120/2528
f 3425/2121/2529 3437/1334/2541 3436/1333/2539 3424/2119/2527
f 3426/2122/2530 3438/1335/2542 3437/1334/2541 3425/2121/2529
f 3427/2123/2531 3439/1336/2543 3438/1335/2542 3426/2122/2530
f 3428/2124/2532 3440/1337/2544 3439/1336/2543 3427/2123/2531
f 3429/2125/2533 3441/1338/2545 3440/1337/2544 3428/2124/2532
f 3430/2126/2534 3442/1339/2546 3441/1338/2545 3429/2125/2533
f 3431/2127/2535 3443/1340/2547 3442/1339/2546 3430/2126/2534
f 3432/2128/2536 3444/1341/2548 3443/1340/2547 3431/2127/2535
f 3433/2129/2537 3445/1342/2549 3444/1341/2548 3432/2128/2536
f 3434/2130/2538 3446/1343/2550 3445/1342/2549 3433/2129/2537
f 3436/1333/2539 3448/2131/2551 3447/2132/2552 3435/107/2540
f 3437/1334/2541 3449/2133/2553 3448/2131/2551 3436/1333/2539
f 3438/1335/2542 3450/2134/2554 3449/2133/2553 3437/1334/2541
f 3439/1336/2543 3451/2135/2555 3450/2134/2554 3438/1335/2542
f 3440/1337/2544 3452/2136/2556 3451/2135/2555 3439/1336/2543
f 3441/1338/2545 3453/2137/2557 3452/2136/2556 3440/1337/2544
f 3442/1339/2546 3454/2138/2558 3453/2137/2557 3441/1338/2545
f 3443/1340/2547 3455/2139/2559 3454/2138/2558 3442/1339/2546
f 3444/1341/2548 3456/2140/2560 3455/2139/2559 3443/1340/2547
f 3445/1342/2549 3457/2141/2561 3456/2140/2560 3444/1341/2548
f 3446/1343/2550 3458/2142/2562 3457/2141/2561 3445/1342/2549
f 3448/2131/2551 3460/1607/2563 3459/1608/2564 3447/2132/2552
f 3449/2133/2553 3461/1609/2565 3460/1607/2563 3448/2131/2551
f 3450/2134/2554 3462/1610/2566 3461/1609/2565 3449/2133/2553
f 3451/2135/2555 3463/1611/2567 3462/1610/2566 3450/2134/2554
f 3452/2136/2556 3464/1612/2568 3463/1611/2567 3451/2135/2555
f 3453/2137/2557 3465/1613/2569 3464/1612/2568 3452/2136/2556
f 3454/2138/2558 3466/1614/2570 3465/1613/2569 3453/2137/2557
f 3455/2139/2559 3467/1615/2571 3466/1614/2570 3454/2138/2558
f 3456/2140/2560 3468/1616/2572 3467/1615/2571 3455/2139/2559
f 3457/2141/2561 3469/1617/2573 3468/1616/2572 3456/2140/2560
f 3458/2142/2562 3470/1618/2574 3469/1617/2573 3457/2141/2561
f 3460/1607/2563 3472/2143/2575 3471/2144/2576 3459/1608/2564
f 3461/1609/2565 3473/2145/2577 3472/2143/2575 3460/1607/2563
f 3462/1610/2566 3474/2146/2578 3473/2145/2577 3461/1609/2565
f 3463/1611/2567 3475/2147/2579 3474/2146/2578 3462/1610/2566
f 3464/1612/2568 3476/2148/2580 3475/2147/2579 3463/1611/2567
f 3465/1613/2569 3477/2149/2581 3476/2148/2580 3464/1612/2568
f 3466/1614/2570 3478/2150/2582 3477/2149/2581 3465/1613/2569
f 3467/1615/2571 3479/2151/2583 3478/2150/2582 3466/1614/2570
f 3468/1616/2572 3480/2152/2584 3479/2151/2583 3467/1615/2571
f 3469/1617/2573 3481/2153/2585 3480/2152/2584 3468/1616/2572
f 3470/1618/2574 3482/2154/2586 3481/2153/2585 3469/1617/2573
f 3472/2143/2575 3484/1795/2587 3483/1796/2588 3471/2144/2576
f 3473/2145/2577 3485/1797/2589 3484/1795/2587 3472/2143/2575
f 3474/2146/2578 3486/1798/2590 3485/1797/2589 3473/2145/2577
f 3475/2147/2579 3487/1799/2591 3486/1798/2590 3474/2146/2578
f 3476/2148/2580 3488/1800/2592 3487/1799/2591 3475/2147/2579
f 3477/2149/2581 3489/1801/2593 3488/1800/2592 3476/2148/2580
f 3478/2150/2582 3490/1802/2594 3489/1801/2593 3477/2149/2581
f 3479/2151/2583 3491/1803/2595 3490/1802/2594 3478/2150/2582
f 3480/2152/2584 3492/1804/2596 3491/1803/2595 3479/2151/2583
f 3481/2153/2585 3493/1805/2597 3492/1804/2596 3480/2152/2584
f 3482/2154/2586 3494/1806/2598 3493/1805/2597 3481/2153/2585
f 3484/1795/2587 3496/2155/2599 3495/2156/2600 3483/1796/2588
f 3485/1797/2589 3497/2157/2601 3496/2155/2599 3484/1795/2587
f 3486/1798/2590 3498/2158/2602 3497/2157/2601 3485/1797/2589
f 3487/1799/2591 3499/2159/2603 3498/2158/2602 3486/1798/2590
f 3488/1800/2592 3500/2160/2604 3499/2159/2603 3487/1799/2591
f 3489/1801/2593 3501/2161/2605 3500/2160/2604 3488/1800/2592
f 3490/1802/2594 3502/2162/2606 3501/2161/2605 3489/1801/2593
f 3491/1803/2595 3503/2163/2607 3502/2162/2606 3490/1802/2594
f 3492/1804/2596 3504/2164/2608 3503/2163/2607 3491/1803/2595
f 3493/1805/2597 3505/2165/2609 3504/2164/2608 3492/1804/2596
f 3494/1806/2598 3506/2166/2610 3505/2165/2609 3493/1805/2597
f 3496/2155/2599 3508/2167/2611 3507/2168/2612 3495/2156/2600
f 3497/2157/2601 3509/2169/2613 3508/2167/2611 3496/2155/2599
f 3498/2158/2602 3510/2170/2614 3509/2169/2613 3497/2157/2601
f 3499/2159/2603 3511/2171/2615 3510/2170/2614 3498/2158/2602
f 3500/2160/2604 3512/2172/2616 3511/2171/2615 3499/2159/2603
f 3501/2161/2605 3513/2173/2617 3512/2172/2616 3500/2160/2604
f 3502/2162/2606 3514/2174/2618 3513/2173/2617 3501/2161/2605
f 3503/2163/2607 3515/2175/2619 3514/2174/2618 3502/2162/2606
f 3504/2164/2608 3516/2176/2620 3515/2175/2619 3503/2163/2607
f 3505/2165/2609 3517/2177/2621 3516/2176/2620 3504/2164/2608
f 3506/2166/2610 3518/2178/2622 3517/2177/2621 3505/2165/2609
f 3508/2167/2611 3520/2179/2623 3519/2180/2624 3507/2168/2612
f 3509/2169/2613 3521/2181/2625 3520/2179/2623 3508/2167/2611
f 3510/2170/2614 3522/2182/2626 3521/2181/2625 3509/2169/2613
f 3511/2171/2615 3523/2183/2627 3522/2182/2626 3510/2170/2614
f 3512/2172/2616 3524/2184/2628 3523/2183/2627 3511/2171/2615
f 3513/2173/2617 3525/2185/2629 3524/2184/2628 3512/2172/2616
f 3514/2174/2618 3526/2186/2630 3525/2185/2629 3513/2173/2617
f 3515/2175/2619 3527/2187/2631 3526/2186/2630 3514/2174/2618
f 3516/2176/2620 3528/2188/2632 3527/2187/2631 3515/2175/2619
f 3517/2177/2621 3529/2189/2633 3528/2188/2632 3516/2176/2620
f 3518/2178/2622 3530/2190/2634 3529/2189/2633 3517/2177/2621
f 3520/2179/2623 2956/1536/2071 2955/14/2074 3519/2180/2624
f 3521/2181/2625 2957/1537/2075 2956/1536/2071 3520/2179/2623
f 3522/2182/2626 2958/1538/2077 2957/1537/2075 3521/2181/2625
f 3523/2183/2627 2959/1539/2079 2958/1538/2077 3522/2182/2626
f 3524/2184/2628 2960/1540/2081 2959/1539/2079 3523/2183/2627
f 3525/2185/2629 2961/1541/2083 2960/1540/2081 3524/2184/2628
f 3526/2186/2630 2962/1542/2085 2961/1541/2083 3525/2185/2629
f 3527/2187/2631 2963/1543/2087 2962/1542/2085 3526/2186/2630
f 3528/2188/2632 2964/1544/2089 2963/1543/2087 3527/2187/2631
f 3529/2189/2633 2965/1545/2091 2964/1544/2089 3528/2188/2632
f 3530/2190/2634 2966/1546/2093 2965/1545/2091 3529/2189/2633
f 3532/318/2635 3544/2191/2636 3543/210/2637 3531/5/2638
f 3533/321/2639 3545/2192/2640 3544/2191/2636 3532/318/2635
f 3534/323/2641 3546/2193/2642 3545/2192/2640 3533/321/2639
f 3535/325/2643 3547/2194/2644 3546/2193/2642 3534/323/2641
f 3536/327/2645 3548/2195/2646 3547/2194/2644 3535/325/2643
f 3537/329/2647 3549/2196/2648 3548/2195/2646 3536/327/2645
f 3538/331/2649 3550/2197/2650 3549/2196/2648 3537/329/2647
f 3539/333/2651 3551/2198/2652 3550/2197/2650 3538/331/2649
f 3540/335/2653 3552/2199/2654 3551/2198/2652 3539/333/2651
f 3541/337/2655 3553/2200/2656 3552/2199/2654 3540/335/2653
f 3542/339/2657 3554/2201/2658 3553/2200/2656 3541/337/2655
f 3544/2191/2636 3556/2202/2659 3555/212/2660 3543/210/2637
f 3545/2192/2640 3557/2203/2661 3556/2202/2659 3544/2191/2636
f 3546/2193/2642 3558/2204/2662 3557/2203/2661 3545/2192/2640
f 3547/2194/2644 3559/2205/2663 3558/2204/2662 3546/2193/2642
f 3548/2195/2646 3560/2206/2664 3559/2205/2663 3547/2194/2644
f 3549/2196/2648 3561/2207/2665 3560/2206/2664 3548/2195/2646
f 3550/2197/2650 3562/2208/2666 3561/2207/2665 3549/2196/2648
f 3551/2198/2652 3563/2209/2667 3562/2208/2666 3550/2197/2650
f 3552/2199/2654 3564/2210/2668 3563/2209/2667 3551/2198/2652
f 3553/2200/2656 3565/2211/2669 3564/2210/2668 3552/2199/2654
f 3554/2201/2658 3566/2212/2670 3565/2211/2669 3553/2200/2656
f 3556/2202/2659 3568/2213/2671 3567/205/2672 3555/212/2660
f 3557/2203/2661 3569/2214/2673 3568/2213/2671 3556/2202/2659
f 3558/2204/2662 3570/2215/2674 3569/2214/2673 3557/2203/2661
f 3559/2205/2663 3571/2216/2675 3570/2215/2674 3558/2204/2662
f 3560/2206/2664 3572/2217/2676 3571/2216/2675 3559/2205/2663
f 3561/2207/2665 3573/2218/2677 3572/2217/2676 3560/2206/2664
f 3562/2208/2666 3574/2219/2678 3573/2218/2677 3561/2207/2665
f 3563/2209/2667 3575/2220/2679 3574/2219/2678 3562/2208/2666
f 3564/2210/2668 3576/2221/2680 3575/2220/2679 3563/2209/2667
f 3565/2211/2669 3577/2222/2681 3576/2221/2680 3564/2210/2668
f 3566/2212/2670 3578/2223/2682 3577/2222/2681 3565/2211/2669
f 3568/2213/2671 3580/2224/2683 3579/202/1282 3567/205/2672
f 3569/2214/2673 3581/2225/2684 3580/2224/2683 3568/2213/2671
f 3570/2215/2674 3582/2226/2685 3581/2225/2684 3569/2214/2673
f 3571/2216/2675 3583/2227/2686 3582/2226/2685 3570/2215/2674
f 3572/2217/2676 3584/2228/2687 3583/2227/2686 3571/2216/2675
f 3573/2218/2677 3585/2229/2688 3584/2228/2687 3572/2217/2676
f 3574/2219/2678 3586/2230/2689 3585/2229/2688 3573/2218/2677
f 3575/2220/2679 3587/2231/2690 3586/2230/2689 3574/2219/2678
f 3576/2221/2680 3588/2232/2691 3587/2231/2690 3575/2220/2679
f 3577/2222/2681 3589/2233/2692 3588/2232/2691 3576/2221/2680
f 3578/2223/2682 3590/2234/1292 3589/2233/2692 3577/2222/2681
f 3580/2224/2683 3592/2235/2693 3591/203/2694 3579/202/1282
f 3581/2225/2684 3593/2236/2695 3592/2235/2693 3580/2224/2683
f 3582/2226/2685 3594/2237/2696 3593/2236/2695 3581/2225/2684
f 3583/2227/2686 3595/2238/2697 3594/2237/2696 3582/2226/2685
f 3584/2228/2687 3596/2239/2698 3595/2238/2697 3583/2227/2686
f 3585/2229/2688 3597/2240/2699 3596/2239/2698 3584/2228/2687
f 3586/2230/2689 3598/2241/2700 3597/2240/2699 3585/2229/2688
f 3587/2231/2690 3599/2242/2701 3598/2241/2700 3586/2230/2689
f 3588/2232/2691 3600/2243/2702 3599/2242/2701 3587/2231/2690
f 3589/2233/2692 3601/2244/2703 3600/2243/2702 3588/2232/2691
f 3590/2234/1292 3602/2245/2704 3601/2244/2703 3589/2233/2692
f 3592/2235/2693 3604/2246/2705 3603/209/2706 3591/203/2694
f 3593/2236/2695 3605/2247/2707 3604/2246/2705 3592/2235/2693
f 3594/2237/2696 3606/2248/2708 3605/2247/2707 3593/2236/2695
f 3595/2238/2697 3607/2249/2709 3606/2248/2708 3594/2237/2696
f 3596/2239/2698 3608/2250/2710 3607/2249/2709 3595/2238/2697
f 3597/2240/2699 3609/2251/2711 3608/2250/2710 3596/2239/2698
f 3598/2241/2700 3610/2252/2712 3609/2251/2711 3597/2240/2699
f 3599/2242/2701 3611/2253/2713 3610/2252/2712 3598/2241/2700
f 3600/2243/2702 3612/2254/2714 3611/2253/2713 3599/2242/2701
f 3601/2244/2703 3613/2255/2715 3612/2254/2714 3600/2243/2702
f 3602/2245/2704 3614/2256/2716 3613/2255/2715 3601/2244/2703
f 3604/2246/2705 3532/1536/2635 3531/14/2638 3603/209/2706
f 3605/2247/2707 3533/1537/2639 3532/1536/2635 3604/2246/2705
f 3606/2248/2708 3534/1538/2641 3533/1537/2639 3605/2247/2707
f 3607/2249/2709 3535/1539/2643 3534/1538/2641 3606/2248/2708
f 3608/2250/2710 3536/1540/2645 3535/1539/2643 3607/2249/2709
f 3609/2251/2711 3537/1541/2647 3536/1540/2645 3608/2250/2710
f 3610/2252/2712 3538/1542/2649 3537/1541/2647 3609/2251/2711
f 3611/2253/2713 3539/1543/2651 3538/1542/2649 3610/2252/2712
f 3612/2254/2714 3540/1544/2653 3539/1543/2651 3611/2253/2713
f 3613/2255/2715 3541/1545/2655 3540/1544/2653 3612/2254/2714
f 3614/2256/2716 3542/1546/2657 3541/1545/2655 3613/2255/2715
f 3616/318/1475 3628/1759/1476 3627/1760/1202 3615/5/1426
f 3617/321/1477 3629/1761/1478 3628/1759/1476 3616/318/1475
f 3618/323/1479 3630/1762/1480 3629/1761/1478 3617/321/1477
f 3619/325/1481 3631/1763/1482 3630/1762/1480 3618/323/1479
f 3620/327/2717 3632/1764/1484 3631/1763/1482 3619/325/1481
f 3621/329/2718 3633/1765/1486 3632/1764/1484 3620/327/2717
f 3622/331/1487 3634/1766/1488 3633/1765/1486 3621/329/2718
f 3623/333/1489 3635/1767/1490 3634/1766/1488 3622/331/1487
f 3624/335/1491 3636/1768/1492 3635/1767/1490 3623/333/1489
f 3625/337/1493 3637/1769/1494 3636/1768/1492 3624/335/1491
f 3626/339/1436 3638/1770/1212 3637/1769/1494 3625/337/1493
f 3628/1759/1476 3640/521/1201 3639/105/1202 3627/1760/1202
f 3629/1761/1478 3641/522/1203 3640/521/1201 3628/1759/1476
f 3630/1762/1480 3642/523/1204 3641/522/1203 3629/1761/1478
f 3631/1763/1482 3643/524/1205 3642/523/1204 3630/1762/1480
f 3632/1764/1484 3644/525/1206 3643/524/1205 3631/1763/1482
f 3633/1765/1486 3645/526/1207 3644/525/1206 3632/1764/1484
f 3634/1766/1488 3646/527/1208 3645/526/1207 3633/1765/1486
f 3635/1767/1490 3647/528/1209 3646/527/1208 3634/1766/1488
f 3636/1768/1492 3648/529/1210 3647/528/1209 3635/1767/1490
f 3637/1769/1494 3649/530/1211 3648/529/1210 3636/1768/1492
f 3638/1770/1212 3650/531/1212 3649/530/1211 3637/1769/1494
f 3640/521/1201 3652/1559/1425 3651/1560/1426 3639/105/1202
f 3641/522/1203 3653/1561/1427 3652/1559/1425 3640/521/1201
f 3642/523/1204 3654/1562/1428 3653/1561/1427 3641/522/1203
f 3643/524/1205 3655/1563/1495 3654/1562/1428 3642/523/1204
f 3644/525/1206 3656/1564/1430 3655/1563/1495 3643/524/1205
f 3645/526/1207 3657/1565/1431 3656/1564/1430 3644/525/1206
f 3646/527/1208 3658/1566/1496 3657/1565/1431 3645/526/1207
f 3647/528/1209 3659/1567/1433 3658/1566/1496 3646/527/1208
f 3648/529/1210 3660/1568/1434 3659/1567/1433 3647/528/1209
f 3649/530/1211 3661/1569/1435 3660/1568/1434 3648/529/1210
f 3650/531/1212 3662/1570/1436 3661/1569/1435 3649/530/1211
f 3652/1559/1425 3664/724/1475 3663/74/1426 3651/1560/1426
f 3653/1561/1427 3665/725/1477 3664/724/1475 3652/1559/1425
f 3654/1562/1428 3666/726/1479 3665/725/1477 3653/1561/1427
f 3655/1563/1495 3667/727/1481 3666/726/1479 3654/1562/1428
f 3656/1564/1430 3668/728/2717 3667/727/1481 3655/1563/1495
f 3657/1565/1431 3669/729/2718 3668/728/2717 3656/1564/1430
f 3658/1566/1496 3670/730/1487 3669/729/2718 3657/1565/1431
f 3659/1567/1433 3671/731/1489 3670/730/1487 3658/1566/1496
f 3660/1568/1434 3672/732/1491 3671/731/1489 3659/1567/1433
f 3661/1569/1435 3673/733/1493 3672/732/1491 3660/1568/1434
f 3662/1570/1436 3674/734/1436 3673/733/1493 3661/1569/1435
f 3664/724/1475 3676/1771/1476 3675/1772/1202 3663/74/1426
f 3665/725/1477 3677/1773/1478 3676/1771/1476 3664/724/1475
f 3666/726/1479 3678/1774/1480 3677/1773/1478 3665/725/1477
f 3667/727/1481 3679/1775/1482 3678/1774/1480 3666/726/1479
f 3668/728/2717 3680/1776/2719 3679/1775/1482 3667/727/1481
f 3669/729/2718 3681/1777/2720 3680/1776/2719 3668/728/2717
f 3670/730/1487 3682/1778/1488 3681/1777/2720 3669/729/2718
f 3671/731/1489 3683/1779/1490 3682/1778/1488 3670/730/1487
f 3672/732/1491 3684/1780/1492 3683/1779/1490 3671/731/1489
f 3673/733/1493 3685/1781/1494 3684/1780/1492 3672/732/1491
f 3674/734/1436 3686/1782/1212 3685/1781/1494 3673/733/1493
f 3676/1771/1476 3688/927/1201 3687/106/1202 3675/1772/1202
f 3677/1773/1478 3689/928/1203 3688/927/1201 3676/1771/1476
f 3678/1774/1480 3690/929/1204 3689/928/1203 3677/1773/1478
f 3679/1775/1482 3691/930/1205 3690/929/1204 3678/1774/1480
f 3680/1776/2719 3692/931/1206 3691/930/1205 3679/1775/1482
f 3681/1777/2720 3693/932/1207 3692/931/1206 3680/1776/2719
f 3682/1778/1488 3694/933/1208 3693/932/1207 3681/1777/2720
f 3683/1779/1490 3695/934/1209 3694/933/1208 3682/1778/1488
f 3684/1780/1492 3696/935/1210 3695/934/1209 3683/1779/1490
f 3685/1781/1494 3697/936/1211 3696/935/1210 3684/1780/1492
f 3686/1782/1212 3698/937/1212 3697/936/1211 3685/1781/1494
f 3688/927/1201 3700/1783/1425 3699/1784/1426 3687/106/1202
f 3689/928/1203 3701/1785/1427 3700/1783/1425 3688/927/1201
f 3690/929/1204 3702/1786/1428 3701/1785/1427 3689/928/1203
f 3691/930/1205 3703/1787/1495 3702/1786/1428 3690/929/1204
f 3692/931/1206 3704/1788/1430 3703/1787/1495 3691/930/1205
f 3693/932/1207 3705/1789/1431 3704/1788/1430 3692/931/1206
f 3694/933/1208 3706/1790/1496 3705/1789/1431 3693/932/1207
f 3695/934/1209 3707/1791/1433 3706/1790/1496 3694/933/1208
f 3696/935/1210 3708/1792/1434 3707/1791/1433 3695/934/1209
f 3697/936/1211 3709/1793/1435 3708/1792/1434 3696/935/1210
f 3698/937/1212 3710/1794/1436 3709/1793/1435 3697/936/1211
f 3700/1783/1425 3712/1130/1179 3711/50/1168 3699/1784/1426
f 3701/1785/1427 3713/1131/1180 3712/1130/1179 3700/1783/1425
f 3702/1786/1428 3714/1132/1181 3713/1131/1180 3701/1785/1427
f 3703/1787/1495 3715/1133/1357 3714/1132/1181 3702/1786/1428
f 3704/1788/1430 3716/1134/1183 3715/1133/1357 3703/1787/1495
f 3705/1789/1431 3717/1135/1184 3716/1134/1183 3704/1788/1430
f 3706/1790/1496 3718/1136/1361 3717/1135/1184 3705/1789/1431
f 3707/1791/1433 3719/1137/1186 3718/1136/1361 3706/1790/1496
f 3708/1792/1434 3720/1138/1187 3719/1137/1186 3707/1791/1433
f 3709/1793/1435 3721/1139/1188 3720/1138/1187 3708/1792/1434
f 3710/1794/1436 3722/1140/1178 3721/1139/1188 3709/1793/1435
f 3712/1130/1179 3724/1595/1189 3723/1596/1190 3711/50/1168
f 3713/1131/1180 3725/1597/1191 3724/1595/1189 3712/1130/1179
f 3714/1132/1181 3726/1598/1192 3725/1597/1191 3713/1131/1180
f 3715/1133/1357 3727/1599/1437 3726/1598/1192 3714/1132/1181
f 3716/1134/1183 3728/1600/1194 3727/1599/1437 3715/1133/1357
f 3717/1135/1184 3729/1601/1195 3728/1600/1194 3716/1134/1183
f 3718/1136/1361 3730/1602/1438 3729/1601/1195 3717/1135/1184
f 3719/1137/1186 3731/1603/1197 3730/1602/1438 3718/1136/1361
f 3720/1138/1187 3732/1604/1198 3731/1603/1197 3719/1137/1186
f 3721/1139/1188 3733/1605/1199 3732/1604/1198 3720/1138/1187
f 3722/1140/1178 3734/1606/1200 3733/1605/1199 3721/1139/1188
f 3724/1595/1189 3736/1333/1201 3735/107/1202 3723/1596/1190
f 3725/1597/1191 3737/1334/1203 3736/1333/1201 3724/1595/1189
f 3726/1598/1192 3738/1335/1204 3737/1334/1203 3725/1597/1191
f 3727/1599/1437 3739/1336/1205 3738/1335/1204 3726/1598/1192
f 3728/1600/1194 3740/1337/1206 3739/1336/1205 3727/1599/1437
f 3729/1601/1195 3741/1338/1207 3740/1337/1206 3728/1600/1194
f 3730/1602/1438 3742/1339/1208 3741/1338/1207 3729/1601/1195
f 3731/1603/1197 3743/1340/1209 3742/1339/1208 3730/1602/1438
f 3732/1604/1198 3744/1341/1210 3743/1340/1209 3731/1603/1197
f 3733/1605/1199 3745/1342/1211 3744/1341/1210 3732/1604/1198
f 3734/1606/1200 3746/1343/1212 3745/1342/1211 3733/1605/1199
f 3736/1333/1201 3748/1795/1425 3747/1796/1426 3735/107/1202
f 3737/1334/1203 3749/1797/1427 3748/1795/1425 3736/1333/1201
f 3738/1335/1204 3750/1798/1428 3749/1797/1427 3737/1334/1203
f 3739/1336/1205 3751/1799/1495 3750/1798/1428 3738/1335/1204
f 3740/1337/1206 3752/1800/1430 3751/1799/1495 3739/1336/1205
f 3741/1338/1207 3753/1801/1431 3752/1800/1430 3740/1337/1206
f 3742/1339/1208 3754/1802/1496 3753/1801/1431 3741/1338/1207
f 3743/1340/1209 3755/1803/1433 3754/1802/1496 3742/1339/1208
f 3744/1341/1210 3756/1804/1434 3755/1803/1433 3743/1340/1209
f 3745/1342/1211 3757/1805/1435 3756/1804/1434 3744/1341/1210
f 3746/1343/1212 3758/1806/1436 3757/1805/1435 3745/1342/1211
f 3748/1795/1425 3616/1536/1475 3615/14/1426 3747/1796/1426
f 3749/1797/1427 3617/1537/1477 3616/1536/1475 3748/1795/1425
f 3750/1798/1428 3618/1538/1479 3617/1537/1477 3749/1797/1427
f 3751/1799/1495 3619/1539/1481 3618/1538/1479 3750/1798/1428
f 3752/1800/1430 3620/1540/2717 3619/1539/1481 3751/1799/1495
f 3753/1801/1431 3621/1541/2718 3620/1540/2717 3752/1800/1430
f 3754/1802/1496 3622/1542/1487 3621/1541/2718 3753/1801/1431
f 3755/1803/1433 3623/1543/1489 3622/1542/1487 3754/1802/1496
f 3756/1804/1434 3624/1544/1491 3623/1543/1489 3755/1803/1433
f 3757/1805/1435 3625/1545/1493 3624/1544/1491 3756/1804/1434
f 3758/1806/1436 3626/1546/1436 3625/1545/1493 3757/1805/1435
f 3760/318/2721 3772/2257/2722 3771/2258/2723 3759/5/2724
f 3761/321/2725 3773/2259/2726 3772/2257/2722 3760/318/2721
f 3762/323/2727 3774/2260/2728 3773/2259/2726 3761/321/2725
f 3763/325/2729 3775/2261/2730 3774/2260/2728 3762/323/2727
f 3764/327/2731 3776/2262/2732 3775/2261/2730 3763/325/2729
f 3765/329/2733 3777/2263/2734 3776/2262/2732 3764/327/2731
f 3766/331/2735 3778/2264/2736 3777/2263/2734 3765/329/2733
f 3767/333/2737 3779/2265/2738 3778/2264/2736 3766/331/2735
f 3768/335/2739 3780/2266/2740 3779/2265/2738 3767/333/2737
f 3769/337/2741 3781/2267/2742 3780/2266/2740 3768/335/2739
f 3770/339/2743 3782/2268/2744 3781/2267/2742 3769/337/2741
f 3772/2257/2722 3784/2269/2745 3783/2270/2746 3771/2258/2723
f 3773/2259/2726 3785/2271/2747 3784/2269/2745 3772/2257/2722
f 3774/2260/2728 3786/2272/2748 3785/2271/2747 3773/2259/2726
f 3775/2261/2730 3787/2273/2749 3786/2272/2748 3774/2260/2728
f 3776/2262/2732 3788/2274/2750 3787/2273/2749 3775/2261/2730
f 3777/2263/2734 3789/2275/2751 3788/2274/2750 3776/2262/2732
f 3778/2264/2736 3790/2276/2752 3789/2275/2751 3777/2263/2734
f 3779/2265/2738 3791/2277/2753 3790/2276/2752 3778/2264/2736
f 3780/2266/2740 3792/2278/2754 3791/2277/2753 3779/2265/2738
f 3781/2267/2742 3793/2279/2755 3792/2278/2754 3780/2266/2740
f 3782/2268/2744 3794/2280/2756 3793/2279/2755 3781/2267/2742
f 3784/2269/2745 3796/2281/2757 3795/2282/2758 3783/2270/2746
f 3785/2271/2747 3797/2283/2759 3796/2281/2757 3784/2269/2745
f 3786/2272/2748 3798/2284/2760 3797/2283/2759 3785/2271/2747
f 3787/2273/2749 3799/2285/2761 3798/2284/2760 3786/2272/2748
f 3788/2274/2750 3800/2286/2762 3799/2285/2761 3787/2273/2749
f 3789/2275/2751 3801/2287/2763 3800/2286/2762 3788/2274/2750
f 3790/2276/2752 3802/2288/2764 3801/2287/2763 3789/2275/2751
f 3791/2277/2753 3803/2289/2765 3802/2288/2764 3790/2276/2752
f 3792/2278/2754 3804/2290/2766 3803/2289/2765 3791/2277/2753
f 3793/2279/2755 3805/2291/2767 3804/2290/2766 3792/2278/2754
f 3794/2280/2756 3806/2292/2768 3805/2291/2767 3793/2279/2755
f 3796/2281/2757 3808/2293/2769 3807/2294/2770 3795/2282/2758
f 3797/2283/2759 3809/2295/2771 3808/2293/2769 3796/2281/2757
f 3798/2284/2760 3810/2296/2772 3809/2295/2771 3797/2283/2759
f 3799/2285/2761 3811/2297/2773 3810/2296/2772 3798/2284/2760
f 3800/2286/2762 3812/2298/2774 3811/2297/2773 3799/2285/2761
f 3801/2287/2763 3813/2299/2775 3812/2298/2774 3800/2286/2762
f 3802/2288/2764 3814/2300/2776 3813/2299/2775 3801/2287/2763
f 3803/2289/2765 3815/2301/2777 3814/2300/2776 3802/2288/2764
f 3804/2290/2766 3816/2302/2778 3815/2301/2777 3803/2289/2765
f 3805/2291/2767 3817/2303/2779 3816/2302/2778 3804/2290/2766
f 3806/2292/2768 3818/2304/2780 3817/2303/2779 3805/2291/2767
f 3808/2293/2769 3820/2305/2781 3819/2306/2782 3807/2294/2770
f 3809/2295/2771 3821/2307/2783 3820/2305/2781 3808/2293/2769
f 3810/2296/2772 3822/2308/2784 3821/2307/2783 3809/2295/2771
f 3811/2297/2773 3823/2309/2785 3822/2308/2784 3810/2296/2772
f 3812/2298/2774 3824/2310/2786 3823/2309/2785 3811/2297/2773
f 3813/2299/2775 3825/2311/2787 3824/2310/2786 3812/2298/2774
f 3814/2300/2776 3826/2312/2788 3825/2311/2787 3813/2299/2775
f 3815/2301/2777 3827/2313/2789 3826/2312/2788 3814/2300/2776
f 3816/2302/2778 3828/2314/2790 3827/2313/2789 3815/2301/2777
f 3817/2303/2779 3829/2315/2791 3828/2314/2790 3816/2302/2778
f 3818/2304/2780 3830/2316/2792 3829/2315/2791 3817/2303/2779
f 3820/2305/2781 3832/2317/2793 3831/2318/2794 3819/2306/2782
f 3821/2307/2783 3833/2319/2795 3832/2317/2793 3820/2305/2781
f 3822/2308/2784 3834/2320/2796 3833/2319/2795 3821/2307/2783
f 3823/2309/2785 3835/2321/2797 3834/2320/2796 3822/2308/2784
f 3824/2310/2786 3836/2322/2798 3835/2321/2797 3823/2309/2785
f 3825/2311/2787 3837/2323/2799 3836/2322/2798 3824/2310/2786
f 3826/2312/2788 3838/2324/2800 3837/2323/2799 3825/2311/2787
f 3827/2313/2789 3839/2325/2801 3838/2324/2800 3826/2312/2788
f 3828/2314/2790 3840/2326/2802 3839/2325/2801 3827/2313/2789
f 3829/2315/2791 3841/2327/2803 3840/2326/2802 3828/2314/2790
f 3830/2316/2792 3842/2328/2804 3841/2327/2803 3829/2315/2791
f 3832/2317/2793 3844/2329/2805 3843/2330/2806 3831/2318/2794
f 3833/2319/2795 3845/2331/2807 3844/2329/2805 3832/2317/2793
f 3834/2320/2796 3846/2332/2808 3845/2331/2807 3833/2319/2795
f 3835/2321/2797 3847/2333/2809 3846/2332/2808 3834/2320/2796
f 3836/2322/2798 3848/2334/2810 3847/2333/2809 3835/2321/2797
f 3837/2323/2799 3849/2335/2811 3848/2334/2810 3836/2322/2798
f 3838/2324/2800 3850/2336/2812 3849/2335/2811 3837/2323/2799
f 3839/2325/2801 3851/2337/2813 3850/2336/2812 3838/2324/2800
f 3840/2326/2802 3852/2338/2814 3851/2337/2813 3839/2325/2801
f 3841/2327/2803 3853/2339/2815 3852/2338/2814 3840/2326/2802
f 3842/2328/2804 3854/2340/2816 3853/2339/2815 3841/2327/2803
f 3844/2329/2805 3856/2341/2817 3855/2342/2818 3843/2330/2806
f 3845/2331/2807 3857/2343/2819 3856/2341/2817 3844/2329/2805
f 3846/2332/2808 3858/2344/2820 3857/2343/2819 3845/2331/2807
f 3847/2333/2809 3859/2345/2821 3858/2344/2820 3846/2332/2808
f 3848/2334/2810 3860/2346/2822 3859/2345/2821 3847/2333/2809
f 3849/2335/2811 3861/2347/2823 3860/2346/2822 3848/2334/2810
f 3850/2336/2812 3862/2348/2824 3861/2347/2823 3849/2335/2811
f 3851/2337/2813 3863/2349/2825 3862/2348/2824 3850/2336/2812
f 3852/2338/2814 3864/2350/2826 3863/2349/2825 3851/2337/2813
f 3853/2339/2815 3865/2351/2827 3864/2350/2826 3852/2338/2814
f 3854/2340/2816 3866/2352/2828 3865/2351/2827 3853/2339/2815
f 3856/2341/2817 3868/2353/2829 3867/2354/2830 3855/2342/2818
f 3857/2343/2819 3869/2355/2831 3868/2353/2829 3856/2341/2817
f 3858/2344/2820 3870/2356/2832 3869/2355/2831 3857/2343/2819
f 3859/2345/2821 3871/2357/2833 3870/2356/2832 3858/2344/2820
f 3860/2346/2822 3872/2358/2834 3871/2357/2833 3859/2345/2821
f 3861/2347/2823 3873/2359/2835 3872/2358/2834 3860/2346/2822
f 3862/2348/2824 3874/2360/2836 3873/2359/2835 3861/2347/2823
f 3863/2349/2825 3875/2361/2837 3874/2360/2836 3862/2348/2824
f 3864/2350/2826 3876/2362/2838 3875/2361/2837 3863/2349/2825
f 3865/2351/2827 3877/2363/2839 3876/2362/2838 3864/2350/2826
f 3866/2352/2828 3878/2364/2840 3877/2363/2839 3865/2351/2827
f 3868/2353/2829 3880/2365/2841 3879/2366/880 3867/2354/2830
f 3869/2355/2831 3881/2367/2842 3880/2365/2841 3868/2353/2829
f 3870/2356/2832 3882/2368/2843 3881/2367/2842 3869/2355/2831
f 3871/2357/2833 3883/2369/2844 3882/2368/2843 3870/2356/2832
f 3872/2358/2834 3884/2370/2845 3883/2369/2844 3871/2357/2833
f 3873/2359/2835 3885/2371/2846 3884/2370/2845 3872/2358/2834
f 3874/2360/2836 3886/2372/2847 3885/2371/2846 3873/2359/2835
f 3875/2361/2837 3887/2373/2848 3886/2372/2847 3874/2360/2836
f 3876/2362/2838 3888/2374/2849 3887/2373/2848 3875/2361/2837
f 3877/2363/2839 3889/2375/2850 3888/2374/2849 3876/2362/2838
f 3878/2364/2840 3890/2376/890 3889/2375/2850 3877/2363/2839
f 3880/2365/2841 3892/2377/2851 3891/2378/2852 3879/2366/880
f 3881/2367/2842 3893/2379/2853 3892/2377/2851 3880/2365/2841
f 3882/2368/2843 3894/2380/2854 3893/2379/2853 3881/2367/2842
f 3883/2369/2844 3895/2381/2855 3894/2380/2854 3882/2368/2843
f 3884/2370/2845 3896/2382/2856 3895/2381/2855 3883/2369/2844
f 3885/2371/2846 3897/2383/2857 3896/2382/2856 3884/2370/2845
f 3886/2372/2847 3898/2384/2858 3897/2383/2857 3885/2371/2846
f 3887/2373/2848 3899/2385/2859 3898/2384/2858 3886/2372/2847
f 3888/2374/2849 3900/2386/2860 3899/2385/2859 3887/2373/2848
f 3889/2375/2850 3901/2387/2861 3900/2386/2860 3888/2374/2849
f 3890/2376/890 3902/2388/2862 3901/2387/2861 3889/2375/2850
f 3892/2377/2851 3904/2389/2863 3903/2390/2864 3891/2378/2852
f 3893/2379/2853 3905/2391/2865 3904/2389/2863 3892/2377/2851
f 3894/2380/2854 3906/2392/2866 3905/2391/2865 3893/2379/2853
f 3895/2381/2855 3907/2393/2867 3906/2392/2866 3894/2380/2854
f 3896/2382/2856 3908/2394/2868 3907/2393/2867 3895/2381/2855
f 3897/2383/2857 3909/2395/2869 3908/2394/2868 3896/2382/2856
f 3898/2384/2858 3910/2396/2870 3909/2395/2869 3897/2383/2857
f 3899/2385/2859 3911/2397/2871 3910/2396/2870 3898/2384/2858
f 3900/2386/2860 3912/2398/2872 3911/2397/2871 3899/2385/2859
f 3901/2387/2861 3913/2399/2873 3912/2398/2872 3900/2386/2860
f 3902/2388/2862 3914/2400/2874 3913/2399/2873 3901/2387/2861
f 3904/2389/2863 3916/2401/2875 3915/2402/2876 3903/2390/2864
f 3905/2391/2865 3917/2403/2877 3916/2401/2875 3904/2389/2863
f 3906/2392/2866 3918/2404/2878 3917/2403/2877 3905/2391/2865
f 3907/2393/2867 3919/2405/2879 3918/2404/2878 3906/2392/2866
f 3908/2394/2868 3920/2406/2880 3919/2405/2879 3907/2393/2867
f 3909/2395/2869 3921/2407/2881 3920/2406/2880 3908/2394/2868
f 3910/2396/2870 3922/2408/2882 3921/2407/2881 3909/2395/2869
f 3911/2397/2871 3923/2409/2883 3922/2408/2882 3910/2396/2870
f 3912/2398/2872 3924/2410/2884 3923/2409/2883 3911/2397/2871
f 3913/2399/2873 3925/2411/2885 3924/2410/2884 3912/2398/2872
f 3914/2400/2874 3926/2412/2886 3925/2411/2885 3913/2399/2873
f 3916/2401/2875 3928/2413/2887 3927/2414/2888 3915/2402/2876
f 3917/2403/2877 3929/2415/2889 3928/2413/2887 3916/2401/2875
f 3918/2404/2878 3930/2416/2890 3929/2415/2889 3917/2403/2877
f 3919/2405/2879 3931/2417/2891 3930/2416/2890 3918/2404/2878
f 3920/2406/2880 3932/2418/2892 3931/2417/2891 3919/2405/2879
f 3921/2407/2881 3933/2419/2893 3932/2418/2892 3920/2406/2880
f 3922/2408/2882 3934/2420/2894 3933/2419/2893 3921/2407/2881
f 3923/2409/2883 3935/2421/2895 3934/2420/2894 3922/2408/2882
f 3924/2410/2884 3936/2422/2896 3935/2421/2895 3923/2409/2883
f 3925/2411/2885 3937/2423/2897 3936/2422/2896 3924/2410/2884
f 3926/2412/2886 3938/2424/2898 3937/2423/2897 3925/2411/2885
f 3928/2413/2887 3940/2425/2899 3939/2426/2900 3927/2414/2888
f 3929/2415/2889 3941/2427/2901 3940/2425/2899 3928/2413/2887
f 3930/2416/2890 3942/2428/2902 3941/2427/2901 3929/2415/2889
f 3931/2417/2891 3943/2429/2903 3942/2428/2902 3930/2416/2890
f 3932/2418/2892 3944/2430/2904 3943/2429/2903 3931/2417/2891
f 3933/2419/2893 3945/2431/2905 3944/2430/2904 3932/2418/2892
f 3934/2420/2894 3946/2432/2906 3945/2431/2905 3933/2419/2893
f 3935/2421/2895 3947/2433/2907 3946/2432/2906 3934/2420/2894
f 3936/2422/2896 3948/2434/2908 3947/2433/2907 3935/2421/2895
f 3937/2423/2897 3949/2435/2909 3948/2434/2908 3936/2422/2896
f 3938/2424/2898 3950/2436/2910 3949/2435/2909 3937/2423/2897
f 3940/2425/2899 3952/2437/2911 3951/2438/2912 3939/2426/2900
f 3941/2427/2901 3953/2439/2913 3952/2437/2911 3940/2425/2899
f 3942/2428/2902 3954/2440/2914 3953/2439/2913 3941/2427/2901
f 3943/2429/2903 3955/2441/2915 3954/2440/2914 3942/2428/2902
f 3944/2430/2904 3956/2442/2916 3955/2441/2915 3943/2429/2903
f 3945/2431/2905 3957/2443/2917 3956/2442/2916 3944/2430/2904
f 3946/2432/2906 3958/2444/2918 3957/2443/2917 3945/2431/2905
f 3947/2433/2907 3959/2445/2919 3958/2444/2918 3946/2432/2906
f 3948/2434/2908 3960/2446/2920 3959/2445/2919 3947/2433/2907
f 3949/2435/2909 3961/2447/2921 3960/2446/2920 3948/2434/2908
f 3950/2436/2910 3962/2448/2922 3961/2447/2921 3949/2435/2909
f 3952/2437/2911 3964/2449/2923 3963/2450/2924 3951/2438/2912
f 3953/2439/2913 3965/2451/2925 3964/2449/2923 3952/2437/2911
f 3954/2440/2914 3966/2452/2926 3965/2451/2925 3953/2439/2913
f 3955/2441/2915 3967/2453/2927 3966/2452/2926 3954/2440/2914
f 3956/2442/2916 3968/2454/2928 3967/2453/2927 3955/2441/2915
f 3957/2443/2917 3969/2455/2929 3968/2454/2928 3956/2442/2916
f 3958/2444/2918 3970/2456/2930 3969/2455/2929 3957/2443/2917
f 3959/2445/2919 3971/2457/2931 3970/2456/2930 3958/2444/2918
f 3960/2446/2920 3972/2458/2932 3971/2457/2931 3959/2445/2919
f 3961/2447/2921 3973/2459/2933 3972/2458/2932 3960/2446/2920
f 3962/2448/2922 3974/2460/2934 3973/2459/2933 3961/2447/2921
f 3964/2449/2923 3976/2461/2935 3975/2462/2936 3963/2450/2924
f 3965/2451/2925 3977/2463/2937 3976/2461/2935 3964/2449/2923
f 3966/2452/2926 3978/2464/2938 3977/2463/2937 3965/2451/2925
f 3967/2453/2927 3979/2465/2939 3978/2464/2938 3966/2452/2926
f 3968/2454/2928 3980/2466/2940 3979/2465/2939 3967/2453/2927
f 3969/2455/2929 3981/2467/2941 3980/2466/2940 3968/2454/2928
f 3970/2456/2930 3982/2468/2942 3981/2467/2941 3969/2455/2929
f 3971/2457/2931 3983/2469/2943 3982/2468/2942 3970/2456/2930
f 3972/2458/2932 3984/2470/2944 3983/2469/2943 3971/2457/2931
f 3973/2459/2933 3985/2471/2945 3984/2470/2944 3972/2458/2932
f 3974/2460/2934 3986/2472/2946 3985/2471/2945 3973/2459/2933
f 3976/2461/2935 3988/2473/2947 3987/2474/2948 3975/2462/2936
f 3977/2463/2937 3989/2475/2949 3988/2473/2947 3976/2461/2935
f 3978/2464/2938 3990/2476/2950 3989/2475/2949 3977/2463/2937
f 3979/2465/2939 3991/2477/2951 3990/2476/2950 3978/2464/2938
f 3980/2466/2940 3992/2478/2952 3991/2477/2951 3979/2465/2939
f 3981/2467/2941 3993/2479/2953 3992/2478/2952 3980/2466/2940
f 3982/2468/2942 3994/2480/2954 3993/2479/2953 3981/2467/2941
f 3983/2469/2943 3995/2481/2955 3994/2480/2954 3982/2468/2942
f 3984/2470/2944 3996/2482/2956 3995/2481/2955 3983/2469/2943
f 3985/2471/2945 3997/2483/2957 3996/2482/2956 3984/2470/2944
f 3986/2472/2946 3998/2484/2958 3997/2483/2957 3985/2471/2945
f 3988/2473/2947 4000/2485/2959 3999/2486/2960 3987/2474/2948
f 3989/2475/2949 4001/2487/2961 4000/2485/2959 3988/2473/2947
f 3990/2476/2950 4002/2488/2962 4001/2487/2961 3989/2475/2949
f 3991/2477/2951 4003/2489/2963 4002/2488/2962 3990/2476/2950
f 3992/2478/2952 4004/2490/2964 4003/2489/2963 3991/2477/2951
f 3993/2479/2953 4005/2491/2965 4004/2490/2964 3992/2478/2952
f 3994/2480/2954 4006/2492/2966 4005/2491/2965 3993/2479/2953
f 3995/2481/2955 4007/2493/2967 4006/2492/2966 3994/2480/2954
f 3996/2482/2956 4008/2494/2968 4007/2493/2967 3995/2481/2955
f 3997/2483/2957 4009/2495/2969 4008/2494/2968 3996/2482/2956
f 3998/2484/2958 4010/2496/2970 4009/2495/2969 3997/2483/2957
f 4000/2485/2959 4012/2497/2971 4011/2498/2972 3999/2486/2960
f 4001/2487/2961 4013/2499/2973 4012/2497/2971 4000/2485/2959
f 4002/2488/2962 4014/2500/2974 4013/2499/2973 4001/2487/2961
f 4003/2489/2963 4015/2501/2975 4014/2500/2974 4002/2488/2962
f 4004/2490/2964 4016/2502/2976 4015/2501/2975 4003/2489/2963
f 4005/2491/2965 4017/2503/2977 4016/2502/2976 4004/2490/2964
f 4006/2492/2966 4018/2504/2978 4017/2503/2977 4005/2491/2965
f 4007/2493/2967 4019/2505/2979 4018/2504/2978 4006/2492/2966
f 4008/2494/2968 4020/2506/2980 4019/2505/2979 4007/2493/2967
f 4009/2495/2969 4021/2507/2981 4020/2506/2980 4008/2494/2968
f 4010/2496/2970 4022/2508/2982 4021/2507/2981 4009/2495/2969
f 4012/2497/2971 4024/2509/2983 4023/2510/2984 4011/2498/2972
f 4013/2499/2973 4025/2511/2985 4024/2509/2983 4012/2497/2971
f 4014/2500/2974 4026/2512/2986 4025/2511/2985 4013/2499/2973
f 4015/2501/2975 4027/2513/2987 4026/2512/2986 4014/2500/2974
f 4016/2502/2976 4028/2514/2988 4027/2513/2987 4015/2501/2975
f 4017/2503/2977 4029/2515/2989 4028/2514/2988 4016/2502/2976
f 4018/2504/2978 4030/2516/2990 4029/2515/2989 4017/2503/2977
f 4019/2505/2979 4031/2517/2991 4030/2516/2990 4018/2504/2978
f 4020/2506/2980 4032/2518/2992 4031/2517/2991 4019/2505/2979
f 4021/2507/2981 4033/2519/2993 4032/2518/2992 4020/2506/2980
f 4022/2508/2982 4034/2520/2994 4033/2519/2993 4021/2507/2981
f 4024/2509/2983 4036/2521/2995 4035/2522/2996 4023/2510/2984
f 4025/2511/2985 4037/2523/2997 4036/2521/2995 4024/2509/2983
f 4026/2512/2986 4038/2524/2998 4037/2523/2997 4025/2511/2985
f 4027/2513/2987 4039/2525/2999 4038/2524/2998 4026/2512/2986
f 4028/2514/2988 4040/2526/3000 4039/2525/2999 4027/2513/2987
f 4029/2515/2989 4041/2527/3001 4040/2526/3000 4028/2514/2988
f 4030/2516/2990 4042/2528/3002 4041/2527/3001 4029/2515/2989
f 4031/2517/2991 4043/2529/3003 4042/2528/3002 4030/2516/2990
f 4032/2518/2992 4044/2530/3004 4043/2529/3003 4031/2517/2991
f 4033/2519/2993 4045/2531/3005 4044/2530/3004 4032/2518/2992
f 4034/2520/2994 4046/2532/3006 4045/2531/3005 4033/2519/2993
f 4036/2521/2995 4048/2533/3007 4047/2534/3008 4035/2522/2996
f 4037/2523/2997 4049/2535/3009 4048/2533/3007 4036/2521/2995
f 4038/2524/2998 4050/2536/3010 4049/2535/3009 4037/2523/2997
f 4039/2525/2999 4051/2537/3011 4050/2536/3010 4038/2524/2998
f 4040/2526/3000 4052/2538/3012 4051/2537/3011 4039/2525/2999
f 4041/2527/3001 4053/2539/3013 4052/2538/3012 4040/2526/3000
f 4042/2528/3002 4054/2540/3014 4053/2539/3013 4041/2527/3001
f 4043/2529/3003 4055/2541/3015 4054/2540/3014 4042/2528/3002
f 4044/2530/3004 4056/2542/3016 4055/2541/3015 4043/2529/3003
f 4045/2531/3005 4057/2543/3017 4056/2542/3016 4044/2530/3004
f 4046/2532/3006 4058/2544/3018 4057/2543/3017 4045/2531/3005
f 4048/2533/3007 4060/2545/3019 4059/2546/3020 4047/2534/3008
f 4049/2535/3009 4061/2547/3021 4060/2545/3019 4048/2533/3007
f 4050/2536/3010 4062/2548/3022 4061/2547/3021 4049/2535/3009
f 4051/2537/3011 4063/2549/3023 4062/2548/3022 4050/2536/3010
f 4052/2538/3012 4064/2550/3024 4063/2549/3023 4051/2537/3011
f 4053/2539/3013 4065/2551/3025 4064/2550/3024 4052/2538/3012
f 4054/2540/3014 4066/2552/3026 4065/2551/3025 4053/2539/3013
f 4055/2541/3015 4067/2553/3027 4066/2552/3026 4054/2540/3014
f 4056/2542/3016 4068/2554/3028 4067/2553/3027 4055/2541/3015
f 4057/2543/3017 4069/2555/3029 4068/2554/3028 4056/2542/3016
f 4058/2544/3018 4070/2556/3030 4069/2555/3029 4057/2543/3017
f 4060/2545/3019 4072/2557/3031 4071/2558/3032 4059/2546/3020
f 4061/2547/3021 4073/2559/3033 4072/2557/3031 4060/2545/3019
f 4062/2548/3022 4074/2560/3034 4073/2559/3033 4061/2547/3021
f 4063/2549/3023 4075/2561/3035 4074/2560/3034 4062/2548/3022
f 4064/2550/3024 4076/2562/3036 4075/2561/3035 4063/2549/3023
f 4065/2551/3025 4077/2563/3037 4076/2562/3036 4064/2550/3024
f 4066/2552/3026 4078/2564/3038 4077/2563/3037 4065/2551/3025
f 4067/2553/3027 4079/2565/3039 4078/2564/3038 4066/2552/3026
f 4068/2554/3028 4080/2566/3040 4079/2565/3039 4067/2553/3027
f 4069/2555/3029 4081/2567/3041 4080/2566/3040 4068/2554/3028
f 4070/2556/3030 4082/2568/3042 4081/2567/3041 4069/2555/3029
f 4072/2557/3031 4084/2569/3043 4083/2570/3044 4071/2558/3032
f 4073/2559/3033 4085/2571/3045 4084/2569/3043 4072/2557/3031
f 4074/2560/3034 4086/2572/3046 4085/2571/3045 4073/2559/3033
f 4075/2561/3035 4087/2573/3047 4086/2572/3046 4074/2560/3034
f 4076/2562/3036 4088/2574/3048 4087/2573/3047 4075/2561/3035
f 4077/2563/3037 4089/2575/3049 4088/2574/3048 4076/2562/3036
f 4078/2564/3038 4090/2576/3050 4089/2575/3049 4077/2563/3037
f 4079/2565/3039 4091/2577/3051 4090/2576/3050 4078/2564/3038
f 4080/2566/3040 4092/2578/3052 4091/2577/3051 4079/2565/3039
f 4081/2567/3041 4093/2579/3053 4092/2578/3052 4080/2566/3040
f 4082/2568/3042 4094/2580/3054 4093/2579/3053 4081/2567/3041
f 4084/2569/3043 4096/2581/3055 4095/2582/3056 4083/2570/3044
f 4085/2571/3045 4097/2583/3057 4096/2581/3055 4084/2569/3043
f 4086/2572/3046 4098/2584/3058 4097/2583/3057 4085/2571/3045
f 4087/2573/3047 4099/2585/3059 4098/2584/3058 4086/2572/3046
f 4088/2574/3048 4100/2586/3060 4099/2585/3059 4087/2573/3047
f 4089/2575/3049 4101/2587/3061 4100/2586/3060 4088/2574/3048
f 4090/2576/3050 4102/2588/3062 4101/2587/3061 4089/2575/3049
f 4091/2577/3051 4103/2589/3063 4102/2588/3062 4090/2576/3050
f 4092/2578/3052 4104/2590/3064 4103/2589/3063 4091/2577/3051
f 4093/2579/3053 4105/2591/3065 4104/2590/3064 4092/2578/3052
f 4094/2580/3054 4106/2592/3066 4105/2591/3065 4093/2579/3053
f 4096/2581/3055 4108/2593/3067 4107/2594/3068 4095/2582/3056
f 4097/2583/3057 4109/2595/3069 4108/2593/3067 4096/2581/3055
f 4098/2584/3058 4110/2596/3070 4109/2595/3069 4097/2583/3057
f 4099/2585/3059 4111/2597/3071 4110/2596/3070 4098/2584/3058
f 4100/2586/3060 4112/2598/3072 4111/2597/3071 4099/2585/3059
f 4101/2587/3061 4113/2599/3073 4112/2598/3072 4100/2586/3060
f 4102/2588/3062 4114/2600/3074 4113/2599/3073 4101/2587/3061
f 4103/2589/3063 4115/2601/3075 4114/2600/3074 4102/2588/3062
f 4104/2590/3064 4116/2602/3076 4115/2601/3075 4103/2589/3063
f 4105/2591/3065 4117/2603/3077 4116/2602/3076 4104/2590/3064
f 4106/2592/3066 4118/2604/3078 4117/2603/3077 4105/2591/3065
f 4108/2593/3067 4120/2605/3079 4119/2606/3080 4107/2594/3068
f 4109/2595/3069 4121/2607/3081 4120/2605/3079 4108/2593/3067
f 4110/2596/3070 4122/2608/3082 4121/2607/3081 4109/2595/3069
f 4111/2597/3071 4123/2609/3083 4122/2608/3082 4110/2596/3070
f 4112/2598/3072 4124/2610/3084 4123/2609/3083 4111/2597/3071
f 4113/2599/3073 4125/2611/3085 4124/2610/3084 4112/2598/3072
f 4114/2600/3074 4126/2612/3086 4125/2611/3085 4113/2599/3073
f 4115/2601/3075 4127/2613/3087 4126/2612/3086 4114/2600/3074
f 4116/2602/3076 4128/2614/3088 4127/2613/3087 4115/2601/3075
f 4117/2603/3077 4129/2615/3089 4128/2614/3088 4116/2602/3076
f 4118/2604/3078 4130/2616/3090 4129/2615/3089 4117/2603/3077
f 4120/2605/3079 4132/2617/3091 4131/2618/3092 4119/2606/3080
f 4121/2607/3081 4133/2619/3093 4132/2617/3091 4120/2605/3079
f 4122/2608/3082 4134/2620/3094 4133/2619/3093 4121/2607/3081
f 4123/2609/3083 4135/2621/3095 4134/2620/3094 4122/2608/3082
f 4124/2610/3084 4136/2622/3096 4135/2621/3095 4123/2609/3083
f 4125/2611/3085 4137/2623/3097 4136/2622/3096 4124/2610/3084
f 4126/2612/3086 4138/2624/3098 4137/2623/3097 4125/2611/3085
f 4127/2613/3087 4139/2625/3099 4138/2624/3098 4126/2612/3086
f 4128/2614/3088 4140/2626/3100 4139/2625/3099 4127/2613/3087
f 4129/2615/3089 4141/2627/3101 4140/2626/3100 4128/2614/3088
f 4130/2616/3090 4142/2628/3102 4141/2627/3101 4129/2615/3089
f 4132/2617/3091 4144/2629/3103 4143/2630/3104 4131/2618/3092
f 4133/2619/3093 4145/2631/3105 4144/2629/3103 4132/2617/3091
f 4134/2620/3094 4146/2632/3106 4145/2631/3105 4133/2619/3093
f 4135/2621/3095 4147/2633/3107 4146/2632/3106 4134/2620/3094
f 4136/2622/3096 4148/2634/3108 4147/2633/3107 4135/2621/3095
f 4137/2623/3097 4149/2635/3109 4148/2634/3108 4136/2622/3096
f 4138/2624/3098 4150/2636/3110 4149/2635/3109 4137/2623/3097
f 4139/2625/3099 4151/2637/3111 4150/2636/3110 4138/2624/3098
f 4140/2626/3100 4152/2638/3112 4151/2637/3111 4139/2625/3099
f 4141/2627/3101 4153/2639/3113 4152/2638/3112 4140/2626/3100
f 4142/2628/3102 4154/2640/3114 4153/2639/3113 4141/2627/3101
f 4144/2629/3103 4156/2641/3115 4155/2642/3116 4143/2630/3104
f 4145/2631/3105 4157/2643/3117 4156/2641/3115 4144/2629/3103
f 4146/2632/3106 4158/2644/3118 4157/2643/3117 4145/2631/3105
f 4147/2633/3107 4159/2645/3119 4158/2644/3118 4146/2632/3106
f 4148/2634/3108 4160/2646/3120 4159/2645/3119 4147/2633/3107
f 4149/2635/3109 4161/2647/3121 4160/2646/3120 4148/2634/3108
f 4150/2636/3110 4162/2648/3122 4161/2647/3121 4149/2635/3109
f 4151/2637/3111 4163/2649/3123 4162/2648/3122 4150/2636/3110
f 4152/2638/3112 4164/2650/3124 4163/2649/3123 4151/2637/3111
f 4153/2639/3113 4165/2651/3125 4164/2650/3124 4152/2638/3112
f 4154/2640/3114 4166/2652/3126 4165/2651/3125 4153/2639/3113
f 4156/2641/3115 4168/2653/3127 4167/2654/3128 4155/2642/3116
f 4157/2643/3117 4169/2655/3129 4168/2653/3127 4156/2641/3115
f 4158/2644/3118 4170/2656/3130 4169/2655/3129 4157/2643/3117
f 4159/2645/3119 4171/2657/3131 4170/2656/3130 4158/2644/3118
f 4160/2646/3120 4172/2658/3132 4171/2657/3131 4159/2645/3119
f 4161/2647/3121 4173/2659/3133 4172/2658/3132 4160/2646/3120
f 4162/2648/3122 4174/2660/3134 4173/2659/3133 4161/2647/3121
f 4163/2649/3123 4175/2661/3135 4174/2660/3134 4162/2648/3122
f 4164/2650/3124 4176/2662/3136 4175/2661/3135 4163/2649/3123
f 4165/2651/3125 4177/2663/3137 4176/2662/3136 4164/2650/3124
f 4166/2652/3126 4178/2664/3138 4177/2663/3137 4165/2651/3125
f 4168/2653/3127 4180/2665/3139 4179/2666/3140 4167/2654/3128
f 4169/2655/3129 4181/2667/3141 4180/2665/3139 4168/2653/3127
f 4170/2656/3130 4182/2668/3142 4181/2667/3141 4169/2655/3129
f 4171/2657/3131 4183/2669/3143 4182/2668/3142 4170/2656/3130
f 4172/2658/3132 4184/2670/3144 4183/2669/3143 4171/2657/3131
f 4173/2659/3133 4185/2671/3145 4184/2670/3144 4172/2658/3132
f 4174/2660/3134 4186/2672/3146 4185/2671/3145 4173/2659/3133
f 4175/2661/3135 4187/2673/3147 4186/2672/3146 4174/2660/3134
f 4176/2662/3136 4188/2674/3148 4187/2673/3147 4175/2661/3135
f 4177/2663/3137 4189/2675/3149 4188/2674/3148 4176/2662/3136
f 4178/2664/3138 4190/2676/3150 4189/2675/3149 4177/2663/3137
f 4180/2665/3139 4192/2677/3151 4191/2678/3152 4179/2666/3140
f 4181/2667/3141 4193/2679/3153 4192/2677/3151 4180/2665/3139
f 4182/2668/3142 4194/2680/3154 4193/2679/3153 4181/2667/3141
f 4183/2669/3143 4195/2681/3155 4194/2680/3154 4182/2668/3142
f 4184/2670/3144 4196/2682/3156 4195/2681/3155 4183/2669/3143
f 4185/2671/3145 4197/2683/3157 4196/2682/3156 4184/2670/3144
f 4186/2672/3146 4198/2684/3158 4197/2683/3157 4185/2671/3145
f 4187/2673/3147 4199/2685/3159 4198/2684/3158 4186/2672/3146
f 4188/2674/3148 4200/2686/3160 4199/2685/3159 4187/2673/3147
f 4189/2675/3149 4201/2687/3161 4200/2686/3160 4188/2674/3148
f 4190/2676/3150 4202/2688/3162 4201/2687/3161 4189/2675/3149
f 4192/2677/3151 4204/2689/3163 4203/2690/3164 4191/2678/3152
f 4193/2679/3153 4205/2691/3165 4204/2689/3163 4192/2677/3151
f 4194/2680/3154 4206/2692/3166 4205/2691/3165 4193/2679/3153
f 4195/2681/3155 4207/2693/3167 4206/2692/3166 4194/2680/3154
f 4196/2682/3156 4208/2694/3168 4207/2693/3167 4195/2681/3155
f 4197/2683/3157 4209/2695/3169 4208/2694/3168 4196/2682/3156
f 4198/2684/3158 4210/2696/3170 4209/2695/3169 4197/2683/3157
f 4199/2685/3159 4211/2697/3171 4210/2696/3170 4198/2684/3158
f 4200/2686/3160 4212/2698/3172 4211/2697/3171 4199/2685/3159
f 4201/2687/3161 4213/2699/3173 4212/2698/3172 4200/2686/3160
f 4202/2688/3162 4214/2700/3174 4213/2699/3173 4201/2687/3161
f 4204/2689/3163 4216/2701/3175 4215/2702/3176 4203/2690/3164
f 4205/2691/3165 4217/2703/3177 4216/2701/3175 4204/2689/3163
f 4206/2692/3166 4218/2704/3178 4217/2703/3177 4205/2691/3165
f 4207/2693/3167 4219/2705/3179 4218/2704/3178 4206/2692/3166
f 4208/2694/3168 4220/2706/3180 4219/2705/3179 4207/2693/3167
f 4209/2695/3169 4221/2707/3181 4220/2706/3180 4208/2694/3168
f 4210/2696/3170 4222/2708/3182 4221/2707/3181 4209/2695/3169
f 4211/2697/3171 4223/2709/3183 4222/2708/3182 4210/2696/3170
f 4212/2698/3172 4224/2710/3184 4223/2709/3183 4211/2697/3171
f 4213/2699/3173 4225/2711/3185 4224/2710/3184 4212/2698/3172
f 4214/2700/3174 4226/2712/3186 4225/2711/3185 4213/2699/3173
f 4216/2701/3175 4228/2713/3187 4227/2714/3188 4215/2702/3176
f 4217/2703/3177 4229/2715/3189 4228/2713/3187 4216/2701/3175
f 4218/2704/3178 4230/2716/3190 4229/2715/3189 4217/2703/3177
f 4219/2705/3179 4231/2717/3191 4230/2716/3190 4218/2704/3178
f 4220/2706/3180 4232/2718/3192 4231/2717/3191 4219/2705/3179
f 4221/2707/3181 4233/2719/3193 4232/2718/3192 4220/2706/3180
f 4222/2708/3182 4234/2720/3194 4233/2719/3193 4221/2707/3181
f 4223/2709/3183 4235/2721/3195 4234/2720/3194 4222/2708/3182
f 4224/2710/3184 4236/2722/3196 4235/2721/3195 4223/2709/3183
f 4225/2711/3185 4237/2723/3197 4236/2722/3196 4224/2710/3184
f 4226/2712/3186 4238/2724/3198 4237/2723/3197 4225/2711/3185
f 4228/2713/3187 4240/2725/3199 4239/2726/3200 4227/2714/3188
f 4229/2715/3189 4241/2727/3201 4240/2725/3199 4228/2713/3187
f 4230/2716/3190 4242/2728/3202 4241/2727/3201 4229/2715/3189
f 4231/2717/3191 4243/2729/3203 4242/2728/3202 4230/2716/3190
f 4232/2718/3192 4244/2730/3204 4243/2729/3203 4231/2717/3191
f 4233/2719/3193 4245/2731/3205 4244/2730/3204 4232/2718/3192
f 4234/2720/3194 4246/2732/3206 4245/2731/3205 4233/2719/3193
f 4235/2721/3195 4247/2733/3207 4246/2732/3206 4234/2720/3194
f 4236/2722/3196 4248/2734/3208 4247/2733/3207 4235/2721/3195
f 4237/2723/3197 4249/2735/3209 4248/2734/3208 4236/2722/3196
f 4238/2724/3198 4250/2736/3210 4249/2735/3209 4237/2723/3197
f 4240/2725/3199 4252/2737/3211 4251/2738/3212 4239/2726/3200
f 4241/2727/3201 4253/2739/3213 4252/2737/3211 4240/2725/3199
f 4242/2728/3202 4254/2740/3214 4253/2739/3213 4241/2727/3201
f 4243/2729/3203 4255/2741/3215 4254/2740/3214 4242/2728/3202
f 4244/2730/3204 4256/2742/3216 4255/2741/3215 4243/2729/3203
f 4245/2731/3205 4257/2743/3217 4256/2742/3216 4244/2730/3204
f 4246/2732/3206 4258/2744/3218 4257/2743/3217 4245/2731/3205
f 4247/2733/3207 4259/2745/3219 4258/2744/3218 4246/2732/3206
f 4248/2734/3208 4260/2746/3220 4259/2745/3219 4247/2733/3207
f 4249/2735/3209 4261/2747/3221 4260/2746/3220 4248/2734/3208
f 4250/2736/3210 4262/2748/3222 4261/2747/3221 4249/2735/3209
f 4252/2737/3211 4264/2749/3223 4263/2750/3080 4251/2738/3212
f 4253/2739/3213 4265/2751/3224 4264/2749/3223 4252/2737/3211
f 4254/2740/3214 4266/2752/3225 4265/2751/3224 4253/2739/3213
f 4255/2741/3215 4267/2753/3226 4266/2752/3225 4254/2740/3214
f 4256/2742/3216 4268/2754/3227 4267/2753/3226 4255/2741/3215
f 4257/2743/3217 4269/2755/3228 4268/2754/3227 4256/2742/3216
f 4258/2744/3218 4270/2756/3229 4269/2755/3228 4257/2743/3217
f 4259/2745/3219 4271/2757/3230 4270/2756/3229 4258/2744/3218
f 4260/2746/3220 4272/2758/3231 4271/2757/3230 4259/2745/3219
f 4261/2747/3221 4273/2759/3232 4272/2758/3231 4260/2746/3220
f 4262/2748/3222 4274/2760/3090 4273/2759/3232 4261/2747/3221
f 4264/2749/3223 4276/2761/3233 4275/2762/3234 4263/2750/3080
f 4265/2751/3224 4277/2763/3235 4276/2761/3233 4264/2749/3223
f 4266/2752/3225 4278/2764/3236 4277/2763/3235 4265/2751/3224
f 4267/2753/3226 4279/2765/3237 4278/2764/3236 4266/2752/3225
f 4268/2754/3227 4280/2766/3238 4279/2765/3237 4267/2753/3226
f 4269/2755/3228 4281/2767/3239 4280/2766/3238 4268/2754/3227
f 4270/2756/3229 4282/2768/3240 4281/2767/3239 4269/2755/3228
f 4271/2757/3230 4283/2769/3241 4282/2768/3240 4270/2756/3229
f 4272/2758/3231 4284/2770/3242 4283/2769/3241 4271/2757/3230
f 4273/2759/3232 4285/2771/3243 4284/2770/3242 4272/2758/3231
f 4274/2760/3090 4286/2772/3244 4285/2771/3243 4273/2759/3232
f 4276/2761/3233 4288/2773/3245 4287/2774/3246 4275/2762/3234
f 4277/2763/3235 4289/2775/3247 4288/2773/3245 4276/2761/3233
f 4278/2764/3236 4290/2776/3248 4289/2775/3247 4277/2763/3235
f 4279/2765/3237 4291/2777/3249 4290/2776/3248 4278/2764/3236
f 4280/2766/3238 4292/2778/3250 4291/2777/3249 4279/2765/3237
f 4281/2767/3239 4293/2779/3251 4292/2778/3250 4280/2766/3238
f 4282/2768/3240 4294/2780/3252 4293/2779/3251 4281/2767/3239
f 4283/2769/3241 4295/2781/3253 4294/2780/3252 4282/2768/3240
f 4284/2770/3242 4296/2782/3254 4295/2781/3253 4283/2769/3241
f 4285/2771/3243 4297/2783/3255 4296/2782/3254 4284/2770/3242
f 4286/2772/3244 4298/2784/3256 4297/2783/3255 4285/2771/3243
f 4288/2773/3245 4300/2785/3257 4299/2786/3258 4287/2774/3246
f 4289/2775/3247 4301/2787/3259 4300/2785/3257 4288/2773/3245
f 4290/2776/3248 4302/2788/3260 4301/2787/3259 4289/2775/3247
f 4291/2777/3249 4303/2789/3261 4302/2788/3260 4290/2776/3248
f 4292/2778/3250 4304/2790/3262 4303/2789/3261 4291/2777/3249
f 4293/2779/3251 4305/2791/3263 4304/2790/3262 4292/2778/3250
f 4294/2780/3252 4306/2792/3264 4305/2791/3263 4293/2779/3251
f 4295/2781/3253 4307/2793/3265 4306/2792/3264 4294/2780/3252
f 4296/2782/3254 4308/2794/3266 4307/2793/3265 4295/2781/3253
f 4297/2783/3255 4309/2795/3267 4308/2794/3266 4296/2782/3254
f 4298/2784/3256 4310/2796/3268 4309/2795/3267 4297/2783/3255
f 4300/2785/3257 4312/2797/3269 4311/2798/3270 4299/2786/3258
f 4301/2787/3259 4313/2799/3271 4312/2797/3269 4300/2785/3257
f 4302/2788/3260 4314/2800/3272 4313/2799/3271 4301/2787/3259
f 4303/2789/3261 4315/2801/3273 4314/2800/3272 4302/2788/3260
f 4304/2790/3262 4316/2802/3274 4315/2801/3273 4303/2789/3261
f 4305/2791/3263 4317/2803/3275 4316/2802/3274 4304/2790/3262
f 4306/2792/3264 4318/2804/3276 4317/2803/3275 4305/2791/3263
f 4307/2793/3265 4319/2805/3277 4318/2804/3276 4306/2792/3264
f 4308/2794/3266 4320/2806/3278 4319/2805/3277 4307/2793/3265
f 4309/2795/3267 4321/2807/3279 4320/2806/3278 4308/2794/3266
f 4310/2796/3268 4322/2808/3280 4321/2807/3279 4309/2795/3267
f 4312/2797/3269 4324/2809/3281 4323/2810/3282 4311/2798/3270
f 4313/2799/3271 4325/2811/3283 4324/2809/3281 4312/2797/3269
f 4314/2800/3272 4326/2812/3284 4325/2811/3283 4313/2799/3271
f 4315/2801/3273 4327/2813/3285 4326/2812/3284 4314/2800/3272
f 4316/2802/3274 4328/2814/3286 4327/2813/3285 4315/2801/3273
f 4317/2803/3275 4329/2815/3287 4328/2814/3286 4316/2802/3274
f 4318/2804/3276 4330/2816/3288 4329/2815/3287 4317/2803/3275
f 4319/2805/3277 4331/2817/3289 4330/2816/3288 4318/2804/3276
f 4320/2806/3278 4332/2818/3290 4331/2817/3289 4319/2805/3277
f 4321/2807/3279 4333/2819/3291 4332/2818/3290 4320/2806/3278
f 4322/2808/3280 4334/2820/3292 4333/2819/3291 4321/2807/3279
f 4324/2809/3281 4336/2821/3293 4335/2822/3294 4323/2810/3282
f 4325/2811/3283 4337/2823/3295 4336/2821/3293 4324/2809/3281
f 4326/2812/3284 4338/2824/3296 4337/2823/3295 4325/2811/3283
f 4327/2813/3285 4339/2825/3297 4338/2824/3296 4326/2812/3284
f 4328/2814/3286 4340/2826/3298 4339/2825/3297 4327/2813/3285
f 4329/2815/3287 4341/2827/3299 4340/2826/3298 4328/2814/3286
f 4330/2816/3288 4342/2828/3300 4341/2827/3299 4329/2815/3287
f 4331/2817/3289 4343/2829/3301 4342/2828/3300 4330/2816/3288
f 4332/2818/3290 4344/2830/3302 4343/2829/3301 4331/2817/3289
f 4333/2819/3291 4345/2831/3303 4344/2830/3302 4332/2818/3290
f 4334/2820/3292 4346/2832/3304 4345/2831/3303 4333/2819/3291
f 4336/2821/3293 4348/2833/3305 4347/2834/3306 4335/2822/3294
f 4337/2823/3295 4349/2835/3307 4348/2833/3305 4336/2821/3293
f 4338/2824/3296 4350/2836/3308 4349/2835/3307 4337/2823/3295
f 4339/2825/3297 4351/2837/3309 4350/2836/3308 4338/2824/3296
f 4340/2826/3298 4352/2838/3310 4351/2837/3309 4339/2825/3297
f 4341/2827/3299 4353/2839/3311 4352/2838/3310 4340/2826/3298
f 4342/2828/3300 4354/2840/3312 4353/2839/3311 4341/2827/3299
f 4343/2829/3301 4355/2841/3313 4354/2840/3312 4342/2828/3300
f 4344/2830/3302 4356/2842/3314 4355/2841/3313 4343/2829/3301
f 4345/2831/3303 4357/2843/3315 4356/2842/3314 4344/2830/3302
f 4346/2832/3304 4358/2844/3316 4357/2843/3315 4345/2831/3303
f 4348/2833/3305 4360/2845/3317 4359/2846/3318 4347/2834/3306
f 4349/2835/3307 4361/2847/3319 4360/2845/3317 4348/2833/3305
f 4350/2836/3308 4362/2848/3320 4361/2847/3319 4349/2835/3307
f 4351/2837/3309 4363/2849/3321 4362/2848/3320 4350/2836/3308
f 4352/2838/3310 4364/2850/3322 4363/2849/3321 4351/2837/3309
f 4353/2839/3311 4365/2851/3323 4364/2850/3322 4352/2838/3310
f 4354/2840/3312 4366/2852/3324 4365/2851/3323 4353/2839/3311
f 4355/2841/3313 4367/2853/3325 4366/2852/3324 4354/2840/3312
f 4356/2842/3314 4368/2854/3326 4367/2853/3325 4355/2841/3313
f 4357/2843/3315 4369/2855/3327 4368/2854/3326 4356/2842/3314
f 4358/2844/3316 4370/2856/3328 4369/2855/3327 4357/2843/3315
f 4360/2845/3317 4372/2857/3329 4371/2858/3330 4359/2846/3318
f 4361/2847/3319 4373/2859/3331 4372/2857/3329 4360/2845/3317
f 4362/2848/3320 4374/2860/3332 4373/2859/3331 4361/2847/3319
f 4363/2849/3321 4375/2861/3333 4374/2860/3332 4362/2848/3320
f 4364/2850/3322 4376/2862/3334 4375/2861/3333 4363/2849/3321
f 4365/2851/3323 4377/2863/3335 4376/2862/3334 4364/2850/3322
f 4366/2852/3324 4378/2864/3336 4377/2863/3335 4365/2851/3323
f 4367/2853/3325 4379/2865/3337 4378/2864/3336 4366/2852/3324
f 4368/2854/3326 4380/2866/3338 4379/2865/3337 4367/2853/3325
f 4369/2855/3327 4381/2867/3339 4380/2866/3338 4368/2854/3326
f 4370/2856/3328 4382/2868/3340 4381/2867/3339 4369/2855/3327
f 4372/2857/3329 4384/2869/3341 4383/2870/3342 4371/2858/3330
f 4373/2859/3331 4385/2871/3343 4384/2869/3341 4372/2857/3329
f 4374/2860/3332 4386/2872/3344 4385/2871/3343 4373/2859/3331
f 4375/2861/3333 4387/2873/3345 4386/2872/3344 4374/2860/3332
f 4376/2862/3334 4388/2874/3346 4387/2873/3345 4375/2861/3333
f 4377/2863/3335 4389/2875/3347 4388/2874/3346 4376/2862/3334
f 4378/2864/3336 4390/2876/3348 4389/2875/3347 4377/2863/3335
f 4379/2865/3337 4391/2877/3349 4390/2876/3348 4378/2864/3336
f 4380/2866/3338 4392/2878/3350 4391/2877/3349 4379/2865/3337
f 4381/2867/3339 4393/2879/3351 4392/2878/3350 4380/2866/3338
f 4382/2868/3340 4394/2880/3352 4393/2879/3351 4381/2867/3339
f 4384/2869/3341 4396/2881/3353 4395/2882/3354 4383/2870/3342
f 4385/2871/3343 4397/2883/3355 4396/2881/3353 4384/2869/3341
f 4386/2872/3344 4398/2884/3356 4397/2883/3355 4385/2871/3343
f 4387/2873/3345 4399/2885/3357 4398/2884/3356 4386/2872/3344
f 4388/2874/3346 4400/2886/3358 4399/2885/3357 4387/2873/3345
f 4389/2875/3347 4401/2887/3359 4400/2886/3358 4388/2874/3346
f 4390/2876/3348 4402/2888/3360 4401/2887/3359 4389/2875/3347
f 4391/2877/3349 4403/2889/3361 4402/2888/3360 4390/2876/3348
f 4392/2878/3350 4404/2890/3362 4403/2889/3361 4391/2877/3349
f 4393/2879/3351 4405/2891/3363 4404/2890/3362 4392/2878/3350
f 4394/2880/3352 4406/2892/3364 4405/2891/3363 4393/2879/3351
f 4396/2881/3353 4408/2893/3365 4407/2894/3366 4395/2882/3354
f 4397/2883/3355 4409/2895/3367 4408/2893/3365 4396/2881/3353
f 4398/2884/3356 4410/2896/3368 4409/2895/3367 4397/2883/3355
f 4399/2885/3357 4411/2897/3369 4410/2896/3368 4398/2884/3356
f 4400/2886/3358 4412/2898/3370 4411/2897/3369 4399/2885/3357
f 4401/2887/3359 4413/2899/3371 4412/2898/3370 4400/2886/3358
f 4402/2888/3360 4414/2900/3372 4413/2899/3371 4401/2887/3359
f 4403/2889/3361 4415/2901/3373 4414/2900/3372 4402/2888/3360
f 4404/2890/3362 4416/2902/3374 4415/2901/3373 4403/2889/3361
f 4405/2891/3363 4417/2903/3375 4416/2902/3374 4404/2890/3362
f 4406/2892/3364 4418/2904/3376 4417/2903/3375 4405/2891/3363
f 4408/2893/3365 4420/2905/3377 4419/2906/3378 4407/2894/3366
f 4409/2895/3367 4421/2907/3379 4420/2905/3377 4408/2893/3365
f 4410/2896/3368 4422/2908/3380 4421/2907/3379 4409/2895/3367
f 4411/2897/3369 4423/2909/3381 4422/2908/3380 4410/2896/3368
f 4412/2898/3370 4424/2910/3382 4423/2909/3381 4411/2897/3369
f 4413/2899/3371 4425/2911/3383 4424/2910/3382 4412/2898/3370
f 4414/2900/3372 4426/2912/3384 4425/2911/3383 4413/2899/3371
f 4415/2901/3373 4427/2913/3385 4426/2912/3384 4414/2900/3372
f 4416/2902/3374 4428/2914/3386 4427/2913/3385 4415/2901/3373
f 4417/2903/3375 4429/2915/3387 4428/2914/3386 4416/2902/3374
f 4418/2904/3376 4430/2916/3388 4429/2915/3387 4417/2903/3375
f 4420/2905/3377 4432/2917/3389 4431/2918/3390 4419/2906/3378
f 4421/2907/3379 4433/2919/3391 4432/2917/3389 4420/2905/3377
f 4422/2908/3380 4434/2920/3392 4433/2919/3391 4421/2907/3379
f 4423/2909/3381 4435/2921/3393 4434/2920/3392 4422/2908/3380
f 4424/2910/3382 4436/2922/3394 4435/2921/3393 4423/2909/3381
f 4425/2911/3383 4437/2923/3395 4436/2922/3394 4424/2910/3382
f 4426/2912/3384 4438/2924/3396 4437/2923/3395 4425/2911/3383
f 4427/2913/3385 4439/2925/3397 4438/2924/3396 4426/2912/3384
f 4428/2914/3386 4440/2926/3398 4439/2925/3397 4427/2913/3385
f 4429/2915/3387 4441/2927/3399 4440/2926/3398 4428/2914/3386
f 4430/2916/3388 4442/2928/3400 4441/2927/3399 4429/2915/3387
f 4432/2917/3389 4444/2929/3401 4443/2930/3402 4431/2918/3390
f 4433/2919/3391 4445/2931/3403 4444/2929/3401 4432/2917/3389
f 4434/2920/3392 4446/2932/3404 4445/2931/3403 4433/2919/3391
f 4435/2921/3393 4447/2933/3405 4446/2932/3404 4434/2920/3392
f 4436/2922/3394 4448/2934/3406 4447/2933/3405 4435/2921/3393
f 4437/2923/3395 4449/2935/3407 4448/2934/3406 4436/2922/3394
f 4438/2924/3396 4450/2936/3408 4449/2935/3407 4437/2923/3395
f 4439/2925/3397 4451/2937/3409 4450/2936/3408 4438/2924/3396
f 4440/2926/3398 4452/2938/3410 4451/2937/3409 4439/2925/3397
f 4441/2927/3399 4453/2939/3411 4452/2938/3410 4440/2926/3398
f 4442/2928/3400 4454/2940/3412 4453/2939/3411 4441/2927/3399
f 4444/2929/3401 4456/2941/3413 4455/2942/3414 4443/2930/3402
f 4445/2931/3403 4457/2943/3415 4456/2941/3413 4444/2929/3401
f 4446/2932/3404 4458/2944/3416 4457/2943/3415 4445/2931/3403
f 4447/2933/3405 4459/2945/3417 4458/2944/3416 4446/2932/3404
f 4448/2934/3406 4460/2946/3418 4459/2945/3417 4447/2933/3405
f 4449/2935/3407 4461/2947/3419 4460/2946/3418 4448/2934/3406
f 4450/2936/3408 4462/2948/3420 4461/2947/3419 4449/2935/3407
f 4451/2937/3409 4463/2949/3421 4462/2948/3420 4450/2936/3408
f 4452/2938/3410 4464/2950/3422 4463/2949/3421 4451/2937/3409
f 4453/2939/3411 4465/2951/3423 4464/2950/3422 4452/2938/3410
f 4454/2940/3412 4466/2952/3424 4465/2951/3423 4453/2939/3411
f 4456/2941/3413 4468/2953/3425 4467/2954/3426 4455/2942/3414
f 4457/2943/3415 4469/2955/3427 4468/2953/3425 4456/2941/3413
f 4458/2944/3416 4470/2956/3428 4469/2955/3427 4457/2943/3415
f 4459/2945/3417 4471/2957/3429 4470/2956/3428 4458/2944/3416
f 4460/2946/3418 4472/2958/3430 4471/2957/3429 4459/2945/3417
f 4461/2947/3419 4473/2959/3431 4472/2958/3430 4460/2946/3418
f 4462/2948/3420 4474/2960/3432 4473/2959/3431 4461/2947/3419
f 4463/2949/3421 4475/2961/3433 4474/2960/3432 4462/2948/3420
f 4464/2950/3422 4476/2962/3434 4475/2961/3433 4463/2949/3421
f 4465/2951/3423 4477/2963/3435 4476/2962/3434 4464/2950/3422
f 4466/2952/3424 4478/2964/3436 4477/2963/3435 4465/2951/3423
f 4468/2953/3425 4480/2965/3437 4479/2966/3438 4467/2954/3426
f 4469/2955/3427 4481/2967/3439 4480/2965/3437 4468/2953/3425
f 4470/2956/3428 4482/2968/3440 4481/2967/3439 4469/2955/3427
f 4471/2957/3429 4483/2969/3441 4482/2968/3440 4470/2956/3428
f 4472/2958/3430 4484/2970/3442 4483/2969/3441 4471/2957/3429
f 4473/2959/3431 4485/2971/3443 4484/2970/3442 4472/2958/3430
f 4474/2960/3432 4486/2972/3444 4485/2971/3443 4473/2959/3431
f 4475/2961/3433 4487/2973/3445 4486/2972/3444 4474/2960/3432
f 4476/2962/3434 4488/2974/3446 4487/2973/3445 4475/2961/3433
f 4477/2963/3435 4489/2975/3447 4488/2974/3446 4476/2962/3434
f 4478/2964/3436 4490/2976/3448 4489/2975/3447 4477/2963/3435
f 4480/2965/3437 4492/2977/3449 4491/2978/3450 4479/2966/3438
f 4481/2967/3439 4493/2979/3451 4492/2977/3449 4480/2965/3437
f 4482/2968/3440 4494/2980/3452 4493/2979/3451 4481/2967/3439
f 4483/2969/3441 4495/2981/3453 4494/2980/3452 4482/2968/3440
f 4484/2970/3442 4496/2982/3454 4495/2981/3453 4483/2969/3441
f 4485/2971/3443 4497/2983/3455 4496/2982/3454 4484/2970/3442
f 4486/2972/3444 4498/2984/3456 4497/2983/3455 4485/2971/3443
f 4487/2973/3445 4499/2985/3457 4498/2984/3456 4486/2972/3444
f 4488/2974/3446 4500/2986/3458 4499/2985/3457 4487/2973/3445
f 4489/2975/3447 4501/2987/3459 4500/2986/3458 4488/2974/3446
f 4490/2976/3448 4502/2988/3460 4501/2987/3459 4489/2975/3447
f 4492/2977/3449 4504/2989/1475 4503/2990/1426 4491/2978/3450
f 4493/2979/3451 4505/2991/1477 4504/2989/1475 4492/2977/3449
f 4494/2980/3452 4506/2992/1479 4505/2991/1477 4493/2979/3451
f 4495/2981/3453 4507/2993/1481 4506/2992/1479 4494/2980/3452
f 4496/2982/3454 4508/2994/3461 4507/2993/1481 4495/2981/3453
f 4497/2983/3455 4509/2995/3462 4508/2994/3461 4496/2982/3454
f 4498/2984/3456 4510/2996/1487 4509/2995/3462 4497/2983/3455
f 4499/2985/3457 4511/2997/1489 4510/2996/1487 4498/2984/3456
f 4500/2986/3458 4512/2998/1491 4511/2997/1489 4499/2985/3457
f 4501/2987/3459 4513/2999/1493 4512/2998/1491 4500/2986/3458
f 4502/2988/3460 4514/3000/1436 4513/2999/1493 4501/2987/3459
f 4504/2989/1475 4516/3001/1425 4515/3002/1426 4503/2990/1426
f 4505/2991/1477 4517/3003/1427 4516/3001/1425 4504/2989/1475
f 4506/2992/1479 4518/3004/1428 4517/3003/1427 4505/2991/1477
f 4507/2993/1481 4519/3005/1495 4518/3004/1428 4506/2992/1479
f 4508/2994/3461 4520/3006/1430 4519/3005/1495 4507/2993/1481
f 4509/2995/3462 4521/3007/1431 4520/3006/1430 4508/2994/3461
f 4510/2996/1487 4522/3008/1496 4521/3007/1431 4509/2995/3462
f 4511/2997/1489 4523/3009/1433 4522/3008/1496 4510/2996/1487
f 4512/2998/1491 4524/3010/1434 4523/3009/1433 4511/2997/1489
f 4513/2999/1493 4525/3011/1435 4524/3010/1434 4512/2998/1491
f 4514/3000/1436 4526/3012/1436 4525/3011/1435 4513/2999/1493
f 4516/3001/1425 4528/3013/1179 4527/3014/1168 4515/3002/1426
f 4517/3003/1427 4529/3015/1180 4528/3013/1179 4516/3001/1425
f 4518/3004/1428 4530/3016/1181 4529/3015/1180 4517/3003/1427
f 4519/3005/1495 4531/3017/1182 4530/3016/1181 4518/3004/1428
f 4520/3006/1430 4532/3018/1183 4531/3017/1182 4519/3005/1495
f 4521/3007/1431 4533/3019/1184 4532/3018/1183 4520/3006/1430
f 4522/3008/1496 4534/3020/1185 4533/3019/1184 4521/3007/1431
f 4523/3009/1433 4535/3021/1186 4534/3020/1185 4522/3008/1496
f 4524/3010/1434 4536/3022/1187 4535/3021/1186 4523/3009/1433
f 4525/3011/1435 4537/3023/1188 4536/3022/1187 4524/3010/1434
f 4526/3012/1436 4538/3024/1178 4537/3023/1188 4525/3011/1435
f 4528/3013/1179 4540/3025/1189 4539/3026/1190 4527/3014/1168
f 4529/3015/1180 4541/3027/1191 4540/3025/1189 4528/3013/1179
f 4530/3016/1181 4542/3028/1192 4541/3027/1191 4529/3015/1180
f 4531/3017/1182 4543/3029/1193 4542/3028/1192 4530/3016/1181
f 4532/3018/1183 4544/3030/1194 4543/3029/1193 4531/3017/1182
f 4533/3019/1184 4545/3031/1195 4544/3030/1194 4532/3018/1183
f 4534/3020/1185 4546/3032/1196 4545/3031/1195 4533/3019/1184
f 4535/3021/1186 4547/3033/1197 4546/3032/1196 4534/3020/1185
f 4536/3022/1187 4548/3034/1198 4547/3033/1197 4535/3021/1186
f 4537/3023/1188 4549/3035/1199 4548/3034/1198 4536/3022/1187
f 4538/3024/1178 4550/3036/1200 4549/3035/1199 4537/3023/1188
f 4540/3025/1189 4552/3037/3463 4551/3038/3464 4539/3026/1190
f 4541/3027/1191 4553/3039/3465 4552/3037/3463 4540/3025/1189
f 4542/3028/1192 4554/3040/3466 4553/3039/3465 4541/3027/1191
f 4543/3029/1193 4555/3041/3467 4554/3040/3466 4542/3028/1192
f 4544/3030/1194 4556/3042/3468 4555/3041/3467 4543/3029/1193
f 4545/3031/1195 4557/3043/3469 4556/3042/3468 4544/3030/1194
f 4546/3032/1196 4558/3044/3470 4557/3043/3469 4545/3031/1195
f 4547/3033/1197 4559/3045/3471 4558/3044/3470 4546/3032/1196
f 4548/3034/1198 4560/3046/3472 4559/3045/3471 4547/3033/1197
f 4549/3035/1199 4561/3047/3473 4560/3046/3472 4548/3034/1198
f 4550/3036/1200 4562/3048/3474 4561/3047/3473 4549/3035/1199
f 4552/3037/3463 3760/1536/2721 3759/14/2724 4551/3038/3464
f 4553/3039/3465 3761/1537/2725 3760/1536/2721 4552/3037/3463
f 4554/3040/3466 3762/1538/2727 3761/1537/2725 4553/3039/3465
f 4555/3041/3467 3763/1539/2729 3762/1538/2727 4554/3040/3466
f 4556/3042/3468 3764/1540/2731 3763/1539/2729 4555/3041/3467
f 4557/3043/3469 3765/1541/2733 3764/1540/2731 4556/3042/3468
f 4558/3044/3470 3766/1542/2735 3765/1541/2733 4557/3043/3469
f 4559/3045/3471 3767/1543/2737 3766/1542/2735 4558/3044/3470
f 4560/3046/3472 3768/1544/2739 3767/1543/2737 4559/3045/3471
f 4561/3047/3473 3769/1545/2741 3768/1544/2739 4560/3046/3472
f 4562/3048/3474 3770/1546/2743 3769/1545/2741 4561/3047/3473
f 4564/318/3475 4576/3049/3476 4575/3050/3477 4563/5/3478
f 4565/321/3479 4577/3051/3480 4576/3049/3476 4564/318/3475
f 4566/323/3481 4578/3052/3482 4577/3051/3480 4565/321/3479
f 4567/325/3483 4579/3053/3484 4578/3052/3482 4566/323/3481
f 4568/327/3485 4580/3054/3486 4579/3053/3484 4567/325/3483
f 4569/329/3487 4581/3055/3488 4580/3054/3486 4568/327/3485
f 4570/331/3489 4582/3056/3490 4581/3055/3488 4569/329/3487
f 4571/333/3491 4583/3057/3492 4582/3056/3490 4570/331/3489
f 4572/335/3493 4584/3058/3494 4583/3057/3492 4571/333/3491
f 4573/337/3495 4585/3059/3496 4584/3058/3494 4572/335/3493
f 4574/339/3497 4586/3060/3498 4585/3059/3496 4573/337/3495
f 4576/3049/3476 4588/3061/3499 4587/3062/3500 4575/3050/3477
f 4577/3051/3480 4589/3063/3501 4588/3061/3499 4576/3049/3476
f 4578/3052/3482 4590/3064/3502 4589/3063/3501 4577/3051/3480
f 4579/3053/3484 4591/3065/3503 4590/3064/3502 4578/3052/3482
f 4580/3054/3486 4592/3066/3504 4591/3065/3503 4579/3053/3484
f 4581/3055/3488 4593/3067/3505 4592/3066/3504 4580/3054/3486
f 4582/3056/3490 4594/3068/3506 4593/3067/3505 4581/3055/3488
f 4583/3057/3492 4595/3069/3507 4594/3068/3506 4582/3056/3490
f 4584/3058/3494 4596/3070/3508 4595/3069/3507 4583/3057/3492
f 4585/3059/3496 4597/3071/3509 4596/3070/3508 4584/3058/3494
f 4586/3060/3498 4598/3072/3510 4597/3071/3509 4585/3059/3496
f 4588/3061/3499 4600/3073/3511 4599/3074/3512 4587/3062/3500
f 4589/3063/3501 4601/3075/3513 4600/3073/3511 4588/3061/3499
f 4590/3064/3502 4602/3076/3514 4601/3075/3513 4589/3063/3501
f 4591/3065/3503 4603/3077/3515 4602/3076/3514 4590/3064/3502
f 4592/3066/3504 4604/3078/3516 4603/3077/3515 4591/3065/3503
f 4593/3067/3505 4605/3079/3517 4604/3078/3516 4592/3066/3504
f 4594/3068/3506 4606/3080/3518 4605/3079/3517 4593/3067/3505
f 4595/3069/3507 4607/3081/3519 4606/3080/3518 4594/3068/3506
f 4596/3070/3508 4608/3082/3520 4607/3081/3519 4595/3069/3507
f 4597/3071/3509 4609/3083/3521 4608/3082/3520 4596/3070/3508
f 4598/3072/3510 4610/3084/3522 4609/3083/3521 4597/3071/3509
f 4600/3073/3511 4612/3085/3523 4611/3086/3524 4599/3074/3512
f 4601/3075/3513 4613/3087/3525 4612/3085/3523 4600/3073/3511
f 4602/3076/3514 4614/3088/3526 4613/3087/3525 4601/3075/3513
f 4603/3077/3515 4615/3089/3527 4614/3088/3526 4602/3076/3514
f 4604/3078/3516 4616/3090/3528 4615/3089/3527 4603/3077/3515
f 4605/3079/3517 4617/3091/3529 4616/3090/3528 4604/3078/3516
f 4606/3080/3518 4618/3092/3530 4617/3091/3529 4605/3079/3517
f 4607/3081/3519 4619/3093/3531 4618/3092/3530 4606/3080/3518
f 4608/3082/3520 4620/3094/3532 4619/3093/3531 4607/3081/3519
f 4609/3083/3521 4621/3095/3533 4620/3094/3532 4608/3082/3520
f 4610/3084/3522 4622/3096/3534 4621/3095/3533 4609/3083/3521
f 4612/3085/3523 4624/3097/3535 4623/3098/3536 4611/3086/3524
f 4613/3087/3525 4625/3099/3537 4624/3097/3535 4612/3085/3523
f 4614/3088/3526 4626/3100/3538 4625/3099/3537 4613/3087/3525
f 4615/3089/3527 4627/3101/3539 4626/3100/3538 4614/3088/3526
f 4616/3090/3528 4628/3102/3540 4627/3101/3539 4615/3089/3527
f 4617/3091/3529 4629/3103/3541 4628/3102/3540 4616/3090/3528
f 4618/3092/3530 4630/3104/3542 4629/3103/3541 4617/3091/3529
f 4619/3093/3531 4631/3105/3543 4630/3104/3542 4618/3092/3530
f 4620/3094/3532 4632/3106/3544 4631/3105/3543 4619/3093/3531
f 4621/3095/3533 4633/3107/3545 4632/3106/3544 4620/3094/3532
f 4622/3096/3534 4634/3108/3546 4633/3107/3545 4621/3095/3533
f 4624/3097/3535 4636/3109/3547 4635/3110/3548 4623/3098/3536
f 4625/3099/3537 4637/3111/3549 4636/3109/3547 4624/3097/3535
f 4626/3100/3538 4638/3112/3550 4637/3111/3549 4625/3099/3537
f 4627/3101/3539 4639/3113/3551 4638/3112/3550 4626/3100/3538
f 4628/3102/3540 4640/3114/3552 4639/3113/3551 4627/3101/3539
f 4629/3103/3541 4641/3115/3553 4640/3114/3552 4628/3102/3540
f 4630/3104/3542 4642/3116/3554 4641/3115/3553 4629/3103/3541
f 4631/3105/3543 4643/3117/3555 4642/3116/3554 4630/3104/3542
f 4632/3106/3544 4644/3118/3556 4643/3117/3555 4631/3105/3543
f 4633/3107/3545 4645/3119/3557 4644/3118/3556 4632/3106/3544
f 4634/3108/3546 4646/3120/3558 4645/3119/3557 4633/3107/3545
f 4636/3109/3547 4648/3121/3559 4647/3122/3560 4635/3110/3548
f 4637/3111/3549 4649/3123/3561 4648/3121/3559 4636/3109/3547
f 4638/3112/3550 4650/3124/3562 4649/3123/3561 4637/3111/3549
f 4639/3113/3551 4651/3125/3563 4650/3124/3562 4638/3112/3550
f 4640/3114/3552 4652/3126/3564 4651/3125/3563 4639/3113/3551
f 4641/3115/3553 4653/3127/3565 4652/3126/3564 4640/3114/3552
f 4642/3116/3554 4654/3128/3566 4653/3127/3565 4641/3115/3553
f 4643/3117/3555 4655/3129/3567 4654/3128/3566 4642/3116/3554
f 4644/3118/3556 4656/3130/3568 4655/3129/3567 4643/3117/3555
f 4645/3119/3557 4657/3131/3569 4656/3130/3568 4644/3118/3556
f 4646/3120/3558 4658/3132/3570 4657/3131/3569 4645/3119/3557
f 4648/3121/3559 4660/3133/3571 4659/3134/3572 4647/3122/3560
f 4649/3123/3561 4661/3135/3573 4660/3133/3571 4648/3121/3559
f 4650/3124/3562 4662/3136/3574 4661/3135/3573 4649/3123/3561
f 4651/3125/3563 4663/3137/3575 4662/3136/3574 4650/3124/3562
f 4652/3126/3564 4664/3138/3576 4663/3137/3575 4651/3125/3563
f 4653/3127/3565 4665/3139/3577 4664/3138/3576 4652/3126/3564
f 4654/3128/3566 4666/3140/3578 4665/3139/3577 4653/3127/3565
f 4655/3129/3567 4667/3141/3579 4666/3140/3578 4654/3128/3566
f 4656/3130/3568 4668/3142/3580 4667/3141/3579 4655/3129/3567
f 4657/3131/3569 4669/3143/3581 4668/3142/3580 4656/3130/3568
f 4658/3132/3570 4670/3144/3582 4669/3143/3581 4657/3131/3569
f 4660/3133/3571 4672/724/3583 4671/74/3584 4659/3134/3572
f 4661/3135/3573 4673/725/3585 4672/724/3583 4660/3133/3571
f 4662/3136/3574 4674/726/3586 4673/725/3585 4661/3135/3573
f 4663/3137/3575 4675/727/3587 4674/726/3586 4662/3136/3574
f 4664/3138/3576 4676/728/3588 4675/727/3587 4663/3137/3575
f 4665/3139/3577 4677/729/3589 4676/728/3588 4664/3138/3576
f 4666/3140/3578 4678/730/3590 4677/729/3589 4665/3139/3577
f 4667/3141/3579 4679/731/3591 4678/730/3590 4666/3140/3578
f 4668/3142/3580 4680/732/3592 4679/731/3591 4667/3141/3579
f 4669/3143/3581 4681/733/3593 4680/732/3592 4668/3142/3580
f 4670/3144/3582 4682/734/3594 4681/733/3593 4669/3143/3581
f 4672/724/3583 4684/3145/3595 4683/3146/3596 4671/74/3584
f 4673/725/3585 4685/3147/3597 4684/3145/3595 4672/724/3583
f 4674/726/3586 4686/3148/3598 4685/3147/3597 4673/725/3585
f 4675/727/3587 4687/3149/3599 4686/3148/3598 4674/726/3586
f 4676/728/3588 4688/3150/3600 4687/3149/3599 4675/727/3587
f 4677/729/3589 4689/3151/3601 4688/3150/3600 4676/728/3588
f 4678/730/3590 4690/3152/3602 4689/3151/3601 4677/729/3589
f 4679/731/3591 4691/3153/3603 4690/3152/3602 4678/730/3590
f 4680/732/3592 4692/3154/3604 4691/3153/3603 4679/731/3591
f 4681/733/3593 4693/3155/3605 4692/3154/3604 4680/732/3592
f 4682/734/3594 4694/3156/3606 4693/3155/3605 4681/733/3593
f 4684/3145/3595 4696/3157/3607 4695/3158/3608 4683/3146/3596
f 4685/3147/3597 4697/3159/3609 4696/3157/3607 4684/3145/3595
f 4686/3148/3598 4698/3160/3610 4697/3159/3609 4685/3147/3597
f 4687/3149/3599 4699/3161/3611 4698/3160/3610 4686/3148/3598
f 4688/3150/3600 4700/3162/3612 4699/3161/3611 4687/3149/3599
f 4689/3151/3601 4701/3163/3613 4700/3162/3612 4688/3150/3600
f 4690/3152/3602 4702/3164/3614 4701/3163/3613 4689/3151/3601
f 4691/3153/3603 4703/3165/3615 4702/3164/3614 4690/3152/3602
f 4692/3154/3604 4704/3166/3616 4703/3165/3615 4691/3153/3603
f 4693/3155/3605 4705/3167/3617 4704/3166/3616 4692/3154/3604
f 4694/3156/3606 4706/3168/3618 4705/3167/3617 4693/3155/3605
f 4696/3157/3607 4708/3169/3619 4707/3170/3620 4695/3158/3608
f 4697/3159/3609 4709/3171/3621 4708/3169/3619 4696/3157/3607
f 4698/3160/3610 4710/3172/3622 4709/3171/3621 4697/3159/3609
f 4699/3161/3611 4711/3173/3623 4710/3172/3622 4698/3160/3610
f 4700/3162/3612 4712/3174/3624 4711/3173/3623 4699/3161/3611
f 4701/3163/3613 4713/3175/3625 4712/3174/3624 4700/3162/3612
f 4702/3164/3614 4714/3176/3626 4713/3175/3625 4701/3163/3613
f 4703/3165/3615 4715/3177/3627 4714/3176/3626 4702/3164/3614
f 4704/3166/3616 4716/3178/3628 4715/3177/3627 4703/3165/3615
f 4705/3167/3617 4717/3179/3629 4716/3178/3628 4704/3166/3616
f 4706/3168/3618 4718/3180/3630 4717/3179/3629 4705/3167/3617
f 4708/3169/3619 4720/3181/3631 4719/3182/3632 4707/3170/3620
f 4709/3171/3621 4721/3183/3633 4720/3181/3631 4708/3169/3619
f 4710/3172/3622 4722/3184/3634 4721/3183/3633 4709/3171/3621
f 4711/3173/3623 4723/3185/3635 4722/3184/3634 4710/3172/3622
f 4712/3174/3624 4724/3186/3636 4723/3185/3635 4711/3173/3623
f 4713/3175/3625 4725/3187/3637 4724/3186/3636 4712/3174/3624
f 4714/3176/3626 4726/3188/3638 4725/3187/3637 4713/3175/3625
f 4715/3177/3627 4727/3189/3639 4726/3188/3638 4714/3176/3626
f 4716/3178/3628 4728/3190/3640 4727/3189/3639 4715/3177/3627
f 4717/3179/3629 4729/3191/3641 4728/3190/3640 4716/3178/3628
f 4718/3180/3630 4730/3192/3642 4729/3191/3641 4717/3179/3629
f 4720/3181/3631 4732/3193/3643 4731/3194/3644 4719/3182/3632
f 4721/3183/3633 4733/3195/3645 4732/3193/3643 4720/3181/3631
f 4722/3184/3634 4734/3196/3646 4733/3195/3645 4721/3183/3633
f 4723/3185/3635 4735/3197/3647 4734/3196/3646 4722/3184/3634
f 4724/3186/3636 4736/3198/3648 4735/3197/3647 4723/3185/3635
f 4725/3187/3637 4737/3199/3649 4736/3198/3648 4724/3186/3636
f 4726/3188/3638 4738/3200/3650 4737/3199/3649 4725/3187/3637
f 4727/3189/3639 4739/3201/3651 4738/3200/3650 4726/3188/3638
f 4728/3190/3640 4740/3202/3652 4739/3201/3651 4727/3189/3639
f 4729/3191/3641 4741/3203/3653 4740/3202/3652 4728/3190/3640
f 4730/3192/3642 4742/3204/3654 4741/3203/3653 4729/3191/3641
f 4732/3193/3643 4744/3205/3655 4743/3206/3656 4731/3194/3644
f 4733/3195/3645 4745/3207/3657 4744/3205/3655 4732/3193/3643
f 4734/3196/3646 4746/3208/3658 4745/3207/3657 4733/3195/3645
f 4735/3197/3647 4747/3209/3659 4746/3208/3658 4734/3196/3646
f 4736/3198/3648 4748/3210/3660 4747/3209/3659 4735/3197/3647
f 4737/3199/3649 4749/3211/3661 4748/3210/3660 4736/3198/3648
f 4738/3200/3650 4750/3212/3662 4749/3211/3661 4737/3199/3649
f 4739/3201/3651 4751/3213/3663 4750/3212/3662 4738/3200/3650
f 4740/3202/3652 4752/3214/3664 4751/3213/3663 4739/3201/3651
f 4741/3203/3653 4753/3215/3665 4752/3214/3664 4740/3202/3652
f 4742/3204/3654 4754/3216/3666 4753/3215/3665 4741/3203/3653
f 4744/3205/3655 4756/3217/3667 4755/3218/3668 4743/3206/3656
f 4745/3207/3657 4757/3219/3669 4756/3217/3667 4744/3205/3655
f 4746/3208/3658 4758/3220/3670 4757/3219/3669 4745/3207/3657
f 4747/3209/3659 4759/3221/3671 4758/3220/3670 4746/3208/3658
f 4748/3210/3660 4760/3222/3672 4759/3221/3671 4747/3209/3659
f 4749/3211/3661 4761/3223/3673 4760/3222/3672 4748/3210/3660
f 4750/3212/3662 4762/3224/3674 4761/3223/3673 4749/3211/3661
f 4751/3213/3663 4763/3225/3675 4762/3224/3674 4750/3212/3662
f 4752/3214/3664 4764/3226/3676 4763/3225/3675 4751/3213/3663
f 4753/3215/3665 4765/3227/3677 4764/3226/3676 4752/3214/3664
f 4754/3216/3666 4766/3228/3678 4765/3227/3677 4753/3215/3665
f 4756/3217/3667 4768/3229/3679 4767/3230/3680 4755/3218/3668
f 4757/3219/3669 4769/3231/3681 4768/3229/3679 4756/3217/3667
f 4758/3220/3670 4770/3232/3682 4769/3231/3681 4757/3219/3669
f 4759/3221/3671 4771/3233/3683 4770/3232/3682 4758/3220/3670
f 4760/3222/3672 4772/3234/3684 4771/3233/3683 4759/3221/3671
f 4761/3223/3673 4773/3235/3685 4772/3234/3684 4760/3222/3672
f 4762/3224/3674 4774/3236/3686 4773/3235/3685 4761/3223/3673
f 4763/3225/3675 4775/3237/3687 4774/3236/3686 4762/3224/3674
f 4764/3226/3676 4776/3238/3688 4775/3237/3687 4763/3225/3675
f 4765/3227/3677 4777/3239/3689 4776/3238/3688 4764/3226/3676
f 4766/3228/3678 4778/3240/3690 4777/3239/3689 4765/3227/3677
f 4768/3229/3679 4780/1130/3691 4779/50/3692 4767/3230/3680
f 4769/3231/3681 4781/1131/3693 4780/1130/3691 4768/3229/3679
f 4770/3232/3682 4782/1132/3694 4781/1131/3693 4769/3231/3681
f 4771/3233/3683 4783/1133/3695 4782/1132/3694 4770/3232/3682
f 4772/3234/3684 4784/1134/3696 4783/1133/3695 4771/3233/3683
f 4773/3235/3685 4785/1135/3697 4784/1134/3696 4772/3234/3684
f 4774/3236/3686 4786/1136/3698 4785/1135/3697 4773/3235/3685
f 4775/3237/3687 4787/1137/3699 4786/1136/3698 4774/3236/3686
f 4776/3238/3688 4788/1138/3700 4787/1137/3699 4775/3237/3687
f 4777/3239/3689 4789/1139/3701 4788/1138/3700 4776/3238/3688
f 4778/3240/3690 4790/1140/3702 4789/1139/3701 4777/3239/3689
f 4780/1130/3691 4792/3241/3703 4791/3242/3704 4779/50/3692
f 4781/1131/3693 4793/3243/3705 4792/3241/3703 4780/1130/3691
f 4782/1132/3694 4794/3244/3706 4793/3243/3705 4781/1131/3693
f 4783/1133/3695 4795/3245/3707 4794/3244/3706 4782/1132/3694
f 4784/1134/3696 4796/3246/3708 4795/3245/3707 4783/1133/3695
f 4785/1135/3697 4797/3247/3709 4796/3246/3708 4784/1134/3696
f 4786/1136/3698 4798/3248/3710 4797/3247/3709 4785/1135/3697
f 4787/1137/3699 4799/3249/3711 4798/3248/3710 4786/1136/3698
f 4788/1138/3700 4800/3250/3712 4799/3249/3711 4787/1137/3699
f 4789/1139/3701 4801/3251/3713 4800/3250/3712 4788/1138/3700
f 4790/1140/3702 4802/3252/3714 4801/3251/3713 4789/1139/3701
f 4792/3241/3703 4804/3253/3715 4803/3254/3716 4791/3242/3704
f 4793/3243/3705 4805/3255/3717 4804/3253/3715 4792/3241/3703
f 4794/3244/3706 4806/3256/3718 4805/3255/3717 4793/3243/3705
f 4795/3245/3707 4807/3257/3719 4806/3256/3718 4794/3244/3706
f 4796/3246/3708 4808/3258/3720 4807/3257/3719 4795/3245/3707
f 4797/3247/3709 4809/3259/3721 4808/3258/3720 4796/3246/3708
f 4798/3248/3710 4810/3260/3722 4809/3259/3721 4797/3247/3709
f 4799/3249/3711 4811/3261/3723 4810/3260/3722 4798/3248/3710
f 4800/3250/3712 4812/3262/3724 4811/3261/3723 4799/3249/3711
f 4801/3251/3713 4813/3263/3725 4812/3262/3724 4800/3250/3712
f 4802/3252/3714 4814/3264/3726 4813/3263/3725 4801/3251/3713
f 4804/3253/3715 4816/3265/3727 4815/3266/3728 4803/3254/3716
f 4805/3255/3717 4817/3267/3729 4816/3265/3727 4804/3253/3715
f 4806/3256/3718 4818/3268/3730 4817/3267/3729 4805/3255/3717
f 4807/3257/3719 4819/3269/3731 4818/3268/3730 4806/3256/3718
f 4808/3258/3720 4820/3270/3732 4819/3269/3731 4807/3257/3719
f 4809/3259/3721 4821/3271/3733 4820/3270/3732 4808/3258/3720
f 4810/3260/3722 4822/3272/3734 4821/3271/3733 4809/3259/3721
f 4811/3261/3723 4823/3273/3735 4822/3272/3734 4810/3260/3722
f 4812/3262/3724 4824/3274/3736 4823/3273/3735 4811/3261/3723
f 4813/3263/3725 4825/3275/3737 4824/3274/3736 4812/3262/3724
f 4814/3264/3726 4826/3276/3738 4825/3275/3737 4813/3263/3725
f 4816/3265/3727 4828/3277/3739 4827/3278/3740 4815/3266/3728
f 4817/3267/3729 4829/3279/3741 4828/3277/3739 4816/3265/3727
f 4818/3268/3730 4830/3280/3742 4829/3279/3741 4817/3267/3729
f 4819/3269/3731 4831/3281/3743 4830/3280/3742 4818/3268/3730
f 4820/3270/3732 4832/3282/3744 4831/3281/3743 4819/3269/3731
f 4821/3271/3733 4833/3283/3745 4832/3282/3744 4820/3270/3732
f 4822/3272/3734 4834/3284/3746 4833/3283/3745 4821/3271/3733
f 4823/3273/3735 4835/3285/3747 4834/3284/3746 4822/3272/3734
f 4824/3274/3736 4836/3286/3748 4835/3285/3747 4823/3273/3735
f 4825/3275/3737 4837/3287/3749 4836/3286/3748 4824/3274/3736
f 4826/3276/3738 4838/3288/3750 4837/3287/3749 4825/3275/3737
f 4828/3277/3739 4840/3289/3751 4839/3290/3752 4827/3278/3740
f 4829/3279/3741 4841/3291/3753 4840/3289/3751 4828/3277/3739
f 4830/3280/3742 4842/3292/3754 4841/3291/3753 4829/3279/3741
f 4831/3281/3743 4843/3293/3755 4842/3292/3754 4830/3280/3742
f 4832/3282/3744 4844/3294/3756 4843/3293/3755 4831/3281/3743
f 4833/3283/3745 4845/3295/3757 4844/3294/3756 4832/3282/3744
f 4834/3284/3746 4846/3296/3758 4845/3295/3757 4833/3283/3745
f 4835/3285/3747 4847/3297/3759 4846/3296/3758 4834/3284/3746
f 4836/3286/3748 4848/3298/3760 4847/3297/3759 4835/3285/3747
f 4837/3287/3749 4849/3299/3761 4848/3298/3760 4836/3286/3748
f 4838/3288/3750 4850/3300/3762 4849/3299/3761 4837/3287/3749
f 4840/3289/3751 4852/3301/3763 4851/3302/3764 4839/3290/3752
f 4841/3291/3753 4853/3303/3765 4852/3301/3763 4840/3289/3751
f 4842/3292/3754 4854/3304/3766 4853/3303/3765 4841/3291/3753
f 4843/3293/3755 4855/3305/3767 4854/3304/3766 4842/3292/3754
f 4844/3294/3756 4856/3306/3768 4855/3305/3767 4843/3293/3755
f 4845/3295/3757 4857/3307/3769 4856/3306/3768 4844/3294/3756
f 4846/3296/3758 4858/3308/3770 4857/3307/3769 4845/3295/3757
f 4847/3297/3759 4859/3309/3771 4858/3308/3770 4846/3296/3758
f 4848/3298/3760 4860/3310/3772 4859/3309/3771 4847/3297/3759
f 4849/3299/3761 4861/3311/3773 4860/3310/3772 4848/3298/3760
f 4850/3300/3762 4862/3312/3774 4861/3311/3773 4849/3299/3761
f 4852/3301/3763 4864/3313/1475 4863/3314/1426 4851/3302/3764
f 4853/3303/3765 4865/3315/1477 4864/3313/1475 4852/3301/3763
f 4854/3304/3766 4866/3316/1479 4865/3315/1477 4853/3303/3765
f 4855/3305/3767 4867/3317/1481 4866/3316/1479 4854/3304/3766
f 4856/3306/3768 4868/3318/3461 4867/3317/1481 4855/3305/3767
f 4857/3307/3769 4869/3319/3462 4868/3318/3461 4856/3306/3768
f 4858/3308/3770 4870/3320/1487 4869/3319/3462 4857/3307/3769
f 4859/3309/3771 4871/3321/1489 4870/3320/1487 4858/3308/3770
f 4860/3310/3772 4872/3322/1491 4871/3321/1489 4859/3309/3771
f 4861/3311/3773 4873/3323/1493 4872/3322/1491 4860/3310/3772
f 4862/3312/3774 4874/3324/1436 4873/3323/1493 4861/3311/3773
f 4864/3313/1475 4876/3325/1476 4875/3326/1202 4863/3314/1426
f 4865/3315/1477 4877/3327/1478 4876/3325/1476 4864/3313/1475
f 4866/3316/1479 4878/3328/1480 4877/3327/1478 4865/3315/1477
f 4867/3317/1481 4879/3329/1482 4878/3328/1480 4866/3316/1479
f 4868/3318/3461 4880/3330/3775 4879/3329/1482 4867/3317/1481
f 4869/3319/3462 4881/3331/3776 4880/3330/3775 4868/3318/3461
f 4870/3320/1487 4882/3332/1488 4881/3331/3776 4869/3319/3462
f 4871/3321/1489 4883/3333/1490 4882/3332/1488 4870/3320/1487
f 4872/3322/1491 4884/3334/1492 4883/3333/1490 4871/3321/1489
f 4873/3323/1493 4885/3335/1494 4884/3334/1492 4872/3322/1491
f 4874/3324/1436 4886/3336/1212 4885/3335/1494 4873/3323/1493
f 4876/3325/1476 4564/1536/3475 4563/14/3478 4875/3326/1202
f 4877/3327/1478 4565/1537/3479 4564/1536/3475 4876/3325/1476
f 4878/3328/1480 4566/1538/3481 4565/1537/3479 4877/3327/1478
f 4879/3329/1482 4567/1539/3483 4566/1538/3481 4878/3328/1480
f 4880/3330/3775 4568/1540/3485 4567/1539/3483 4879/3329/1482
f 4881/3331/3776 4569/1541/3487 4568/1540/3485 4880/3330/3775
f 4882/3332/1488 4570/1542/3489 4569/1541/3487 4881/3331/3776
f 4883/3333/1490 4571/1543/3491 4570/1542/3489 4882/3332/1488
f 4884/3334/1492 4572/1544/3493 4571/1543/3491 4883/3333/1490
f 4885/3335/1494 4573/1545/3495 4572/1544/3493 4884/3334/1492
f 4886/3336/1212 4574/1546/3497 4573/1545/3495 4885/3335/1494
