# Blender 4.4.1
# www.blender.org
mtllib G.mtl
o G
v 0.280582 -0.262505 0.120000
v 0.258741 -0.271037 0.120000
v 0.237344 -0.278625 0.120000
v 0.216259 -0.285296 0.120000
v 0.195355 -0.291079 0.120000
v 0.174500 -0.296000 0.120000
v 0.153561 -0.300088 0.120000
v 0.132407 -0.303370 0.120000
v 0.110906 -0.305875 0.120000
v 0.088926 -0.307630 0.120000
v 0.066335 -0.308662 0.120000
v 0.043000 -0.309000 0.120000
v -0.008047 -0.306012 0.120000
v -0.056458 -0.297259 0.120000
v -0.101891 -0.283063 0.120000
v -0.144000 -0.263741 0.120000
v -0.182443 -0.239613 0.120000
v -0.216875 -0.211000 0.120000
v -0.246953 -0.178220 0.120000
v -0.272333 -0.141593 0.120000
v -0.292672 -0.101438 0.120000
v -0.307625 -0.058074 0.120000
v -0.316849 -0.011822 0.120000
v -0.320000 0.037000 0.120000
v -0.316771 0.086189 0.120000
v -0.307333 0.133014 0.120000
v -0.292063 0.177109 0.120000
v -0.271333 0.218111 0.120000
v -0.245521 0.255655 0.120000
v -0.215000 0.289375 0.120000
v -0.180146 0.318908 0.120000
v -0.141333 0.343889 0.120000
v -0.098938 0.363953 0.120000
v -0.053333 0.378736 0.120000
v -0.004896 0.387873 0.120000
v 0.046000 0.391000 0.120000
v 0.065543 0.390718 0.120000
v 0.084347 0.389829 0.120000
v 0.102672 0.388266 0.120000
v 0.120778 0.385963 0.120000
v 0.138925 0.382855 0.120000
v 0.157375 0.378875 0.120000
v 0.176387 0.373958 0.120000
v 0.196222 0.368037 0.120000
v 0.217141 0.361047 0.120000
v 0.239403 0.352921 0.120000
v 0.263269 0.343594 0.120000
v 0.289000 0.333000 0.120000
v 0.289000 0.234000 0.120000
v 0.268940 0.244561 0.120000
v 0.248769 0.254241 0.120000
v 0.228500 0.263031 0.120000
v 0.208148 0.270926 0.120000
v 0.187727 0.277918 0.120000
v 0.167250 0.284000 0.120000
v 0.146732 0.289166 0.120000
v 0.126185 0.293407 0.120000
v 0.105625 0.296719 0.120000
v 0.085065 0.299093 0.120000
v 0.064519 0.300522 0.120000
v 0.044000 0.301000 0.120000
v 0.007735 0.298691 0.120000
v -0.026870 0.291944 0.120000
v -0.059531 0.281031 0.120000
v -0.089963 0.266222 0.120000
v -0.117881 0.247788 0.120000
v -0.143000 0.226000 0.120000
v -0.165036 0.201128 0.120000
v -0.183704 0.173444 0.120000
v -0.198719 0.143219 0.120000
v -0.209796 0.110722 0.120000
v -0.216652 0.076226 0.120000
v -0.219000 0.040000 0.120000
v -0.216663 0.002973 0.120000
v -0.209806 -0.031963 0.120000
v -0.198656 -0.064594 0.120000
v -0.183444 -0.094704 0.120000
v -0.164399 -0.122078 0.120000
v -0.141750 -0.146500 0.120000
v -0.115726 -0.167756 0.120000
v -0.086556 -0.185630 0.120000
v -0.054469 -0.199906 0.120000
v -0.019694 -0.210370 0.120000
v 0.017538 -0.216807 0.120000
v 0.057000 -0.219000 0.120000
v 0.070148 -0.218755 0.120000
v 0.083102 -0.218042 0.120000
v 0.095875 -0.216891 0.120000
v 0.108481 -0.215333 0.120000
v 0.120935 -0.213401 0.120000
v 0.133250 -0.211125 0.120000
v 0.145440 -0.208536 0.120000
v 0.157519 -0.205667 0.120000
v 0.169500 -0.202547 0.120000
v 0.181398 -0.199208 0.120000
v 0.193227 -0.195682 0.120000
v 0.205000 -0.192000 0.120000
v 0.205000 -0.052000 0.120000
v 0.074000 -0.052000 0.120000
v 0.074000 0.036000 0.120000
v 0.303000 0.036000 0.120000
v 0.303000 -0.253000 0.120000
v 0.280582 -0.262505 -0.120000
v 0.258741 -0.271037 -0.120000
v 0.237344 -0.278625 -0.120000
v 0.216259 -0.285296 -0.120000
v 0.195355 -0.291079 -0.120000
v 0.174500 -0.296000 -0.120000
v 0.153561 -0.300088 -0.120000
v 0.132407 -0.303370 -0.120000
v 0.110906 -0.305875 -0.120000
v 0.088926 -0.307630 -0.120000
v 0.066335 -0.308662 -0.120000
v 0.043000 -0.309000 -0.120000
v -0.008047 -0.306012 -0.120000
v -0.056458 -0.297259 -0.120000
v -0.101891 -0.283063 -0.120000
v -0.144000 -0.263741 -0.120000
v -0.182443 -0.239613 -0.120000
v -0.216875 -0.211000 -0.120000
v -0.246953 -0.178220 -0.120000
v -0.272333 -0.141593 -0.120000
v -0.292672 -0.101437 -0.120000
v -0.307625 -0.058074 -0.120000
v -0.316849 -0.011822 -0.120000
v -0.320000 0.037000 -0.120000
v -0.316771 0.086189 -0.120000
v -0.307333 0.133014 -0.120000
v -0.292063 0.177109 -0.120000
v -0.271333 0.218111 -0.120000
v -0.245521 0.255655 -0.120000
v -0.215000 0.289375 -0.120000
v -0.180146 0.318908 -0.120000
v -0.141333 0.343889 -0.120000
v -0.098938 0.363953 -0.120000
v -0.053333 0.378736 -0.120000
v -0.004896 0.387873 -0.120000
v 0.046000 0.391000 -0.120000
v 0.065543 0.390718 -0.120000
v 0.084347 0.389829 -0.120000
v 0.102672 0.388266 -0.120000
v 0.120778 0.385963 -0.120000
v 0.138925 0.382855 -0.120000
v 0.157375 0.378875 -0.120000
v 0.176387 0.373958 -0.120000
v 0.196222 0.368037 -0.120000
v 0.217141 0.361047 -0.120000
v 0.239403 0.352921 -0.120000
v 0.263269 0.343594 -0.120000
v 0.289000 0.333000 -0.120000
v 0.289000 0.234000 -0.120000
v 0.268940 0.244561 -0.120000
v 0.248769 0.254241 -0.120000
v 0.228500 0.263031 -0.120000
v 0.208148 0.270926 -0.120000
v 0.187727 0.277918 -0.120000
v 0.167250 0.284000 -0.120000
v 0.146732 0.289166 -0.120000
v 0.126185 0.293407 -0.120000
v 0.105625 0.296719 -0.120000
v 0.085065 0.299093 -0.120000
v 0.064519 0.300522 -0.120000
v 0.044000 0.301000 -0.120000
v 0.007735 0.298691 -0.120000
v -0.026870 0.291944 -0.120000
v -0.059531 0.281031 -0.120000
v -0.089963 0.266222 -0.120000
v -0.117881 0.247788 -0.120000
v -0.143000 0.226000 -0.120000
v -0.165036 0.201128 -0.120000
v -0.183704 0.173444 -0.120000
v -0.198719 0.143219 -0.120000
v -0.209796 0.110722 -0.120000
v -0.216652 0.076226 -0.120000
v -0.219000 0.040000 -0.120000
v -0.216663 0.002973 -0.120000
v -0.209806 -0.031963 -0.120000
v -0.198656 -0.064594 -0.120000
v -0.183444 -0.094704 -0.120000
v -0.164399 -0.122078 -0.120000
v -0.141750 -0.146500 -0.120000
v -0.115726 -0.167756 -0.120000
v -0.086556 -0.185630 -0.120000
v -0.054469 -0.199906 -0.120000
v -0.019694 -0.210370 -0.120000
v 0.017538 -0.216807 -0.120000
v 0.057000 -0.219000 -0.120000
v 0.070148 -0.218755 -0.120000
v 0.083102 -0.218042 -0.120000
v 0.095875 -0.216891 -0.120000
v 0.108481 -0.215333 -0.120000
v 0.120935 -0.213401 -0.120000
v 0.133250 -0.211125 -0.120000
v 0.145440 -0.208536 -0.120000
v 0.157519 -0.205667 -0.120000
v 0.169500 -0.202547 -0.120000
v 0.181398 -0.199208 -0.120000
v 0.193227 -0.195682 -0.120000
v 0.205000 -0.192000 -0.120000
v 0.205000 -0.052000 -0.120000
v 0.074000 -0.052000 -0.120000
v 0.074000 0.036000 -0.120000
v 0.303000 0.036000 -0.120000
v 0.303000 -0.253000 -0.120000
v 0.280582 -0.262505 -0.120000
v 0.282913 -0.268229 -0.119021
v 0.285016 -0.273393 -0.116180
v 0.286685 -0.277492 -0.111756
v 0.287757 -0.280123 -0.106180
v 0.288126 -0.281030 -0.100000
v 0.288126 -0.281030 0.100000
v 0.287757 -0.280123 0.106180
v 0.286685 -0.277492 0.111756
v 0.285016 -0.273393 0.116180
v 0.282913 -0.268229 0.119021
v 0.280582 -0.262505 0.120000
v 0.258741 -0.271037 -0.120000
v 0.260899 -0.276829 -0.119021
v 0.262845 -0.282055 -0.116180
v 0.264390 -0.286201 -0.111756
v 0.265382 -0.288864 -0.106180
v 0.265724 -0.289781 -0.100000
v 0.265724 -0.289781 0.100000
v 0.265382 -0.288864 0.106180
v 0.264390 -0.286201 0.111756
v 0.262845 -0.282055 0.116180
v 0.260899 -0.276829 0.119021
v 0.258741 -0.271037 0.120000
v 0.237344 -0.278625 -0.120000
v 0.239309 -0.284485 -0.119021
v 0.241083 -0.289772 -0.116180
v 0.242490 -0.293968 -0.111756
v 0.243393 -0.296661 -0.106180
v 0.243705 -0.297590 -0.100000
v 0.243705 -0.297590 0.100000
v 0.243393 -0.296661 0.106180
v 0.242490 -0.293968 0.111756
v 0.241083 -0.289772 0.116180
v 0.239309 -0.284485 0.119021
v 0.237344 -0.278625 0.120000
v 0.216259 -0.285296 -0.120000
v 0.218016 -0.291223 -0.119021
v 0.219601 -0.296569 -0.116180
v 0.220858 -0.300812 -0.111756
v 0.221666 -0.303536 -0.106180
v 0.221944 -0.304475 -0.100000
v 0.221944 -0.304475 0.100000
v 0.221666 -0.303536 0.106180
v 0.220858 -0.300812 0.111756
v 0.219601 -0.296569 0.116180
v 0.218016 -0.291223 0.119021
v 0.216259 -0.285296 0.120000
v 0.195355 -0.291079 -0.120000
v 0.196889 -0.297067 -0.119021
v 0.198273 -0.302469 -0.116180
v 0.199372 -0.306756 -0.111756
v 0.200077 -0.309508 -0.106180
v 0.200320 -0.310457 -0.100000
v 0.200320 -0.310457 0.100000
v 0.200077 -0.309508 0.106180
v 0.199372 -0.306756 0.111756
v 0.198273 -0.302469 0.116180
v 0.196889 -0.297067 0.119021
v 0.195355 -0.291079 0.120000
v 0.174500 -0.296000 -0.120000
v 0.175802 -0.302043 -0.119021
v 0.176977 -0.307494 -0.116180
v 0.177910 -0.311820 -0.111756
v 0.178508 -0.314598 -0.106180
v 0.178714 -0.315555 -0.100000
v 0.178714 -0.315555 0.100000
v 0.178508 -0.314598 0.106180
v 0.177910 -0.311820 0.111756
v 0.176977 -0.307494 0.116180
v 0.175802 -0.302043 0.119021
v 0.174500 -0.296000 0.120000
v 0.153561 -0.300088 -0.120000
v 0.154628 -0.306177 -0.119021
v 0.155590 -0.311670 -0.116180
v 0.156353 -0.316029 -0.111756
v 0.156843 -0.318828 -0.106180
v 0.157012 -0.319792 -0.100000
v 0.157012 -0.319792 0.100000
v 0.156843 -0.318828 0.106180
v 0.156353 -0.316029 0.111756
v 0.155590 -0.311670 0.116180
v 0.154628 -0.306177 0.119021
v 0.153561 -0.300088 0.120000
v 0.132407 -0.303370 -0.120000
v 0.133239 -0.309496 -0.119021
v 0.133989 -0.315021 -0.116180
v 0.134585 -0.319407 -0.111756
v 0.134967 -0.322222 -0.106180
v 0.135099 -0.323192 -0.100000
v 0.135099 -0.323192 0.100000
v 0.134967 -0.322222 0.106180
v 0.134585 -0.319407 0.111756
v 0.133989 -0.315021 0.116180
v 0.133239 -0.309496 0.119021
v 0.132407 -0.303370 0.120000
v 0.110906 -0.305875 -0.120000
v 0.111510 -0.312027 -0.119021
v 0.112054 -0.317576 -0.116180
v 0.112487 -0.321981 -0.111756
v 0.112764 -0.324808 -0.106180
v 0.112860 -0.325783 -0.100000
v 0.112860 -0.325783 0.100000
v 0.112764 -0.324808 0.106180
v 0.112487 -0.321981 0.111756
v 0.112054 -0.317576 0.116180
v 0.111510 -0.312027 0.119021
v 0.110906 -0.305875 0.120000
v 0.088926 -0.307630 -0.120000
v 0.089313 -0.313799 -0.119021
v 0.089662 -0.319364 -0.116180
v 0.089939 -0.323781 -0.111756
v 0.090117 -0.326616 -0.106180
v 0.090179 -0.327593 -0.100000
v 0.090179 -0.327593 0.100000
v 0.090117 -0.326616 0.106180
v 0.089939 -0.323781 0.111756
v 0.089662 -0.319364 0.116180
v 0.089313 -0.313799 0.119021
v 0.088926 -0.307630 0.120000
v 0.066335 -0.308662 -0.120000
v 0.066520 -0.314840 -0.119021
v 0.066688 -0.320414 -0.116180
v 0.066821 -0.324837 -0.111756
v 0.066907 -0.327677 -0.106180
v 0.066936 -0.328655 -0.100000
v 0.066936 -0.328655 0.100000
v 0.066907 -0.327677 0.106180
v 0.066821 -0.324837 0.111756
v 0.066688 -0.320414 0.116180
v 0.066520 -0.314840 0.119021
v 0.066335 -0.308662 0.120000
v 0.043000 -0.309000 -0.120000
v 0.042864 -0.315183 -0.119021
v 0.042741 -0.320761 -0.116180
v 0.042644 -0.325187 -0.111756
v 0.042581 -0.328029 -0.106180
v 0.042560 -0.329008 -0.100000
v 0.042560 -0.329008 0.100000
v 0.042581 -0.328029 0.106180
v 0.042644 -0.325187 0.111756
v 0.042741 -0.320761 0.116180
v 0.042864 -0.315183 0.119021
v 0.043000 -0.309000 0.120000
v -0.008047 -0.306012 -0.120000
v -0.008780 -0.312160 -0.119021
v -0.009441 -0.317706 -0.116180
v -0.009966 -0.322107 -0.111756
v -0.010303 -0.324933 -0.106180
v -0.010419 -0.325907 -0.100000
v -0.010419 -0.325907 0.100000
v -0.010303 -0.324933 0.106180
v -0.009966 -0.322107 0.111756
v -0.009441 -0.317706 0.116180
v -0.008780 -0.312160 0.119021
v -0.008047 -0.306012 0.120000
v -0.056458 -0.297259 -0.120000
v -0.057935 -0.303273 -0.119021
v -0.059268 -0.308698 -0.116180
v -0.060325 -0.313003 -0.111756
v -0.061004 -0.315767 -0.106180
v -0.061238 -0.316719 -0.100000
v -0.061238 -0.316719 0.100000
v -0.061004 -0.315767 0.106180
v -0.060325 -0.313003 0.111756
v -0.059268 -0.308698 0.116180
v -0.057935 -0.303273 0.119021
v -0.056458 -0.297259 0.120000
v -0.101891 -0.283063 -0.120000
v -0.104110 -0.288844 -0.119021
v -0.106112 -0.294060 -0.116180
v -0.107701 -0.298199 -0.111756
v -0.108721 -0.300856 -0.106180
v -0.109073 -0.301772 -0.100000
v -0.109073 -0.301772 0.100000
v -0.108721 -0.300856 0.106180
v -0.107701 -0.298199 0.111756
v -0.106112 -0.294060 0.116180
v -0.104110 -0.288844 0.119021
v -0.101891 -0.283063 0.120000
v -0.144000 -0.263741 -0.120000
v -0.146944 -0.269190 -0.119021
v -0.149600 -0.274106 -0.116180
v -0.151707 -0.278007 -0.111756
v -0.153060 -0.280511 -0.106180
v -0.153527 -0.281374 -0.100000
v -0.153527 -0.281374 0.100000
v -0.153060 -0.280511 0.106180
v -0.151707 -0.278007 0.111756
v -0.149600 -0.274106 0.116180
v -0.146944 -0.269190 0.119021
v -0.144000 -0.263741 0.120000
v -0.182443 -0.239613 -0.120000
v -0.186076 -0.244630 -0.119021
v -0.189354 -0.249155 -0.116180
v -0.191956 -0.252746 -0.111756
v -0.193626 -0.255052 -0.106180
v -0.194202 -0.255846 -0.100000
v -0.194202 -0.255846 0.100000
v -0.193626 -0.255052 0.106180
v -0.191956 -0.252746 0.111756
v -0.189354 -0.249155 0.116180
v -0.186076 -0.244630 0.119021
v -0.182443 -0.239613 0.120000
v -0.216875 -0.211000 -0.120000
v -0.221146 -0.215486 -0.119021
v -0.225000 -0.219533 -0.116180
v -0.228058 -0.222745 -0.111756
v -0.230021 -0.224807 -0.106180
v -0.230697 -0.225518 -0.100000
v -0.230697 -0.225518 0.100000
v -0.230021 -0.224807 0.106180
v -0.228058 -0.222745 0.111756
v -0.225000 -0.219533 0.116180
v -0.221146 -0.215486 0.119021
v -0.216875 -0.211000 0.120000
v -0.246953 -0.178220 -0.120000
v -0.251792 -0.182087 -0.119021
v -0.256158 -0.185576 -0.116180
v -0.259623 -0.188344 -0.111756
v -0.261847 -0.190122 -0.106180
v -0.262614 -0.190735 -0.100000
v -0.262614 -0.190735 0.100000
v -0.261847 -0.190122 0.106180
v -0.259623 -0.188344 0.111756
v -0.256158 -0.185576 0.116180
v -0.251792 -0.182087 0.119021
v -0.246953 -0.178220 0.120000
v -0.272333 -0.141593 -0.120000
v -0.277655 -0.144764 -0.119021
v -0.282456 -0.147625 -0.116180
v -0.286266 -0.149895 -0.111756
v -0.288712 -0.151353 -0.106180
v -0.289555 -0.151855 -0.100000
v -0.289555 -0.151855 0.100000
v -0.288712 -0.151353 0.106180
v -0.286266 -0.149895 0.111756
v -0.282456 -0.147625 0.116180
v -0.277655 -0.144764 0.119021
v -0.272333 -0.141593 0.120000
v -0.292672 -0.101437 -0.120000
v -0.298377 -0.103852 -0.119021
v -0.303523 -0.106031 -0.116180
v -0.307607 -0.107760 -0.111756
v -0.310229 -0.108870 -0.106180
v -0.311133 -0.109252 -0.100000
v -0.311133 -0.109252 0.100000
v -0.310229 -0.108870 0.106180
v -0.307607 -0.107760 0.111756
v -0.303523 -0.106031 0.116180
v -0.298377 -0.103852 0.119021
v -0.292672 -0.101438 0.120000
v -0.307625 -0.058074 -0.120000
v -0.313604 -0.059693 -0.119021
v -0.318998 -0.061154 -0.116180
v -0.323279 -0.062313 -0.111756
v -0.326027 -0.063057 -0.106180
v -0.326974 -0.063314 -0.100000
v -0.326974 -0.063314 0.100000
v -0.326027 -0.063057 0.106180
v -0.323279 -0.062313 0.111756
v -0.318998 -0.061154 0.116180
v -0.313604 -0.059693 0.119021
v -0.307625 -0.058074 0.120000
v -0.316849 -0.011822 -0.120000
v -0.322990 -0.012629 -0.119021
v -0.328530 -0.013357 -0.116180
v -0.332927 -0.013934 -0.111756
v -0.335749 -0.014305 -0.106180
v -0.336722 -0.014433 -0.100000
v -0.336722 -0.014433 0.100000
v -0.335749 -0.014305 0.106180
v -0.332927 -0.013934 0.111756
v -0.328530 -0.013357 0.116180
v -0.322990 -0.012629 0.119021
v -0.316849 -0.011822 0.120000
v -0.320000 0.037000 -0.120000
v -0.326193 0.037003 -0.119021
v -0.331781 0.037006 -0.116180
v -0.336215 0.037009 -0.111756
v -0.339061 0.037010 -0.106180
v -0.340042 0.037011 -0.100000
v -0.340042 0.037011 0.100000
v -0.339061 0.037010 0.106180
v -0.336215 0.037009 0.111756
v -0.331781 0.037006 0.116180
v -0.326193 0.037003 0.119021
v -0.320000 0.037000 0.120000
v -0.316771 0.086189 -0.120000
v -0.322911 0.087006 -0.119021
v -0.328450 0.087742 -0.116180
v -0.332846 0.088327 -0.111756
v -0.335668 0.088702 -0.106180
v -0.336640 0.088832 -0.100000
v -0.336640 0.088832 0.100000
v -0.335668 0.088702 0.106180
v -0.332846 0.088327 0.111756
v -0.328450 0.087742 0.116180
v -0.322911 0.087006 0.119021
v -0.316771 0.086189 0.120000
v -0.307333 0.133014 -0.120000
v -0.313310 0.134643 -0.119021
v -0.318701 0.136113 -0.116180
v -0.322979 0.137279 -0.111756
v -0.325726 0.138028 -0.106180
v -0.326673 0.138286 -0.100000
v -0.326673 0.138286 0.100000
v -0.325726 0.138028 0.106180
v -0.322979 0.137279 0.111756
v -0.318701 0.136113 0.116180
v -0.313310 0.134643 0.119021
v -0.307333 0.133014 0.120000
v -0.292063 0.177109 -0.120000
v -0.297766 0.179526 -0.119021
v -0.302911 0.181706 -0.116180
v -0.306995 0.183436 -0.111756
v -0.309617 0.184546 -0.106180
v -0.310520 0.184929 -0.100000
v -0.310520 0.184929 0.100000
v -0.309617 0.184546 0.106180
v -0.306995 0.183436 0.111756
v -0.302911 0.181706 0.116180
v -0.297766 0.179526 0.119021
v -0.292063 0.177109 0.120000
v -0.271333 0.218111 -0.120000
v -0.276661 0.221270 -0.119021
v -0.281468 0.224120 -0.116180
v -0.285283 0.226382 -0.111756
v -0.287732 0.227834 -0.106180
v -0.288575 0.228334 -0.100000
v -0.288575 0.228334 0.100000
v -0.287732 0.227834 0.106180
v -0.285283 0.226382 0.111756
v -0.281468 0.224120 0.116180
v -0.276661 0.221270 0.119021
v -0.271333 0.218111 0.120000
v -0.245521 0.255655 -0.120000
v -0.250380 0.259496 -0.119021
v -0.254763 0.262961 -0.116180
v -0.258242 0.265712 -0.111756
v -0.260475 0.267477 -0.106180
v -0.261245 0.268086 -0.100000
v -0.261245 0.268086 0.100000
v -0.260475 0.267477 0.106180
v -0.258242 0.265712 0.111756
v -0.254763 0.262961 0.116180
v -0.250380 0.259496 0.119021
v -0.245521 0.255655 0.120000
v -0.215000 0.289375 -0.120000
v -0.219308 0.293826 -0.119021
v -0.223193 0.297841 -0.116180
v -0.226277 0.301027 -0.111756
v -0.228257 0.303073 -0.106180
v -0.228940 0.303778 -0.100000
v -0.228940 0.303778 0.100000
v -0.228257 0.303073 0.106180
v -0.226277 0.301027 0.111756
v -0.223193 0.297841 0.116180
v -0.219308 0.293826 0.119021
v -0.215000 0.289375 0.120000
v -0.180146 0.318908 -0.120000
v -0.183832 0.323885 -0.119021
v -0.187157 0.328376 -0.116180
v -0.189796 0.331939 -0.111756
v -0.191490 0.334227 -0.106180
v -0.192074 0.335015 -0.100000
v -0.192074 0.335015 0.100000
v -0.191490 0.334227 0.106180
v -0.189796 0.331939 0.111756
v -0.187157 0.328376 0.116180
v -0.183832 0.323885 0.119021
v -0.180146 0.318908 0.120000
v -0.141333 0.343889 -0.120000
v -0.144340 0.349303 -0.119021
v -0.147053 0.354188 -0.116180
v -0.149206 0.358064 -0.111756
v -0.150588 0.360553 -0.106180
v -0.151064 0.361410 -0.100000
v -0.151064 0.361410 0.100000
v -0.150588 0.360553 0.106180
v -0.149206 0.358064 0.111756
v -0.147053 0.354188 0.116180
v -0.144340 0.349303 0.119021
v -0.141333 0.343889 0.120000
v -0.098938 0.363953 -0.120000
v -0.101222 0.369710 -0.119021
v -0.103282 0.374903 -0.116180
v -0.104918 0.379024 -0.111756
v -0.105968 0.381670 -0.106180
v -0.106329 0.382582 -0.100000
v -0.106329 0.382582 0.100000
v -0.105968 0.381670 0.106180
v -0.104918 0.379024 0.111756
v -0.103282 0.374903 0.116180
v -0.101222 0.369710 0.119021
v -0.098938 0.363953 0.120000
v -0.053333 0.378736 -0.120000
v -0.054865 0.384737 -0.119021
v -0.056247 0.390150 -0.116180
v -0.057344 0.394445 -0.111756
v -0.058048 0.397203 -0.106180
v -0.058291 0.398154 -0.100000
v -0.058291 0.398154 0.100000
v -0.058048 0.397203 0.106180
v -0.057344 0.394445 0.111756
v -0.056247 0.390150 0.116180
v -0.054865 0.384737 0.119021
v -0.053333 0.378736 0.120000
v -0.004896 0.387873 -0.120000
v -0.005661 0.394018 -0.119021
v -0.006352 0.399562 -0.116180
v -0.006899 0.403961 -0.111756
v -0.007251 0.406786 -0.106180
v -0.007372 0.407759 -0.100000
v -0.007372 0.407759 0.100000
v -0.007251 0.406786 0.106180
v -0.006899 0.403961 0.111756
v -0.006352 0.399562 0.116180
v -0.005661 0.394018 0.119021
v -0.004896 0.387873 0.120000
v 0.046000 0.391000 -0.120000
v 0.045855 0.397183 -0.119021
v 0.045724 0.402761 -0.116180
v 0.045620 0.407188 -0.111756
v 0.045553 0.410030 -0.106180
v 0.045530 0.411009 -0.100000
v 0.045530 0.411009 0.100000
v 0.045553 0.410030 0.106180
v 0.045620 0.407188 0.111756
v 0.045724 0.402761 0.116180
v 0.045855 0.397183 0.119021
v 0.046000 0.391000 0.120000
v 0.065543 0.390718 -0.120000
v 0.065734 0.396896 -0.119021
v 0.065906 0.402470 -0.116180
v 0.066042 0.406893 -0.111756
v 0.066130 0.409733 -0.106180
v 0.066160 0.410711 -0.100000
v 0.066160 0.410711 0.100000
v 0.066130 0.409733 0.106180
v 0.066042 0.406893 0.111756
v 0.065906 0.402470 0.116180
v 0.065734 0.396896 0.119021
v 0.065543 0.390718 0.120000
v 0.084347 0.389829 -0.120000
v 0.084756 0.395997 -0.119021
v 0.085125 0.401561 -0.116180
v 0.085417 0.405977 -0.111756
v 0.085605 0.408812 -0.106180
v 0.085670 0.409788 -0.100000
v 0.085670 0.409788 0.100000
v 0.085605 0.408812 0.106180
v 0.085417 0.405977 0.111756
v 0.085125 0.401561 0.116180
v 0.084756 0.395997 0.119021
v 0.084347 0.389829 0.120000
v 0.102672 0.388266 -0.120000
v 0.103325 0.394413 -0.119021
v 0.103914 0.399958 -0.116180
v 0.104381 0.404359 -0.111756
v 0.104681 0.407184 -0.106180
v 0.104784 0.408158 -0.100000
v 0.104784 0.408158 0.100000
v 0.104681 0.407184 0.106180
v 0.104381 0.404359 0.111756
v 0.103914 0.399958 0.116180
v 0.103325 0.394413 0.119021
v 0.102672 0.388266 0.120000
v 0.120778 0.385963 -0.120000
v 0.121690 0.392077 -0.119021
v 0.122512 0.397593 -0.116180
v 0.123165 0.401970 -0.111756
v 0.123585 0.404780 -0.106180
v 0.123729 0.405749 -0.100000
v 0.123729 0.405749 0.100000
v 0.123585 0.404780 0.106180
v 0.123165 0.401970 0.111756
v 0.122512 0.397593 0.116180
v 0.121690 0.392077 0.119021
v 0.120778 0.385963 0.120000
v 0.138925 0.382855 -0.120000
v 0.140099 0.388924 -0.119021
v 0.141158 0.394399 -0.116180
v 0.141998 0.398744 -0.111756
v 0.142538 0.401534 -0.106180
v 0.142724 0.402495 -0.100000
v 0.142724 0.402495 0.100000
v 0.142538 0.401534 0.106180
v 0.141998 0.398744 0.111756
v 0.141158 0.394399 0.116180
v 0.140099 0.388924 0.119021
v 0.138925 0.382855 0.120000
v 0.157375 0.378875 -0.120000
v 0.158801 0.384890 -0.119021
v 0.160087 0.390316 -0.116180
v 0.161108 0.394622 -0.111756
v 0.161764 0.397387 -0.106180
v 0.161989 0.398340 -0.100000
v 0.161989 0.398340 0.100000
v 0.161764 0.397387 0.106180
v 0.161108 0.394622 0.111756
v 0.160087 0.390316 0.116180
v 0.158801 0.384890 0.119021
v 0.157375 0.378875 0.120000
v 0.176387 0.373958 -0.120000
v 0.178045 0.379913 -0.119021
v 0.179541 0.385285 -0.116180
v 0.180728 0.389548 -0.111756
v 0.181491 0.392285 -0.106180
v 0.181753 0.393228 -0.100000
v 0.181753 0.393228 0.100000
v 0.181491 0.392285 0.106180
v 0.180728 0.389548 0.111756
v 0.179541 0.385285 0.116180
v 0.178045 0.379913 0.119021
v 0.176387 0.373958 0.120000
v 0.196222 0.368037 -0.120000
v 0.198086 0.373931 -0.119021
v 0.199767 0.379247 -0.116180
v 0.201102 0.383466 -0.111756
v 0.201958 0.386175 -0.106180
v 0.202253 0.387109 -0.100000
v 0.202253 0.387109 0.100000
v 0.201958 0.386175 0.106180
v 0.201102 0.383466 0.111756
v 0.199767 0.379247 0.116180
v 0.198086 0.373931 0.119021
v 0.196222 0.368037 0.120000
v 0.217141 0.361047 -0.120000
v 0.219180 0.366882 -0.119021
v 0.221020 0.372145 -0.116180
v 0.222480 0.376323 -0.111756
v 0.223417 0.379005 -0.106180
v 0.223740 0.379929 -0.100000
v 0.223740 0.379929 0.100000
v 0.223417 0.379005 0.106180
v 0.222480 0.376323 0.111756
v 0.221020 0.372145 0.116180
v 0.219180 0.366882 0.119021
v 0.217141 0.361047 0.120000
v 0.239403 0.352921 -0.120000
v 0.241587 0.358703 -0.119021
v 0.243558 0.363919 -0.116180
v 0.245122 0.368058 -0.111756
v 0.246126 0.370716 -0.106180
v 0.246472 0.371632 -0.100000
v 0.246472 0.371632 0.100000
v 0.246126 0.370716 0.106180
v 0.245122 0.368058 0.111756
v 0.243558 0.363919 0.116180
v 0.241587 0.358703 0.119021
v 0.239403 0.352921 0.120000
v 0.263269 0.343594 -0.120000
v 0.265571 0.349330 -0.119021
v 0.267647 0.354505 -0.116180
v 0.269295 0.358612 -0.111756
v 0.270352 0.361248 -0.106180
v 0.270717 0.362157 -0.100000
v 0.270717 0.362157 0.100000
v 0.270352 0.361248 0.106180
v 0.269295 0.358612 0.111756
v 0.267647 0.354505 0.116180
v 0.265571 0.349330 0.119021
v 0.263269 0.343594 0.120000
v 0.289000 0.333000 -0.120000
v 0.295180 0.337139 -0.119021
v 0.300756 0.340873 -0.116180
v 0.305180 0.343836 -0.111756
v 0.308021 0.345739 -0.106180
v 0.309000 0.346394 -0.100000
v 0.309000 0.346394 0.100000
v 0.308021 0.345739 0.106180
v 0.305180 0.343836 0.111756
v 0.300756 0.340873 0.116180
v 0.295180 0.337139 0.119021
v 0.289000 0.333000 0.120000
v 0.289000 0.234000 -0.120000
v 0.295180 0.223762 -0.119021
v 0.300756 0.214525 -0.116180
v 0.305180 0.207196 -0.111756
v 0.308021 0.202489 -0.106180
v 0.309000 0.200868 -0.100000
v 0.309000 0.200868 0.100000
v 0.308021 0.202489 0.106180
v 0.305180 0.207196 0.111756
v 0.300756 0.214525 0.116180
v 0.295180 0.223762 0.119021
v 0.289000 0.234000 0.120000
v 0.268940 0.244561 -0.120000
v 0.266162 0.239039 -0.119021
v 0.263657 0.234057 -0.116180
v 0.261668 0.230104 -0.111756
v 0.260392 0.227566 -0.106180
v 0.259952 0.226691 -0.100000
v 0.259952 0.226691 0.100000
v 0.260392 0.227566 0.106180
v 0.261668 0.230104 0.111756
v 0.263657 0.234057 0.116180
v 0.266162 0.239039 0.119021
v 0.268940 0.244561 0.120000
v 0.248769 0.254241 -0.120000
v 0.246201 0.248618 -0.119021
v 0.243885 0.243545 -0.116180
v 0.242047 0.239519 -0.111756
v 0.240867 0.236935 -0.106180
v 0.240460 0.236044 -0.100000
v 0.240460 0.236044 0.100000
v 0.240867 0.236935 0.106180
v 0.242047 0.239519 0.111756
v 0.243885 0.243545 0.116180
v 0.246201 0.248618 0.119021
v 0.248769 0.254241 0.120000
v 0.228500 0.263031 -0.120000
v 0.226152 0.257313 -0.119021
v 0.224034 0.252155 -0.116180
v 0.222353 0.248061 -0.111756
v 0.221274 0.245432 -0.106180
v 0.220902 0.244527 -0.100000
v 0.220902 0.244527 0.100000
v 0.221274 0.245432 0.106180
v 0.222353 0.248061 0.111756
v 0.224034 0.252155 0.116180
v 0.226152 0.257313 0.119021
v 0.228500 0.263031 0.120000
v 0.208148 0.270926 -0.120000
v 0.206029 0.265119 -0.119021
v 0.204117 0.259881 -0.116180
v 0.202600 0.255723 -0.111756
v 0.201625 0.253054 -0.106180
v 0.201290 0.252134 -0.100000
v 0.201290 0.252134 0.100000
v 0.201625 0.253054 0.106180
v 0.202600 0.255723 0.111756
v 0.204117 0.259881 0.116180
v 0.206029 0.265119 0.119021
v 0.208148 0.270926 0.120000
v 0.187727 0.277918 -0.120000
v 0.185845 0.272030 -0.119021
v 0.184148 0.266718 -0.116180
v 0.182801 0.262502 -0.111756
v 0.181936 0.259795 -0.106180
v 0.181638 0.258863 -0.100000
v 0.181638 0.258863 0.100000
v 0.181936 0.259795 0.106180
v 0.182801 0.262502 0.111756
v 0.184148 0.266718 0.116180
v 0.185845 0.272030 0.119021
v 0.187727 0.277918 0.120000
v 0.167250 0.284000 -0.120000
v 0.165615 0.278038 -0.119021
v 0.164140 0.272660 -0.116180
v 0.162970 0.268392 -0.111756
v 0.162218 0.265652 -0.106180
v 0.161959 0.264708 -0.100000
v 0.161959 0.264708 0.100000
v 0.162218 0.265652 0.106180
v 0.162970 0.268392 0.111756
v 0.164140 0.272660 0.116180
v 0.165615 0.278038 0.119021
v 0.167250 0.284000 0.120000
v 0.146732 0.289166 -0.120000
v 0.145352 0.283140 -0.119021
v 0.144107 0.277704 -0.116180
v 0.143119 0.273390 -0.111756
v 0.142485 0.270620 -0.106180
v 0.142266 0.269666 -0.100000
v 0.142266 0.269666 0.100000
v 0.142485 0.270620 0.106180
v 0.143119 0.273390 0.111756
v 0.144107 0.277704 0.116180
v 0.145352 0.283140 0.119021
v 0.146732 0.289166 0.120000
v 0.126185 0.293407 -0.120000
v 0.125069 0.287327 -0.119021
v 0.124061 0.281842 -0.116180
v 0.123262 0.277489 -0.111756
v 0.122748 0.274695 -0.106180
v 0.122571 0.273732 -0.100000
v 0.122571 0.273732 0.100000
v 0.122748 0.274695 0.106180
v 0.123262 0.277489 0.111756
v 0.124061 0.281842 0.116180
v 0.125069 0.287327 0.119021
v 0.126185 0.293407 0.120000
v 0.105625 0.296719 -0.120000
v 0.104779 0.290595 -0.119021
v 0.104015 0.285071 -0.116180
v 0.103410 0.280687 -0.111756
v 0.103021 0.277872 -0.106180
v 0.102887 0.276902 -0.100000
v 0.102887 0.276902 0.100000
v 0.103021 0.277872 0.106180
v 0.103410 0.280687 0.111756
v 0.104015 0.285071 0.116180
v 0.104779 0.290595 0.119021
v 0.105625 0.296719 0.120000
v 0.085065 0.299093 -0.120000
v 0.084496 0.292937 -0.119021
v 0.083982 0.287384 -0.116180
v 0.083575 0.282977 -0.111756
v 0.083313 0.280147 -0.106180
v 0.083223 0.279172 -0.100000
v 0.083223 0.279172 0.100000
v 0.083313 0.280147 0.106180
v 0.083575 0.282977 0.111756
v 0.083982 0.287384 0.116180
v 0.084496 0.292937 0.119021
v 0.085065 0.299093 0.120000
v 0.064519 0.300522 -0.120000
v 0.064232 0.294347 -0.119021
v 0.063973 0.288776 -0.116180
v 0.063768 0.284355 -0.111756
v 0.063637 0.281516 -0.106180
v 0.063591 0.280538 -0.100000
v 0.063591 0.280538 0.100000
v 0.063637 0.281516 0.106180
v 0.063768 0.284355 0.111756
v 0.063973 0.288776 0.116180
v 0.064232 0.294347 0.119021
v 0.064519 0.300522 0.120000
v 0.044000 0.301000 -0.120000
v 0.044125 0.294815 -0.119021
v 0.044237 0.289236 -0.116180
v 0.044326 0.284808 -0.111756
v 0.044384 0.281965 -0.106180
v 0.044403 0.280985 -0.100000
v 0.044403 0.280985 0.100000
v 0.044384 0.281965 0.106180
v 0.044326 0.284808 0.111756
v 0.044237 0.289236 0.116180
v 0.044125 0.294815 0.119021
v 0.044000 0.301000 0.120000
v 0.007735 0.298691 -0.120000
v 0.008526 0.292549 -0.119021
v 0.009239 0.287007 -0.116180
v 0.009806 0.282610 -0.111756
v 0.010169 0.279786 -0.106180
v 0.010295 0.278813 -0.100000
v 0.010295 0.278813 0.100000
v 0.010169 0.279786 0.106180
v 0.009806 0.282610 0.111756
v 0.009239 0.287007 0.116180
v 0.008526 0.292549 0.119021
v 0.007735 0.298691 0.120000
v -0.026870 0.291944 -0.120000
v -0.025293 0.285955 -0.119021
v -0.023870 0.280552 -0.116180
v -0.022741 0.276265 -0.111756
v -0.022016 0.273512 -0.106180
v -0.021766 0.272563 -0.100000
v -0.021766 0.272563 0.100000
v -0.022016 0.273512 0.106180
v -0.022741 0.276265 0.111756
v -0.023870 0.280552 0.116180
v -0.025293 0.285955 0.119021
v -0.026870 0.291944 0.120000
v -0.059531 0.281031 -0.120000
v -0.057190 0.275297 -0.119021
v -0.055078 0.270125 -0.116180
v -0.053401 0.266020 -0.111756
v -0.052325 0.263384 -0.106180
v -0.051954 0.262476 -0.100000
v -0.051954 0.262476 0.100000
v -0.052325 0.263384 0.106180
v -0.053401 0.266020 0.111756
v -0.055078 0.270125 0.116180
v -0.057190 0.275297 0.119021
v -0.059531 0.281031 0.120000
v -0.089963 0.266222 -0.120000
v -0.086895 0.260842 -0.119021
v -0.084127 0.255988 -0.116180
v -0.081931 0.252136 -0.111756
v -0.080521 0.249663 -0.106180
v -0.080035 0.248811 -0.100000
v -0.080035 0.248811 0.100000
v -0.080521 0.249663 0.106180
v -0.081931 0.252136 0.111756
v -0.084127 0.255988 0.116180
v -0.086895 0.260842 0.119021
v -0.089963 0.266222 0.120000
v -0.117881 0.247788 -0.120000
v -0.114137 0.242854 -0.119021
v -0.110760 0.238403 -0.116180
v -0.108080 0.234870 -0.111756
v -0.106359 0.232602 -0.106180
v -0.105766 0.231821 -0.100000
v -0.105766 0.231821 0.100000
v -0.106359 0.232602 0.106180
v -0.108080 0.234870 0.111756
v -0.110760 0.238403 0.116180
v -0.114137 0.242854 0.119021
v -0.117881 0.247788 0.120000
v -0.143000 0.226000 -0.120000
v -0.138644 0.221597 -0.119021
v -0.134713 0.217626 -0.116180
v -0.131595 0.214474 -0.111756
v -0.129592 0.212450 -0.106180
v -0.128902 0.211753 -0.100000
v -0.128902 0.211753 0.100000
v -0.129592 0.212450 0.106180
v -0.131595 0.214474 0.111756
v -0.134713 0.217626 0.116180
v -0.138644 0.221597 0.119021
v -0.143000 0.226000 0.120000
v -0.165036 0.201128 -0.120000
v -0.160140 0.197335 -0.119021
v -0.155723 0.193913 -0.116180
v -0.152217 0.191197 -0.111756
v -0.149967 0.189454 -0.106180
v -0.149191 0.188853 -0.100000
v -0.149191 0.188853 0.100000
v -0.149967 0.189454 0.106180
v -0.152217 0.191197 0.111756
v -0.155723 0.193913 0.116180
v -0.160140 0.197335 0.119021
v -0.165036 0.201128 0.120000
v -0.183704 0.173444 -0.120000
v -0.178351 0.170328 -0.119021
v -0.173522 0.167517 -0.116180
v -0.169689 0.165286 -0.111756
v -0.167229 0.163854 -0.106180
v -0.166381 0.163361 -0.100000
v -0.166381 0.163361 0.100000
v -0.167229 0.163854 0.106180
v -0.169689 0.165286 0.111756
v -0.173522 0.167517 0.116180
v -0.178351 0.170328 0.119021
v -0.183704 0.173444 0.120000
v -0.198719 0.143219 -0.120000
v -0.193001 0.140836 -0.119021
v -0.187843 0.138687 -0.116180
v -0.183750 0.136982 -0.111756
v -0.181122 0.135887 -0.106180
v -0.180217 0.135509 -0.100000
v -0.180217 0.135509 0.100000
v -0.181122 0.135887 0.106180
v -0.183750 0.136982 0.111756
v -0.187843 0.138687 0.116180
v -0.193001 0.140836 0.119021
v -0.198719 0.143219 0.120000
v -0.209796 0.110722 -0.120000
v -0.203814 0.109116 -0.119021
v -0.198418 0.107667 -0.116180
v -0.194135 0.106517 -0.111756
v -0.191386 0.105778 -0.106180
v -0.190438 0.105524 -0.100000
v -0.190438 0.105524 0.100000
v -0.191386 0.105778 0.106180
v -0.194135 0.106517 0.111756
v -0.198418 0.107667 0.116180
v -0.203814 0.109116 0.119021
v -0.209796 0.110722 0.120000
v -0.216652 0.076226 -0.120000
v -0.210511 0.075420 -0.119021
v -0.204971 0.074693 -0.116180
v -0.200574 0.074116 -0.111756
v -0.197751 0.073746 -0.106180
v -0.196779 0.073618 -0.100000
v -0.196779 0.073618 0.100000
v -0.197751 0.073746 0.106180
v -0.200574 0.074116 0.111756
v -0.204971 0.074693 0.116180
v -0.210511 0.075420 0.119021
v -0.216652 0.076226 0.120000
v -0.219000 0.040000 -0.120000
v -0.212807 0.039995 -0.119021
v -0.207220 0.039990 -0.116180
v -0.202787 0.039986 -0.111756
v -0.199940 0.039984 -0.106180
v -0.198959 0.039983 -0.100000
v -0.198959 0.039983 0.100000
v -0.199940 0.039984 0.106180
v -0.202787 0.039986 0.111756
v -0.207220 0.039990 0.116180
v -0.212807 0.039995 0.119021
v -0.219000 0.040000 0.120000
v -0.216663 0.002973 -0.120000
v -0.210521 0.003767 -0.119021
v -0.204979 0.004482 -0.116180
v -0.200582 0.005050 -0.111756
v -0.197758 0.005415 -0.106180
v -0.196785 0.005540 -0.100000
v -0.196785 0.005540 0.100000
v -0.197758 0.005415 0.106180
v -0.200582 0.005050 0.111756
v -0.204979 0.004482 0.116180
v -0.210521 0.003767 0.119021
v -0.216663 0.002973 0.120000
v -0.209806 -0.031963 -0.120000
v -0.203822 -0.030361 -0.119021
v -0.198424 -0.028916 -0.116180
v -0.194140 -0.027770 -0.111756
v -0.191389 -0.027034 -0.106180
v -0.190441 -0.026780 -0.100000
v -0.190441 -0.026780 0.100000
v -0.191389 -0.027034 0.106180
v -0.194140 -0.027770 0.111756
v -0.198424 -0.028916 0.116180
v -0.203822 -0.030361 0.119021
v -0.209806 -0.031963 0.120000
v -0.198656 -0.064594 -0.120000
v -0.192947 -0.062190 -0.119021
v -0.187796 -0.060021 -0.116180
v -0.183708 -0.058300 -0.111756
v -0.181084 -0.057195 -0.106180
v -0.180179 -0.056814 -0.100000
v -0.180179 -0.056814 0.100000
v -0.181084 -0.057195 0.106180
v -0.183708 -0.058300 0.111756
v -0.187796 -0.060021 0.116180
v -0.192947 -0.062190 0.119021
v -0.198656 -0.064594 0.120000
v -0.183444 -0.094704 -0.120000
v -0.178124 -0.091530 -0.119021
v -0.173324 -0.088667 -0.116180
v -0.169514 -0.086395 -0.111756
v -0.167069 -0.084936 -0.106180
v -0.166226 -0.084433 -0.100000
v -0.166226 -0.084433 0.100000
v -0.167069 -0.084936 0.106180
v -0.169514 -0.086395 0.111756
v -0.173324 -0.088667 0.116180
v -0.178124 -0.091530 0.119021
v -0.183444 -0.094704 0.120000
v -0.164399 -0.122078 -0.120000
v -0.159573 -0.118192 -0.119021
v -0.155220 -0.114688 -0.116180
v -0.151765 -0.111906 -0.111756
v -0.149546 -0.110120 -0.106180
v -0.148782 -0.109505 -0.100000
v -0.148782 -0.109505 0.100000
v -0.149546 -0.110120 0.106180
v -0.151765 -0.111906 0.111756
v -0.155220 -0.114688 0.116180
v -0.159573 -0.118192 0.119021
v -0.164399 -0.122078 0.120000
v -0.141750 -0.146500 -0.120000
v -0.137509 -0.141984 -0.119021
v -0.133684 -0.137910 -0.116180
v -0.130648 -0.134677 -0.111756
v -0.128698 -0.132601 -0.106180
v -0.128027 -0.131886 -0.100000
v -0.128027 -0.131886 0.100000
v -0.128698 -0.132601 0.106180
v -0.130648 -0.134677 0.111756
v -0.133684 -0.137910 0.116180
v -0.137509 -0.141984 0.119021
v -0.141750 -0.146500 0.120000
v -0.115726 -0.167756 -0.120000
v -0.112140 -0.162705 -0.119021
v -0.108905 -0.158148 -0.116180
v -0.106338 -0.154532 -0.111756
v -0.104690 -0.152210 -0.106180
v -0.104122 -0.151410 -0.100000
v -0.104122 -0.151410 0.100000
v -0.104690 -0.152210 0.106180
v -0.106338 -0.154532 0.111756
v -0.108905 -0.158148 0.116180
v -0.112140 -0.162705 0.119021
v -0.115726 -0.167756 0.120000
v -0.086556 -0.185630 -0.120000
v -0.083672 -0.180148 -0.119021
v -0.081072 -0.175203 -0.116180
v -0.079008 -0.171278 -0.111756
v -0.077682 -0.168759 -0.106180
v -0.077226 -0.167890 -0.100000
v -0.077226 -0.167890 0.100000
v -0.077682 -0.168759 0.106180
v -0.079008 -0.171278 0.111756
v -0.081072 -0.175203 0.116180
v -0.083672 -0.180148 0.119021
v -0.086556 -0.185630 0.120000
v -0.054469 -0.199906 -0.120000
v -0.052314 -0.194101 -0.119021
v -0.050369 -0.188863 -0.116180
v -0.048826 -0.184707 -0.111756
v -0.047836 -0.182039 -0.106180
v -0.047494 -0.181119 -0.100000
v -0.047494 -0.181119 0.100000
v -0.047836 -0.182039 0.106180
v -0.048826 -0.184707 0.111756
v -0.050369 -0.188863 0.116180
v -0.052314 -0.194101 0.119021
v -0.054469 -0.199906 0.120000
v -0.019694 -0.210370 -0.120000
v -0.018272 -0.204344 -0.119021
v -0.016990 -0.198908 -0.116180
v -0.015972 -0.194594 -0.111756
v -0.015318 -0.191824 -0.106180
v -0.015093 -0.190869 -0.100000
v -0.015093 -0.190869 0.100000
v -0.015318 -0.191824 0.106180
v -0.015972 -0.194594 0.111756
v -0.016990 -0.198908 0.116180
v -0.018272 -0.204344 0.119021
v -0.019694 -0.210370 0.120000
v 0.017538 -0.216807 -0.120000
v 0.018238 -0.210656 -0.119021
v 0.018870 -0.205107 -0.116180
v 0.019371 -0.200703 -0.111756
v 0.019693 -0.197876 -0.106180
v 0.019804 -0.196902 -0.100000
v 0.019804 -0.196902 0.100000
v 0.019693 -0.197876 0.106180
v 0.019371 -0.200703 0.111756
v 0.018870 -0.205107 0.116180
v 0.018238 -0.210656 0.119021
v 0.017538 -0.216807 0.120000
v 0.057000 -0.219000 -0.120000
v 0.057114 -0.212816 -0.119021
v 0.057217 -0.207238 -0.116180
v 0.057299 -0.202811 -0.111756
v 0.057351 -0.199969 -0.106180
v 0.057369 -0.198990 -0.100000
v 0.057369 -0.198990 0.100000
v 0.057351 -0.199969 0.106180
v 0.057299 -0.202811 0.111756
v 0.057217 -0.207238 0.116180
v 0.057114 -0.212816 0.119021
v 0.057000 -0.219000 0.120000
v 0.070148 -0.218755 -0.120000
v 0.069921 -0.212578 -0.119021
v 0.069715 -0.207006 -0.116180
v 0.069552 -0.202583 -0.111756
v 0.069448 -0.199744 -0.106180
v 0.069412 -0.198765 -0.100000
v 0.069412 -0.198765 0.100000
v 0.069448 -0.199744 0.106180
v 0.069552 -0.202583 0.111756
v 0.069715 -0.207006 0.116180
v 0.069921 -0.212578 0.119021
v 0.070148 -0.218755 0.120000
v 0.083102 -0.218042 -0.120000
v 0.082654 -0.211877 -0.119021
v 0.082251 -0.206315 -0.116180
v 0.081930 -0.201901 -0.111756
v 0.081725 -0.199068 -0.106180
v 0.081654 -0.198091 -0.100000
v 0.081654 -0.198091 0.100000
v 0.081725 -0.199068 0.106180
v 0.081930 -0.201901 0.111756
v 0.082251 -0.206315 0.116180
v 0.082654 -0.211877 0.119021
v 0.083102 -0.218042 0.120000
v 0.095875 -0.216891 -0.120000
v 0.095219 -0.210744 -0.119021
v 0.094627 -0.205200 -0.116180
v 0.094157 -0.200800 -0.111756
v 0.093855 -0.197975 -0.106180
v 0.093751 -0.197001 -0.100000
v 0.093751 -0.197001 0.100000
v 0.093855 -0.197975 0.106180
v 0.094157 -0.200800 0.111756
v 0.094627 -0.205200 0.116180
v 0.095219 -0.210744 0.119021
v 0.095875 -0.216891 0.120000
v 0.108481 -0.215333 -0.120000
v 0.107629 -0.209211 -0.119021
v 0.106859 -0.203689 -0.116180
v 0.106249 -0.199306 -0.111756
v 0.105857 -0.196492 -0.106180
v 0.105722 -0.195522 -0.100000
v 0.105722 -0.195522 0.100000
v 0.105857 -0.196492 0.106180
v 0.106249 -0.199306 0.111756
v 0.106859 -0.203689 0.116180
v 0.107629 -0.209211 0.119021
v 0.108481 -0.215333 0.120000
v 0.120935 -0.213401 -0.120000
v 0.119900 -0.207307 -0.119021
v 0.118965 -0.201810 -0.116180
v 0.118224 -0.197448 -0.111756
v 0.117748 -0.194647 -0.106180
v 0.117584 -0.193682 -0.100000
v 0.117584 -0.193682 0.100000
v 0.117748 -0.194647 0.106180
v 0.118224 -0.197448 0.111756
v 0.118965 -0.201810 0.116180
v 0.119900 -0.207307 0.119021
v 0.120935 -0.213401 0.120000
v 0.133250 -0.211125 -0.120000
v 0.132046 -0.205062 -0.119021
v 0.130960 -0.199593 -0.116180
v 0.130099 -0.195253 -0.111756
v 0.129545 -0.192466 -0.106180
v 0.129355 -0.191506 -0.100000
v 0.129355 -0.191506 0.100000
v 0.129545 -0.192466 0.106180
v 0.130099 -0.195253 0.111756
v 0.130960 -0.199593 0.116180
v 0.132046 -0.205062 0.119021
v 0.133250 -0.211125 0.120000
v 0.145440 -0.208536 -0.120000
v 0.144083 -0.202506 -0.119021
v 0.142860 -0.197067 -0.116180
v 0.141889 -0.192749 -0.111756
v 0.141265 -0.189978 -0.106180
v 0.141050 -0.189023 -0.100000
v 0.141050 -0.189023 0.100000
v 0.141265 -0.189978 0.106180
v 0.141889 -0.192749 0.111756
v 0.142860 -0.197067 0.116180
v 0.144083 -0.202506 0.119021
v 0.145440 -0.208536 0.120000
v 0.157519 -0.205667 -0.120000
v 0.156025 -0.199669 -0.119021
v 0.154678 -0.194259 -0.116180
v 0.153609 -0.189965 -0.111756
v 0.152923 -0.187208 -0.106180
v 0.152687 -0.186258 -0.100000
v 0.152687 -0.186258 0.100000
v 0.152923 -0.187208 0.106180
v 0.153609 -0.189965 0.111756
v 0.154678 -0.194259 0.116180
v 0.156025 -0.199669 0.119021
v 0.157519 -0.205667 0.120000
v 0.169500 -0.202547 -0.120000
v 0.167886 -0.196581 -0.119021
v 0.166431 -0.191198 -0.116180
v 0.165275 -0.186927 -0.111756
v 0.164534 -0.184185 -0.106180
v 0.164278 -0.183240 -0.100000
v 0.164278 -0.183240 0.100000
v 0.164534 -0.184185 0.106180
v 0.165275 -0.186927 0.111756
v 0.166431 -0.191198 0.116180
v 0.167886 -0.196581 0.119021
v 0.169500 -0.202547 0.120000
v 0.181398 -0.199208 -0.120000
v 0.179680 -0.193271 -0.119021
v 0.178131 -0.187915 -0.116180
v 0.176901 -0.183665 -0.111756
v 0.176112 -0.180936 -0.106180
v 0.175840 -0.179996 -0.100000
v 0.175840 -0.179996 0.100000
v 0.176112 -0.180936 0.106180
v 0.176901 -0.183665 0.111756
v 0.178131 -0.187915 0.116180
v 0.179680 -0.193271 0.119021
v 0.181398 -0.199208 0.120000
v 0.193227 -0.195682 -0.120000
v 0.191422 -0.189771 -0.119021
v 0.189793 -0.184439 -0.116180
v 0.188501 -0.180207 -0.111756
v 0.187671 -0.177490 -0.106180
v 0.187385 -0.176554 -0.100000
v 0.187385 -0.176554 0.100000
v 0.187671 -0.177490 0.106180
v 0.188501 -0.180207 0.111756
v 0.189793 -0.184439 0.116180
v 0.191422 -0.189771 0.119021
v 0.193227 -0.195682 0.120000
v 0.205000 -0.192000 -0.120000
v 0.198820 -0.187457 -0.119021
v 0.193244 -0.183360 -0.116180
v 0.188820 -0.180107 -0.111756
v 0.185979 -0.178019 -0.106180
v 0.185000 -0.177300 -0.100000
v 0.185000 -0.177300 0.100000
v 0.185979 -0.178019 0.106180
v 0.188820 -0.180107 0.111756
v 0.193244 -0.183360 0.116180
v 0.198820 -0.187457 0.119021
v 0.205000 -0.192000 0.120000
v 0.205000 -0.052000 -0.120000
v 0.198820 -0.058180 -0.119021
v 0.193244 -0.063756 -0.116180
v 0.188820 -0.068180 -0.111756
v 0.185979 -0.071021 -0.106180
v 0.185000 -0.072000 -0.100000
v 0.185000 -0.072000 0.100000
v 0.185979 -0.071021 0.106180
v 0.188820 -0.068180 0.111756
v 0.193244 -0.063756 0.116180
v 0.198820 -0.058180 0.119021
v 0.205000 -0.052000 0.120000
v 0.074000 -0.052000 -0.120000
v 0.067820 -0.058180 -0.119021
v 0.062244 -0.063756 -0.116180
v 0.057820 -0.068180 -0.111756
v 0.054979 -0.071021 -0.106180
v 0.054000 -0.072000 -0.100000
v 0.054000 -0.072000 0.100000
v 0.054979 -0.071021 0.106180
v 0.057820 -0.068180 0.111756
v 0.062244 -0.063756 0.116180
v 0.067820 -0.058180 0.119021
v 0.074000 -0.052000 0.120000
v 0.074000 0.036000 -0.120000
v 0.067820 0.042180 -0.119021
v 0.062244 0.047756 -0.116180
v 0.057820 0.052180 -0.111756
v 0.054979 0.055021 -0.106180
v 0.054000 0.056000 -0.100000
v 0.054000 0.056000 0.100000
v 0.054979 0.055021 0.106180
v 0.057820 0.052180 0.111756
v 0.062244 0.047756 0.116180
v 0.067820 0.042180 0.119021
v 0.074000 0.036000 0.120000
v 0.303000 0.036000 -0.120000
v 0.309180 0.042180 -0.119021
v 0.314756 0.047756 -0.116180
v 0.319180 0.052180 -0.111756
v 0.322021 0.055021 -0.106180
v 0.323000 0.056000 -0.100000
v 0.323000 0.056000 0.100000
v 0.322021 0.055021 0.106180
v 0.319180 0.052180 0.111756
v 0.314756 0.047756 0.116180
v 0.309180 0.042180 0.119021
v 0.303000 0.036000 0.120000
v 0.303000 -0.253000 -0.120000
v 0.309180 -0.257093 -0.119021
v 0.314756 -0.260785 -0.116180
v 0.319180 -0.263714 -0.111756
v 0.322021 -0.265596 -0.106180
v 0.323000 -0.266244 -0.100000
v 0.323000 -0.266244 0.100000
v 0.322021 -0.265596 0.106180
v 0.319180 -0.263714 0.111756
v 0.314756 -0.260785 0.116180
v 0.309180 -0.257093 0.119021
v 0.303000 -0.253000 0.120000
vn -0.0000 -0.0000 1.0000
vn -0.0000 -0.0000 -1.0000
vn 0.1170 -0.2874 -0.9506
vn 0.1084 -0.2909 -0.9506
vn 0.0546 -0.1466 -0.9877
vn 0.0590 -0.1449 -0.9877
vn 0.2220 -0.5452 -0.8084
vn 0.2055 -0.5517 -0.8083
vn 0.3053 -0.7497 -0.5871
vn 0.2826 -0.7586 -0.5871
vn 0.3587 -0.8809 -0.3086
vn 0.3321 -0.8914 -0.3086
vn 0.3760 -0.9233 -0.0784
vn 0.3480 -0.9342 -0.0784
vn 0.3760 -0.9233 0.0784
vn 0.3480 -0.9342 0.0784
vn 0.3587 -0.8809 0.3086
vn 0.3321 -0.8914 0.3086
vn 0.3053 -0.7497 0.5871
vn 0.2826 -0.7586 0.5871
vn 0.2220 -0.5452 0.8084
vn 0.2055 -0.5517 0.8083
vn 0.1170 -0.2874 0.9506
vn 0.1084 -0.2909 0.9506
vn 0.0590 -0.1449 0.9877
vn 0.0546 -0.1466 0.9877
vn 0.0987 -0.2944 -0.9506
vn 0.0497 -0.1483 -0.9877
vn 0.1873 -0.5583 -0.8082
vn 0.2574 -0.7675 -0.5870
vn 0.3025 -0.9018 -0.3086
vn 0.3170 -0.9452 -0.0784
vn 0.3170 -0.9452 0.0784
vn 0.3025 -0.9018 0.3086
vn 0.2574 -0.7675 0.5870
vn 0.1873 -0.5583 0.8082
vn 0.0987 -0.2944 0.9506
vn 0.0497 -0.1483 0.9877
vn 0.0883 -0.2978 -0.9505
vn 0.0444 -0.1500 -0.9877
vn 0.1674 -0.5646 -0.8082
vn 0.2301 -0.7762 -0.5870
vn 0.2703 -0.9120 -0.3085
vn 0.2833 -0.9558 -0.0784
vn 0.2833 -0.9558 0.0784
vn 0.2703 -0.9120 0.3085
vn 0.2301 -0.7762 0.5870
vn 0.1674 -0.5646 0.8082
vn 0.0883 -0.2978 0.9505
vn 0.0444 -0.1500 0.9877
vn 0.0771 -0.3010 -0.9505
vn 0.0388 -0.1515 -0.9877
vn 0.1462 -0.5705 -0.8082
vn 0.2009 -0.7843 -0.5870
vn 0.2361 -0.9215 -0.3085
vn 0.2474 -0.9657 -0.0784
vn 0.2474 -0.9657 0.0784
vn 0.2361 -0.9215 0.3085
vn 0.2009 -0.7843 0.5870
vn 0.1462 -0.5705 0.8082
vn 0.0771 -0.3010 0.9505
vn 0.0388 -0.1515 0.9877
vn 0.0655 -0.3037 -0.9505
vn 0.0330 -0.1529 -0.9877
vn 0.1241 -0.5758 -0.8081
vn 0.1706 -0.7915 -0.5869
vn 0.2004 -0.9299 -0.3085
vn 0.2100 -0.9745 -0.0784
vn 0.2100 -0.9745 0.0784
vn 0.2004 -0.9299 0.3085
vn 0.1706 -0.7915 0.5869
vn 0.1241 -0.5758 0.8081
vn 0.0655 -0.3037 0.9505
vn 0.0330 -0.1529 0.9877
vn 0.0536 -0.3061 -0.9505
vn 0.0270 -0.1541 -0.9877
vn 0.1016 -0.5801 -0.8081
vn 0.1397 -0.7975 -0.5869
vn 0.1641 -0.9370 -0.3085
vn 0.1720 -0.9820 -0.0784
vn 0.1720 -0.9820 0.0784
vn 0.1641 -0.9370 0.3085
vn 0.1397 -0.7975 0.5869
vn 0.1016 -0.5801 0.8081
vn 0.0536 -0.3061 0.9505
vn 0.0270 -0.1541 0.9877
vn 0.0418 -0.3079 -0.9505
vn 0.0210 -0.1550 -0.9877
vn 0.0792 -0.5836 -0.8082
vn 0.1089 -0.8023 -0.5870
vn 0.1280 -0.9426 -0.3085
vn 0.1341 -0.9879 -0.0784
vn 0.1341 -0.9879 0.0784
vn 0.1280 -0.9426 0.3085
vn 0.1089 -0.8023 0.5870
vn 0.0792 -0.5836 0.8082
vn 0.0418 -0.3079 0.9505
vn 0.0210 -0.1550 0.9877
vn 0.0303 -0.3091 -0.9505
vn 0.0153 -0.1557 -0.9877
vn 0.0575 -0.5861 -0.8082
vn 0.0791 -0.8057 -0.5870
vn 0.0929 -0.9467 -0.3085
vn 0.0974 -0.9922 -0.0784
vn 0.0974 -0.9922 0.0784
vn 0.0929 -0.9467 0.3085
vn 0.0791 -0.8057 0.5870
vn 0.0575 -0.5861 0.8082
vn 0.0303 -0.3091 0.9505
vn 0.0153 -0.1557 0.9877
vn 0.0194 -0.3099 -0.9506
vn 0.0098 -0.1561 -0.9877
vn 0.0369 -0.5877 -0.8083
vn 0.0507 -0.8080 -0.5870
vn 0.0596 -0.9493 -0.3086
vn 0.0624 -0.9950 -0.0784
vn 0.0624 -0.9950 0.0784
vn 0.0596 -0.9493 0.3086
vn 0.0507 -0.8080 0.5870
vn 0.0369 -0.5877 0.8083
vn 0.0194 -0.3099 0.9506
vn 0.0098 -0.1561 0.9877
vn 0.0093 -0.3102 -0.9506
vn 0.0047 -0.1563 -0.9877
vn 0.0177 -0.5885 -0.8083
vn 0.0243 -0.8092 -0.5871
vn 0.0286 -0.9508 -0.3086
vn 0.0300 -0.9965 -0.0784
vn 0.0300 -0.9965 0.0784
vn 0.0286 -0.9508 0.3086
vn 0.0243 -0.8092 0.5871
vn 0.0177 -0.5885 0.8083
vn 0.0093 -0.3102 0.9506
vn 0.0047 -0.1563 0.9877
vn -0.0069 -0.3120 -0.9500
vn -0.0034 -0.1563 -0.9877
vn -0.0130 -0.5898 -0.8075
vn -0.0178 -0.8099 -0.5863
vn -0.0209 -0.9511 -0.3081
vn -0.0219 -0.9967 -0.0784
vn -0.0219 -0.9967 0.0784
vn -0.0209 -0.9511 0.3081
vn -0.0178 -0.8099 0.5863
vn -0.0130 -0.5898 0.8075
vn -0.0069 -0.3120 0.9500
vn -0.0034 -0.1563 0.9877
vn -0.0372 -0.3117 -0.9494
vn -0.0185 -0.1551 -0.9877
vn -0.0700 -0.5869 -0.8067
vn -0.0960 -0.8049 -0.5856
vn -0.1126 -0.9448 -0.3077
vn -0.1180 -0.9899 -0.0784
vn -0.1180 -0.9899 0.0784
vn -0.1126 -0.9448 0.3077
vn -0.0960 -0.8049 0.5856
vn -0.0700 -0.5869 0.8067
vn -0.0372 -0.3117 0.9494
vn -0.0185 -0.1551 0.9877
vn -0.0749 -0.3050 -0.9494
vn -0.0372 -0.1516 -0.9877
vn -0.1410 -0.5740 -0.8066
vn -0.1934 -0.7872 -0.5856
vn -0.2270 -0.9240 -0.3077
vn -0.2378 -0.9681 -0.0784
vn -0.2378 -0.9681 0.0784
vn -0.2270 -0.9240 0.3077
vn -0.1934 -0.7872 0.5856
vn -0.1410 -0.5740 0.8066
vn -0.0749 -0.3050 0.9494
vn -0.0372 -0.1516 0.9877
vn -0.1126 -0.2933 -0.9494
vn -0.0560 -0.1458 -0.9877
vn -0.2119 -0.5519 -0.8066
vn -0.2905 -0.7568 -0.5855
vn -0.3410 -0.8883 -0.3077
vn -0.3573 -0.9307 -0.0784
vn -0.3573 -0.9307 0.0784
vn -0.3410 -0.8883 0.3077
vn -0.2905 -0.7568 0.5855
vn -0.2119 -0.5519 0.8066
vn -0.1126 -0.2933 0.9494
vn -0.0560 -0.1458 0.9877
vn -0.1494 -0.2765 -0.9493
vn -0.0742 -0.1373 -0.9877
vn -0.2810 -0.5202 -0.8065
vn -0.3853 -0.7132 -0.5855
vn -0.4523 -0.8371 -0.3077
vn -0.4739 -0.8771 -0.0784
vn -0.4739 -0.8771 0.0784
vn -0.4523 -0.8371 0.3077
vn -0.3853 -0.7132 0.5855
vn -0.2810 -0.5202 0.8065
vn -0.1494 -0.2765 0.9493
vn -0.0742 -0.1373 0.9877
vn -0.1844 -0.2546 -0.9493
vn -0.0916 -0.1264 -0.9877
vn -0.3469 -0.4788 -0.8065
vn -0.4756 -0.6565 -0.5855
vn -0.5582 -0.7706 -0.3077
vn -0.5848 -0.8073 -0.0784
vn -0.5848 -0.8073 0.0784
vn -0.5582 -0.7706 0.3077
vn -0.4756 -0.6565 0.5855
vn -0.3469 -0.4788 0.8065
vn -0.1844 -0.2546 0.9493
vn -0.0916 -0.1264 0.9877
vn -0.2168 -0.2277 -0.9493
vn -0.1076 -0.1130 -0.9877
vn -0.4077 -0.4283 -0.8064
vn -0.5590 -0.5872 -0.5854
vn -0.6561 -0.6891 -0.3077
vn -0.6874 -0.7220 -0.0784
vn -0.6874 -0.7220 0.0784
vn -0.6561 -0.6891 0.3077
vn -0.5590 -0.5872 0.5854
vn -0.4077 -0.4283 0.8064
vn -0.2168 -0.2277 0.9493
vn -0.1076 -0.1130 0.9877
vn -0.2457 -0.1963 -0.9493
vn -0.1219 -0.0974 -0.9877
vn -0.4620 -0.3692 -0.8064
vn -0.6333 -0.5061 -0.5854
vn -0.7433 -0.5940 -0.3077
vn -0.7788 -0.6224 -0.0784
vn -0.7788 -0.6224 0.0784
vn -0.7433 -0.5940 0.3077
vn -0.6333 -0.5061 0.5854
vn -0.4620 -0.3692 0.8064
vn -0.2457 -0.1963 0.9493
vn -0.1219 -0.0974 0.9877
vn -0.2702 -0.1610 -0.9492
vn -0.1341 -0.0799 -0.9877
vn -0.5080 -0.3027 -0.8064
vn -0.6965 -0.4150 -0.5854
vn -0.8174 -0.4871 -0.3077
vn -0.8564 -0.5103 -0.0784
vn -0.8564 -0.5103 0.0784
vn -0.8174 -0.4871 0.3077
vn -0.6965 -0.4150 0.5854
vn -0.5080 -0.3027 0.8064
vn -0.2702 -0.1610 0.9492
vn -0.1341 -0.0799 0.9877
vn -0.2896 -0.1226 -0.9493
vn -0.1437 -0.0608 -0.9877
vn -0.5446 -0.2305 -0.8064
vn -0.7466 -0.3160 -0.5854
vn -0.8762 -0.3709 -0.3077
vn -0.9181 -0.3886 -0.0784
vn -0.9181 -0.3886 0.0784
vn -0.8762 -0.3709 0.3077
vn -0.7466 -0.3160 0.5854
vn -0.5446 -0.2305 0.8064
vn -0.2896 -0.1226 0.9493
vn -0.1437 -0.0608 0.9877
vn -0.3035 -0.0822 -0.9493
vn -0.1507 -0.0408 -0.9877
vn -0.5708 -0.1546 -0.8064
vn -0.7825 -0.2119 -0.5854
vn -0.9184 -0.2487 -0.3077
vn -0.9623 -0.2606 -0.0784
vn -0.9623 -0.2606 0.0784
vn -0.9184 -0.2487 0.3077
vn -0.7825 -0.2119 0.5854
vn -0.5708 -0.1546 0.8064
vn -0.3035 -0.0822 0.9493
vn -0.1507 -0.0408 0.9877
vn -0.3117 -0.0410 -0.9493
vn -0.1548 -0.0203 -0.9877
vn -0.5862 -0.0770 -0.8065
vn -0.8038 -0.1056 -0.5855
vn -0.9434 -0.1240 -0.3077
vn -0.9884 -0.1299 -0.0784
vn -0.9884 -0.1299 0.0784
vn -0.9434 -0.1240 0.3077
vn -0.8038 -0.1056 0.5855
vn -0.5862 -0.0770 0.8065
vn -0.3117 -0.0410 0.9493
vn -0.1548 -0.0203 0.9877
vn -0.3143 0.0002 -0.9493
vn -0.1561 0.0001 -0.9877
vn -0.5912 0.0003 -0.8065
vn -0.8107 0.0004 -0.5855
vn -0.9515 0.0005 -0.3077
vn -0.9969 0.0005 -0.0784
vn -0.9969 0.0005 0.0784
vn -0.9515 0.0005 0.3077
vn -0.8107 0.0004 0.5855
vn -0.5912 0.0003 0.8065
vn -0.3143 0.0002 0.9493
vn -0.1561 0.0001 0.9877
vn -0.3117 0.0414 -0.9493
vn -0.1547 0.0206 -0.9877
vn -0.5861 0.0780 -0.8065
vn -0.8036 0.1069 -0.5855
vn -0.9432 0.1254 -0.3077
vn -0.9882 0.1314 -0.0784
vn -0.9882 0.1314 0.0784
vn -0.9432 0.1254 0.3077
vn -0.8036 0.1069 0.5855
vn -0.5861 0.0780 0.8065
vn -0.3117 0.0414 0.9493
vn -0.1547 0.0206 0.9877
vn -0.3034 0.0827 -0.9493
vn -0.1506 0.0411 -0.9877
vn -0.5705 0.1555 -0.8064
vn -0.7822 0.2132 -0.5854
vn -0.9180 0.2502 -0.3077
vn -0.9618 0.2622 -0.0784
vn -0.9618 0.2622 0.0784
vn -0.9180 0.2502 0.3077
vn -0.7822 0.2132 0.5854
vn -0.5705 0.1555 0.8064
vn -0.3034 0.0827 0.9493
vn -0.1506 0.0411 0.9877
vn -0.2895 0.1227 -0.9493
vn -0.1437 0.0609 -0.9877
vn -0.5445 0.2307 -0.8064
vn -0.7465 0.3163 -0.5854
vn -0.8761 0.3712 -0.3077
vn -0.9179 0.3889 -0.0784
vn -0.9179 0.3889 0.0784
vn -0.8761 0.3712 0.3077
vn -0.7465 0.3163 0.5854
vn -0.5445 0.2307 0.8064
vn -0.2895 0.1227 0.9493
vn -0.1437 0.0609 0.9877
vn -0.2705 0.1604 -0.9493
vn -0.1343 0.0796 -0.9877
vn -0.5086 0.3016 -0.8065
vn -0.6973 0.4135 -0.5855
vn -0.8184 0.4853 -0.3077
vn -0.8575 0.5084 -0.0784
vn -0.8575 0.5084 0.0784
vn -0.8184 0.4853 0.3077
vn -0.6973 0.4135 0.5855
vn -0.5086 0.3016 0.8065
vn -0.2705 0.1604 0.9493
vn -0.1343 0.0796 0.9877
vn -0.2466 0.1950 -0.9493
vn -0.1225 0.0968 -0.9877
vn -0.4638 0.3667 -0.8065
vn -0.6360 0.5028 -0.5855
vn -0.7464 0.5901 -0.3077
vn -0.7820 0.6183 -0.0784
vn -0.7820 0.6183 0.0784
vn -0.7464 0.5901 0.3077
vn -0.6360 0.5028 0.5855
vn -0.4638 0.3667 0.8065
vn -0.2466 0.1950 0.9493
vn -0.1225 0.0968 0.9877
vn -0.2186 0.2259 -0.9493
vn -0.1086 0.1122 -0.9877
vn -0.4112 0.4249 -0.8065
vn -0.5638 0.5825 -0.5855
vn -0.6617 0.6837 -0.3077
vn -0.6933 0.7164 -0.0784
vn -0.6933 0.7164 0.0784
vn -0.6617 0.6837 0.3077
vn -0.5638 0.5825 0.5855
vn -0.4112 0.4249 0.8065
vn -0.2186 0.2259 0.9493
vn -0.1086 0.1122 0.9877
vn -0.1871 0.2526 -0.9493
vn -0.0929 0.1255 -0.9877
vn -0.3519 0.4751 -0.8065
vn -0.4825 0.6515 -0.5855
vn -0.5662 0.7647 -0.3077
vn -0.5933 0.8012 -0.0784
vn -0.5933 0.8012 0.0784
vn -0.5662 0.7647 0.3077
vn -0.4825 0.6515 0.5855
vn -0.3519 0.4751 0.8065
vn -0.1871 0.2526 0.9493
vn -0.0929 0.1255 0.9877
vn -0.1526 0.2747 -0.9493
vn -0.0758 0.1365 -0.9877
vn -0.2870 0.5169 -0.8065
vn -0.3936 0.7087 -0.5855
vn -0.4620 0.8318 -0.3077
vn -0.4840 0.8715 -0.0784
vn -0.4840 0.8715 0.0784
vn -0.4620 0.8318 0.3077
vn -0.3936 0.7087 0.5855
vn -0.2870 0.5169 0.8065
vn -0.1526 0.2747 0.9493
vn -0.0758 0.1365 0.9877
vn -0.1159 0.2921 -0.9493
vn -0.0576 0.1451 -0.9877
vn -0.2180 0.5495 -0.8065
vn -0.2990 0.7535 -0.5855
vn -0.3509 0.8844 -0.3077
vn -0.3677 0.9266 -0.0784
vn -0.3677 0.9266 0.0784
vn -0.3509 0.8844 0.3077
vn -0.2990 0.7535 0.5855
vn -0.2180 0.5495 0.8065
vn -0.1159 0.2921 0.9493
vn -0.0576 0.1451 0.9877
vn -0.0777 0.3044 -0.9494
vn -0.0386 0.1513 -0.9877
vn -0.1462 0.5728 -0.8066
vn -0.2005 0.7855 -0.5855
vn -0.2354 0.9219 -0.3077
vn -0.2466 0.9659 -0.0784
vn -0.2466 0.9659 0.0784
vn -0.2354 0.9219 0.3077
vn -0.2005 0.7855 0.5855
vn -0.1462 0.5728 0.8066
vn -0.0777 0.3044 0.9494
vn -0.0386 0.1513 0.9877
vn -0.0388 0.3117 -0.9494
vn -0.0193 0.1549 -0.9877
vn -0.0731 0.5866 -0.8066
vn -0.1002 0.8044 -0.5856
vn -0.1176 0.9442 -0.3077
vn -0.1232 0.9893 -0.0784
vn -0.1232 0.9893 0.0784
vn -0.1176 0.9442 0.3077
vn -0.1002 0.8044 0.5856
vn -0.0731 0.5866 0.8066
vn -0.0388 0.3117 0.9494
vn -0.0193 0.1549 0.9877
vn -0.0073 0.3121 -0.9500
vn -0.0037 0.1563 -0.9877
vn -0.0138 0.5898 -0.8074
vn -0.0190 0.8099 -0.5863
vn -0.0223 0.9511 -0.3081
vn -0.0234 0.9967 -0.0784
vn -0.0234 0.9967 0.0784
vn -0.0223 0.9511 0.3081
vn -0.0190 0.8099 0.5863
vn -0.0138 0.5898 0.8074
vn -0.0073 0.3121 0.9500
vn -0.0037 0.1563 0.9877
vn 0.0096 0.3103 -0.9506
vn 0.0048 0.1563 -0.9877
vn 0.0182 0.5885 -0.8083
vn 0.0250 0.8092 -0.5871
vn 0.0293 0.9507 -0.3086
vn 0.0307 0.9964 -0.0784
vn 0.0307 0.9964 0.0784
vn 0.0293 0.9507 0.3086
vn 0.0250 0.8092 0.5871
vn 0.0182 0.5885 0.8083
vn 0.0096 0.3103 0.9506
vn 0.0048 0.1563 0.9877
vn 0.0205 0.3100 -0.9505
vn 0.0103 0.1561 -0.9877
vn 0.0389 0.5877 -0.8082
vn 0.0535 0.8078 -0.5870
vn 0.0629 0.9491 -0.3085
vn 0.0659 0.9947 -0.0784
vn 0.0659 0.9947 0.0784
vn 0.0629 0.9491 0.3085
vn 0.0535 0.8078 0.5870
vn 0.0389 0.5877 0.8082
vn 0.0205 0.3100 0.9505
vn 0.0103 0.1561 0.9877
vn 0.0328 0.3091 -0.9505
vn 0.0165 0.1555 -0.9877
vn 0.0622 0.5858 -0.8081
vn 0.0855 0.8051 -0.5869
vn 0.1004 0.9459 -0.3085
vn 0.1053 0.9913 -0.0784
vn 0.1053 0.9913 0.0784
vn 0.1004 0.9459 0.3085
vn 0.0855 0.8051 0.5869
vn 0.0622 0.5858 0.8081
vn 0.0328 0.3091 0.9505
vn 0.0165 0.1555 0.9877
vn 0.0459 0.3075 -0.9504
vn 0.0231 0.1547 -0.9877
vn 0.0869 0.5827 -0.8081
vn 0.1194 0.8008 -0.5869
vn 0.1403 0.9408 -0.3084
vn 0.1471 0.9860 -0.0784
vn 0.1471 0.9860 0.0784
vn 0.1403 0.9408 0.3084
vn 0.1194 0.8008 0.5869
vn 0.0869 0.5827 0.8081
vn 0.0459 0.3075 0.9504
vn 0.0231 0.1547 0.9877
vn 0.0590 0.3052 -0.9504
vn 0.0297 0.1536 -0.9877
vn 0.1119 0.5784 -0.8081
vn 0.1537 0.7950 -0.5869
vn 0.1806 0.9339 -0.3085
vn 0.1893 0.9788 -0.0784
vn 0.1893 0.9788 0.0784
vn 0.1806 0.9339 0.3085
vn 0.1537 0.7950 0.5869
vn 0.1119 0.5784 0.8081
vn 0.0590 0.3052 0.9504
vn 0.0297 0.1536 0.9877
vn 0.0717 0.3024 -0.9505
vn 0.0361 0.1522 -0.9877
vn 0.1359 0.5731 -0.8081
vn 0.1868 0.7878 -0.5869
vn 0.2194 0.9256 -0.3085
vn 0.2300 0.9700 -0.0784
vn 0.2300 0.9700 0.0784
vn 0.2194 0.9256 0.3085
vn 0.1868 0.7878 0.5869
vn 0.1359 0.5731 0.8081
vn 0.0717 0.3024 0.9505
vn 0.0361 0.1522 0.9877
vn 0.0833 0.2992 -0.9505
vn 0.0420 0.1507 -0.9877
vn 0.1580 0.5673 -0.8082
vn 0.2172 0.7799 -0.5870
vn 0.2552 0.9164 -0.3085
vn 0.2674 0.9604 -0.0784
vn 0.2674 0.9604 0.0784
vn 0.2552 0.9164 0.3085
vn 0.2172 0.7799 0.5870
vn 0.1580 0.5673 0.8082
vn 0.0833 0.2992 0.9505
vn 0.0420 0.1507 0.9877
vn 0.0936 0.2960 -0.9506
vn 0.0472 0.1491 -0.9877
vn 0.1775 0.5614 -0.8083
vn 0.2441 0.7719 -0.5871
vn 0.2868 0.9069 -0.3086
vn 0.3006 0.9505 -0.0784
vn 0.3006 0.9505 0.0784
vn 0.2868 0.9069 0.3086
vn 0.2441 0.7719 0.5871
vn 0.1775 0.5614 0.8083
vn 0.0936 0.2960 0.9506
vn 0.0472 0.1491 0.9877
vn 0.1024 0.2929 -0.9507
vn 0.0516 0.1477 -0.9877
vn 0.1942 0.5557 -0.8084
vn 0.2671 0.7641 -0.5872
vn 0.3138 0.8979 -0.3086
vn 0.3289 0.9411 -0.0784
vn 0.3289 0.9411 0.0784
vn 0.3138 0.8979 0.3086
vn 0.2671 0.7641 0.5872
vn 0.1942 0.5557 0.8084
vn 0.1024 0.2929 0.9507
vn 0.0516 0.1477 0.9877
vn 0.1096 0.2900 -0.9507
vn 0.0553 0.1463 -0.9877
vn 0.2080 0.5505 -0.8085
vn 0.2861 0.7571 -0.5873
vn 0.3362 0.8898 -0.3087
vn 0.3524 0.9326 -0.0784
vn 0.3524 0.9326 0.0784
vn 0.3362 0.8898 0.3087
vn 0.2861 0.7571 0.5873
vn 0.2080 0.5505 0.8085
vn 0.1096 0.2900 0.9507
vn 0.0553 0.1463 0.9877
vn 0.1154 0.2875 -0.9508
vn 0.0583 0.1452 -0.9877
vn 0.2191 0.5460 -0.8086
vn 0.3014 0.7511 -0.5874
vn 0.3542 0.8827 -0.3088
vn 0.3712 0.9252 -0.0784
vn 0.3712 0.9252 0.0784
vn 0.3542 0.8827 0.3088
vn 0.3014 0.7511 0.5874
vn 0.2191 0.5460 0.8086
vn 0.1154 0.2875 0.9508
vn 0.0583 0.1452 0.9877
vn 0.2559 0.1714 -0.9514
vn 0.1084 0.0726 -0.9915
vn 0.4629 0.3100 -0.8304
vn 0.6473 0.4335 -0.6269
vn 0.7811 0.5231 -0.3410
vn 0.8274 0.5541 -0.0911
vn 0.8274 0.5541 0.0911
vn 0.7811 0.5231 0.3410
vn 0.6473 0.4335 0.6269
vn 0.4629 0.3100 0.8304
vn 0.2559 0.1714 0.9514
vn 0.1084 0.0726 0.9915
vn 0.1150 -0.1906 -0.9749
vn 0.0422 -0.0698 -0.9967
vn 0.2148 -0.3559 -0.9095
vn 0.3345 -0.5541 -0.7623
vn 0.4585 -0.7596 -0.4613
vn 0.5119 -0.8480 -0.1375
vn 0.5119 -0.8480 0.1375
vn 0.4585 -0.7596 0.4613
vn 0.3345 -0.5541 0.7623
vn 0.2148 -0.3559 0.9095
vn 0.1150 -0.1906 0.9749
vn 0.0422 -0.0698 0.9967
vn -0.1381 -0.2745 -0.9516
vn -0.0703 -0.1397 -0.9877
vn -0.2635 -0.5240 -0.8099
vn -0.3632 -0.7221 -0.5887
vn -0.4272 -0.8495 -0.3096
vn -0.4479 -0.8906 -0.0785
vn -0.4479 -0.8906 0.0785
vn -0.4272 -0.8495 0.3096
vn -0.3632 -0.7221 0.5887
vn -0.2635 -0.5240 0.8099
vn -0.1381 -0.2745 0.9516
vn -0.0703 -0.1397 0.9877
vn -0.1276 -0.2795 -0.9516
vn -0.0650 -0.1423 -0.9877
vn -0.2436 -0.5335 -0.8100
vn -0.3357 -0.7353 -0.5888
vn -0.3949 -0.8650 -0.3096
vn -0.4141 -0.9069 -0.0785
vn -0.4141 -0.9069 0.0785
vn -0.3949 -0.8650 0.3096
vn -0.3357 -0.7353 0.5888
vn -0.2436 -0.5335 0.8100
vn -0.1276 -0.2795 0.9516
vn -0.0650 -0.1423 0.9877
vn -0.1167 -0.2842 -0.9516
vn -0.0594 -0.1447 -0.9877
vn -0.2228 -0.5425 -0.8100
vn -0.3070 -0.7477 -0.5888
vn -0.3612 -0.8796 -0.3096
vn -0.3787 -0.9222 -0.0785
vn -0.3787 -0.9222 0.0785
vn -0.3612 -0.8796 0.3096
vn -0.3070 -0.7477 0.5888
vn -0.2228 -0.5425 0.8100
vn -0.1167 -0.2842 0.9516
vn -0.0594 -0.1447 0.9877
vn -0.1053 -0.2885 -0.9517
vn -0.0536 -0.1469 -0.9877
vn -0.2011 -0.5509 -0.8100
vn -0.2771 -0.7593 -0.5888
vn -0.3260 -0.8932 -0.3097
vn -0.3418 -0.9365 -0.0786
vn -0.3418 -0.9365 0.0786
vn -0.3260 -0.8932 0.3097
vn -0.2771 -0.7593 0.5888
vn -0.2011 -0.5509 0.8100
vn -0.1053 -0.2885 0.9517
vn -0.0536 -0.1469 0.9877
vn -0.0935 -0.2925 -0.9517
vn -0.0476 -0.1490 -0.9877
vn -0.1785 -0.5585 -0.8100
vn -0.2460 -0.7699 -0.5888
vn -0.2894 -0.9057 -0.3097
vn -0.3035 -0.9496 -0.0786
vn -0.3035 -0.9496 0.0786
vn -0.2894 -0.9057 0.3097
vn -0.2460 -0.7699 0.5888
vn -0.1785 -0.5585 0.8100
vn -0.0935 -0.2925 0.9517
vn -0.0476 -0.1490 0.9877
vn -0.0812 -0.2961 -0.9517
vn -0.0414 -0.1508 -0.9877
vn -0.1551 -0.5654 -0.8101
vn -0.2138 -0.7794 -0.5889
vn -0.2515 -0.9170 -0.3097
vn -0.2637 -0.9614 -0.0786
vn -0.2637 -0.9614 0.0786
vn -0.2515 -0.9170 0.3097
vn -0.2138 -0.7794 0.5889
vn -0.1551 -0.5654 0.8101
vn -0.0812 -0.2961 0.9517
vn -0.0414 -0.1508 0.9877
vn -0.0685 -0.2993 -0.9517
vn -0.0349 -0.1525 -0.9877
vn -0.1309 -0.5715 -0.8101
vn -0.1804 -0.7878 -0.5889
vn -0.2122 -0.9268 -0.3097
vn -0.2225 -0.9718 -0.0786
vn -0.2225 -0.9718 0.0786
vn -0.2122 -0.9268 0.3097
vn -0.1804 -0.7878 0.5889
vn -0.1309 -0.5715 0.8101
vn -0.0685 -0.2993 0.9517
vn -0.0349 -0.1525 0.9877
vn -0.0555 -0.3019 -0.9517
vn -0.0283 -0.1538 -0.9877
vn -0.1059 -0.5766 -0.8101
vn -0.1460 -0.7949 -0.5889
vn -0.1718 -0.9352 -0.3097
vn -0.1801 -0.9805 -0.0786
vn -0.1801 -0.9805 0.0786
vn -0.1718 -0.9352 0.3097
vn -0.1460 -0.7949 0.5889
vn -0.1059 -0.5766 0.8101
vn -0.0555 -0.3019 0.9517
vn -0.0283 -0.1538 0.9877
vn -0.0420 -0.3040 -0.9517
vn -0.0214 -0.1549 -0.9877
vn -0.0802 -0.5807 -0.8101
vn -0.1106 -0.8006 -0.5889
vn -0.1302 -0.9419 -0.3097
vn -0.1365 -0.9875 -0.0786
vn -0.1365 -0.9875 0.0786
vn -0.1302 -0.9419 0.3097
vn -0.1106 -0.8006 0.5889
vn -0.0802 -0.5807 0.8101
vn -0.0420 -0.3040 0.9517
vn -0.0214 -0.1549 0.9877
vn -0.0283 -0.3056 -0.9517
vn -0.0144 -0.1557 -0.9877
vn -0.0540 -0.5837 -0.8102
vn -0.0744 -0.8047 -0.5890
vn -0.0875 -0.9468 -0.3098
vn -0.0918 -0.9927 -0.0786
vn -0.0918 -0.9927 0.0786
vn -0.0875 -0.9468 0.3098
vn -0.0744 -0.8047 0.5890
vn -0.0540 -0.5837 0.8102
vn -0.0283 -0.3056 0.9517
vn -0.0144 -0.1557 0.9877
vn -0.0142 -0.3065 -0.9518
vn -0.0073 -0.1562 -0.9877
vn -0.0272 -0.5856 -0.8102
vn -0.0375 -0.8073 -0.5890
vn -0.0441 -0.9498 -0.3098
vn -0.0462 -0.9958 -0.0786
vn -0.0462 -0.9958 0.0786
vn -0.0441 -0.9498 0.3098
vn -0.0375 -0.8073 0.5890
vn -0.0272 -0.5856 0.8102
vn -0.0142 -0.3065 0.9518
vn -0.0073 -0.1562 0.9877
vn 0.0061 -0.3048 -0.9524
vn 0.0031 -0.1563 -0.9877
vn 0.0118 -0.5845 -0.8113
vn 0.0163 -0.8071 -0.5902
vn 0.0191 -0.9504 -0.3105
vn 0.0201 -0.9967 -0.0787
vn 0.0201 -0.9967 0.0787
vn 0.0191 -0.9504 0.3105
vn 0.0163 -0.8071 0.5902
vn 0.0118 -0.5845 0.8113
vn 0.0061 -0.3048 0.9524
vn 0.0031 -0.1563 0.9877
vn 0.0387 -0.3002 -0.9531
vn 0.0199 -0.1548 -0.9877
vn 0.0744 -0.5780 -0.8126
vn 0.1030 -0.7996 -0.5916
vn 0.1214 -0.9425 -0.3115
vn 0.1273 -0.9887 -0.0789
vn 0.1273 -0.9887 0.0789
vn 0.1214 -0.9425 0.3115
vn 0.1030 -0.7996 0.5916
vn 0.0744 -0.5780 0.8126
vn 0.0387 -0.3002 0.9531
vn 0.0199 -0.1548 0.9877
vn 0.0771 -0.2926 -0.9531
vn 0.0398 -0.1510 -0.9877
vn 0.1484 -0.5635 -0.8127
vn 0.2053 -0.7796 -0.5917
vn 0.2420 -0.9189 -0.3115
vn 0.2539 -0.9640 -0.0789
vn 0.2539 -0.9640 0.0789
vn 0.2420 -0.9189 0.3115
vn 0.2053 -0.7796 0.5917
vn 0.1484 -0.5635 0.8127
vn 0.0771 -0.2926 0.9531
vn 0.0398 -0.1510 0.9877
vn 0.1144 -0.2801 -0.9531
vn 0.0590 -0.1445 -0.9877
vn 0.2203 -0.5395 -0.8127
vn 0.3048 -0.7464 -0.5917
vn 0.3592 -0.8797 -0.3115
vn 0.3769 -0.9229 -0.0789
vn 0.3769 -0.9229 0.0789
vn 0.3592 -0.8797 0.3115
vn 0.3048 -0.7463 0.5917
vn 0.2203 -0.5395 0.8127
vn 0.1144 -0.2801 0.9531
vn 0.0590 -0.1445 0.9877
vn 0.1499 -0.2628 -0.9531
vn 0.0773 -0.1356 -0.9877
vn 0.2886 -0.5062 -0.8127
vn 0.3993 -0.7003 -0.5917
vn 0.4707 -0.8255 -0.3115
vn 0.4938 -0.8660 -0.0789
vn 0.4938 -0.8660 0.0789
vn 0.4707 -0.8255 0.3115
vn 0.3993 -0.7003 0.5917
vn 0.2886 -0.5062 0.8127
vn 0.1499 -0.2628 0.9531
vn 0.0773 -0.1356 0.9877
vn 0.1829 -0.2410 -0.9531
vn 0.0944 -0.1244 -0.9877
vn 0.3522 -0.4642 -0.8127
vn 0.4873 -0.6422 -0.5917
vn 0.5743 -0.7570 -0.3115
vn 0.6025 -0.7942 -0.0789
vn 0.6025 -0.7942 0.0789
vn 0.5743 -0.7570 0.3115
vn 0.4873 -0.6422 0.5917
vn 0.3522 -0.4642 0.8127
vn 0.1829 -0.2410 0.9531
vn 0.0944 -0.1244 0.9877
vn 0.2128 -0.2150 -0.9531
vn 0.1098 -0.1110 -0.9877
vn 0.4098 -0.4142 -0.8127
vn 0.5670 -0.5730 -0.5917
vn 0.6684 -0.6754 -0.3115
vn 0.7012 -0.7086 -0.0789
vn 0.7012 -0.7086 0.0789
vn 0.6684 -0.6754 0.3115
vn 0.5670 -0.5730 0.5917
vn 0.4098 -0.4142 0.8127
vn 0.2128 -0.2150 0.9531
vn 0.1098 -0.1110 0.9877
vn 0.2391 -0.1853 -0.9532
vn 0.1234 -0.0956 -0.9877
vn 0.4606 -0.3569 -0.8127
vn 0.6373 -0.4937 -0.5917
vn 0.7512 -0.5820 -0.3115
vn 0.7880 -0.6105 -0.0789
vn 0.7880 -0.6105 0.0789
vn 0.7512 -0.5820 0.3115
vn 0.6373 -0.4937 0.5917
vn 0.4606 -0.3569 0.8127
vn 0.2391 -0.1853 0.9532
vn 0.1234 -0.0956 0.9877
vn 0.2614 -0.1522 -0.9532
vn 0.1349 -0.0785 -0.9877
vn 0.5035 -0.2931 -0.8127
vn 0.6967 -0.4056 -0.5917
vn 0.8212 -0.4780 -0.3116
vn 0.8615 -0.5015 -0.0789
vn 0.8615 -0.5015 0.0789
vn 0.8212 -0.4780 0.3116
vn 0.6967 -0.4056 0.5917
vn 0.5035 -0.2931 0.8127
vn 0.2614 -0.1522 0.9532
vn 0.1349 -0.0785 0.9877
vn 0.2792 -0.1163 -0.9532
vn 0.1441 -0.0600 -0.9877
vn 0.5378 -0.2241 -0.8127
vn 0.7441 -0.3100 -0.5917
vn 0.8771 -0.3655 -0.3116
vn 0.9202 -0.3834 -0.0789
vn 0.9202 -0.3834 0.0789
vn 0.8771 -0.3655 0.3116
vn 0.7441 -0.3100 0.5917
vn 0.5378 -0.2241 0.8127
vn 0.2792 -0.1163 0.9532
vn 0.1441 -0.0600 0.9877
vn 0.2921 -0.0784 -0.9532
vn 0.1508 -0.0405 -0.9877
vn 0.5627 -0.1511 -0.8127
vn 0.7785 -0.2091 -0.5917
vn 0.9177 -0.2464 -0.3116
vn 0.9628 -0.2585 -0.0789
vn 0.9628 -0.2585 0.0789
vn 0.9177 -0.2464 0.3116
vn 0.7785 -0.2091 0.5917
vn 0.5627 -0.1511 0.8127
vn 0.2921 -0.0784 0.9532
vn 0.1508 -0.0405 0.9877
vn 0.2999 -0.0394 -0.9531
vn 0.1548 -0.0203 -0.9877
vn 0.5777 -0.0758 -0.8127
vn 0.7993 -0.1049 -0.5917
vn 0.9422 -0.1236 -0.3115
vn 0.9884 -0.1297 -0.0789
vn 0.9884 -0.1297 0.0789
vn 0.9422 -0.1236 0.3115
vn 0.7993 -0.1049 0.5917
vn 0.5777 -0.0758 0.8127
vn 0.2999 -0.0394 0.9531
vn 0.1548 -0.0203 0.9877
vn 0.3027 -0.0003 -0.9531
vn 0.1561 -0.0001 -0.9877
vn 0.5828 -0.0005 -0.8126
vn 0.8062 -0.0007 -0.5916
vn 0.9503 -0.0008 -0.3114
vn 0.9969 -0.0009 -0.0789
vn 0.9969 -0.0009 0.0789
vn 0.9503 -0.0008 0.3114
vn 0.8062 -0.0007 0.5916
vn 0.5828 -0.0005 0.8126
vn 0.3027 -0.0003 0.9531
vn 0.1561 -0.0001 0.9877
vn 0.3001 0.0387 -0.9531
vn 0.1548 0.0200 -0.9877
vn 0.5779 0.0746 -0.8127
vn 0.7995 0.1032 -0.5917
vn 0.9424 0.1217 -0.3115
vn 0.9887 0.1277 -0.0789
vn 0.9887 0.1277 0.0789
vn 0.9424 0.1217 0.3115
vn 0.7995 0.1032 0.5917
vn 0.5779 0.0746 0.8127
vn 0.3001 0.0387 0.9531
vn 0.1548 0.0200 0.9877
vn 0.2920 0.0782 -0.9532
vn 0.1508 0.0404 -0.9877
vn 0.5627 0.1506 -0.8128
vn 0.7786 0.2084 -0.5919
vn 0.9179 0.2457 -0.3116
vn 0.9630 0.2578 -0.0789
vn 0.9630 0.2578 0.0789
vn 0.9179 0.2457 0.3116
vn 0.7786 0.2084 0.5919
vn 0.5627 0.1506 0.8128
vn 0.2920 0.0782 0.9532
vn 0.1508 0.0404 0.9877
vn 0.2784 0.1172 -0.9533
vn 0.1438 0.0606 -0.9877
vn 0.5367 0.2260 -0.8129
vn 0.7428 0.3128 -0.5920
vn 0.8757 0.3687 -0.3117
vn 0.9188 0.3868 -0.0789
vn 0.9188 0.3868 0.0789
vn 0.8757 0.3687 0.3117
vn 0.7428 0.3128 0.5920
vn 0.5367 0.2260 0.8129
vn 0.2785 0.1172 0.9533
vn 0.1438 0.0606 0.9877
vn 0.2594 0.1547 -0.9533
vn 0.1340 0.0799 -0.9877
vn 0.5001 0.2983 -0.8130
vn 0.6921 0.4129 -0.5920
vn 0.8160 0.4867 -0.3117
vn 0.8561 0.5107 -0.0789
vn 0.8561 0.5107 0.0789
vn 0.8160 0.4867 0.3117
vn 0.6921 0.4129 0.5920
vn 0.5001 0.2983 0.8130
vn 0.2594 0.1547 0.9533
vn 0.1340 0.0799 0.9877
vn 0.2353 0.1894 -0.9533
vn 0.1216 0.0979 -0.9877
vn 0.4536 0.3651 -0.8130
vn 0.6278 0.5054 -0.5920
vn 0.7401 0.5958 -0.3117
vn 0.7765 0.6251 -0.0789
vn 0.7765 0.6251 0.0789
vn 0.7401 0.5958 0.3117
vn 0.6278 0.5054 0.5920
vn 0.4536 0.3651 0.8130
vn 0.2353 0.1894 0.9533
vn 0.1216 0.0979 0.9877
vn 0.2068 0.2203 -0.9533
vn 0.1068 0.1138 -0.9877
vn 0.3987 0.4245 -0.8129
vn 0.5517 0.5875 -0.5920
vn 0.6504 0.6927 -0.3117
vn 0.6824 0.7267 -0.0789
vn 0.6824 0.7267 0.0789
vn 0.6504 0.6927 0.3117
vn 0.5517 0.5875 0.5920
vn 0.3987 0.4245 0.8129
vn 0.2068 0.2203 0.9533
vn 0.1068 0.1138 0.9877
vn 0.1750 0.2465 -0.9532
vn 0.0903 0.1273 -0.9877
vn 0.3372 0.4750 -0.8128
vn 0.4666 0.6573 -0.5918
vn 0.5500 0.7748 -0.3116
vn 0.5770 0.8129 -0.0789
vn 0.5770 0.8129 0.0789
vn 0.5500 0.7748 0.3116
vn 0.4666 0.6573 0.5918
vn 0.3372 0.4750 0.8128
vn 0.1750 0.2465 0.9532
vn 0.0903 0.1273 0.9877
vn 0.1408 0.2678 -0.9531
vn 0.0727 0.1382 -0.9877
vn 0.2712 0.5157 -0.8127
vn 0.3753 0.7135 -0.5917
vn 0.4423 0.8410 -0.3115
vn 0.4640 0.8823 -0.0789
vn 0.4640 0.8823 0.0789
vn 0.4423 0.8410 0.3115
vn 0.3753 0.7135 0.5917
vn 0.2712 0.5157 0.8127
vn 0.1408 0.2678 0.9531
vn 0.0727 0.1382 0.9877
vn 0.1054 0.2839 -0.9531
vn 0.0543 0.1464 -0.9877
vn 0.2029 0.5465 -0.8125
vn 0.2806 0.7559 -0.5915
vn 0.3307 0.8909 -0.3114
vn 0.3469 0.9346 -0.0789
vn 0.3469 0.9346 0.0789
vn 0.3307 0.8909 0.3114
vn 0.2806 0.7559 0.5915
vn 0.2029 0.5465 0.8125
vn 0.1054 0.2839 0.9531
vn 0.0543 0.1464 0.9877
vn 0.0696 0.2950 -0.9530
vn 0.0359 0.1520 -0.9877
vn 0.1339 0.5676 -0.8124
vn 0.1852 0.7849 -0.5913
vn 0.2183 0.9249 -0.3113
vn 0.2290 0.9702 -0.0788
vn 0.2290 0.9702 0.0788
vn 0.2183 0.9249 0.3113
vn 0.1852 0.7849 0.5913
vn 0.1339 0.5676 0.8124
vn 0.0696 0.2950 0.9530
vn 0.0359 0.1520 0.9877
vn 0.0343 0.3014 -0.9529
vn 0.0177 0.1552 -0.9877
vn 0.0660 0.5796 -0.8122
vn 0.0912 0.8014 -0.5912
vn 0.1075 0.9443 -0.3112
vn 0.1128 0.9905 -0.0788
vn 0.1128 0.9905 0.0788
vn 0.1075 0.9443 0.3112
vn 0.0912 0.8014 0.5912
vn 0.0660 0.5796 0.8122
vn 0.0343 0.3014 0.9529
vn 0.0177 0.1552 0.9877
vn 0.0056 0.3054 -0.9522
vn 0.0029 0.1563 -0.9877
vn 0.0108 0.5850 -0.8110
vn 0.0149 0.8074 -0.5898
vn 0.0175 0.9505 -0.3103
vn 0.0184 0.9967 -0.0787
vn 0.0184 0.9967 0.0787
vn 0.0175 0.9505 0.3103
vn 0.0149 0.8074 0.5898
vn 0.0108 0.5850 0.8110
vn 0.0056 0.3054 0.9522
vn 0.0029 0.1563 0.9877
vn -0.0113 0.3071 -0.9516
vn -0.0058 0.1563 -0.9877
vn -0.0216 0.5861 -0.8099
vn -0.0298 0.8078 -0.5887
vn -0.0350 0.9502 -0.3096
vn -0.0367 0.9962 -0.0785
vn -0.0367 0.9962 0.0785
vn -0.0350 0.9502 0.3096
vn -0.0298 0.8078 0.5887
vn -0.0216 0.5861 0.8099
vn -0.0113 0.3071 0.9516
vn -0.0058 0.1563 0.9877
vn -0.0223 0.3066 -0.9516
vn -0.0113 0.1560 -0.9877
vn -0.0425 0.5851 -0.8099
vn -0.0585 0.8063 -0.5887
vn -0.0688 0.9484 -0.3096
vn -0.0722 0.9943 -0.0785
vn -0.0722 0.9943 0.0785
vn -0.0688 0.9484 0.3096
vn -0.0585 0.8063 0.5887
vn -0.0425 0.5851 0.8099
vn -0.0223 0.3066 0.9516
vn -0.0113 0.1560 0.9877
vn -0.0327 0.3058 -0.9516
vn -0.0166 0.1555 -0.9877
vn -0.0623 0.5833 -0.8098
vn -0.0858 0.8038 -0.5886
vn -0.1010 0.9455 -0.3095
vn -0.1059 0.9913 -0.0785
vn -0.1059 0.9913 0.0785
vn -0.1010 0.9455 0.3095
vn -0.0858 0.8038 0.5886
vn -0.0623 0.5833 0.8098
vn -0.0327 0.3058 0.9516
vn -0.0166 0.1555 0.9877
vn -0.0424 0.3046 -0.9515
vn -0.0216 0.1549 -0.9877
vn -0.0810 0.5811 -0.8098
vn -0.1115 0.8007 -0.5886
vn -0.1312 0.9418 -0.3095
vn -0.1376 0.9874 -0.0785
vn -0.1376 0.9874 0.0785
vn -0.1312 0.9418 0.3095
vn -0.1115 0.8007 0.5886
vn -0.0810 0.5811 0.8098
vn -0.0424 0.3046 0.9515
vn -0.0216 0.1549 0.9877
vn -0.0516 0.3033 -0.9515
vn -0.0262 0.1542 -0.9877
vn -0.0983 0.5785 -0.8097
vn -0.1355 0.7971 -0.5885
vn -0.1593 0.9375 -0.3095
vn -0.1670 0.9828 -0.0785
vn -0.1670 0.9828 0.0785
vn -0.1593 0.9375 0.3095
vn -0.1355 0.7971 0.5885
vn -0.0983 0.5785 0.8097
vn -0.0516 0.3033 0.9515
vn -0.0262 0.1542 0.9877
vn -0.0599 0.3019 -0.9515
vn -0.0305 0.1534 -0.9877
vn -0.1143 0.5757 -0.8097
vn -0.1575 0.7931 -0.5884
vn -0.1852 0.9327 -0.3094
vn -0.1941 0.9778 -0.0785
vn -0.1941 0.9778 0.0785
vn -0.1852 0.9327 0.3094
vn -0.1575 0.7931 0.5884
vn -0.1143 0.5757 0.8097
vn -0.0599 0.3019 0.9515
vn -0.0305 0.1534 0.9877
vn -0.0676 0.3004 -0.9514
vn -0.0343 0.1526 -0.9877
vn -0.1288 0.5727 -0.8096
vn -0.1774 0.7889 -0.5884
vn -0.2087 0.9278 -0.3094
vn -0.2188 0.9726 -0.0785
vn -0.2188 0.9726 0.0785
vn -0.2087 0.9278 0.3094
vn -0.1774 0.7889 0.5884
vn -0.1288 0.5727 0.8096
vn -0.0676 0.3004 0.9514
vn -0.0343 0.1526 0.9877
vn -0.0744 0.2989 -0.9514
vn -0.0378 0.1518 -0.9877
vn -0.1418 0.5697 -0.8095
vn -0.1954 0.7847 -0.5883
vn -0.2297 0.9228 -0.3093
vn -0.2408 0.9674 -0.0785
vn -0.2408 0.9674 0.0785
vn -0.2297 0.9228 0.3093
vn -0.1954 0.7847 0.5883
vn -0.1418 0.5697 0.8095
vn -0.0744 0.2989 0.9514
vn -0.0378 0.1518 0.9877
vn -0.0805 0.2975 -0.9513
vn -0.0408 0.1510 -0.9877
vn -0.1533 0.5668 -0.8095
vn -0.2111 0.7806 -0.5882
vn -0.2483 0.9180 -0.3093
vn -0.2603 0.9623 -0.0785
vn -0.2603 0.9623 0.0785
vn -0.2483 0.9180 0.3093
vn -0.2111 0.7806 0.5882
vn -0.1533 0.5668 0.8095
vn -0.0805 0.2975 0.9513
vn -0.0408 0.1510 0.9877
vn -0.0857 0.2961 -0.9513
vn -0.0435 0.1503 -0.9877
vn -0.1632 0.5641 -0.8094
vn -0.2248 0.7769 -0.5882
vn -0.2643 0.9135 -0.3093
vn -0.2771 0.9576 -0.0785
vn -0.2771 0.9576 0.0785
vn -0.2643 0.9135 0.3093
vn -0.2248 0.7769 0.5882
vn -0.1632 0.5641 0.8094
vn -0.0857 0.2961 0.9513
vn -0.0435 0.1503 0.9877
vn -0.0901 0.2950 -0.9513
vn -0.0457 0.1496 -0.9877
vn -0.1716 0.5617 -0.8093
vn -0.2008 0.6780 -0.7071
vn 0.9267 0.3708 -0.0615
vn 0.9408 0.3390 -0.0078
vn 0.9408 0.3390 0.0078
vn 0.9267 0.3708 0.0614
vn -0.2008 0.6780 0.7071
vn -0.1716 0.5617 0.8093
vn -0.0901 0.2950 0.9513
vn -0.0457 0.1496 0.9877
vn -0.1652 0.1214 -0.9788
vn -0.1020 0.0750 -0.9920
vn -0.3740 0.2749 -0.8858
vn -0.6742 0.0815 -0.7341
vn -0.6530 -0.7538 -0.0730
vn -0.6311 -0.7756 -0.0097
vn -0.6311 -0.7756 0.0097
vn -0.6530 -0.7538 0.0730
vn -0.6742 0.0815 0.7341
vn -0.3740 0.2749 0.8858
vn -0.1651 0.1214 0.9788
vn -0.1020 0.0750 0.9920
vn -0.1203 -0.1203 -0.9854
vn -0.0787 -0.0787 -0.9938
vn -0.2882 -0.2882 -0.9132
vn -0.4666 -0.4666 -0.7513
vn -0.6319 -0.6319 -0.4487
vn -0.7024 -0.7024 -0.1158
vn -0.7024 -0.7024 0.1158
vn -0.6319 -0.6319 0.4487
vn -0.4666 -0.4666 0.7513
vn -0.2882 -0.2882 0.9132
vn -0.1203 -0.1203 0.9854
vn -0.0787 -0.0787 0.9938
vn -0.1980 -0.1980 -0.9600
vn -0.3610 -0.3610 -0.8599
vn -0.5226 -0.5226 -0.6736
vn -0.6543 -0.6543 -0.3793
vn -0.7032 -0.7032 -0.1049
vn -0.7032 -0.7032 0.1049
vn -0.6543 -0.6543 0.3793
vn -0.5226 -0.5226 0.6736
vn -0.3610 -0.3610 0.8599
vn -0.1980 -0.1980 0.9600
vn -0.1980 0.1980 -0.9600
vn -0.0787 0.0787 -0.9938
vn -0.3610 0.3610 -0.8599
vn -0.5226 0.5226 -0.6736
vn -0.6543 0.6543 -0.3793
vn -0.7032 0.7032 -0.1049
vn -0.7032 0.7032 0.1049
vn -0.6543 0.6543 0.3793
vn -0.5226 0.5226 0.6736
vn -0.3610 0.3610 0.8599
vn -0.1980 0.1980 0.9600
vn -0.0787 0.0787 0.9938
vn 0.1980 0.1980 -0.9600
vn 0.0787 0.0787 -0.9938
vn 0.3610 0.3610 -0.8599
vn 0.5226 0.5226 -0.6736
vn 0.6543 0.6543 -0.3793
vn 0.7032 0.7032 -0.1049
vn 0.7032 0.7032 0.1049
vn 0.6543 0.6543 0.3793
vn 0.5226 0.5226 0.6736
vn 0.3610 0.3610 0.8599
vn 0.1980 0.1980 0.9600
vn 0.0787 0.0787 0.9938
vn 0.2572 -0.1703 -0.9512
vn 0.1092 -0.0723 -0.9914
vn 0.4653 -0.3081 -0.8298
vn 0.6502 -0.4306 -0.6259
vn 0.7840 -0.5192 -0.3402
vn 0.8303 -0.5498 -0.0908
vn 0.8303 -0.5498 0.0908
vn 0.7840 -0.5192 0.3402
vn 0.6502 -0.4306 0.6259
vn 0.4653 -0.3081 0.8298
vn 0.2572 -0.1703 0.9512
vn 0.1092 -0.0723 0.9914
vt 0.336634 0.000000
vt 0.356436 0.000000
vt 0.346535 0.000000
vt 0.366337 0.000000
vt 0.376238 0.000000
vt 0.386139 0.000000
vt 0.326733 0.000000
vt 0.396040 0.000000
vt 0.405941 0.000000
vt 0.415842 0.000000
vt 0.316832 0.000000
vt 0.425743 0.000000
vt 0.435644 0.000000
vt 0.306931 0.000000
vt 0.445545 0.000000
vt 0.455446 0.000000
vt 0.297030 0.000000
vt 0.465347 0.000000
vt 0.574257 0.000000
vt 0.564356 0.000000
vt 0.554455 0.000000
vt 0.544554 0.000000
vt 0.534653 0.000000
vt 0.524752 0.000000
vt 0.514852 0.000000
vt 0.504951 0.000000
vt 0.495050 0.000000
vt 0.485149 0.000000
vt 0.475248 0.000000
vt 0.287129 0.000000
vt 0.594059 0.000000
vt 0.584158 0.000000
vt 0.603960 0.000000
vt 0.613861 0.000000
vt 0.623762 0.000000
vt 0.277228 0.000000
vt 0.633663 0.000000
vt 0.643564 0.000000
vt 0.267327 0.000000
vt 0.653465 0.000000
vt 0.663366 0.000000
vt 0.257426 0.000000
vt 0.673267 0.000000
vt 0.247525 0.000000
vt 0.683168 0.000000
vt 0.693069 0.000000
vt 0.237624 0.000000
vt 0.702970 0.000000
vt 0.227723 0.000000
vt 0.712871 0.000000
vt 0.722772 0.000000
vt 0.217822 0.000000
vt 0.970297 0.000000
vt 0.990099 0.000000
vt 0.980198 0.000000
vt 0.960396 0.000000
vt 1.000000 0.000000
vt 0.732673 0.000000
vt 0.207921 0.000000
vt 0.742574 0.000000
vt 0.950495 0.000000
vt 0.198020 0.000000
vt 0.752475 0.000000
vt 0.762376 0.000000
vt 0.188119 0.000000
vt 0.772277 0.000000
vt 0.178218 0.000000
vt 0.782178 0.000000
vt 0.792079 0.000000
vt 0.168317 0.000000
vt 0.801980 0.000000
vt 0.940594 0.000000
vt 0.930693 0.000000
vt 0.920792 0.000000
vt 0.811881 0.000000
vt 0.910891 0.000000
vt 0.900990 0.000000
vt 0.891089 0.000000
vt 0.821782 0.000000
vt 0.158416 0.000000
vt 0.881188 0.000000
vt 0.871287 0.000000
vt 0.861386 0.000000
vt 0.831683 0.000000
vt 0.851485 0.000000
vt 0.841584 0.000000
vt 0.148515 0.000000
vt 0.000000 0.000000
vt 0.009901 0.000000
vt 0.138614 0.000000
vt 0.019802 0.000000
vt 0.029703 0.000000
vt 0.128713 0.000000
vt 0.039604 0.000000
vt 0.049505 0.000000
vt 0.059406 0.000000
vt 0.118812 0.000000
vt 0.069307 0.000000
vt 0.079208 0.000000
vt 0.089109 0.000000
vt 0.108911 0.000000
vt 0.099010 0.000000
vt 0.000000 0.090909
vt 0.009804 0.090909
vt 0.009804 0.000000
vt 0.000000 0.181818
vt 0.009804 0.181818
vt 0.000000 0.272727
vt 0.009804 0.272727
vt 0.000000 0.363636
vt 0.009804 0.363636
vt 0.000000 0.454545
vt 0.009804 0.454545
vt 0.000000 0.545455
vt 0.009804 0.545455
vt 0.000000 0.636364
vt 0.009804 0.636364
vt 0.000000 0.727273
vt 0.009804 0.727273
vt 0.000000 0.818182
vt 0.009804 0.818182
vt 0.000000 0.909091
vt 0.009804 0.909091
vt 0.000000 1.000000
vt 0.009804 1.000000
vt 0.019608 0.090909
vt 0.019608 0.000000
vt 0.019608 0.181818
vt 0.019608 0.272727
vt 0.019608 0.363636
vt 0.019608 0.454545
vt 0.019608 0.545455
vt 0.019608 0.636364
vt 0.019608 0.727273
vt 0.019608 0.818182
vt 0.019608 0.909091
vt 0.019608 1.000000
vt 0.029412 0.090909
vt 0.029412 0.000000
vt 0.029412 0.181818
vt 0.029412 0.272727
vt 0.029412 0.363636
vt 0.029412 0.454545
vt 0.029412 0.545455
vt 0.029412 0.636364
vt 0.029412 0.727273
vt 0.029412 0.818182
vt 0.029412 0.909091
vt 0.029412 1.000000
vt 0.039216 0.090909
vt 0.039216 0.000000
vt 0.039216 0.181818
vt 0.039216 0.272727
vt 0.039216 0.363636
vt 0.039216 0.454545
vt 0.039216 0.545455
vt 0.039216 0.636364
vt 0.039216 0.727273
vt 0.039216 0.818182
vt 0.039216 0.909091
vt 0.039216 1.000000
vt 0.049020 0.090909
vt 0.049020 0.000000
vt 0.049020 0.181818
vt 0.049020 0.272727
vt 0.049020 0.363636
vt 0.049020 0.454545
vt 0.049020 0.545455
vt 0.049020 0.636364
vt 0.049020 0.727273
vt 0.049020 0.818182
vt 0.049020 0.909091
vt 0.049020 1.000000
vt 0.058824 0.090909
vt 0.058824 0.000000
vt 0.058824 0.181818
vt 0.058824 0.272727
vt 0.058824 0.363636
vt 0.058824 0.454545
vt 0.058824 0.545455
vt 0.058824 0.636364
vt 0.058824 0.727273
vt 0.058824 0.818182
vt 0.058824 0.909091
vt 0.058824 1.000000
vt 0.068627 0.090909
vt 0.068627 0.000000
vt 0.068627 0.181818
vt 0.068627 0.272727
vt 0.068627 0.363636
vt 0.068627 0.454545
vt 0.068627 0.545455
vt 0.068627 0.636364
vt 0.068627 0.727273
vt 0.068627 0.818182
vt 0.068627 0.909091
vt 0.068627 1.000000
vt 0.078431 0.090909
vt 0.078431 0.000000
vt 0.078431 0.181818
vt 0.078431 0.272727
vt 0.078431 0.363636
vt 0.078431 0.454545
vt 0.078431 0.545455
vt 0.078431 0.636364
vt 0.078431 0.727273
vt 0.078431 0.818182
vt 0.078431 0.909091
vt 0.078431 1.000000
vt 0.088235 0.090909
vt 0.088235 0.000000
vt 0.088235 0.181818
vt 0.088235 0.272727
vt 0.088235 0.363636
vt 0.088235 0.454545
vt 0.088235 0.545455
vt 0.088235 0.636364
vt 0.088235 0.727273
vt 0.088235 0.818182
vt 0.088235 0.909091
vt 0.088235 1.000000
vt 0.098039 0.090909
vt 0.098039 0.000000
vt 0.098039 0.181818
vt 0.098039 0.272727
vt 0.098039 0.363636
vt 0.098039 0.454545
vt 0.098039 0.545455
vt 0.098039 0.636364
vt 0.098039 0.727273
vt 0.098039 0.818182
vt 0.098039 0.909091
vt 0.098039 1.000000
vt 0.107843 0.090909
vt 0.107843 0.000000
vt 0.107843 0.181818
vt 0.107843 0.272727
vt 0.107843 0.363636
vt 0.107843 0.454545
vt 0.107843 0.545455
vt 0.107843 0.636364
vt 0.107843 0.727273
vt 0.107843 0.818182
vt 0.107843 0.909091
vt 0.107843 1.000000
vt 0.117647 0.090909
vt 0.117647 0.000000
vt 0.117647 0.181818
vt 0.117647 0.272727
vt 0.117647 0.363636
vt 0.117647 0.454545
vt 0.117647 0.545455
vt 0.117647 0.636364
vt 0.117647 0.727273
vt 0.117647 0.818182
vt 0.117647 0.909091
vt 0.117647 1.000000
vt 0.127451 0.090909
vt 0.127451 0.000000
vt 0.127451 0.181818
vt 0.127451 0.272727
vt 0.127451 0.363636
vt 0.127451 0.454545
vt 0.127451 0.545455
vt 0.127451 0.636364
vt 0.127451 0.727273
vt 0.127451 0.818182
vt 0.127451 0.909091
vt 0.127451 1.000000
vt 0.137255 0.090909
vt 0.137255 0.000000
vt 0.137255 0.181818
vt 0.137255 0.272727
vt 0.137255 0.363636
vt 0.137255 0.454545
vt 0.137255 0.545455
vt 0.137255 0.636364
vt 0.137255 0.727273
vt 0.137255 0.818182
vt 0.137255 0.909091
vt 0.137255 1.000000
vt 0.147059 0.090909
vt 0.147059 0.000000
vt 0.147059 0.181818
vt 0.147059 0.272727
vt 0.147059 0.363636
vt 0.147059 0.454545
vt 0.147059 0.545455
vt 0.147059 0.636364
vt 0.147059 0.727273
vt 0.147059 0.818182
vt 0.147059 0.909091
vt 0.147059 1.000000
vt 0.156863 0.090909
vt 0.156863 0.000000
vt 0.156863 0.181818
vt 0.156863 0.272727
vt 0.156863 0.363636
vt 0.156863 0.454545
vt 0.156863 0.545455
vt 0.156863 0.636364
vt 0.156863 0.727273
vt 0.156863 0.818182
vt 0.156863 0.909091
vt 0.156863 1.000000
vt 0.166667 0.090909
vt 0.166667 0.000000
vt 0.166667 0.181818
vt 0.166667 0.272727
vt 0.166667 0.363636
vt 0.166667 0.454545
vt 0.166667 0.545455
vt 0.166667 0.636364
vt 0.166667 0.727273
vt 0.166667 0.818182
vt 0.166667 0.909091
vt 0.166667 1.000000
vt 0.176471 0.090909
vt 0.176471 0.000000
vt 0.176471 0.181818
vt 0.176471 0.272727
vt 0.176471 0.363636
vt 0.176471 0.454545
vt 0.176471 0.545455
vt 0.176471 0.636364
vt 0.176471 0.727273
vt 0.176471 0.818182
vt 0.176471 0.909091
vt 0.176471 1.000000
vt 0.186275 0.090909
vt 0.186275 0.000000
vt 0.186275 0.181818
vt 0.186275 0.272727
vt 0.186275 0.363636
vt 0.186275 0.454545
vt 0.186275 0.545455
vt 0.186275 0.636364
vt 0.186275 0.727273
vt 0.186275 0.818182
vt 0.186275 0.909091
vt 0.186275 1.000000
vt 0.196078 0.090909
vt 0.196078 0.000000
vt 0.196078 0.181818
vt 0.196078 0.272727
vt 0.196078 0.363636
vt 0.196078 0.454545
vt 0.196078 0.545455
vt 0.196078 0.636364
vt 0.196078 0.727273
vt 0.196078 0.818182
vt 0.196078 0.909091
vt 0.196078 1.000000
vt 0.205882 0.090909
vt 0.205882 0.000000
vt 0.205882 0.181818
vt 0.205882 0.272727
vt 0.205882 0.363636
vt 0.205882 0.454545
vt 0.205882 0.545455
vt 0.205882 0.636364
vt 0.205882 0.727273
vt 0.205882 0.818182
vt 0.205882 0.909091
vt 0.205882 1.000000
vt 0.215686 0.090909
vt 0.215686 0.000000
vt 0.215686 0.181818
vt 0.215686 0.272727
vt 0.215686 0.363636
vt 0.215686 0.454545
vt 0.215686 0.545455
vt 0.215686 0.636364
vt 0.215686 0.727273
vt 0.215686 0.818182
vt 0.215686 0.909091
vt 0.215686 1.000000
vt 0.225490 0.090909
vt 0.225490 0.000000
vt 0.225490 0.181818
vt 0.225490 0.272727
vt 0.225490 0.363636
vt 0.225490 0.454545
vt 0.225490 0.545455
vt 0.225490 0.636364
vt 0.225490 0.727273
vt 0.225490 0.818182
vt 0.225490 0.909091
vt 0.225490 1.000000
vt 0.235294 0.090909
vt 0.235294 0.000000
vt 0.235294 0.181818
vt 0.235294 0.272727
vt 0.235294 0.363636
vt 0.235294 0.454545
vt 0.235294 0.545455
vt 0.235294 0.636364
vt 0.235294 0.727273
vt 0.235294 0.818182
vt 0.235294 0.909091
vt 0.235294 1.000000
vt 0.245098 0.090909
vt 0.245098 0.000000
vt 0.245098 0.181818
vt 0.245098 0.272727
vt 0.245098 0.363636
vt 0.245098 0.454545
vt 0.245098 0.545455
vt 0.245098 0.636364
vt 0.245098 0.727273
vt 0.245098 0.818182
vt 0.245098 0.909091
vt 0.245098 1.000000
vt 0.254902 0.090909
vt 0.254902 0.000000
vt 0.254902 0.181818
vt 0.254902 0.272727
vt 0.254902 0.363636
vt 0.254902 0.454545
vt 0.254902 0.545455
vt 0.254902 0.636364
vt 0.254902 0.727273
vt 0.254902 0.818182
vt 0.254902 0.909091
vt 0.254902 1.000000
vt 0.264706 0.090909
vt 0.264706 0.000000
vt 0.264706 0.181818
vt 0.264706 0.272727
vt 0.264706 0.363636
vt 0.264706 0.454545
vt 0.264706 0.545455
vt 0.264706 0.636364
vt 0.264706 0.727273
vt 0.264706 0.818182
vt 0.264706 0.909091
vt 0.264706 1.000000
vt 0.274510 0.090909
vt 0.274510 0.000000
vt 0.274510 0.181818
vt 0.274510 0.272727
vt 0.274510 0.363636
vt 0.274510 0.454545
vt 0.274510 0.545455
vt 0.274510 0.636364
vt 0.274510 0.727273
vt 0.274510 0.818182
vt 0.274510 0.909091
vt 0.274510 1.000000
vt 0.284314 0.090909
vt 0.284314 0.000000
vt 0.284314 0.181818
vt 0.284314 0.272727
vt 0.284314 0.363636
vt 0.284314 0.454545
vt 0.284314 0.545455
vt 0.284314 0.636364
vt 0.284314 0.727273
vt 0.284314 0.818182
vt 0.284314 0.909091
vt 0.284314 1.000000
vt 0.294118 0.090909
vt 0.294118 0.000000
vt 0.294118 0.181818
vt 0.294118 0.272727
vt 0.294118 0.363636
vt 0.294118 0.454545
vt 0.294118 0.545455
vt 0.294118 0.636364
vt 0.294118 0.727273
vt 0.294118 0.818182
vt 0.294118 0.909091
vt 0.294118 1.000000
vt 0.303922 0.090909
vt 0.303922 0.000000
vt 0.303922 0.181818
vt 0.303922 0.272727
vt 0.303922 0.363636
vt 0.303922 0.454545
vt 0.303922 0.545455
vt 0.303922 0.636364
vt 0.303922 0.727273
vt 0.303922 0.818182
vt 0.303922 0.909091
vt 0.303922 1.000000
vt 0.313726 0.090909
vt 0.313726 0.000000
vt 0.313726 0.181818
vt 0.313726 0.272727
vt 0.313726 0.363636
vt 0.313726 0.454545
vt 0.313726 0.545455
vt 0.313726 0.636364
vt 0.313726 0.727273
vt 0.313726 0.818182
vt 0.313726 0.909091
vt 0.313726 1.000000
vt 0.323529 0.090909
vt 0.323529 0.000000
vt 0.323529 0.181818
vt 0.323529 0.272727
vt 0.323529 0.363636
vt 0.323529 0.454545
vt 0.323529 0.545455
vt 0.323529 0.636364
vt 0.323529 0.727273
vt 0.323529 0.818182
vt 0.323529 0.909091
vt 0.323529 1.000000
vt 0.333333 0.090909
vt 0.333333 0.000000
vt 0.333333 0.181818
vt 0.333333 0.272727
vt 0.333333 0.363636
vt 0.333333 0.454545
vt 0.333333 0.545455
vt 0.333333 0.636364
vt 0.333333 0.727273
vt 0.333333 0.818182
vt 0.333333 0.909091
vt 0.333333 1.000000
vt 0.343137 0.090909
vt 0.343137 0.000000
vt 0.343137 0.181818
vt 0.343137 0.272727
vt 0.343137 0.363636
vt 0.343137 0.454545
vt 0.343137 0.545455
vt 0.343137 0.636364
vt 0.343137 0.727273
vt 0.343137 0.818182
vt 0.343137 0.909091
vt 0.343137 1.000000
vt 0.352941 0.090909
vt 0.352941 0.000000
vt 0.352941 0.181818
vt 0.352941 0.272727
vt 0.352941 0.363636
vt 0.352941 0.454545
vt 0.352941 0.545455
vt 0.352941 0.636364
vt 0.352941 0.727273
vt 0.352941 0.818182
vt 0.352941 0.909091
vt 0.352941 1.000000
vt 0.362745 0.090909
vt 0.362745 0.000000
vt 0.362745 0.181818
vt 0.362745 0.272727
vt 0.362745 0.363636
vt 0.362745 0.454545
vt 0.362745 0.545455
vt 0.362745 0.636364
vt 0.362745 0.727273
vt 0.362745 0.818182
vt 0.362745 0.909091
vt 0.362745 1.000000
vt 0.372549 0.090909
vt 0.372549 0.000000
vt 0.372549 0.181818
vt 0.372549 0.272727
vt 0.372549 0.363636
vt 0.372549 0.454545
vt 0.372549 0.545455
vt 0.372549 0.636364
vt 0.372549 0.727273
vt 0.372549 0.818182
vt 0.372549 0.909091
vt 0.372549 1.000000
vt 0.382353 0.090909
vt 0.382353 0.000000
vt 0.382353 0.181818
vt 0.382353 0.272727
vt 0.382353 0.363636
vt 0.382353 0.454545
vt 0.382353 0.545455
vt 0.382353 0.636364
vt 0.382353 0.727273
vt 0.382353 0.818182
vt 0.382353 0.909091
vt 0.382353 1.000000
vt 0.392157 0.090909
vt 0.392157 0.000000
vt 0.392157 0.181818
vt 0.392157 0.272727
vt 0.392157 0.363636
vt 0.392157 0.454545
vt 0.392157 0.545455
vt 0.392157 0.636364
vt 0.392157 0.727273
vt 0.392157 0.818182
vt 0.392157 0.909091
vt 0.392157 1.000000
vt 0.401961 0.090909
vt 0.401961 0.000000
vt 0.401961 0.181818
vt 0.401961 0.272727
vt 0.401961 0.363636
vt 0.401961 0.454545
vt 0.401961 0.545455
vt 0.401961 0.636364
vt 0.401961 0.727273
vt 0.401961 0.818182
vt 0.401961 0.909091
vt 0.401961 1.000000
vt 0.411765 0.090909
vt 0.411765 0.000000
vt 0.411765 0.181818
vt 0.411765 0.272727
vt 0.411765 0.363636
vt 0.411765 0.454545
vt 0.411765 0.545455
vt 0.411765 0.636364
vt 0.411765 0.727273
vt 0.411765 0.818182
vt 0.411765 0.909091
vt 0.411765 1.000000
vt 0.421569 0.090909
vt 0.421569 0.000000
vt 0.421569 0.181818
vt 0.421569 0.272727
vt 0.421569 0.363636
vt 0.421569 0.454545
vt 0.421569 0.545455
vt 0.421569 0.636364
vt 0.421569 0.727273
vt 0.421569 0.818182
vt 0.421569 0.909091
vt 0.421569 1.000000
vt 0.431373 0.090909
vt 0.431373 0.000000
vt 0.431373 0.181818
vt 0.431373 0.272727
vt 0.431373 0.363636
vt 0.431373 0.454545
vt 0.431373 0.545455
vt 0.431373 0.636364
vt 0.431373 0.727273
vt 0.431373 0.818182
vt 0.431373 0.909091
vt 0.431373 1.000000
vt 0.441176 0.090909
vt 0.441176 0.000000
vt 0.441176 0.181818
vt 0.441176 0.272727
vt 0.441176 0.363636
vt 0.441176 0.454545
vt 0.441176 0.545455
vt 0.441176 0.636364
vt 0.441176 0.727273
vt 0.441176 0.818182
vt 0.441176 0.909091
vt 0.441176 1.000000
vt 0.450980 0.090909
vt 0.450980 0.000000
vt 0.450980 0.181818
vt 0.450980 0.272727
vt 0.450980 0.363636
vt 0.450980 0.454545
vt 0.450980 0.545455
vt 0.450980 0.636364
vt 0.450980 0.727273
vt 0.450980 0.818182
vt 0.450980 0.909091
vt 0.450980 1.000000
vt 0.460784 0.090909
vt 0.460784 0.000000
vt 0.460784 0.181818
vt 0.460784 0.272727
vt 0.460784 0.363636
vt 0.460784 0.454545
vt 0.460784 0.545455
vt 0.460784 0.636364
vt 0.460784 0.727273
vt 0.460784 0.818182
vt 0.460784 0.909091
vt 0.460784 1.000000
vt 0.470588 0.090909
vt 0.470588 0.000000
vt 0.470588 0.181818
vt 0.470588 0.272727
vt 0.470588 0.363636
vt 0.470588 0.454545
vt 0.470588 0.545455
vt 0.470588 0.636364
vt 0.470588 0.727273
vt 0.470588 0.818182
vt 0.470588 0.909091
vt 0.470588 1.000000
vt 0.480392 0.090909
vt 0.480392 0.000000
vt 0.480392 0.181818
vt 0.480392 0.272727
vt 0.480392 0.363636
vt 0.480392 0.454545
vt 0.480392 0.545455
vt 0.480392 0.636364
vt 0.480392 0.727273
vt 0.480392 0.818182
vt 0.480392 0.909091
vt 0.480392 1.000000
vt 0.490196 0.090909
vt 0.490196 0.000000
vt 0.490196 0.181818
vt 0.490196 0.272727
vt 0.490196 0.363636
vt 0.490196 0.454545
vt 0.490196 0.545455
vt 0.490196 0.636364
vt 0.490196 0.727273
vt 0.490196 0.818182
vt 0.490196 0.909091
vt 0.490196 1.000000
vt 0.500000 0.090909
vt 0.500000 0.000000
vt 0.500000 0.181818
vt 0.500000 0.272727
vt 0.500000 0.363636
vt 0.500000 0.454545
vt 0.500000 0.545455
vt 0.500000 0.636364
vt 0.500000 0.727273
vt 0.500000 0.818182
vt 0.500000 0.909091
vt 0.500000 1.000000
vt 0.509804 0.090909
vt 0.509804 0.000000
vt 0.509804 0.181818
vt 0.509804 0.272727
vt 0.509804 0.363636
vt 0.509804 0.454545
vt 0.509804 0.545455
vt 0.509804 0.636364
vt 0.509804 0.727273
vt 0.509804 0.818182
vt 0.509804 0.909091
vt 0.509804 1.000000
vt 0.519608 0.090909
vt 0.519608 0.000000
vt 0.519608 0.181818
vt 0.519608 0.272727
vt 0.519608 0.363636
vt 0.519608 0.454545
vt 0.519608 0.545455
vt 0.519608 0.636364
vt 0.519608 0.727273
vt 0.519608 0.818182
vt 0.519608 0.909091
vt 0.519608 1.000000
vt 0.529412 0.090909
vt 0.529412 0.000000
vt 0.529412 0.181818
vt 0.529412 0.272727
vt 0.529412 0.363636
vt 0.529412 0.454545
vt 0.529412 0.545455
vt 0.529412 0.636364
vt 0.529412 0.727273
vt 0.529412 0.818182
vt 0.529412 0.909091
vt 0.529412 1.000000
vt 0.539216 0.090909
vt 0.539216 0.000000
vt 0.539216 0.181818
vt 0.539216 0.272727
vt 0.539216 0.363636
vt 0.539216 0.454545
vt 0.539216 0.545455
vt 0.539216 0.636364
vt 0.539216 0.727273
vt 0.539216 0.818182
vt 0.539216 0.909091
vt 0.539216 1.000000
vt 0.549020 0.090909
vt 0.549020 0.000000
vt 0.549020 0.181818
vt 0.549020 0.272727
vt 0.549020 0.363636
vt 0.549020 0.454545
vt 0.549020 0.545455
vt 0.549020 0.636364
vt 0.549020 0.727273
vt 0.549020 0.818182
vt 0.549020 0.909091
vt 0.549020 1.000000
vt 0.558824 0.090909
vt 0.558824 0.000000
vt 0.558824 0.181818
vt 0.558824 0.272727
vt 0.558824 0.363636
vt 0.558824 0.454545
vt 0.558824 0.545455
vt 0.558824 0.636364
vt 0.558824 0.727273
vt 0.558824 0.818182
vt 0.558824 0.909091
vt 0.558824 1.000000
vt 0.568627 0.090909
vt 0.568627 0.000000
vt 0.568627 0.181818
vt 0.568627 0.272727
vt 0.568627 0.363636
vt 0.568627 0.454545
vt 0.568627 0.545455
vt 0.568627 0.636364
vt 0.568627 0.727273
vt 0.568627 0.818182
vt 0.568627 0.909091
vt 0.568627 1.000000
vt 0.578431 0.090909
vt 0.578431 0.000000
vt 0.578431 0.181818
vt 0.578431 0.272727
vt 0.578431 0.363636
vt 0.578431 0.454545
vt 0.578431 0.545455
vt 0.578431 0.636364
vt 0.578431 0.727273
vt 0.578431 0.818182
vt 0.578431 0.909091
vt 0.578431 1.000000
vt 0.588235 0.090909
vt 0.588235 0.000000
vt 0.588235 0.181818
vt 0.588235 0.272727
vt 0.588235 0.363636
vt 0.588235 0.454545
vt 0.588235 0.545455
vt 0.588235 0.636364
vt 0.588235 0.727273
vt 0.588235 0.818182
vt 0.588235 0.909091
vt 0.588235 1.000000
vt 0.598039 0.090909
vt 0.598039 0.000000
vt 0.598039 0.181818
vt 0.598039 0.272727
vt 0.598039 0.363636
vt 0.598039 0.454545
vt 0.598039 0.545455
vt 0.598039 0.636364
vt 0.598039 0.727273
vt 0.598039 0.818182
vt 0.598039 0.909091
vt 0.598039 1.000000
vt 0.607843 0.090909
vt 0.607843 0.000000
vt 0.607843 0.181818
vt 0.607843 0.272727
vt 0.607843 0.363636
vt 0.607843 0.454545
vt 0.607843 0.545455
vt 0.607843 0.636364
vt 0.607843 0.727273
vt 0.607843 0.818182
vt 0.607843 0.909091
vt 0.607843 1.000000
vt 0.617647 0.090909
vt 0.617647 0.000000
vt 0.617647 0.181818
vt 0.617647 0.272727
vt 0.617647 0.363636
vt 0.617647 0.454545
vt 0.617647 0.545455
vt 0.617647 0.636364
vt 0.617647 0.727273
vt 0.617647 0.818182
vt 0.617647 0.909091
vt 0.617647 1.000000
vt 0.627451 0.090909
vt 0.627451 0.000000
vt 0.627451 0.181818
vt 0.627451 0.272727
vt 0.627451 0.363636
vt 0.627451 0.454545
vt 0.627451 0.545455
vt 0.627451 0.636364
vt 0.627451 0.727273
vt 0.627451 0.818182
vt 0.627451 0.909091
vt 0.627451 1.000000
vt 0.637255 0.090909
vt 0.637255 0.000000
vt 0.637255 0.181818
vt 0.637255 0.272727
vt 0.637255 0.363636
vt 0.637255 0.454545
vt 0.637255 0.545455
vt 0.637255 0.636364
vt 0.637255 0.727273
vt 0.637255 0.818182
vt 0.637255 0.909091
vt 0.637255 1.000000
vt 0.647059 0.090909
vt 0.647059 0.000000
vt 0.647059 0.181818
vt 0.647059 0.272727
vt 0.647059 0.363636
vt 0.647059 0.454545
vt 0.647059 0.545455
vt 0.647059 0.636364
vt 0.647059 0.727273
vt 0.647059 0.818182
vt 0.647059 0.909091
vt 0.647059 1.000000
vt 0.656863 0.090909
vt 0.656863 0.000000
vt 0.656863 0.181818
vt 0.656863 0.272727
vt 0.656863 0.363636
vt 0.656863 0.454545
vt 0.656863 0.545455
vt 0.656863 0.636364
vt 0.656863 0.727273
vt 0.656863 0.818182
vt 0.656863 0.909091
vt 0.656863 1.000000
vt 0.666667 0.090909
vt 0.666667 0.000000
vt 0.666667 0.181818
vt 0.666667 0.272727
vt 0.666667 0.363636
vt 0.666667 0.454545
vt 0.666667 0.545455
vt 0.666667 0.636364
vt 0.666667 0.727273
vt 0.666667 0.818182
vt 0.666667 0.909091
vt 0.666667 1.000000
vt 0.676471 0.090909
vt 0.676471 0.000000
vt 0.676471 0.181818
vt 0.676471 0.272727
vt 0.676471 0.363636
vt 0.676471 0.454545
vt 0.676471 0.545455
vt 0.676471 0.636364
vt 0.676471 0.727273
vt 0.676471 0.818182
vt 0.676471 0.909091
vt 0.676471 1.000000
vt 0.686275 0.090909
vt 0.686275 0.000000
vt 0.686275 0.181818
vt 0.686275 0.272727
vt 0.686275 0.363636
vt 0.686275 0.454545
vt 0.686275 0.545455
vt 0.686275 0.636364
vt 0.686275 0.727273
vt 0.686275 0.818182
vt 0.686275 0.909091
vt 0.686275 1.000000
vt 0.696078 0.090909
vt 0.696078 0.000000
vt 0.696078 0.181818
vt 0.696078 0.272727
vt 0.696078 0.363636
vt 0.696078 0.454545
vt 0.696078 0.545455
vt 0.696078 0.636364
vt 0.696078 0.727273
vt 0.696078 0.818182
vt 0.696078 0.909091
vt 0.696078 1.000000
vt 0.705882 0.090909
vt 0.705882 0.000000
vt 0.705882 0.181818
vt 0.705882 0.272727
vt 0.705882 0.363636
vt 0.705882 0.454545
vt 0.705882 0.545455
vt 0.705882 0.636364
vt 0.705882 0.727273
vt 0.705882 0.818182
vt 0.705882 0.909091
vt 0.705882 1.000000
vt 0.715686 0.090909
vt 0.715686 0.000000
vt 0.715686 0.181818
vt 0.715686 0.272727
vt 0.715686 0.363636
vt 0.715686 0.454545
vt 0.715686 0.545455
vt 0.715686 0.636364
vt 0.715686 0.727273
vt 0.715686 0.818182
vt 0.715686 0.909091
vt 0.715686 1.000000
vt 0.725490 0.090909
vt 0.725490 0.000000
vt 0.725490 0.181818
vt 0.725490 0.272727
vt 0.725490 0.363636
vt 0.725490 0.454545
vt 0.725490 0.545455
vt 0.725490 0.636364
vt 0.725490 0.727273
vt 0.725490 0.818182
vt 0.725490 0.909091
vt 0.725490 1.000000
vt 0.735294 0.090909
vt 0.735294 0.000000
vt 0.735294 0.181818
vt 0.735294 0.272727
vt 0.735294 0.363636
vt 0.735294 0.454545
vt 0.735294 0.545455
vt 0.735294 0.636364
vt 0.735294 0.727273
vt 0.735294 0.818182
vt 0.735294 0.909091
vt 0.735294 1.000000
vt 0.745098 0.090909
vt 0.745098 0.000000
vt 0.745098 0.181818
vt 0.745098 0.272727
vt 0.745098 0.363636
vt 0.745098 0.454545
vt 0.745098 0.545455
vt 0.745098 0.636364
vt 0.745098 0.727273
vt 0.745098 0.818182
vt 0.745098 0.909091
vt 0.745098 1.000000
vt 0.754902 0.090909
vt 0.754902 0.000000
vt 0.754902 0.181818
vt 0.754902 0.272727
vt 0.754902 0.363636
vt 0.754902 0.454545
vt 0.754902 0.545455
vt 0.754902 0.636364
vt 0.754902 0.727273
vt 0.754902 0.818182
vt 0.754902 0.909091
vt 0.754902 1.000000
vt 0.764706 0.090909
vt 0.764706 0.000000
vt 0.764706 0.181818
vt 0.764706 0.272727
vt 0.764706 0.363636
vt 0.764706 0.454545
vt 0.764706 0.545455
vt 0.764706 0.636364
vt 0.764706 0.727273
vt 0.764706 0.818182
vt 0.764706 0.909091
vt 0.764706 1.000000
vt 0.774510 0.090909
vt 0.774510 0.000000
vt 0.774510 0.181818
vt 0.774510 0.272727
vt 0.774510 0.363636
vt 0.774510 0.454545
vt 0.774510 0.545455
vt 0.774510 0.636364
vt 0.774510 0.727273
vt 0.774510 0.818182
vt 0.774510 0.909091
vt 0.774510 1.000000
vt 0.784314 0.090909
vt 0.784314 0.000000
vt 0.784314 0.181818
vt 0.784314 0.272727
vt 0.784314 0.363636
vt 0.784314 0.454545
vt 0.784314 0.545455
vt 0.784314 0.636364
vt 0.784314 0.727273
vt 0.784314 0.818182
vt 0.784314 0.909091
vt 0.784314 1.000000
vt 0.794118 0.090909
vt 0.794118 0.000000
vt 0.794118 0.181818
vt 0.794118 0.272727
vt 0.794118 0.363636
vt 0.794118 0.454545
vt 0.794118 0.545455
vt 0.794118 0.636364
vt 0.794118 0.727273
vt 0.794118 0.818182
vt 0.794118 0.909091
vt 0.794118 1.000000
vt 0.803922 0.090909
vt 0.803922 0.000000
vt 0.803922 0.181818
vt 0.803922 0.272727
vt 0.803922 0.363636
vt 0.803922 0.454545
vt 0.803922 0.545455
vt 0.803922 0.636364
vt 0.803922 0.727273
vt 0.803922 0.818182
vt 0.803922 0.909091
vt 0.803922 1.000000
vt 0.813725 0.090909
vt 0.813725 0.000000
vt 0.813725 0.181818
vt 0.813725 0.272727
vt 0.813725 0.363636
vt 0.813725 0.454545
vt 0.813725 0.545455
vt 0.813725 0.636364
vt 0.813725 0.727273
vt 0.813725 0.818182
vt 0.813725 0.909091
vt 0.813725 1.000000
vt 0.823529 0.090909
vt 0.823529 0.000000
vt 0.823529 0.181818
vt 0.823529 0.272727
vt 0.823529 0.363636
vt 0.823529 0.454545
vt 0.823529 0.545455
vt 0.823529 0.636364
vt 0.823529 0.727273
vt 0.823529 0.818182
vt 0.823529 0.909091
vt 0.823529 1.000000
vt 0.833333 0.090909
vt 0.833333 0.000000
vt 0.833333 0.181818
vt 0.833333 0.272727
vt 0.833333 0.363636
vt 0.833333 0.454545
vt 0.833333 0.545455
vt 0.833333 0.636364
vt 0.833333 0.727273
vt 0.833333 0.818182
vt 0.833333 0.909091
vt 0.833333 1.000000
vt 0.843137 0.090909
vt 0.843137 0.000000
vt 0.843137 0.181818
vt 0.843137 0.272727
vt 0.843137 0.363636
vt 0.843137 0.454545
vt 0.843137 0.545455
vt 0.843137 0.636364
vt 0.843137 0.727273
vt 0.843137 0.818182
vt 0.843137 0.909091
vt 0.843137 1.000000
vt 0.852941 0.090909
vt 0.852941 0.000000
vt 0.852941 0.181818
vt 0.852941 0.272727
vt 0.852941 0.363636
vt 0.852941 0.454545
vt 0.852941 0.545455
vt 0.852941 0.636364
vt 0.852941 0.727273
vt 0.852941 0.818182
vt 0.852941 0.909091
vt 0.852941 1.000000
vt 0.862745 0.090909
vt 0.862745 0.000000
vt 0.862745 0.181818
vt 0.862745 0.272727
vt 0.862745 0.363636
vt 0.862745 0.454545
vt 0.862745 0.545455
vt 0.862745 0.636364
vt 0.862745 0.727273
vt 0.862745 0.818182
vt 0.862745 0.909091
vt 0.862745 1.000000
vt 0.872549 0.090909
vt 0.872549 0.000000
vt 0.872549 0.181818
vt 0.872549 0.272727
vt 0.872549 0.363636
vt 0.872549 0.454545
vt 0.872549 0.545455
vt 0.872549 0.636364
vt 0.872549 0.727273
vt 0.872549 0.818182
vt 0.872549 0.909091
vt 0.872549 1.000000
vt 0.882353 0.090909
vt 0.882353 0.000000
vt 0.882353 0.181818
vt 0.882353 0.272727
vt 0.882353 0.363636
vt 0.882353 0.454545
vt 0.882353 0.545455
vt 0.882353 0.636364
vt 0.882353 0.727273
vt 0.882353 0.818182
vt 0.882353 0.909091
vt 0.882353 1.000000
vt 0.892157 0.090909
vt 0.892157 0.000000
vt 0.892157 0.181818
vt 0.892157 0.272727
vt 0.892157 0.363636
vt 0.892157 0.454545
vt 0.892157 0.545455
vt 0.892157 0.636364
vt 0.892157 0.727273
vt 0.892157 0.818182
vt 0.892157 0.909091
vt 0.892157 1.000000
vt 0.901961 0.090909
vt 0.901961 0.000000
vt 0.901961 0.181818
vt 0.901961 0.272727
vt 0.901961 0.363636
vt 0.901961 0.454545
vt 0.901961 0.545455
vt 0.901961 0.636364
vt 0.901961 0.727273
vt 0.901961 0.818182
vt 0.901961 0.909091
vt 0.901961 1.000000
vt 0.911765 0.090909
vt 0.911765 0.000000
vt 0.911765 0.181818
vt 0.911765 0.272727
vt 0.911765 0.363636
vt 0.911765 0.454545
vt 0.911765 0.545455
vt 0.911765 0.636364
vt 0.911765 0.727273
vt 0.911765 0.818182
vt 0.911765 0.909091
vt 0.911765 1.000000
vt 0.921569 0.090909
vt 0.921569 0.000000
vt 0.921569 0.181818
vt 0.921569 0.272727
vt 0.921569 0.363636
vt 0.921569 0.454545
vt 0.921569 0.545455
vt 0.921569 0.636364
vt 0.921569 0.727273
vt 0.921569 0.818182
vt 0.921569 0.909091
vt 0.921569 1.000000
vt 0.931373 0.090909
vt 0.931373 0.000000
vt 0.931373 0.181818
vt 0.931373 0.272727
vt 0.931373 0.363636
vt 0.931373 0.454545
vt 0.931373 0.545455
vt 0.931373 0.636364
vt 0.931373 0.727273
vt 0.931373 0.818182
vt 0.931373 0.909091
vt 0.931373 1.000000
vt 0.941176 0.090909
vt 0.941176 0.000000
vt 0.941176 0.181818
vt 0.941176 0.272727
vt 0.941176 0.363636
vt 0.941176 0.454545
vt 0.941176 0.545455
vt 0.941176 0.636364
vt 0.941176 0.727273
vt 0.941176 0.818182
vt 0.941176 0.909091
vt 0.941176 1.000000
vt 0.950980 0.090909
vt 0.950980 0.000000
vt 0.950980 0.181818
vt 0.950980 0.272727
vt 0.950980 0.363636
vt 0.950980 0.454545
vt 0.950980 0.545455
vt 0.950980 0.636364
vt 0.950980 0.727273
vt 0.950980 0.818182
vt 0.950980 0.909091
vt 0.950980 1.000000
vt 0.960784 0.090909
vt 0.960784 0.000000
vt 0.960784 0.181818
vt 0.960784 0.272727
vt 0.960784 0.363636
vt 0.960784 0.454545
vt 0.960784 0.545455
vt 0.960784 0.636364
vt 0.960784 0.727273
vt 0.960784 0.818182
vt 0.960784 0.909091
vt 0.960784 1.000000
vt 0.970588 0.090909
vt 0.970588 0.000000
vt 0.970588 0.181818
vt 0.970588 0.272727
vt 0.970588 0.363636
vt 0.970588 0.454545
vt 0.970588 0.545455
vt 0.970588 0.636364
vt 0.970588 0.727273
vt 0.970588 0.818182
vt 0.970588 0.909091
vt 0.970588 1.000000
vt 0.980392 0.090909
vt 0.980392 0.000000
vt 0.980392 0.181818
vt 0.980392 0.272727
vt 0.980392 0.363636
vt 0.980392 0.454545
vt 0.980392 0.545455
vt 0.980392 0.636364
vt 0.980392 0.727273
vt 0.980392 0.818182
vt 0.980392 0.909091
vt 0.980392 1.000000
vt 0.990196 0.090909
vt 0.990196 0.000000
vt 0.990196 0.181818
vt 0.990196 0.272727
vt 0.990196 0.363636
vt 0.990196 0.454545
vt 0.990196 0.545455
vt 0.990196 0.636364
vt 0.990196 0.727273
vt 0.990196 0.818182
vt 0.990196 0.909091
vt 0.990196 1.000000
vt 1.000000 0.090909
vt 1.000000 0.181818
vt 1.000000 0.272727
vt 1.000000 0.363636
vt 1.000000 0.454545
vt 1.000000 0.545455
vt 1.000000 0.636364
vt 1.000000 0.727273
vt 1.000000 0.818182
vt 1.000000 0.909091
vt 1.000000 1.000000
s 0
usemtl マテリアル.004
f 35/1/1 37/2/1 36/3/1
f 35/1/1 38/4/1 37/2/1
f 35/1/1 39/5/1 38/4/1
f 35/1/1 40/6/1 39/5/1
f 34/7/1 40/6/1 35/1/1
f 34/7/1 41/8/1 40/6/1
f 34/7/1 42/9/1 41/8/1
f 34/7/1 43/10/1 42/9/1
f 33/11/1 43/10/1 34/7/1
f 33/11/1 44/12/1 43/10/1
f 33/11/1 45/13/1 44/12/1
f 32/14/1 45/13/1 33/11/1
f 32/14/1 46/15/1 45/13/1
f 32/14/1 47/16/1 46/15/1
f 31/17/1 47/16/1 32/14/1
f 31/17/1 48/18/1 47/16/1
f 31/17/1 59/19/1 48/18/1
f 59/19/1 58/20/1 48/18/1
f 58/20/1 57/21/1 48/18/1
f 57/21/1 56/22/1 48/18/1
f 56/22/1 55/23/1 48/18/1
f 55/23/1 54/24/1 48/18/1
f 54/24/1 53/25/1 48/18/1
f 53/25/1 52/26/1 48/18/1
f 52/26/1 51/27/1 48/18/1
f 51/27/1 50/28/1 48/18/1
f 50/28/1 49/29/1 48/18/1
f 30/30/1 61/31/1 31/17/1
f 61/31/1 60/32/1 31/17/1
f 60/32/1 59/19/1 31/17/1
f 30/30/1 62/33/1 61/31/1
f 30/30/1 63/34/1 62/33/1
f 30/30/1 64/35/1 63/34/1
f 29/36/1 64/35/1 30/30/1
f 29/36/1 65/37/1 64/35/1
f 29/36/1 66/38/1 65/37/1
f 28/39/1 66/38/1 29/36/1
f 28/39/1 67/40/1 66/38/1
f 28/39/1 68/41/1 67/40/1
f 27/42/1 68/41/1 28/39/1
f 27/42/1 69/43/1 68/41/1
f 26/44/1 69/43/1 27/42/1
f 26/44/1 70/45/1 69/43/1
f 26/44/1 71/46/1 70/45/1
f 25/47/1 71/46/1 26/44/1
f 25/47/1 72/48/1 71/46/1
f 24/49/1 72/48/1 25/47/1
f 24/49/1 73/50/1 72/48/1
f 24/49/1 74/51/1 73/50/1
f 23/52/1 74/51/1 24/49/1
f 99/53/1 101/54/1 100/55/1
f 99/53/1 98/56/1 101/54/1
f 98/56/1 102/57/1 101/54/1
f 23/52/1 75/58/1 74/51/1
f 22/59/1 75/58/1 23/52/1
f 22/59/1 76/60/1 75/58/1
f 97/61/1 102/57/1 98/56/1
f 21/62/1 76/60/1 22/59/1
f 21/62/1 77/63/1 76/60/1
f 21/62/1 78/64/1 77/63/1
f 20/65/1 78/64/1 21/62/1
f 20/65/1 79/66/1 78/64/1
f 19/67/1 79/66/1 20/65/1
f 19/67/1 80/68/1 79/66/1
f 19/67/1 81/69/1 80/68/1
f 18/70/1 81/69/1 19/67/1
f 18/70/1 82/71/1 81/69/1
f 96/72/1 102/57/1 97/61/1
f 95/73/1 102/57/1 96/72/1
f 94/74/1 102/57/1 95/73/1
f 18/70/1 83/75/1 82/71/1
f 93/76/1 102/57/1 94/74/1
f 92/77/1 102/57/1 93/76/1
f 91/78/1 102/57/1 92/77/1
f 18/70/1 84/79/1 83/75/1
f 17/80/1 84/79/1 18/70/1
f 90/81/1 102/57/1 91/78/1
f 89/82/1 102/57/1 90/81/1
f 88/83/1 102/57/1 89/82/1
f 17/80/1 85/84/1 84/79/1
f 87/85/1 102/57/1 88/83/1
f 86/86/1 102/57/1 87/85/1
f 85/84/1 102/57/1 86/86/1
f 17/80/1 102/57/1 85/84/1
f 16/87/1 102/57/1 17/80/1
f 16/87/1 1/88/1 102/57/1
f 16/87/1 2/89/1 1/88/1
f 15/90/1 2/89/1 16/87/1
f 15/90/1 3/91/1 2/89/1
f 15/90/1 4/92/1 3/91/1
f 14/93/1 4/92/1 15/90/1
f 14/93/1 5/94/1 4/92/1
f 14/93/1 6/95/1 5/94/1
f 14/93/1 7/96/1 6/95/1
f 13/97/1 7/96/1 14/93/1
f 13/97/1 8/98/1 7/96/1
f 13/97/1 9/99/1 8/98/1
f 13/97/1 10/100/1 9/99/1
f 12/101/1 10/100/1 13/97/1
f 12/101/1 11/102/1 10/100/1
f 137/1/2 138/3/2 139/2/2
f 137/1/2 139/2/2 140/4/2
f 137/1/2 140/4/2 141/5/2
f 137/1/2 141/5/2 142/6/2
f 136/7/2 137/1/2 142/6/2
f 136/7/2 142/6/2 143/8/2
f 136/7/2 143/8/2 144/9/2
f 136/7/2 144/9/2 145/10/2
f 135/11/2 136/7/2 145/10/2
f 135/11/2 145/10/2 146/12/2
f 135/11/2 146/12/2 147/13/2
f 134/14/2 135/11/2 147/13/2
f 134/14/2 147/13/2 148/15/2
f 134/14/2 148/15/2 149/16/2
f 133/17/2 134/14/2 149/16/2
f 133/17/2 149/16/2 150/18/2
f 133/17/2 150/18/2 161/19/2
f 161/19/2 150/18/2 160/20/2
f 160/20/2 150/18/2 159/21/2
f 159/21/2 150/18/2 158/22/2
f 158/22/2 150/18/2 157/23/2
f 157/23/2 150/18/2 156/24/2
f 156/24/2 150/18/2 155/25/2
f 155/25/2 150/18/2 154/26/2
f 154/26/2 150/18/2 153/27/2
f 153/27/2 150/18/2 152/28/2
f 152/28/2 150/18/2 151/29/2
f 132/30/2 133/17/2 163/31/2
f 163/31/2 133/17/2 162/32/2
f 162/32/2 133/17/2 161/19/2
f 132/30/2 163/31/2 164/33/2
f 132/30/2 164/33/2 165/34/2
f 132/30/2 165/34/2 166/35/2
f 131/36/2 132/30/2 166/35/2
f 131/36/2 166/35/2 167/37/2
f 131/36/2 167/37/2 168/38/2
f 130/39/2 131/36/2 168/38/2
f 130/39/2 168/38/2 169/40/2
f 130/39/2 169/40/2 170/41/2
f 129/42/2 130/39/2 170/41/2
f 129/42/2 170/41/2 171/43/2
f 128/44/2 129/42/2 171/43/2
f 128/44/2 171/43/2 172/45/2
f 128/44/2 172/45/2 173/46/2
f 127/47/2 128/44/2 173/46/2
f 127/47/2 173/46/2 174/48/2
f 126/49/2 127/47/2 174/48/2
f 126/49/2 174/48/2 175/50/2
f 126/49/2 175/50/2 176/51/2
f 125/52/2 126/49/2 176/51/2
f 201/53/2 202/55/2 203/54/2
f 201/53/2 203/54/2 200/56/2
f 200/56/2 203/54/2 204/57/2
f 125/52/2 176/51/2 177/58/2
f 124/59/2 125/52/2 177/58/2
f 124/59/2 177/58/2 178/60/2
f 199/61/2 200/56/2 204/57/2
f 123/62/2 124/59/2 178/60/2
f 123/62/2 178/60/2 179/63/2
f 123/62/2 179/63/2 180/64/2
f 122/65/2 123/62/2 180/64/2
f 122/65/2 180/64/2 181/66/2
f 121/67/2 122/65/2 181/66/2
f 121/67/2 181/66/2 182/68/2
f 121/67/2 182/68/2 183/69/2
f 120/70/2 121/67/2 183/69/2
f 120/70/2 183/69/2 184/71/2
f 198/72/2 199/61/2 204/57/2
f 197/73/2 198/72/2 204/57/2
f 196/74/2 197/73/2 204/57/2
f 120/70/2 184/71/2 185/75/2
f 195/76/2 196/74/2 204/57/2
f 194/77/2 195/76/2 204/57/2
f 193/78/2 194/77/2 204/57/2
f 120/70/2 185/75/2 186/79/2
f 119/80/2 120/70/2 186/79/2
f 192/81/2 193/78/2 204/57/2
f 191/82/2 192/81/2 204/57/2
f 190/83/2 191/82/2 204/57/2
f 119/80/2 186/79/2 187/84/2
f 189/85/2 190/83/2 204/57/2
f 188/86/2 189/85/2 204/57/2
f 187/84/2 188/86/2 204/57/2
f 119/80/2 187/84/2 204/57/2
f 118/87/2 119/80/2 204/57/2
f 118/87/2 204/57/2 103/88/2
f 118/87/2 103/88/2 104/89/2
f 117/90/2 118/87/2 104/89/2
f 117/90/2 104/89/2 105/91/2
f 117/90/2 105/91/2 106/92/2
f 116/93/2 117/90/2 106/92/2
f 116/93/2 106/92/2 107/94/2
f 116/93/2 107/94/2 108/95/2
f 116/93/2 108/95/2 109/96/2
f 115/97/2 116/93/2 109/96/2
f 115/97/2 109/96/2 110/98/2
f 115/97/2 110/98/2 111/99/2
f 115/97/2 111/99/2 112/100/2
f 114/101/2 115/97/2 112/100/2
f 114/101/2 112/100/2 113/102/2
s 1
f 206/103/3 218/104/4 217/105/5 205/88/6
f 207/106/7 219/107/8 218/104/4 206/103/3
f 208/108/9 220/109/10 219/107/8 207/106/7
f 209/110/11 221/111/12 220/109/10 208/108/9
f 210/112/13 222/113/14 221/111/12 209/110/11
f 211/114/15 223/115/16 222/113/14 210/112/13
f 212/116/17 224/117/18 223/115/16 211/114/15
f 213/118/19 225/119/20 224/117/18 212/116/17
f 214/120/21 226/121/22 225/119/20 213/118/19
f 215/122/23 227/123/24 226/121/22 214/120/21
f 216/124/25 228/125/26 227/123/24 215/122/23
f 218/104/4 230/126/27 229/127/28 217/105/5
f 219/107/8 231/128/29 230/126/27 218/104/4
f 220/109/10 232/129/30 231/128/29 219/107/8
f 221/111/12 233/130/31 232/129/30 220/109/10
f 222/113/14 234/131/32 233/130/31 221/111/12
f 223/115/16 235/132/33 234/131/32 222/113/14
f 224/117/18 236/133/34 235/132/33 223/115/16
f 225/119/20 237/134/35 236/133/34 224/117/18
f 226/121/22 238/135/36 237/134/35 225/119/20
f 227/123/24 239/136/37 238/135/36 226/121/22
f 228/125/26 240/137/38 239/136/37 227/123/24
f 230/126/27 242/138/39 241/139/40 229/127/28
f 231/128/29 243/140/41 242/138/39 230/126/27
f 232/129/30 244/141/42 243/140/41 231/128/29
f 233/130/31 245/142/43 244/141/42 232/129/30
f 234/131/32 246/143/44 245/142/43 233/130/31
f 235/132/33 247/144/45 246/143/44 234/131/32
f 236/133/34 248/145/46 247/144/45 235/132/33
f 237/134/35 249/146/47 248/145/46 236/133/34
f 238/135/36 250/147/48 249/146/47 237/134/35
f 239/136/37 251/148/49 250/147/48 238/135/36
f 240/137/38 252/149/50 251/148/49 239/136/37
f 242/138/39 254/150/51 253/151/52 241/139/40
f 243/140/41 255/152/53 254/150/51 242/138/39
f 244/141/42 256/153/54 255/152/53 243/140/41
f 245/142/43 257/154/55 256/153/54 244/141/42
f 246/143/44 258/155/56 257/154/55 245/142/43
f 247/144/45 259/156/57 258/155/56 246/143/44
f 248/145/46 260/157/58 259/156/57 247/144/45
f 249/146/47 261/158/59 260/157/58 248/145/46
f 250/147/48 262/159/60 261/158/59 249/146/47
f 251/148/49 263/160/61 262/159/60 250/147/48
f 252/149/50 264/161/62 263/160/61 251/148/49
f 254/150/51 266/162/63 265/163/64 253/151/52
f 255/152/53 267/164/65 266/162/63 254/150/51
f 256/153/54 268/165/66 267/164/65 255/152/53
f 257/154/55 269/166/67 268/165/66 256/153/54
f 258/155/56 270/167/68 269/166/67 257/154/55
f 259/156/57 271/168/69 270/167/68 258/155/56
f 260/157/58 272/169/70 271/168/69 259/156/57
f 261/158/59 273/170/71 272/169/70 260/157/58
f 262/159/60 274/171/72 273/170/71 261/158/59
f 263/160/61 275/172/73 274/171/72 262/159/60
f 264/161/62 276/173/74 275/172/73 263/160/61
f 266/162/63 278/174/75 277/175/76 265/163/64
f 267/164/65 279/176/77 278/174/75 266/162/63
f 268/165/66 280/177/78 279/176/77 267/164/65
f 269/166/67 281/178/79 280/177/78 268/165/66
f 270/167/68 282/179/80 281/178/79 269/166/67
f 271/168/69 283/180/81 282/179/80 270/167/68
f 272/169/70 284/181/82 283/180/81 271/168/69
f 273/170/71 285/182/83 284/181/82 272/169/70
f 274/171/72 286/183/84 285/182/83 273/170/71
f 275/172/73 287/184/85 286/183/84 274/171/72
f 276/173/74 288/185/86 287/184/85 275/172/73
f 278/174/75 290/186/87 289/187/88 277/175/76
f 279/176/77 291/188/89 290/186/87 278/174/75
f 280/177/78 292/189/90 291/188/89 279/176/77
f 281/178/79 293/190/91 292/189/90 280/177/78
f 282/179/80 294/191/92 293/190/91 281/178/79
f 283/180/81 295/192/93 294/191/92 282/179/80
f 284/181/82 296/193/94 295/192/93 283/180/81
f 285/182/83 297/194/95 296/193/94 284/181/82
f 286/183/84 298/195/96 297/194/95 285/182/83
f 287/184/85 299/196/97 298/195/96 286/183/84
f 288/185/86 300/197/98 299/196/97 287/184/85
f 290/186/87 302/198/99 301/199/100 289/187/88
f 291/188/89 303/200/101 302/198/99 290/186/87
f 292/189/90 304/201/102 303/200/101 291/188/89
f 293/190/91 305/202/103 304/201/102 292/189/90
f 294/191/92 306/203/104 305/202/103 293/190/91
f 295/192/93 307/204/105 306/203/104 294/191/92
f 296/193/94 308/205/106 307/204/105 295/192/93
f 297/194/95 309/206/107 308/205/106 296/193/94
f 298/195/96 310/207/108 309/206/107 297/194/95
f 299/196/97 311/208/109 310/207/108 298/195/96
f 300/197/98 312/209/110 311/208/109 299/196/97
f 302/198/99 314/210/111 313/211/112 301/199/100
f 303/200/101 315/212/113 314/210/111 302/198/99
f 304/201/102 316/213/114 315/212/113 303/200/101
f 305/202/103 317/214/115 316/213/114 304/201/102
f 306/203/104 318/215/116 317/214/115 305/202/103
f 307/204/105 319/216/117 318/215/116 306/203/104
f 308/205/106 320/217/118 319/216/117 307/204/105
f 309/206/107 321/218/119 320/217/118 308/205/106
f 310/207/108 322/219/120 321/218/119 309/206/107
f 311/208/109 323/220/121 322/219/120 310/207/108
f 312/209/110 324/221/122 323/220/121 311/208/109
f 314/210/111 326/222/123 325/223/124 313/211/112
f 315/212/113 327/224/125 326/222/123 314/210/111
f 316/213/114 328/225/126 327/224/125 315/212/113
f 317/214/115 329/226/127 328/225/126 316/213/114
f 318/215/116 330/227/128 329/226/127 317/214/115
f 319/216/117 331/228/129 330/227/128 318/215/116
f 320/217/118 332/229/130 331/228/129 319/216/117
f 321/218/119 333/230/131 332/229/130 320/217/118
f 322/219/120 334/231/132 333/230/131 321/218/119
f 323/220/121 335/232/133 334/231/132 322/219/120
f 324/221/122 336/233/134 335/232/133 323/220/121
f 326/222/123 338/234/135 337/235/136 325/223/124
f 327/224/125 339/236/137 338/234/135 326/222/123
f 328/225/126 340/237/138 339/236/137 327/224/125
f 329/226/127 341/238/139 340/237/138 328/225/126
f 330/227/128 342/239/140 341/238/139 329/226/127
f 331/228/129 343/240/141 342/239/140 330/227/128
f 332/229/130 344/241/142 343/240/141 331/228/129
f 333/230/131 345/242/143 344/241/142 332/229/130
f 334/231/132 346/243/144 345/242/143 333/230/131
f 335/232/133 347/244/145 346/243/144 334/231/132
f 336/233/134 348/245/146 347/244/145 335/232/133
f 338/234/135 350/246/147 349/247/148 337/235/136
f 339/236/137 351/248/149 350/246/147 338/234/135
f 340/237/138 352/249/150 351/248/149 339/236/137
f 341/238/139 353/250/151 352/249/150 340/237/138
f 342/239/140 354/251/152 353/250/151 341/238/139
f 343/240/141 355/252/153 354/251/152 342/239/140
f 344/241/142 356/253/154 355/252/153 343/240/141
f 345/242/143 357/254/155 356/253/154 344/241/142
f 346/243/144 358/255/156 357/254/155 345/242/143
f 347/244/145 359/256/157 358/255/156 346/243/144
f 348/245/146 360/257/158 359/256/157 347/244/145
f 350/246/147 362/258/159 361/259/160 349/247/148
f 351/248/149 363/260/161 362/258/159 350/246/147
f 352/249/150 364/261/162 363/260/161 351/248/149
f 353/250/151 365/262/163 364/261/162 352/249/150
f 354/251/152 366/263/164 365/262/163 353/250/151
f 355/252/153 367/264/165 366/263/164 354/251/152
f 356/253/154 368/265/166 367/264/165 355/252/153
f 357/254/155 369/266/167 368/265/166 356/253/154
f 358/255/156 370/267/168 369/266/167 357/254/155
f 359/256/157 371/268/169 370/267/168 358/255/156
f 360/257/158 372/269/170 371/268/169 359/256/157
f 362/258/159 374/270/171 373/271/172 361/259/160
f 363/260/161 375/272/173 374/270/171 362/258/159
f 364/261/162 376/273/174 375/272/173 363/260/161
f 365/262/163 377/274/175 376/273/174 364/261/162
f 366/263/164 378/275/176 377/274/175 365/262/163
f 367/264/165 379/276/177 378/275/176 366/263/164
f 368/265/166 380/277/178 379/276/177 367/264/165
f 369/266/167 381/278/179 380/277/178 368/265/166
f 370/267/168 382/279/180 381/278/179 369/266/167
f 371/268/169 383/280/181 382/279/180 370/267/168
f 372/269/170 384/281/182 383/280/181 371/268/169
f 374/270/171 386/282/183 385/283/184 373/271/172
f 375/272/173 387/284/185 386/282/183 374/270/171
f 376/273/174 388/285/186 387/284/185 375/272/173
f 377/274/175 389/286/187 388/285/186 376/273/174
f 378/275/176 390/287/188 389/286/187 377/274/175
f 379/276/177 391/288/189 390/287/188 378/275/176
f 380/277/178 392/289/190 391/288/189 379/276/177
f 381/278/179 393/290/191 392/289/190 380/277/178
f 382/279/180 394/291/192 393/290/191 381/278/179
f 383/280/181 395/292/193 394/291/192 382/279/180
f 384/281/182 396/293/194 395/292/193 383/280/181
f 386/282/183 398/294/195 397/295/196 385/283/184
f 387/284/185 399/296/197 398/294/195 386/282/183
f 388/285/186 400/297/198 399/296/197 387/284/185
f 389/286/187 401/298/199 400/297/198 388/285/186
f 390/287/188 402/299/200 401/298/199 389/286/187
f 391/288/189 403/300/201 402/299/200 390/287/188
f 392/289/190 404/301/202 403/300/201 391/288/189
f 393/290/191 405/302/203 404/301/202 392/289/190
f 394/291/192 406/303/204 405/302/203 393/290/191
f 395/292/193 407/304/205 406/303/204 394/291/192
f 396/293/194 408/305/206 407/304/205 395/292/193
f 398/294/195 410/306/207 409/307/208 397/295/196
f 399/296/197 411/308/209 410/306/207 398/294/195
f 400/297/198 412/309/210 411/308/209 399/296/197
f 401/298/199 413/310/211 412/309/210 400/297/198
f 402/299/200 414/311/212 413/310/211 401/298/199
f 403/300/201 415/312/213 414/311/212 402/299/200
f 404/301/202 416/313/214 415/312/213 403/300/201
f 405/302/203 417/314/215 416/313/214 404/301/202
f 406/303/204 418/315/216 417/314/215 405/302/203
f 407/304/205 419/316/217 418/315/216 406/303/204
f 408/305/206 420/317/218 419/316/217 407/304/205
f 410/306/207 422/318/219 421/319/220 409/307/208
f 411/308/209 423/320/221 422/318/219 410/306/207
f 412/309/210 424/321/222 423/320/221 411/308/209
f 413/310/211 425/322/223 424/321/222 412/309/210
f 414/311/212 426/323/224 425/322/223 413/310/211
f 415/312/213 427/324/225 426/323/224 414/311/212
f 416/313/214 428/325/226 427/324/225 415/312/213
f 417/314/215 429/326/227 428/325/226 416/313/214
f 418/315/216 430/327/228 429/326/227 417/314/215
f 419/316/217 431/328/229 430/327/228 418/315/216
f 420/317/218 432/329/230 431/328/229 419/316/217
f 422/318/219 434/330/231 433/331/232 421/319/220
f 423/320/221 435/332/233 434/330/231 422/318/219
f 424/321/222 436/333/234 435/332/233 423/320/221
f 425/322/223 437/334/235 436/333/234 424/321/222
f 426/323/224 438/335/236 437/334/235 425/322/223
f 427/324/225 439/336/237 438/335/236 426/323/224
f 428/325/226 440/337/238 439/336/237 427/324/225
f 429/326/227 441/338/239 440/337/238 428/325/226
f 430/327/228 442/339/240 441/338/239 429/326/227
f 431/328/229 443/340/241 442/339/240 430/327/228
f 432/329/230 444/341/242 443/340/241 431/328/229
f 434/330/231 446/342/243 445/343/244 433/331/232
f 435/332/233 447/344/245 446/342/243 434/330/231
f 436/333/234 448/345/246 447/344/245 435/332/233
f 437/334/235 449/346/247 448/345/246 436/333/234
f 438/335/236 450/347/248 449/346/247 437/334/235
f 439/336/237 451/348/249 450/347/248 438/335/236
f 440/337/238 452/349/250 451/348/249 439/336/237
f 441/338/239 453/350/251 452/349/250 440/337/238
f 442/339/240 454/351/252 453/350/251 441/338/239
f 443/340/241 455/352/253 454/351/252 442/339/240
f 444/341/242 456/353/254 455/352/253 443/340/241
f 446/342/243 458/354/255 457/355/256 445/343/244
f 447/344/245 459/356/257 458/354/255 446/342/243
f 448/345/246 460/357/258 459/356/257 447/344/245
f 449/346/247 461/358/259 460/357/258 448/345/246
f 450/347/248 462/359/260 461/358/259 449/346/247
f 451/348/249 463/360/261 462/359/260 450/347/248
f 452/349/250 464/361/262 463/360/261 451/348/249
f 453/350/251 465/362/263 464/361/262 452/349/250
f 454/351/252 466/363/264 465/362/263 453/350/251
f 455/352/253 467/364/265 466/363/264 454/351/252
f 456/353/254 468/365/266 467/364/265 455/352/253
f 458/354/255 470/366/267 469/367/268 457/355/256
f 459/356/257 471/368/269 470/366/267 458/354/255
f 460/357/258 472/369/270 471/368/269 459/356/257
f 461/358/259 473/370/271 472/369/270 460/357/258
f 462/359/260 474/371/272 473/370/271 461/358/259
f 463/360/261 475/372/273 474/371/272 462/359/260
f 464/361/262 476/373/274 475/372/273 463/360/261
f 465/362/263 477/374/275 476/373/274 464/361/262
f 466/363/264 478/375/276 477/374/275 465/362/263
f 467/364/265 479/376/277 478/375/276 466/363/264
f 468/365/266 480/377/278 479/376/277 467/364/265
f 470/366/267 482/378/279 481/379/280 469/367/268
f 471/368/269 483/380/281 482/378/279 470/366/267
f 472/369/270 484/381/282 483/380/281 471/368/269
f 473/370/271 485/382/283 484/381/282 472/369/270
f 474/371/272 486/383/284 485/382/283 473/370/271
f 475/372/273 487/384/285 486/383/284 474/371/272
f 476/373/274 488/385/286 487/384/285 475/372/273
f 477/374/275 489/386/287 488/385/286 476/373/274
f 478/375/276 490/387/288 489/386/287 477/374/275
f 479/376/277 491/388/289 490/387/288 478/375/276
f 480/377/278 492/389/290 491/388/289 479/376/277
f 482/378/279 494/390/291 493/391/292 481/379/280
f 483/380/281 495/392/293 494/390/291 482/378/279
f 484/381/282 496/393/294 495/392/293 483/380/281
f 485/382/283 497/394/295 496/393/294 484/381/282
f 486/383/284 498/395/296 497/394/295 485/382/283
f 487/384/285 499/396/297 498/395/296 486/383/284
f 488/385/286 500/397/298 499/396/297 487/384/285
f 489/386/287 501/398/299 500/397/298 488/385/286
f 490/387/288 502/399/300 501/398/299 489/386/287
f 491/388/289 503/400/301 502/399/300 490/387/288
f 492/389/290 504/401/302 503/400/301 491/388/289
f 494/390/291 506/402/303 505/403/304 493/391/292
f 495/392/293 507/404/305 506/402/303 494/390/291
f 496/393/294 508/405/306 507/404/305 495/392/293
f 497/394/295 509/406/307 508/405/306 496/393/294
f 498/395/296 510/407/308 509/406/307 497/394/295
f 499/396/297 511/408/309 510/407/308 498/395/296
f 500/397/298 512/409/310 511/408/309 499/396/297
f 501/398/299 513/410/311 512/409/310 500/397/298
f 502/399/300 514/411/312 513/410/311 501/398/299
f 503/400/301 515/412/313 514/411/312 502/399/300
f 504/401/302 516/413/314 515/412/313 503/400/301
f 506/402/303 518/414/315 517/415/316 505/403/304
f 507/404/305 519/416/317 518/414/315 506/402/303
f 508/405/306 520/417/318 519/416/317 507/404/305
f 509/406/307 521/418/319 520/417/318 508/405/306
f 510/407/308 522/419/320 521/418/319 509/406/307
f 511/408/309 523/420/321 522/419/320 510/407/308
f 512/409/310 524/421/322 523/420/321 511/408/309
f 513/410/311 525/422/323 524/421/322 512/409/310
f 514/411/312 526/423/324 525/422/323 513/410/311
f 515/412/313 527/424/325 526/423/324 514/411/312
f 516/413/314 528/425/326 527/424/325 515/412/313
f 518/414/315 530/426/327 529/427/328 517/415/316
f 519/416/317 531/428/329 530/426/327 518/414/315
f 520/417/318 532/429/330 531/428/329 519/416/317
f 521/418/319 533/430/331 532/429/330 520/417/318
f 522/419/320 534/431/332 533/430/331 521/418/319
f 523/420/321 535/432/333 534/431/332 522/419/320
f 524/421/322 536/433/334 535/432/333 523/420/321
f 525/422/323 537/434/335 536/433/334 524/421/322
f 526/423/324 538/435/336 537/434/335 525/422/323
f 527/424/325 539/436/337 538/435/336 526/423/324
f 528/425/326 540/437/338 539/436/337 527/424/325
f 530/426/327 542/438/339 541/439/340 529/427/328
f 531/428/329 543/440/341 542/438/339 530/426/327
f 532/429/330 544/441/342 543/440/341 531/428/329
f 533/430/331 545/442/343 544/441/342 532/429/330
f 534/431/332 546/443/344 545/442/343 533/430/331
f 535/432/333 547/444/345 546/443/344 534/431/332
f 536/433/334 548/445/346 547/444/345 535/432/333
f 537/434/335 549/446/347 548/445/346 536/433/334
f 538/435/336 550/447/348 549/446/347 537/434/335
f 539/436/337 551/448/349 550/447/348 538/435/336
f 540/437/338 552/449/350 551/448/349 539/436/337
f 542/438/339 554/450/351 553/451/352 541/439/340
f 543/440/341 555/452/353 554/450/351 542/438/339
f 544/441/342 556/453/354 555/452/353 543/440/341
f 545/442/343 557/454/355 556/453/354 544/441/342
f 546/443/344 558/455/356 557/454/355 545/442/343
f 547/444/345 559/456/357 558/455/356 546/443/344
f 548/445/346 560/457/358 559/456/357 547/444/345
f 549/446/347 561/458/359 560/457/358 548/445/346
f 550/447/348 562/459/360 561/458/359 549/446/347
f 551/448/349 563/460/361 562/459/360 550/447/348
f 552/449/350 564/461/362 563/460/361 551/448/349
f 554/450/351 566/462/363 565/463/364 553/451/352
f 555/452/353 567/464/365 566/462/363 554/450/351
f 556/453/354 568/465/366 567/464/365 555/452/353
f 557/454/355 569/466/367 568/465/366 556/453/354
f 558/455/356 570/467/368 569/466/367 557/454/355
f 559/456/357 571/468/369 570/467/368 558/455/356
f 560/457/358 572/469/370 571/468/369 559/456/357
f 561/458/359 573/470/371 572/469/370 560/457/358
f 562/459/360 574/471/372 573/470/371 561/458/359
f 563/460/361 575/472/373 574/471/372 562/459/360
f 564/461/362 576/473/374 575/472/373 563/460/361
f 566/462/363 578/474/375 577/475/376 565/463/364
f 567/464/365 579/476/377 578/474/375 566/462/363
f 568/465/366 580/477/378 579/476/377 567/464/365
f 569/466/367 581/478/379 580/477/378 568/465/366
f 570/467/368 582/479/380 581/478/379 569/466/367
f 571/468/369 583/480/381 582/479/380 570/467/368
f 572/469/370 584/481/382 583/480/381 571/468/369
f 573/470/371 585/482/383 584/481/382 572/469/370
f 574/471/372 586/483/384 585/482/383 573/470/371
f 575/472/373 587/484/385 586/483/384 574/471/372
f 576/473/374 588/485/386 587/484/385 575/472/373
f 578/474/375 590/486/387 589/487/388 577/475/376
f 579/476/377 591/488/389 590/486/387 578/474/375
f 580/477/378 592/489/390 591/488/389 579/476/377
f 581/478/379 593/490/391 592/489/390 580/477/378
f 582/479/380 594/491/392 593/490/391 581/478/379
f 583/480/381 595/492/393 594/491/392 582/479/380
f 584/481/382 596/493/394 595/492/393 583/480/381
f 585/482/383 597/494/395 596/493/394 584/481/382
f 586/483/384 598/495/396 597/494/395 585/482/383
f 587/484/385 599/496/397 598/495/396 586/483/384
f 588/485/386 600/497/398 599/496/397 587/484/385
f 590/486/387 602/498/399 601/499/400 589/487/388
f 591/488/389 603/500/401 602/498/399 590/486/387
f 592/489/390 604/501/402 603/500/401 591/488/389
f 593/490/391 605/502/403 604/501/402 592/489/390
f 594/491/392 606/503/404 605/502/403 593/490/391
f 595/492/393 607/504/405 606/503/404 594/491/392
f 596/493/394 608/505/406 607/504/405 595/492/393
f 597/494/395 609/506/407 608/505/406 596/493/394
f 598/495/396 610/507/408 609/506/407 597/494/395
f 599/496/397 611/508/409 610/507/408 598/495/396
f 600/497/398 612/509/410 611/508/409 599/496/397
f 602/498/399 614/510/411 613/511/412 601/499/400
f 603/500/401 615/512/413 614/510/411 602/498/399
f 604/501/402 616/513/414 615/512/413 603/500/401
f 605/502/403 617/514/415 616/513/414 604/501/402
f 606/503/404 618/515/416 617/514/415 605/502/403
f 607/504/405 619/516/417 618/515/416 606/503/404
f 608/505/406 620/517/418 619/516/417 607/504/405
f 609/506/407 621/518/419 620/517/418 608/505/406
f 610/507/408 622/519/420 621/518/419 609/506/407
f 611/508/409 623/520/421 622/519/420 610/507/408
f 612/509/410 624/521/422 623/520/421 611/508/409
f 614/510/411 626/522/423 625/523/424 613/511/412
f 615/512/413 627/524/425 626/522/423 614/510/411
f 616/513/414 628/525/426 627/524/425 615/512/413
f 617/514/415 629/526/427 628/525/426 616/513/414
f 618/515/416 630/527/428 629/526/427 617/514/415
f 619/516/417 631/528/429 630/527/428 618/515/416
f 620/517/418 632/529/430 631/528/429 619/516/417
f 621/518/419 633/530/431 632/529/430 620/517/418
f 622/519/420 634/531/432 633/530/431 621/518/419
f 623/520/421 635/532/433 634/531/432 622/519/420
f 624/521/422 636/533/434 635/532/433 623/520/421
f 626/522/423 638/534/435 637/535/436 625/523/424
f 627/524/425 639/536/437 638/534/435 626/522/423
f 628/525/426 640/537/438 639/536/437 627/524/425
f 629/526/427 641/538/439 640/537/438 628/525/426
f 630/527/428 642/539/440 641/538/439 629/526/427
f 631/528/429 643/540/441 642/539/440 630/527/428
f 632/529/430 644/541/442 643/540/441 631/528/429
f 633/530/431 645/542/443 644/541/442 632/529/430
f 634/531/432 646/543/444 645/542/443 633/530/431
f 635/532/433 647/544/445 646/543/444 634/531/432
f 636/533/434 648/545/446 647/544/445 635/532/433
f 638/534/435 650/546/447 649/547/448 637/535/436
f 639/536/437 651/548/449 650/546/447 638/534/435
f 640/537/438 652/549/450 651/548/449 639/536/437
f 641/538/439 653/550/451 652/549/450 640/537/438
f 642/539/440 654/551/452 653/550/451 641/538/439
f 643/540/441 655/552/453 654/551/452 642/539/440
f 644/541/442 656/553/454 655/552/453 643/540/441
f 645/542/443 657/554/455 656/553/454 644/541/442
f 646/543/444 658/555/456 657/554/455 645/542/443
f 647/544/445 659/556/457 658/555/456 646/543/444
f 648/545/446 660/557/458 659/556/457 647/544/445
f 650/546/447 662/558/459 661/559/460 649/547/448
f 651/548/449 663/560/461 662/558/459 650/546/447
f 652/549/450 664/561/462 663/560/461 651/548/449
f 653/550/451 665/562/463 664/561/462 652/549/450
f 654/551/452 666/563/464 665/562/463 653/550/451
f 655/552/453 667/564/465 666/563/464 654/551/452
f 656/553/454 668/565/466 667/564/465 655/552/453
f 657/554/455 669/566/467 668/565/466 656/553/454
f 658/555/456 670/567/468 669/566/467 657/554/455
f 659/556/457 671/568/469 670/567/468 658/555/456
f 660/557/458 672/569/470 671/568/469 659/556/457
f 662/558/459 674/570/471 673/571/472 661/559/460
f 663/560/461 675/572/473 674/570/471 662/558/459
f 664/561/462 676/573/474 675/572/473 663/560/461
f 665/562/463 677/574/475 676/573/474 664/561/462
f 666/563/464 678/575/476 677/574/475 665/562/463
f 667/564/465 679/576/477 678/575/476 666/563/464
f 668/565/466 680/577/478 679/576/477 667/564/465
f 669/566/467 681/578/479 680/577/478 668/565/466
f 670/567/468 682/579/480 681/578/479 669/566/467
f 671/568/469 683/580/481 682/579/480 670/567/468
f 672/569/470 684/581/482 683/580/481 671/568/469
f 674/570/471 686/582/483 685/583/484 673/571/472
f 675/572/473 687/584/485 686/582/483 674/570/471
f 676/573/474 688/585/486 687/584/485 675/572/473
f 677/574/475 689/586/487 688/585/486 676/573/474
f 678/575/476 690/587/488 689/586/487 677/574/475
f 679/576/477 691/588/489 690/587/488 678/575/476
f 680/577/478 692/589/490 691/588/489 679/576/477
f 681/578/479 693/590/491 692/589/490 680/577/478
f 682/579/480 694/591/492 693/590/491 681/578/479
f 683/580/481 695/592/493 694/591/492 682/579/480
f 684/581/482 696/593/494 695/592/493 683/580/481
f 686/582/483 698/594/495 697/595/496 685/583/484
f 687/584/485 699/596/497 698/594/495 686/582/483
f 688/585/486 700/597/498 699/596/497 687/584/485
f 689/586/487 701/598/499 700/597/498 688/585/486
f 690/587/488 702/599/500 701/598/499 689/586/487
f 691/588/489 703/600/501 702/599/500 690/587/488
f 692/589/490 704/601/502 703/600/501 691/588/489
f 693/590/491 705/602/503 704/601/502 692/589/490
f 694/591/492 706/603/504 705/602/503 693/590/491
f 695/592/493 707/604/505 706/603/504 694/591/492
f 696/593/494 708/605/506 707/604/505 695/592/493
f 698/594/495 710/606/507 709/607/508 697/595/496
f 699/596/497 711/608/509 710/606/507 698/594/495
f 700/597/498 712/609/510 711/608/509 699/596/497
f 701/598/499 713/610/511 712/609/510 700/597/498
f 702/599/500 714/611/512 713/610/511 701/598/499
f 703/600/501 715/612/513 714/611/512 702/599/500
f 704/601/502 716/613/514 715/612/513 703/600/501
f 705/602/503 717/614/515 716/613/514 704/601/502
f 706/603/504 718/615/516 717/614/515 705/602/503
f 707/604/505 719/616/517 718/615/516 706/603/504
f 708/605/506 720/617/518 719/616/517 707/604/505
f 710/606/507 722/618/519 721/619/520 709/607/508
f 711/608/509 723/620/521 722/618/519 710/606/507
f 712/609/510 724/621/522 723/620/521 711/608/509
f 713/610/511 725/622/523 724/621/522 712/609/510
f 714/611/512 726/623/524 725/622/523 713/610/511
f 715/612/513 727/624/525 726/623/524 714/611/512
f 716/613/514 728/625/526 727/624/525 715/612/513
f 717/614/515 729/626/527 728/625/526 716/613/514
f 718/615/516 730/627/528 729/626/527 717/614/515
f 719/616/517 731/628/529 730/627/528 718/615/516
f 720/617/518 732/629/530 731/628/529 719/616/517
f 722/618/519 734/630/531 733/631/532 721/619/520
f 723/620/521 735/632/533 734/630/531 722/618/519
f 724/621/522 736/633/534 735/632/533 723/620/521
f 725/622/523 737/634/535 736/633/534 724/621/522
f 726/623/524 738/635/536 737/634/535 725/622/523
f 727/624/525 739/636/537 738/635/536 726/623/524
f 728/625/526 740/637/538 739/636/537 727/624/525
f 729/626/527 741/638/539 740/637/538 728/625/526
f 730/627/528 742/639/540 741/638/539 729/626/527
f 731/628/529 743/640/541 742/639/540 730/627/528
f 732/629/530 744/641/542 743/640/541 731/628/529
f 734/630/531 746/642/543 745/643/544 733/631/532
f 735/632/533 747/644/545 746/642/543 734/630/531
f 736/633/534 748/645/546 747/644/545 735/632/533
f 737/634/535 749/646/547 748/645/546 736/633/534
f 738/635/536 750/647/548 749/646/547 737/634/535
f 739/636/537 751/648/549 750/647/548 738/635/536
f 740/637/538 752/649/550 751/648/549 739/636/537
f 741/638/539 753/650/551 752/649/550 740/637/538
f 742/639/540 754/651/552 753/650/551 741/638/539
f 743/640/541 755/652/553 754/651/552 742/639/540
f 744/641/542 756/653/554 755/652/553 743/640/541
f 746/642/543 758/654/555 757/655/556 745/643/544
f 747/644/545 759/656/557 758/654/555 746/642/543
f 748/645/546 760/657/558 759/656/557 747/644/545
f 749/646/547 761/658/559 760/657/558 748/645/546
f 750/647/548 762/659/560 761/658/559 749/646/547
f 751/648/549 763/660/561 762/659/560 750/647/548
f 752/649/550 764/661/562 763/660/561 751/648/549
f 753/650/551 765/662/563 764/661/562 752/649/550
f 754/651/552 766/663/564 765/662/563 753/650/551
f 755/652/553 767/664/565 766/663/564 754/651/552
f 756/653/554 768/665/566 767/664/565 755/652/553
f 758/654/555 770/666/567 769/667/568 757/655/556
f 759/656/557 771/668/569 770/666/567 758/654/555
f 760/657/558 772/669/570 771/668/569 759/656/557
f 761/658/559 773/670/571 772/669/570 760/657/558
f 762/659/560 774/671/572 773/670/571 761/658/559
f 763/660/561 775/672/573 774/671/572 762/659/560
f 764/661/562 776/673/574 775/672/573 763/660/561
f 765/662/563 777/674/575 776/673/574 764/661/562
f 766/663/564 778/675/576 777/674/575 765/662/563
f 767/664/565 779/676/577 778/675/576 766/663/564
f 768/665/566 780/677/578 779/676/577 767/664/565
f 770/666/567 782/678/579 781/679/580 769/667/568
f 771/668/569 783/680/581 782/678/579 770/666/567
f 772/669/570 784/681/582 783/680/581 771/668/569
f 773/670/571 785/682/583 784/681/582 772/669/570
f 774/671/572 786/683/584 785/682/583 773/670/571
f 775/672/573 787/684/585 786/683/584 774/671/572
f 776/673/574 788/685/586 787/684/585 775/672/573
f 777/674/575 789/686/587 788/685/586 776/673/574
f 778/675/576 790/687/588 789/686/587 777/674/575
f 779/676/577 791/688/589 790/687/588 778/675/576
f 780/677/578 792/689/590 791/688/589 779/676/577
f 782/678/579 794/690/591 793/691/592 781/679/580
f 783/680/581 795/692/593 794/690/591 782/678/579
f 784/681/582 796/693/594 795/692/593 783/680/581
f 785/682/583 797/694/595 796/693/594 784/681/582
f 786/683/584 798/695/596 797/694/595 785/682/583
f 787/684/585 799/696/597 798/695/596 786/683/584
f 788/685/586 800/697/598 799/696/597 787/684/585
f 789/686/587 801/698/599 800/697/598 788/685/586
f 790/687/588 802/699/600 801/698/599 789/686/587
f 791/688/589 803/700/601 802/699/600 790/687/588
f 792/689/590 804/701/602 803/700/601 791/688/589
f 794/690/591 806/702/603 805/703/604 793/691/592
f 795/692/593 807/704/605 806/702/603 794/690/591
f 796/693/594 808/705/606 807/704/605 795/692/593
f 797/694/595 809/706/607 808/705/606 796/693/594
f 798/695/596 810/707/608 809/706/607 797/694/595
f 799/696/597 811/708/609 810/707/608 798/695/596
f 800/697/598 812/709/610 811/708/609 799/696/597
f 801/698/599 813/710/611 812/709/610 800/697/598
f 802/699/600 814/711/612 813/710/611 801/698/599
f 803/700/601 815/712/613 814/711/612 802/699/600
f 804/701/602 816/713/614 815/712/613 803/700/601
f 806/702/603 818/714/615 817/715/616 805/703/604
f 807/704/605 819/716/617 818/714/615 806/702/603
f 808/705/606 820/717/618 819/716/617 807/704/605
f 809/706/607 821/718/619 820/717/618 808/705/606
f 810/707/608 822/719/620 821/718/619 809/706/607
f 811/708/609 823/720/621 822/719/620 810/707/608
f 812/709/610 824/721/622 823/720/621 811/708/609
f 813/710/611 825/722/623 824/721/622 812/709/610
f 814/711/612 826/723/624 825/722/623 813/710/611
f 815/712/613 827/724/625 826/723/624 814/711/612
f 816/713/614 828/725/626 827/724/625 815/712/613
f 818/714/615 830/726/627 829/727/628 817/715/616
f 819/716/617 831/728/629 830/726/627 818/714/615
f 820/717/618 832/729/630 831/728/629 819/716/617
f 821/718/619 833/730/631 832/729/630 820/717/618
f 822/719/620 834/731/632 833/730/631 821/718/619
f 823/720/621 835/732/633 834/731/632 822/719/620
f 824/721/622 836/733/634 835/732/633 823/720/621
f 825/722/623 837/734/635 836/733/634 824/721/622
f 826/723/624 838/735/636 837/734/635 825/722/623
f 827/724/625 839/736/637 838/735/636 826/723/624
f 828/725/626 840/737/638 839/736/637 827/724/625
f 830/726/627 842/738/639 841/739/640 829/727/628
f 831/728/629 843/740/641 842/738/639 830/726/627
f 832/729/630 844/741/642 843/740/641 831/728/629
f 833/730/631 845/742/643 844/741/642 832/729/630
f 834/731/632 846/743/644 845/742/643 833/730/631
f 835/732/633 847/744/645 846/743/644 834/731/632
f 836/733/634 848/745/646 847/744/645 835/732/633
f 837/734/635 849/746/647 848/745/646 836/733/634
f 838/735/636 850/747/648 849/746/647 837/734/635
f 839/736/637 851/748/649 850/747/648 838/735/636
f 840/737/638 852/749/650 851/748/649 839/736/637
f 842/738/639 854/750/651 853/751/652 841/739/640
f 843/740/641 855/752/653 854/750/651 842/738/639
f 844/741/642 856/753/654 855/752/653 843/740/641
f 845/742/643 857/754/655 856/753/654 844/741/642
f 846/743/644 858/755/656 857/754/655 845/742/643
f 847/744/645 859/756/657 858/755/656 846/743/644
f 848/745/646 860/757/658 859/756/657 847/744/645
f 849/746/647 861/758/659 860/757/658 848/745/646
f 850/747/648 862/759/660 861/758/659 849/746/647
f 851/748/649 863/760/661 862/759/660 850/747/648
f 852/749/650 864/761/662 863/760/661 851/748/649
f 854/750/651 866/762/663 865/763/664 853/751/652
f 855/752/653 867/764/665 866/762/663 854/750/651
f 856/753/654 868/765/666 867/764/665 855/752/653
f 857/754/655 869/766/667 868/765/666 856/753/654
f 858/755/656 870/767/668 869/766/667 857/754/655
f 859/756/657 871/768/669 870/767/668 858/755/656
f 860/757/658 872/769/670 871/768/669 859/756/657
f 861/758/659 873/770/671 872/769/670 860/757/658
f 862/759/660 874/771/672 873/770/671 861/758/659
f 863/760/661 875/772/673 874/771/672 862/759/660
f 864/761/662 876/773/674 875/772/673 863/760/661
f 866/762/663 878/774/675 877/775/676 865/763/664
f 867/764/665 879/776/677 878/774/675 866/762/663
f 868/765/666 880/777/678 879/776/677 867/764/665
f 869/766/667 881/778/679 880/777/678 868/765/666
f 870/767/668 882/779/680 881/778/679 869/766/667
f 871/768/669 883/780/681 882/779/680 870/767/668
f 872/769/670 884/781/682 883/780/681 871/768/669
f 873/770/671 885/782/683 884/781/682 872/769/670
f 874/771/672 886/783/684 885/782/683 873/770/671
f 875/772/673 887/784/685 886/783/684 874/771/672
f 876/773/674 888/785/686 887/784/685 875/772/673
f 878/774/675 890/786/687 889/787/688 877/775/676
f 879/776/677 891/788/689 890/786/687 878/774/675
f 880/777/678 892/789/690 891/788/689 879/776/677
f 881/778/679 893/790/691 892/789/690 880/777/678
f 882/779/680 894/791/692 893/790/691 881/778/679
f 883/780/681 895/792/693 894/791/692 882/779/680
f 884/781/682 896/793/694 895/792/693 883/780/681
f 885/782/683 897/794/695 896/793/694 884/781/682
f 886/783/684 898/795/696 897/794/695 885/782/683
f 887/784/685 899/796/697 898/795/696 886/783/684
f 888/785/686 900/797/698 899/796/697 887/784/685
f 890/786/687 902/798/699 901/799/700 889/787/688
f 891/788/689 903/800/701 902/798/699 890/786/687
f 892/789/690 904/801/702 903/800/701 891/788/689
f 893/790/691 905/802/703 904/801/702 892/789/690
f 894/791/692 906/803/704 905/802/703 893/790/691
f 895/792/693 907/804/705 906/803/704 894/791/692
f 896/793/694 908/805/706 907/804/705 895/792/693
f 897/794/695 909/806/707 908/805/706 896/793/694
f 898/795/696 910/807/708 909/806/707 897/794/695
f 899/796/697 911/808/709 910/807/708 898/795/696
f 900/797/698 912/809/710 911/808/709 899/796/697
f 902/798/699 914/810/711 913/811/712 901/799/700
f 903/800/701 915/812/713 914/810/711 902/798/699
f 904/801/702 916/813/714 915/812/713 903/800/701
f 905/802/703 917/814/715 916/813/714 904/801/702
f 906/803/704 918/815/716 917/814/715 905/802/703
f 907/804/705 919/816/717 918/815/716 906/803/704
f 908/805/706 920/817/718 919/816/717 907/804/705
f 909/806/707 921/818/719 920/817/718 908/805/706
f 910/807/708 922/819/720 921/818/719 909/806/707
f 911/808/709 923/820/721 922/819/720 910/807/708
f 912/809/710 924/821/722 923/820/721 911/808/709
f 914/810/711 926/822/723 925/823/724 913/811/712
f 915/812/713 927/824/725 926/822/723 914/810/711
f 916/813/714 928/825/726 927/824/725 915/812/713
f 917/814/715 929/826/727 928/825/726 916/813/714
f 918/815/716 930/827/728 929/826/727 917/814/715
f 919/816/717 931/828/729 930/827/728 918/815/716
f 920/817/718 932/829/730 931/828/729 919/816/717
f 921/818/719 933/830/731 932/829/730 920/817/718
f 922/819/720 934/831/732 933/830/731 921/818/719
f 923/820/721 935/832/733 934/831/732 922/819/720
f 924/821/722 936/833/734 935/832/733 923/820/721
f 926/822/723 938/834/735 937/835/736 925/823/724
f 927/824/725 939/836/737 938/834/735 926/822/723
f 928/825/726 940/837/738 939/836/737 927/824/725
f 929/826/727 941/838/739 940/837/738 928/825/726
f 930/827/728 942/839/740 941/838/739 929/826/727
f 931/828/729 943/840/741 942/839/740 930/827/728
f 932/829/730 944/841/742 943/840/741 931/828/729
f 933/830/731 945/842/743 944/841/742 932/829/730
f 934/831/732 946/843/744 945/842/743 933/830/731
f 935/832/733 947/844/745 946/843/744 934/831/732
f 936/833/734 948/845/746 947/844/745 935/832/733
f 938/834/735 950/846/747 949/847/748 937/835/736
f 939/836/737 951/848/749 950/846/747 938/834/735
f 940/837/738 952/849/750 951/848/749 939/836/737
f 941/838/739 953/850/751 952/849/750 940/837/738
f 942/839/740 954/851/752 953/850/751 941/838/739
f 943/840/741 955/852/753 954/851/752 942/839/740
f 944/841/742 956/853/754 955/852/753 943/840/741
f 945/842/743 957/854/755 956/853/754 944/841/742
f 946/843/744 958/855/756 957/854/755 945/842/743
f 947/844/745 959/856/757 958/855/756 946/843/744
f 948/845/746 960/857/758 959/856/757 947/844/745
f 950/846/747 962/858/759 961/859/760 949/847/748
f 951/848/749 963/860/761 962/858/759 950/846/747
f 952/849/750 964/861/762 963/860/761 951/848/749
f 953/850/751 965/862/763 964/861/762 952/849/750
f 954/851/752 966/863/764 965/862/763 953/850/751
f 955/852/753 967/864/765 966/863/764 954/851/752
f 956/853/754 968/865/766 967/864/765 955/852/753
f 957/854/755 969/866/767 968/865/766 956/853/754
f 958/855/756 970/867/768 969/866/767 957/854/755
f 959/856/757 971/868/769 970/867/768 958/855/756
f 960/857/758 972/869/770 971/868/769 959/856/757
f 962/858/759 974/870/771 973/871/772 961/859/760
f 963/860/761 975/872/773 974/870/771 962/858/759
f 964/861/762 976/873/774 975/872/773 963/860/761
f 965/862/763 977/874/775 976/873/774 964/861/762
f 966/863/764 978/875/776 977/874/775 965/862/763
f 967/864/765 979/876/777 978/875/776 966/863/764
f 968/865/766 980/877/778 979/876/777 967/864/765
f 969/866/767 981/878/779 980/877/778 968/865/766
f 970/867/768 982/879/780 981/878/779 969/866/767
f 971/868/769 983/880/781 982/879/780 970/867/768
f 972/869/770 984/881/782 983/880/781 971/868/769
f 974/870/771 986/882/783 985/883/784 973/871/772
f 975/872/773 987/884/785 986/882/783 974/870/771
f 976/873/774 988/885/786 987/884/785 975/872/773
f 977/874/775 989/886/787 988/885/786 976/873/774
f 978/875/776 990/887/788 989/886/787 977/874/775
f 979/876/777 991/888/789 990/887/788 978/875/776
f 980/877/778 992/889/790 991/888/789 979/876/777
f 981/878/779 993/890/791 992/889/790 980/877/778
f 982/879/780 994/891/792 993/890/791 981/878/779
f 983/880/781 995/892/793 994/891/792 982/879/780
f 984/881/782 996/893/794 995/892/793 983/880/781
f 986/882/783 998/894/795 997/895/796 985/883/784
f 987/884/785 999/896/797 998/894/795 986/882/783
f 988/885/786 1000/897/798 999/896/797 987/884/785
f 989/886/787 1001/898/799 1000/897/798 988/885/786
f 990/887/788 1002/899/800 1001/898/799 989/886/787
f 991/888/789 1003/900/801 1002/899/800 990/887/788
f 992/889/790 1004/901/802 1003/900/801 991/888/789
f 993/890/791 1005/902/803 1004/901/802 992/889/790
f 994/891/792 1006/903/804 1005/902/803 993/890/791
f 995/892/793 1007/904/805 1006/903/804 994/891/792
f 996/893/794 1008/905/806 1007/904/805 995/892/793
f 998/894/795 1010/906/807 1009/907/808 997/895/796
f 999/896/797 1011/908/809 1010/906/807 998/894/795
f 1000/897/798 1012/909/810 1011/908/809 999/896/797
f 1001/898/799 1013/910/811 1012/909/810 1000/897/798
f 1002/899/800 1014/911/812 1013/910/811 1001/898/799
f 1003/900/801 1015/912/813 1014/911/812 1002/899/800
f 1004/901/802 1016/913/814 1015/912/813 1003/900/801
f 1005/902/803 1017/914/815 1016/913/814 1004/901/802
f 1006/903/804 1018/915/816 1017/914/815 1005/902/803
f 1007/904/805 1019/916/817 1018/915/816 1006/903/804
f 1008/905/806 1020/917/818 1019/916/817 1007/904/805
f 1010/906/807 1022/918/819 1021/919/820 1009/907/808
f 1011/908/809 1023/920/821 1022/918/819 1010/906/807
f 1012/909/810 1024/921/822 1023/920/821 1011/908/809
f 1013/910/811 1025/922/823 1024/921/822 1012/909/810
f 1014/911/812 1026/923/824 1025/922/823 1013/910/811
f 1015/912/813 1027/924/825 1026/923/824 1014/911/812
f 1016/913/814 1028/925/826 1027/924/825 1015/912/813
f 1017/914/815 1029/926/827 1028/925/826 1016/913/814
f 1018/915/816 1030/927/828 1029/926/827 1017/914/815
f 1019/916/817 1031/928/829 1030/927/828 1018/915/816
f 1020/917/818 1032/929/830 1031/928/829 1019/916/817
f 1022/918/819 1034/930/831 1033/931/832 1021/919/820
f 1023/920/821 1035/932/833 1034/930/831 1022/918/819
f 1024/921/822 1036/933/834 1035/932/833 1023/920/821
f 1025/922/823 1037/934/835 1036/933/834 1024/921/822
f 1026/923/824 1038/935/836 1037/934/835 1025/922/823
f 1027/924/825 1039/936/837 1038/935/836 1026/923/824
f 1028/925/826 1040/937/838 1039/936/837 1027/924/825
f 1029/926/827 1041/938/839 1040/937/838 1028/925/826
f 1030/927/828 1042/939/840 1041/938/839 1029/926/827
f 1031/928/829 1043/940/841 1042/939/840 1030/927/828
f 1032/929/830 1044/941/842 1043/940/841 1031/928/829
f 1034/930/831 1046/942/843 1045/943/844 1033/931/832
f 1035/932/833 1047/944/845 1046/942/843 1034/930/831
f 1036/933/834 1048/945/846 1047/944/845 1035/932/833
f 1037/934/835 1049/946/847 1048/945/846 1036/933/834
f 1038/935/836 1050/947/848 1049/946/847 1037/934/835
f 1039/936/837 1051/948/849 1050/947/848 1038/935/836
f 1040/937/838 1052/949/850 1051/948/849 1039/936/837
f 1041/938/839 1053/950/851 1052/949/850 1040/937/838
f 1042/939/840 1054/951/852 1053/950/851 1041/938/839
f 1043/940/841 1055/952/853 1054/951/852 1042/939/840
f 1044/941/842 1056/953/854 1055/952/853 1043/940/841
f 1046/942/843 1058/954/855 1057/955/856 1045/943/844
f 1047/944/845 1059/956/857 1058/954/855 1046/942/843
f 1048/945/846 1060/957/858 1059/956/857 1047/944/845
f 1049/946/847 1061/958/859 1060/957/858 1048/945/846
f 1050/947/848 1062/959/860 1061/958/859 1049/946/847
f 1051/948/849 1063/960/861 1062/959/860 1050/947/848
f 1052/949/850 1064/961/862 1063/960/861 1051/948/849
f 1053/950/851 1065/962/863 1064/961/862 1052/949/850
f 1054/951/852 1066/963/864 1065/962/863 1053/950/851
f 1055/952/853 1067/964/865 1066/963/864 1054/951/852
f 1056/953/854 1068/965/866 1067/964/865 1055/952/853
f 1058/954/855 1070/966/867 1069/967/868 1057/955/856
f 1059/956/857 1071/968/869 1070/966/867 1058/954/855
f 1060/957/858 1072/969/870 1071/968/869 1059/956/857
f 1061/958/859 1073/970/871 1072/969/870 1060/957/858
f 1062/959/860 1074/971/872 1073/970/871 1061/958/859
f 1063/960/861 1075/972/873 1074/971/872 1062/959/860
f 1064/961/862 1076/973/874 1075/972/873 1063/960/861
f 1065/962/863 1077/974/875 1076/973/874 1064/961/862
f 1066/963/864 1078/975/876 1077/974/875 1065/962/863
f 1067/964/865 1079/976/877 1078/975/876 1066/963/864
f 1068/965/866 1080/977/878 1079/976/877 1067/964/865
f 1070/966/867 1082/978/879 1081/979/880 1069/967/868
f 1071/968/869 1083/980/881 1082/978/879 1070/966/867
f 1072/969/870 1084/981/882 1083/980/881 1071/968/869
f 1073/970/871 1085/982/883 1084/981/882 1072/969/870
f 1074/971/872 1086/983/884 1085/982/883 1073/970/871
f 1075/972/873 1087/984/885 1086/983/884 1074/971/872
f 1076/973/874 1088/985/886 1087/984/885 1075/972/873
f 1077/974/875 1089/986/887 1088/985/886 1076/973/874
f 1078/975/876 1090/987/888 1089/986/887 1077/974/875
f 1079/976/877 1091/988/889 1090/987/888 1078/975/876
f 1080/977/878 1092/989/890 1091/988/889 1079/976/877
f 1082/978/879 1094/990/891 1093/991/892 1081/979/880
f 1083/980/881 1095/992/893 1094/990/891 1082/978/879
f 1084/981/882 1096/993/894 1095/992/893 1083/980/881
f 1085/982/883 1097/994/895 1096/993/894 1084/981/882
f 1086/983/884 1098/995/896 1097/994/895 1085/982/883
f 1087/984/885 1099/996/897 1098/995/896 1086/983/884
f 1088/985/886 1100/997/898 1099/996/897 1087/984/885
f 1089/986/887 1101/998/899 1100/997/898 1088/985/886
f 1090/987/888 1102/999/900 1101/998/899 1089/986/887
f 1091/988/889 1103/1000/901 1102/999/900 1090/987/888
f 1092/989/890 1104/1001/902 1103/1000/901 1091/988/889
f 1094/990/891 1106/1002/903 1105/1003/904 1093/991/892
f 1095/992/893 1107/1004/905 1106/1002/903 1094/990/891
f 1096/993/894 1108/1005/906 1107/1004/905 1095/992/893
f 1097/994/895 1109/1006/907 1108/1005/906 1096/993/894
f 1098/995/896 1110/1007/908 1109/1006/907 1097/994/895
f 1099/996/897 1111/1008/909 1110/1007/908 1098/995/896
f 1100/997/898 1112/1009/910 1111/1008/909 1099/996/897
f 1101/998/899 1113/1010/911 1112/1009/910 1100/997/898
f 1102/999/900 1114/1011/912 1113/1010/911 1101/998/899
f 1103/1000/901 1115/1012/913 1114/1011/912 1102/999/900
f 1104/1001/902 1116/1013/914 1115/1012/913 1103/1000/901
f 1106/1002/903 1118/1014/915 1117/1015/916 1105/1003/904
f 1107/1004/905 1119/1016/917 1118/1014/915 1106/1002/903
f 1108/1005/906 1120/1017/918 1119/1016/917 1107/1004/905
f 1109/1006/907 1121/1018/919 1120/1017/918 1108/1005/906
f 1110/1007/908 1122/1019/920 1121/1018/919 1109/1006/907
f 1111/1008/909 1123/1020/921 1122/1019/920 1110/1007/908
f 1112/1009/910 1124/1021/922 1123/1020/921 1111/1008/909
f 1113/1010/911 1125/1022/923 1124/1021/922 1112/1009/910
f 1114/1011/912 1126/1023/924 1125/1022/923 1113/1010/911
f 1115/1012/913 1127/1024/925 1126/1023/924 1114/1011/912
f 1116/1013/914 1128/1025/926 1127/1024/925 1115/1012/913
f 1118/1014/915 1130/1026/927 1129/1027/928 1117/1015/916
f 1119/1016/917 1131/1028/929 1130/1026/927 1118/1014/915
f 1120/1017/918 1132/1029/930 1131/1028/929 1119/1016/917
f 1121/1018/919 1133/1030/931 1132/1029/930 1120/1017/918
f 1122/1019/920 1134/1031/932 1133/1030/931 1121/1018/919
f 1123/1020/921 1135/1032/933 1134/1031/932 1122/1019/920
f 1124/1021/922 1136/1033/934 1135/1032/933 1123/1020/921
f 1125/1022/923 1137/1034/935 1136/1033/934 1124/1021/922
f 1126/1023/924 1138/1035/936 1137/1034/935 1125/1022/923
f 1127/1024/925 1139/1036/937 1138/1035/936 1126/1023/924
f 1128/1025/926 1140/1037/938 1139/1036/937 1127/1024/925
f 1130/1026/927 1142/1038/939 1141/1039/940 1129/1027/928
f 1131/1028/929 1143/1040/941 1142/1038/939 1130/1026/927
f 1132/1029/930 1144/1041/942 1143/1040/941 1131/1028/929
f 1133/1030/931 1145/1042/943 1144/1041/942 1132/1029/930
f 1134/1031/932 1146/1043/944 1145/1042/943 1133/1030/931
f 1135/1032/933 1147/1044/945 1146/1043/944 1134/1031/932
f 1136/1033/934 1148/1045/946 1147/1044/945 1135/1032/933
f 1137/1034/935 1149/1046/947 1148/1045/946 1136/1033/934
f 1138/1035/936 1150/1047/948 1149/1046/947 1137/1034/935
f 1139/1036/937 1151/1048/949 1150/1047/948 1138/1035/936
f 1140/1037/938 1152/1049/950 1151/1048/949 1139/1036/937
f 1142/1038/939 1154/1050/951 1153/1051/952 1141/1039/940
f 1143/1040/941 1155/1052/953 1154/1050/951 1142/1038/939
f 1144/1041/942 1156/1053/954 1155/1052/953 1143/1040/941
f 1145/1042/943 1157/1054/955 1156/1053/954 1144/1041/942
f 1146/1043/944 1158/1055/956 1157/1054/955 1145/1042/943
f 1147/1044/945 1159/1056/957 1158/1055/956 1146/1043/944
f 1148/1045/946 1160/1057/958 1159/1056/957 1147/1044/945
f 1149/1046/947 1161/1058/959 1160/1057/958 1148/1045/946
f 1150/1047/948 1162/1059/960 1161/1058/959 1149/1046/947
f 1151/1048/949 1163/1060/961 1162/1059/960 1150/1047/948
f 1152/1049/950 1164/1061/962 1163/1060/961 1151/1048/949
f 1154/1050/951 1166/1062/963 1165/1063/964 1153/1051/952
f 1155/1052/953 1167/1064/965 1166/1062/963 1154/1050/951
f 1156/1053/954 1168/1065/966 1167/1064/965 1155/1052/953
f 1157/1054/955 1169/1066/967 1168/1065/966 1156/1053/954
f 1158/1055/956 1170/1067/968 1169/1066/967 1157/1054/955
f 1159/1056/957 1171/1068/969 1170/1067/968 1158/1055/956
f 1160/1057/958 1172/1069/970 1171/1068/969 1159/1056/957
f 1161/1058/959 1173/1070/971 1172/1069/970 1160/1057/958
f 1162/1059/960 1174/1071/972 1173/1070/971 1161/1058/959
f 1163/1060/961 1175/1072/973 1174/1071/972 1162/1059/960
f 1164/1061/962 1176/1073/974 1175/1072/973 1163/1060/961
f 1166/1062/963 1178/1074/975 1177/1075/976 1165/1063/964
f 1167/1064/965 1179/1076/977 1178/1074/975 1166/1062/963
f 1168/1065/966 1180/1077/978 1179/1076/977 1167/1064/965
f 1169/1066/967 1181/1078/979 1180/1077/978 1168/1065/966
f 1170/1067/968 1182/1079/980 1181/1078/979 1169/1066/967
f 1171/1068/969 1183/1080/981 1182/1079/980 1170/1067/968
f 1172/1069/970 1184/1081/982 1183/1080/981 1171/1068/969
f 1173/1070/971 1185/1082/983 1184/1081/982 1172/1069/970
f 1174/1071/972 1186/1083/984 1185/1082/983 1173/1070/971
f 1175/1072/973 1187/1084/985 1186/1083/984 1174/1071/972
f 1176/1073/974 1188/1085/986 1187/1084/985 1175/1072/973
f 1178/1074/975 1190/1086/987 1189/1087/988 1177/1075/976
f 1179/1076/977 1191/1088/989 1190/1086/987 1178/1074/975
f 1180/1077/978 1192/1089/990 1191/1088/989 1179/1076/977
f 1181/1078/979 1193/1090/991 1192/1089/990 1180/1077/978
f 1182/1079/980 1194/1091/992 1193/1090/991 1181/1078/979
f 1183/1080/981 1195/1092/993 1194/1091/992 1182/1079/980
f 1184/1081/982 1196/1093/994 1195/1092/993 1183/1080/981
f 1185/1082/983 1197/1094/995 1196/1093/994 1184/1081/982
f 1186/1083/984 1198/1095/996 1197/1094/995 1185/1082/983
f 1187/1084/985 1199/1096/997 1198/1095/996 1186/1083/984
f 1188/1085/986 1200/1097/998 1199/1096/997 1187/1084/985
f 1190/1086/987 1202/1098/999 1201/1099/1000 1189/1087/988
f 1191/1088/989 1203/1100/1001 1202/1098/999 1190/1086/987
f 1192/1089/990 1204/1101/1002 1203/1100/1001 1191/1088/989
f 1193/1090/991 1205/1102/1003 1204/1101/1002 1192/1089/990
f 1194/1091/992 1206/1103/1004 1205/1102/1003 1193/1090/991
f 1195/1092/993 1207/1104/1005 1206/1103/1004 1194/1091/992
f 1196/1093/994 1208/1105/1006 1207/1104/1005 1195/1092/993
f 1197/1094/995 1209/1106/1007 1208/1105/1006 1196/1093/994
f 1198/1095/996 1210/1107/1008 1209/1106/1007 1197/1094/995
f 1199/1096/997 1211/1108/1009 1210/1107/1008 1198/1095/996
f 1200/1097/998 1212/1109/1010 1211/1108/1009 1199/1096/997
f 1202/1098/999 1214/1110/1011 1213/1111/1012 1201/1099/1000
f 1203/1100/1001 1215/1112/1013 1214/1110/1011 1202/1098/999
f 1204/1101/1002 1216/1113/1014 1215/1112/1013 1203/1100/1001
f 1205/1102/1003 1217/1114/1015 1216/1113/1014 1204/1101/1002
f 1206/1103/1004 1218/1115/1016 1217/1114/1015 1205/1102/1003
f 1207/1104/1005 1219/1116/1017 1218/1115/1016 1206/1103/1004
f 1208/1105/1006 1220/1117/1018 1219/1116/1017 1207/1104/1005
f 1209/1106/1007 1221/1118/1019 1220/1117/1018 1208/1105/1006
f 1210/1107/1008 1222/1119/1020 1221/1118/1019 1209/1106/1007
f 1211/1108/1009 1223/1120/1021 1222/1119/1020 1210/1107/1008
f 1212/1109/1010 1224/1121/1022 1223/1120/1021 1211/1108/1009
f 1214/1110/1011 1226/1122/1023 1225/1123/1024 1213/1111/1012
f 1215/1112/1013 1227/1124/1025 1226/1122/1023 1214/1110/1011
f 1216/1113/1014 1228/1125/1026 1227/1124/1025 1215/1112/1013
f 1217/1114/1015 1229/1126/1027 1228/1125/1026 1216/1113/1014
f 1218/1115/1016 1230/1127/1028 1229/1126/1027 1217/1114/1015
f 1219/1116/1017 1231/1128/1029 1230/1127/1028 1218/1115/1016
f 1220/1117/1018 1232/1129/1030 1231/1128/1029 1219/1116/1017
f 1221/1118/1019 1233/1130/1031 1232/1129/1030 1220/1117/1018
f 1222/1119/1020 1234/1131/1032 1233/1130/1031 1221/1118/1019
f 1223/1120/1021 1235/1132/1033 1234/1131/1032 1222/1119/1020
f 1224/1121/1022 1236/1133/1034 1235/1132/1033 1223/1120/1021
f 1226/1122/1023 1238/1134/1035 1237/1135/1036 1225/1123/1024
f 1227/1124/1025 1239/1136/1037 1238/1134/1035 1226/1122/1023
f 1228/1125/1026 1240/1137/1038 1239/1136/1037 1227/1124/1025
f 1229/1126/1027 1241/1138/1039 1240/1137/1038 1228/1125/1026
f 1230/1127/1028 1242/1139/1040 1241/1138/1039 1229/1126/1027
f 1231/1128/1029 1243/1140/1041 1242/1139/1040 1230/1127/1028
f 1232/1129/1030 1244/1141/1042 1243/1140/1041 1231/1128/1029
f 1233/1130/1031 1245/1142/1043 1244/1141/1042 1232/1129/1030
f 1234/1131/1032 1246/1143/1044 1245/1142/1043 1233/1130/1031
f 1235/1132/1033 1247/1144/1045 1246/1143/1044 1234/1131/1032
f 1236/1133/1034 1248/1145/1046 1247/1144/1045 1235/1132/1033
f 1238/1134/1035 1250/1146/1047 1249/1147/1048 1237/1135/1036
f 1239/1136/1037 1251/1148/1049 1250/1146/1047 1238/1134/1035
f 1240/1137/1038 1252/1149/1050 1251/1148/1049 1239/1136/1037
f 1241/1138/1039 1253/1150/1051 1252/1149/1050 1240/1137/1038
f 1242/1139/1040 1254/1151/1052 1253/1150/1051 1241/1138/1039
f 1243/1140/1041 1255/1152/1053 1254/1151/1052 1242/1139/1040
f 1244/1141/1042 1256/1153/1054 1255/1152/1053 1243/1140/1041
f 1245/1142/1043 1257/1154/1055 1256/1153/1054 1244/1141/1042
f 1246/1143/1044 1258/1155/1056 1257/1154/1055 1245/1142/1043
f 1247/1144/1045 1259/1156/1057 1258/1155/1056 1246/1143/1044
f 1248/1145/1046 1260/1157/1058 1259/1156/1057 1247/1144/1045
f 1250/1146/1047 1262/1158/1059 1261/1159/1060 1249/1147/1048
f 1251/1148/1049 1263/1160/1061 1262/1158/1059 1250/1146/1047
f 1252/1149/1050 1264/1161/1062 1263/1160/1061 1251/1148/1049
f 1253/1150/1051 1265/1162/1063 1264/1161/1062 1252/1149/1050
f 1254/1151/1052 1266/1163/1064 1265/1162/1063 1253/1150/1051
f 1255/1152/1053 1267/1164/1065 1266/1163/1064 1254/1151/1052
f 1256/1153/1054 1268/1165/1066 1267/1164/1065 1255/1152/1053
f 1257/1154/1055 1269/1166/1067 1268/1165/1066 1256/1153/1054
f 1258/1155/1056 1270/1167/1068 1269/1166/1067 1257/1154/1055
f 1259/1156/1057 1271/1168/1069 1270/1167/1068 1258/1155/1056
f 1260/1157/1058 1272/1169/1070 1271/1168/1069 1259/1156/1057
f 1262/1158/1059 1274/1170/1071 1273/1171/1072 1261/1159/1060
f 1263/1160/1061 1275/1172/1073 1274/1170/1071 1262/1158/1059
f 1264/1161/1062 1276/1173/1074 1275/1172/1073 1263/1160/1061
f 1265/1162/1063 1277/1174/1075 1276/1173/1074 1264/1161/1062
f 1266/1163/1064 1278/1175/1076 1277/1174/1075 1265/1162/1063
f 1267/1164/1065 1279/1176/1077 1278/1175/1076 1266/1163/1064
f 1268/1165/1066 1280/1177/1078 1279/1176/1077 1267/1164/1065
f 1269/1166/1067 1281/1178/1079 1280/1177/1078 1268/1165/1066
f 1270/1167/1068 1282/1179/1080 1281/1178/1079 1269/1166/1067
f 1271/1168/1069 1283/1180/1081 1282/1179/1080 1270/1167/1068
f 1272/1169/1070 1284/1181/1082 1283/1180/1081 1271/1168/1069
f 1274/1170/1071 1286/1182/1083 1285/1183/1084 1273/1171/1072
f 1275/1172/1073 1287/1184/1085 1286/1182/1083 1274/1170/1071
f 1276/1173/1074 1288/1185/1086 1287/1184/1085 1275/1172/1073
f 1277/1174/1075 1289/1186/1087 1288/1185/1086 1276/1173/1074
f 1278/1175/1076 1290/1187/1088 1289/1186/1087 1277/1174/1075
f 1279/1176/1077 1291/1188/1089 1290/1187/1088 1278/1175/1076
f 1280/1177/1078 1292/1189/1090 1291/1188/1089 1279/1176/1077
f 1281/1178/1079 1293/1190/1091 1292/1189/1090 1280/1177/1078
f 1282/1179/1080 1294/1191/1092 1293/1190/1091 1281/1178/1079
f 1283/1180/1081 1295/1192/1093 1294/1191/1092 1282/1179/1080
f 1284/1181/1082 1296/1193/1094 1295/1192/1093 1283/1180/1081
f 1286/1182/1083 1298/1194/1095 1297/1195/1096 1285/1183/1084
f 1287/1184/1085 1299/1196/1097 1298/1194/1095 1286/1182/1083
f 1288/1185/1086 1300/1197/1098 1299/1196/1097 1287/1184/1085
f 1289/1186/1087 1301/1198/1099 1300/1197/1098 1288/1185/1086
f 1290/1187/1088 1302/1199/1100 1301/1198/1099 1289/1186/1087
f 1291/1188/1089 1303/1200/1101 1302/1199/1100 1290/1187/1088
f 1292/1189/1090 1304/1201/1102 1303/1200/1101 1291/1188/1089
f 1293/1190/1091 1305/1202/1103 1304/1201/1102 1292/1189/1090
f 1294/1191/1092 1306/1203/1104 1305/1202/1103 1293/1190/1091
f 1295/1192/1093 1307/1204/1105 1306/1203/1104 1294/1191/1092
f 1296/1193/1094 1308/1205/1106 1307/1204/1105 1295/1192/1093
f 1298/1194/1095 1310/1206/1107 1309/1207/1108 1297/1195/1096
f 1299/1196/1097 1311/1208/1109 1310/1206/1107 1298/1194/1095
f 1300/1197/1098 1312/1209/1110 1311/1208/1109 1299/1196/1097
f 1301/1198/1099 1313/1210/1111 1312/1209/1110 1300/1197/1098
f 1302/1199/1100 1314/1211/1112 1313/1210/1111 1301/1198/1099
f 1303/1200/1101 1315/1212/1113 1314/1211/1112 1302/1199/1100
f 1304/1201/1102 1316/1213/1114 1315/1212/1113 1303/1200/1101
f 1305/1202/1103 1317/1214/1115 1316/1213/1114 1304/1201/1102
f 1306/1203/1104 1318/1215/1116 1317/1214/1115 1305/1202/1103
f 1307/1204/1105 1319/1216/1117 1318/1215/1116 1306/1203/1104
f 1308/1205/1106 1320/1217/1118 1319/1216/1117 1307/1204/1105
f 1310/1206/1107 1322/1218/1119 1321/1219/1120 1309/1207/1108
f 1311/1208/1109 1323/1220/1121 1322/1218/1119 1310/1206/1107
f 1312/1209/1110 1324/1221/1122 1323/1220/1121 1311/1208/1109
f 1313/1210/1111 1325/1222/1123 1324/1221/1122 1312/1209/1110
f 1314/1211/1112 1326/1223/1124 1325/1222/1123 1313/1210/1111
f 1315/1212/1113 1327/1224/1125 1326/1223/1124 1314/1211/1112
f 1316/1213/1114 1328/1225/1126 1327/1224/1125 1315/1212/1113
f 1317/1214/1115 1329/1226/1127 1328/1225/1126 1316/1213/1114
f 1318/1215/1116 1330/1227/1128 1329/1226/1127 1317/1214/1115
f 1319/1216/1117 1331/1228/1129 1330/1227/1128 1318/1215/1116
f 1320/1217/1118 1332/1229/1130 1331/1228/1129 1319/1216/1117
f 1322/1218/1119 1334/1230/1131 1333/1231/1132 1321/1219/1120
f 1323/1220/1121 1335/1232/1133 1334/1230/1131 1322/1218/1119
f 1324/1221/1122 1336/1233/1134 1335/1232/1133 1323/1220/1121
f 1325/1222/1123 1337/1234/1135 1336/1233/1134 1324/1221/1122
f 1326/1223/1124 1338/1235/1136 1337/1234/1135 1325/1222/1123
f 1327/1224/1125 1339/1236/1137 1338/1235/1136 1326/1223/1124
f 1328/1225/1126 1340/1237/1138 1339/1236/1137 1327/1224/1125
f 1329/1226/1127 1341/1238/1139 1340/1237/1138 1328/1225/1126
f 1330/1227/1128 1342/1239/1140 1341/1238/1139 1329/1226/1127
f 1331/1228/1129 1343/1240/1141 1342/1239/1140 1330/1227/1128
f 1332/1229/1130 1344/1241/1142 1343/1240/1141 1331/1228/1129
f 1334/1230/1131 1346/1242/1143 1345/1243/1144 1333/1231/1132
f 1335/1232/1133 1347/1244/1145 1346/1242/1143 1334/1230/1131
f 1336/1233/1134 1348/1245/1146 1347/1244/1145 1335/1232/1133
f 1337/1234/1135 1349/1246/1147 1348/1245/1146 1336/1233/1134
f 1338/1235/1136 1350/1247/1148 1349/1246/1147 1337/1234/1135
f 1339/1236/1137 1351/1248/1149 1350/1247/1148 1338/1235/1136
f 1340/1237/1138 1352/1249/1150 1351/1248/1149 1339/1236/1137
f 1341/1238/1139 1353/1250/1151 1352/1249/1150 1340/1237/1138
f 1342/1239/1140 1354/1251/1152 1353/1250/1151 1341/1238/1139
f 1343/1240/1141 1355/1252/1153 1354/1251/1152 1342/1239/1140
f 1344/1241/1142 1356/1253/1154 1355/1252/1153 1343/1240/1141
f 1346/1242/1143 1358/1254/1155 1357/1255/1156 1345/1243/1144
f 1347/1244/1145 1359/1256/1157 1358/1254/1155 1346/1242/1143
f 1348/1245/1146 1360/1257/1158 1359/1256/1157 1347/1244/1145
f 1349/1246/1147 1361/1258/1159 1360/1257/1158 1348/1245/1146
f 1350/1247/1148 1362/1259/1160 1361/1258/1159 1349/1246/1147
f 1351/1248/1149 1363/1260/1161 1362/1259/1160 1350/1247/1148
f 1352/1249/1150 1364/1261/1162 1363/1260/1161 1351/1248/1149
f 1353/1250/1151 1365/1262/1163 1364/1261/1162 1352/1249/1150
f 1354/1251/1152 1366/1263/1164 1365/1262/1163 1353/1250/1151
f 1355/1252/1153 1367/1264/1165 1366/1263/1164 1354/1251/1152
f 1356/1253/1154 1368/1265/1166 1367/1264/1165 1355/1252/1153
f 1358/1254/1155 1370/1266/1167 1369/1267/1168 1357/1255/1156
f 1359/1256/1157 1371/1268/1169 1370/1266/1167 1358/1254/1155
f 1360/1257/1158 1372/1269/1170 1371/1268/1169 1359/1256/1157
f 1361/1258/1159 1373/1270/1171 1372/1269/1170 1360/1257/1158
f 1362/1259/1160 1374/1271/1172 1373/1270/1171 1361/1258/1159
f 1363/1260/1161 1375/1272/1173 1374/1271/1172 1362/1259/1160
f 1364/1261/1162 1376/1273/1174 1375/1272/1173 1363/1260/1161
f 1365/1262/1163 1377/1274/1175 1376/1273/1174 1364/1261/1162
f 1366/1263/1164 1378/1275/1176 1377/1274/1175 1365/1262/1163
f 1367/1264/1165 1379/1276/1177 1378/1275/1176 1366/1263/1164
f 1368/1265/1166 1380/1277/1178 1379/1276/1177 1367/1264/1165
f 1370/1266/1167 1382/1278/1179 1381/1279/1168 1369/1267/1168
f 1371/1268/1169 1383/1280/1180 1382/1278/1179 1370/1266/1167
f 1372/1269/1170 1384/1281/1181 1383/1280/1180 1371/1268/1169
f 1373/1270/1171 1385/1282/1182 1384/1281/1181 1372/1269/1170
f 1374/1271/1172 1386/1283/1183 1385/1282/1182 1373/1270/1171
f 1375/1272/1173 1387/1284/1184 1386/1283/1183 1374/1271/1172
f 1376/1273/1174 1388/1285/1185 1387/1284/1184 1375/1272/1173
f 1377/1274/1175 1389/1286/1186 1388/1285/1185 1376/1273/1174
f 1378/1275/1176 1390/1287/1187 1389/1286/1186 1377/1274/1175
f 1379/1276/1177 1391/1288/1188 1390/1287/1187 1378/1275/1176
f 1380/1277/1178 1392/1289/1178 1391/1288/1188 1379/1276/1177
f 1382/1278/1179 1394/1290/1189 1393/1291/1190 1381/1279/1168
f 1383/1280/1180 1395/1292/1191 1394/1290/1189 1382/1278/1179
f 1384/1281/1181 1396/1293/1192 1395/1292/1191 1383/1280/1180
f 1385/1282/1182 1397/1294/1193 1396/1293/1192 1384/1281/1181
f 1386/1283/1183 1398/1295/1194 1397/1294/1193 1385/1282/1182
f 1387/1284/1184 1399/1296/1195 1398/1295/1194 1386/1283/1183
f 1388/1285/1185 1400/1297/1196 1399/1296/1195 1387/1284/1184
f 1389/1286/1186 1401/1298/1197 1400/1297/1196 1388/1285/1185
f 1390/1287/1187 1402/1299/1198 1401/1298/1197 1389/1286/1186
f 1391/1288/1188 1403/1300/1199 1402/1299/1198 1390/1287/1187
f 1392/1289/1178 1404/1301/1200 1403/1300/1199 1391/1288/1188
f 1394/1290/1189 1406/1302/1201 1405/1303/1202 1393/1291/1190
f 1395/1292/1191 1407/1304/1203 1406/1302/1201 1394/1290/1189
f 1396/1293/1192 1408/1305/1204 1407/1304/1203 1395/1292/1191
f 1397/1294/1193 1409/1306/1205 1408/1305/1204 1396/1293/1192
f 1398/1295/1194 1410/1307/1206 1409/1306/1205 1397/1294/1193
f 1399/1296/1195 1411/1308/1207 1410/1307/1206 1398/1295/1194
f 1400/1297/1196 1412/1309/1208 1411/1308/1207 1399/1296/1195
f 1401/1298/1197 1413/1310/1209 1412/1309/1208 1400/1297/1196
f 1402/1299/1198 1414/1311/1210 1413/1310/1209 1401/1298/1197
f 1403/1300/1199 1415/1312/1211 1414/1311/1210 1402/1299/1198
f 1404/1301/1200 1416/1313/1212 1415/1312/1211 1403/1300/1199
f 1406/1302/1201 1418/1314/1213 1417/1315/1214 1405/1303/1202
f 1407/1304/1203 1419/1316/1215 1418/1314/1213 1406/1302/1201
f 1408/1305/1204 1420/1317/1216 1419/1316/1215 1407/1304/1203
f 1409/1306/1205 1421/1318/1217 1420/1317/1216 1408/1305/1204
f 1410/1307/1206 1422/1319/1218 1421/1318/1217 1409/1306/1205
f 1411/1308/1207 1423/1320/1219 1422/1319/1218 1410/1307/1206
f 1412/1309/1208 1424/1321/1220 1423/1320/1219 1411/1308/1207
f 1413/1310/1209 1425/1322/1221 1424/1321/1220 1412/1309/1208
f 1414/1311/1210 1426/1323/1222 1425/1322/1221 1413/1310/1209
f 1415/1312/1211 1427/1324/1223 1426/1323/1222 1414/1311/1210
f 1416/1313/1212 1428/1325/1224 1427/1324/1223 1415/1312/1211
f 1418/1314/1213 206/1326/3 205/57/6 1417/1315/1214
f 1419/1316/1215 207/1327/7 206/1326/3 1418/1314/1213
f 1420/1317/1216 208/1328/9 207/1327/7 1419/1316/1215
f 1421/1318/1217 209/1329/11 208/1328/9 1420/1317/1216
f 1422/1319/1218 210/1330/13 209/1329/11 1421/1318/1217
f 1423/1320/1219 211/1331/15 210/1330/13 1422/1319/1218
f 1424/1321/1220 212/1332/17 211/1331/15 1423/1320/1219
f 1425/1322/1221 213/1333/19 212/1332/17 1424/1321/1220
f 1426/1323/1222 214/1334/21 213/1333/19 1425/1322/1221
f 1427/1324/1223 215/1335/23 214/1334/21 1426/1323/1222
f 1428/1325/1224 216/1336/25 215/1335/23 1427/1324/1223
