# Blender 4.4.1
# www.blender.org
mtllib R.mtl
o R
v -0.019603 0.120000 -0.380495
v 0.011509 0.120000 -0.376046
v 0.040219 0.120000 -0.368750
v 0.066407 0.120000 -0.358704
v 0.089957 0.120000 -0.346005
v 0.110750 0.120000 -0.330750
v 0.128668 0.120000 -0.313037
v 0.143593 0.120000 -0.292963
v 0.155406 0.120000 -0.270625
v 0.163991 0.120000 -0.246120
v 0.169228 0.120000 -0.219546
v 0.171000 0.120000 -0.191000
v 0.170151 0.120000 -0.171672
v 0.167625 0.120000 -0.153213
v 0.163453 0.120000 -0.135656
v 0.157667 0.120000 -0.119037
v 0.150297 0.120000 -0.103390
v 0.141375 0.120000 -0.088750
v 0.130932 0.120000 -0.075152
v 0.119000 0.120000 -0.062630
v 0.105609 0.120000 -0.051219
v 0.090792 0.120000 -0.040954
v 0.074578 0.120000 -0.031869
v 0.057000 0.120000 -0.024000
v 0.072022 0.120000 -0.013292
v 0.086176 0.120000 -0.001667
v 0.099594 0.120000 0.010875
v 0.112407 0.120000 0.024333
v 0.124749 0.120000 0.038708
v 0.136750 0.120000 0.054000
v 0.148543 0.120000 0.070208
v 0.160259 0.120000 0.087333
v 0.172031 0.120000 0.105375
v 0.183991 0.120000 0.124333
v 0.196270 0.120000 0.144208
v 0.209000 0.120000 0.165000
v 0.216024 0.120000 0.176288
v 0.222694 0.120000 0.186806
v 0.229156 0.120000 0.196781
v 0.235556 0.120000 0.206444
v 0.242038 0.120000 0.216024
v 0.248750 0.120000 0.225750
v 0.255837 0.120000 0.235851
v 0.263444 0.120000 0.246556
v 0.271719 0.120000 0.258094
v 0.280806 0.120000 0.270694
v 0.290851 0.120000 0.284587
v 0.302000 0.120000 0.300000
v 0.185000 0.120000 0.300000
v 0.095000 0.120000 0.160000
v 0.073487 0.120000 0.127521
v 0.053815 0.120000 0.099833
v 0.035781 0.120000 0.076563
v 0.019185 0.120000 0.057333
v 0.003825 0.120000 0.041771
v -0.010500 0.120000 0.029500
v -0.023992 0.120000 0.020146
v -0.036852 0.120000 0.013333
v -0.049281 0.120000 0.008688
v -0.061481 0.120000 0.005833
v -0.073654 0.120000 0.004396
v -0.086000 0.120000 0.004000
v -0.127000 0.120000 0.004000
v -0.127000 0.120000 0.300000
v -0.225000 0.120000 0.300000
v -0.225000 0.120000 -0.382000
v -0.053000 0.120000 -0.382000
v -0.064000 0.120000 -0.084000
v -0.039287 0.120000 -0.085095
v -0.017546 0.120000 -0.088264
v 0.001375 0.120000 -0.093328
v 0.017630 0.120000 -0.100111
v 0.031370 0.120000 -0.108436
v 0.042750 0.120000 -0.118125
v 0.051921 0.120000 -0.129002
v 0.059037 0.120000 -0.140889
v 0.064250 0.120000 -0.153609
v 0.067713 0.120000 -0.166986
v 0.069579 0.120000 -0.180842
v 0.070000 0.120000 -0.195000
v 0.068968 0.120000 -0.210471
v 0.066324 0.120000 -0.224852
v 0.062000 0.120000 -0.238094
v 0.055926 0.120000 -0.250148
v 0.048032 0.120000 -0.260966
v 0.038250 0.120000 -0.270500
v 0.026509 0.120000 -0.278700
v 0.012741 0.120000 -0.285519
v -0.003125 0.120000 -0.290906
v -0.021157 0.120000 -0.294815
v -0.041426 0.120000 -0.297196
v -0.064000 0.120000 -0.298000
v -0.127000 0.120000 -0.298000
v -0.127000 0.120000 -0.084000
v -0.019603 -0.120000 -0.380495
v 0.011509 -0.120000 -0.376046
v 0.040219 -0.120000 -0.368750
v 0.066407 -0.120000 -0.358704
v 0.089957 -0.120000 -0.346005
v 0.110750 -0.120000 -0.330750
v 0.128668 -0.120000 -0.313037
v 0.143593 -0.120000 -0.292963
v 0.155406 -0.120000 -0.270625
v 0.163991 -0.120000 -0.246120
v 0.169228 -0.120000 -0.219546
v 0.171000 -0.120000 -0.191000
v 0.170151 -0.120000 -0.171672
v 0.167625 -0.120000 -0.153213
v 0.163453 -0.120000 -0.135656
v 0.157667 -0.120000 -0.119037
v 0.150297 -0.120000 -0.103390
v 0.141375 -0.120000 -0.088750
v 0.130932 -0.120000 -0.075152
v 0.119000 -0.120000 -0.062630
v 0.105609 -0.120000 -0.051219
v 0.090792 -0.120000 -0.040954
v 0.074578 -0.120000 -0.031869
v 0.057000 -0.120000 -0.024000
v 0.072022 -0.120000 -0.013292
v 0.086176 -0.120000 -0.001667
v 0.099594 -0.120000 0.010875
v 0.112407 -0.120000 0.024333
v 0.124749 -0.120000 0.038708
v 0.136750 -0.120000 0.054000
v 0.148543 -0.120000 0.070208
v 0.160259 -0.120000 0.087333
v 0.172031 -0.120000 0.105375
v 0.183991 -0.120000 0.124333
v 0.196270 -0.120000 0.144208
v 0.209000 -0.120000 0.165000
v 0.216024 -0.120000 0.176288
v 0.222694 -0.120000 0.186806
v 0.229156 -0.120000 0.196781
v 0.235556 -0.120000 0.206444
v 0.242038 -0.120000 0.216024
v 0.248750 -0.120000 0.225750
v 0.255837 -0.120000 0.235851
v 0.263444 -0.120000 0.246556
v 0.271719 -0.120000 0.258094
v 0.280806 -0.120000 0.270694
v 0.290851 -0.120000 0.284587
v 0.302000 -0.120000 0.300000
v 0.185000 -0.120000 0.300000
v 0.095000 -0.120000 0.160000
v 0.073487 -0.120000 0.127521
v 0.053815 -0.120000 0.099833
v 0.035781 -0.120000 0.076563
v 0.019185 -0.120000 0.057333
v 0.003825 -0.120000 0.041771
v -0.010500 -0.120000 0.029500
v -0.023992 -0.120000 0.020146
v -0.036852 -0.120000 0.013333
v -0.049281 -0.120000 0.008688
v -0.061481 -0.120000 0.005833
v -0.073654 -0.120000 0.004396
v -0.086000 -0.120000 0.004000
v -0.127000 -0.120000 0.004000
v -0.127000 -0.120000 0.300000
v -0.225000 -0.120000 0.300000
v -0.225000 -0.120000 -0.382000
v -0.053000 -0.120000 -0.382000
v -0.064000 -0.120000 -0.084000
v -0.039287 -0.120000 -0.085095
v -0.017546 -0.120000 -0.088264
v 0.001375 -0.120000 -0.093328
v 0.017630 -0.120000 -0.100111
v 0.031370 -0.120000 -0.108436
v 0.042750 -0.120000 -0.118125
v 0.051921 -0.120000 -0.129002
v 0.059037 -0.120000 -0.140889
v 0.064250 -0.120000 -0.153609
v 0.067713 -0.120000 -0.166986
v 0.069579 -0.120000 -0.180842
v 0.070000 -0.120000 -0.195000
v 0.068968 -0.120000 -0.210471
v 0.066324 -0.120000 -0.224852
v 0.062000 -0.120000 -0.238094
v 0.055926 -0.120000 -0.250148
v 0.048032 -0.120000 -0.260966
v 0.038250 -0.120000 -0.270500
v 0.026509 -0.120000 -0.278700
v 0.012741 -0.120000 -0.285519
v -0.003125 -0.120000 -0.290906
v -0.021157 -0.120000 -0.294815
v -0.041426 -0.120000 -0.297196
v -0.064000 -0.120000 -0.298000
v -0.127000 -0.120000 -0.298000
v -0.127000 -0.120000 -0.084000
v -0.019603 -0.120000 -0.380495
v -0.019025 -0.119021 -0.386656
v -0.018504 -0.116180 -0.392213
v -0.018090 -0.111756 -0.396624
v -0.017824 -0.106180 -0.399456
v -0.017733 -0.100000 -0.400431
v -0.017733 0.100000 -0.400431
v -0.017824 0.106180 -0.399456
v -0.018090 0.111756 -0.396624
v -0.018504 0.116180 -0.392213
v -0.019025 0.119021 -0.386656
v -0.019603 0.120000 -0.380495
v 0.011509 -0.120000 -0.376046
v 0.012711 -0.119021 -0.382118
v 0.013796 -0.116180 -0.387595
v 0.014656 -0.111756 -0.391941
v 0.015209 -0.106180 -0.394732
v 0.015399 -0.100000 -0.395694
v 0.015399 0.100000 -0.395694
v 0.015209 0.106180 -0.394732
v 0.014656 0.111756 -0.391941
v 0.013796 0.116180 -0.387595
v 0.012711 0.119021 -0.382118
v 0.011509 0.120000 -0.376046
v 0.040219 -0.120000 -0.368750
v 0.042093 -0.119021 -0.374650
v 0.043784 -0.116180 -0.379973
v 0.045126 -0.111756 -0.384198
v 0.045988 -0.106180 -0.386910
v 0.046284 -0.100000 -0.387844
v 0.046284 0.100000 -0.387844
v 0.045988 0.106180 -0.386910
v 0.045126 0.111756 -0.384198
v 0.043784 0.116180 -0.379973
v 0.042093 0.119021 -0.374650
v 0.040219 0.120000 -0.368750
v 0.066407 -0.120000 -0.358704
v 0.068992 -0.119021 -0.364332
v 0.071323 -0.116180 -0.369409
v 0.073173 -0.111756 -0.373439
v 0.074360 -0.106180 -0.376026
v 0.074770 -0.100000 -0.376917
v 0.074770 0.100000 -0.376917
v 0.074360 0.106180 -0.376026
v 0.073173 0.111756 -0.373439
v 0.071323 0.116180 -0.369409
v 0.068992 0.119021 -0.364332
v 0.066407 0.120000 -0.358704
v 0.089957 -0.120000 -0.346005
v 0.093268 -0.119021 -0.351241
v 0.096254 -0.116180 -0.355965
v 0.098624 -0.111756 -0.359714
v 0.100146 -0.106180 -0.362121
v 0.100670 -0.100000 -0.362950
v 0.100670 0.100000 -0.362950
v 0.100146 0.106180 -0.362121
v 0.098624 0.111756 -0.359714
v 0.096254 0.116180 -0.355965
v 0.093268 0.119021 -0.351241
v 0.089957 0.120000 -0.346005
v 0.110750 -0.120000 -0.330750
v 0.114772 -0.119021 -0.335465
v 0.118400 -0.116180 -0.339718
v 0.121280 -0.111756 -0.343093
v 0.123128 -0.106180 -0.345260
v 0.123765 -0.100000 -0.346006
v 0.123765 0.100000 -0.346006
v 0.123128 0.106180 -0.345260
v 0.121280 0.111756 -0.343093
v 0.118400 0.116180 -0.339718
v 0.114772 0.119021 -0.335465
v 0.110750 0.120000 -0.330750
v 0.128668 -0.120000 -0.313037
v 0.133347 -0.119021 -0.317102
v 0.137568 -0.116180 -0.320769
v 0.140918 -0.111756 -0.323679
v 0.143069 -0.106180 -0.325547
v 0.143810 -0.100000 -0.326191
v 0.143810 0.100000 -0.326191
v 0.143069 0.106180 -0.325547
v 0.140918 0.111756 -0.323679
v 0.137568 0.116180 -0.320769
v 0.133347 0.119021 -0.317102
v 0.128668 0.120000 -0.313037
v 0.143593 -0.120000 -0.292963
v 0.148835 -0.119021 -0.296271
v 0.153564 -0.116180 -0.299255
v 0.157317 -0.111756 -0.301623
v 0.159726 -0.106180 -0.303143
v 0.160556 -0.100000 -0.303667
v 0.160556 0.100000 -0.303667
v 0.159726 0.106180 -0.303143
v 0.157317 0.111756 -0.301623
v 0.153564 0.116180 -0.299255
v 0.148835 0.119021 -0.296271
v 0.143593 0.120000 -0.292963
v 0.155406 -0.120000 -0.270625
v 0.161086 -0.119021 -0.273105
v 0.166210 -0.116180 -0.275343
v 0.170276 -0.111756 -0.277118
v 0.172887 -0.106180 -0.278258
v 0.173786 -0.100000 -0.278651
v 0.173786 0.100000 -0.278651
v 0.172887 0.106180 -0.278258
v 0.170276 0.111756 -0.277118
v 0.166210 0.116180 -0.275343
v 0.161086 0.119021 -0.273105
v 0.155406 0.120000 -0.270625
v 0.163991 -0.120000 -0.246120
v 0.169969 -0.119021 -0.247748
v 0.175363 -0.116180 -0.249216
v 0.179643 -0.111756 -0.250381
v 0.182391 -0.106180 -0.251129
v 0.183338 -0.100000 -0.251387
v 0.183338 0.100000 -0.251387
v 0.182391 0.106180 -0.251129
v 0.179643 0.111756 -0.250381
v 0.175363 0.116180 -0.249216
v 0.169969 0.119021 -0.247748
v 0.163991 0.120000 -0.246120
v 0.169228 -0.120000 -0.219546
v 0.175371 -0.119021 -0.220339
v 0.180913 -0.116180 -0.221054
v 0.185311 -0.111756 -0.221621
v 0.188134 -0.106180 -0.221985
v 0.189107 -0.100000 -0.222111
v 0.189107 0.100000 -0.222111
v 0.188134 0.106180 -0.221985
v 0.185311 0.111756 -0.221621
v 0.180913 0.116180 -0.221054
v 0.175371 0.119021 -0.220339
v 0.169228 0.120000 -0.219546
v 0.171000 -0.120000 -0.191000
v 0.177189 -0.119021 -0.191056
v 0.182772 -0.116180 -0.191107
v 0.187202 -0.111756 -0.191147
v 0.190047 -0.106180 -0.191172
v 0.191027 -0.100000 -0.191181
v 0.191027 0.100000 -0.191181
v 0.190047 0.106180 -0.191172
v 0.187202 0.111756 -0.191147
v 0.182772 0.116180 -0.191107
v 0.177189 0.119021 -0.191056
v 0.171000 0.120000 -0.191000
v 0.170151 -0.120000 -0.171672
v 0.176313 -0.119021 -0.171117
v 0.181872 -0.116180 -0.170615
v 0.186283 -0.111756 -0.170218
v 0.189115 -0.106180 -0.169962
v 0.190091 -0.100000 -0.169874
v 0.190091 0.100000 -0.169874
v 0.189115 0.106180 -0.169962
v 0.186283 0.111756 -0.170218
v 0.181872 0.116180 -0.170615
v 0.176313 0.119021 -0.171117
v 0.170151 0.120000 -0.171672
v 0.167625 -0.120000 -0.153213
v 0.173707 -0.119021 -0.152077
v 0.179195 -0.116180 -0.151052
v 0.183549 -0.111756 -0.150239
v 0.186345 -0.106180 -0.149717
v 0.187308 -0.100000 -0.149537
v 0.187308 0.100000 -0.149537
v 0.186345 0.106180 -0.149717
v 0.183549 0.111756 -0.150239
v 0.179195 0.116180 -0.151052
v 0.173707 0.119021 -0.152077
v 0.167625 0.120000 -0.153213
v 0.163453 -0.120000 -0.135656
v 0.169393 -0.119021 -0.133921
v 0.174752 -0.116180 -0.132356
v 0.179005 -0.111756 -0.131114
v 0.181735 -0.106180 -0.130317
v 0.182676 -0.100000 -0.130042
v 0.182676 0.100000 -0.130042
v 0.181735 0.106180 -0.130317
v 0.179005 0.111756 -0.131114
v 0.174752 0.116180 -0.132356
v 0.169393 0.119021 -0.133921
v 0.163453 0.120000 -0.135656
v 0.157667 -0.120000 -0.119037
v 0.163396 -0.119021 -0.116698
v 0.168565 -0.116180 -0.114587
v 0.172667 -0.111756 -0.112913
v 0.175301 -0.106180 -0.111837
v 0.176209 -0.100000 -0.111467
v 0.176209 0.100000 -0.111467
v 0.175301 0.106180 -0.111837
v 0.172667 0.111756 -0.112913
v 0.168565 0.116180 -0.114587
v 0.163396 0.119021 -0.116698
v 0.157667 0.120000 -0.119037
v 0.150297 -0.120000 -0.103390
v 0.155747 -0.119021 -0.100457
v 0.160663 -0.116180 -0.097811
v 0.164565 -0.111756 -0.095711
v 0.167070 -0.106180 -0.094362
v 0.167933 -0.100000 -0.093898
v 0.167933 0.100000 -0.093898
v 0.167070 0.106180 -0.094362
v 0.164565 0.111756 -0.095711
v 0.160663 0.116180 -0.097811
v 0.155747 0.119021 -0.100457
v 0.150297 0.120000 -0.103390
v 0.141375 -0.120000 -0.088750
v 0.146479 -0.119021 -0.085250
v 0.151084 -0.116180 -0.082092
v 0.154738 -0.111756 -0.079586
v 0.157085 -0.106180 -0.077977
v 0.157893 -0.100000 -0.077423
v 0.157893 0.100000 -0.077423
v 0.157085 0.106180 -0.077977
v 0.154738 0.111756 -0.079586
v 0.151084 0.116180 -0.082092
v 0.146479 0.119021 -0.085250
v 0.141375 0.120000 -0.088750
v 0.130932 -0.120000 -0.075152
v 0.135634 -0.119021 -0.071126
v 0.139875 -0.116180 -0.067495
v 0.143240 -0.111756 -0.064613
v 0.145401 -0.106180 -0.062763
v 0.146146 -0.100000 -0.062126
v 0.146146 0.100000 -0.062126
v 0.145401 0.106180 -0.062763
v 0.143240 0.111756 -0.064613
v 0.139875 0.116180 -0.067495
v 0.135634 0.119021 -0.071126
v 0.130932 0.120000 -0.075152
v 0.119000 -0.120000 -0.062630
v 0.123253 -0.119021 -0.058134
v 0.127089 -0.116180 -0.054078
v 0.130134 -0.111756 -0.050859
v 0.132089 -0.106180 -0.048793
v 0.132762 -0.100000 -0.048081
v 0.132762 0.100000 -0.048081
v 0.132089 0.106180 -0.048793
v 0.130134 0.111756 -0.050859
v 0.127089 0.116180 -0.054078
v 0.123253 0.119021 -0.058134
v 0.119000 0.120000 -0.062630
v 0.105609 -0.120000 -0.051219
v 0.109383 -0.119021 -0.046314
v 0.112787 -0.116180 -0.041890
v 0.115488 -0.111756 -0.038379
v 0.117223 -0.106180 -0.036124
v 0.117820 -0.100000 -0.035348
v 0.117820 0.100000 -0.035348
v 0.117223 0.106180 -0.036124
v 0.115488 0.111756 -0.038379
v 0.112787 0.116180 -0.041890
v 0.109383 0.119021 -0.046314
v 0.105609 0.120000 -0.051219
v 0.090792 -0.120000 -0.040954
v 0.094069 -0.119021 -0.035706
v 0.097026 -0.116180 -0.030972
v 0.099373 -0.111756 -0.027215
v 0.100879 -0.106180 -0.024802
v 0.101398 -0.100000 -0.023971
v 0.101398 0.100000 -0.023971
v 0.100879 0.106180 -0.024802
v 0.099373 0.111756 -0.027215
v 0.097026 0.116180 -0.030972
v 0.094069 0.119021 -0.035706
v 0.090792 0.120000 -0.040954
v 0.074578 -0.120000 -0.031869
v 0.077357 -0.119021 -0.026342
v 0.079864 -0.116180 -0.021355
v 0.081853 -0.111756 -0.017398
v 0.083130 -0.106180 -0.014858
v 0.083570 -0.100000 -0.013982
v 0.083570 0.100000 -0.013982
v 0.083130 0.106180 -0.014858
v 0.081853 0.111756 -0.017398
v 0.079864 0.116180 -0.021355
v 0.077357 0.119021 -0.026342
v 0.074578 0.120000 -0.031869
v 0.057000 -0.120000 -0.024000
v 0.069375 -0.119021 -0.022768
v 0.080538 -0.116180 -0.021658
v 0.089398 -0.111756 -0.020776
v 0.095086 -0.106180 -0.020210
v 0.097046 -0.100000 -0.020015
v 0.097046 0.100000 -0.020015
v 0.095086 0.106180 -0.020210
v 0.089398 0.111756 -0.020776
v 0.080538 0.116180 -0.021658
v 0.069375 0.119021 -0.022768
v 0.057000 0.120000 -0.024000
v 0.072022 -0.120000 -0.013292
v 0.075781 -0.119021 -0.018202
v 0.079173 -0.116180 -0.022631
v 0.081864 -0.111756 -0.026146
v 0.083592 -0.106180 -0.028403
v 0.084188 -0.100000 -0.029181
v 0.084188 0.100000 -0.029181
v 0.083592 0.106180 -0.028403
v 0.081864 0.111756 -0.026146
v 0.079173 0.116180 -0.022631
v 0.075781 0.119021 -0.018202
v 0.072022 0.120000 -0.013292
v 0.086176 -0.120000 -0.001667
v 0.090252 -0.119021 -0.006317
v 0.093928 -0.116180 -0.010512
v 0.096846 -0.111756 -0.013841
v 0.098719 -0.106180 -0.015979
v 0.099365 -0.100000 -0.016715
v 0.099365 0.100000 -0.016715
v 0.098719 0.106180 -0.015979
v 0.096846 0.111756 -0.013841
v 0.093928 0.116180 -0.010512
v 0.090252 0.119021 -0.006317
v 0.086176 0.120000 -0.001667
v 0.099594 -0.120000 0.010875
v 0.103946 -0.119021 0.006483
v 0.107871 -0.116180 0.002521
v 0.110987 -0.111756 -0.000624
v 0.112987 -0.106180 -0.002642
v 0.113677 -0.100000 -0.003338
v 0.113677 0.100000 -0.003338
v 0.112987 0.106180 -0.002642
v 0.110987 0.111756 -0.000624
v 0.107871 0.116180 0.002521
v 0.103946 0.119021 0.006483
v 0.099594 0.120000 0.010875
v 0.112407 -0.120000 0.024333
v 0.116993 -0.119021 0.020187
v 0.121130 -0.116180 0.016446
v 0.124413 -0.111756 0.013478
v 0.126521 -0.106180 0.011572
v 0.127247 -0.100000 0.010915
v 0.127247 0.100000 0.010915
v 0.126521 0.106180 0.011572
v 0.124413 0.111756 0.013478
v 0.121130 0.116180 0.016446
v 0.116993 0.119021 0.020187
v 0.112407 0.120000 0.024333
v 0.124749 -0.120000 0.038708
v 0.129527 -0.119021 0.034786
v 0.133837 -0.116180 0.031247
v 0.137257 -0.111756 0.028439
v 0.139454 -0.106180 0.026636
v 0.140210 -0.100000 0.026014
v 0.140210 0.100000 0.026014
v 0.139454 0.106180 0.026636
v 0.137257 0.111756 0.028439
v 0.133837 0.116180 0.031247
v 0.129527 0.119021 0.034786
v 0.124749 0.120000 0.038708
v 0.136750 -0.120000 0.054000
v 0.141681 -0.119021 0.050273
v 0.146130 -0.116180 0.046911
v 0.149660 -0.111756 0.044242
v 0.151927 -0.106180 0.042529
v 0.152708 -0.100000 0.041939
v 0.152708 0.100000 0.041939
v 0.151927 0.106180 0.042529
v 0.149660 0.111756 0.044242
v 0.146130 0.116180 0.046911
v 0.141681 0.119021 0.050273
v 0.136750 0.120000 0.054000
v 0.148543 -0.120000 0.070208
v 0.153593 -0.119021 0.066645
v 0.158149 -0.116180 0.063430
v 0.161764 -0.111756 0.060878
v 0.164086 -0.106180 0.059240
v 0.164886 -0.100000 0.058676
v 0.164886 0.100000 0.058676
v 0.164086 0.106180 0.059240
v 0.161764 0.111756 0.060878
v 0.158149 0.116180 0.063430
v 0.153593 0.119021 0.066645
v 0.148543 0.120000 0.070208
v 0.160259 -0.120000 0.087333
v 0.165398 -0.119021 0.083899
v 0.170034 -0.116180 0.080802
v 0.173713 -0.111756 0.078343
v 0.176075 -0.106180 0.076765
v 0.176889 -0.100000 0.076221
v 0.176889 0.100000 0.076221
v 0.176075 0.106180 0.076765
v 0.173713 0.111756 0.078343
v 0.170034 0.116180 0.080802
v 0.165398 0.119021 0.083899
v 0.160259 0.120000 0.087333
v 0.172031 -0.120000 0.105375
v 0.177233 -0.119021 0.102037
v 0.181926 -0.116180 0.099027
v 0.185650 -0.111756 0.096637
v 0.188041 -0.106180 0.095103
v 0.188865 -0.100000 0.094574
v 0.188865 0.100000 0.094574
v 0.188041 0.106180 0.095103
v 0.185650 0.111756 0.096637
v 0.181926 0.116180 0.099027
v 0.177233 0.119021 0.102037
v 0.172031 0.120000 0.105375
v 0.183991 -0.120000 0.124333
v 0.189233 -0.119021 0.121060
v 0.193963 -0.116180 0.118108
v 0.197716 -0.111756 0.115765
v 0.200126 -0.106180 0.114260
v 0.200956 -0.100000 0.113742
v 0.200956 0.100000 0.113742
v 0.200126 0.106180 0.114260
v 0.197716 0.111756 0.115765
v 0.193963 0.116180 0.118108
v 0.189233 0.119021 0.121060
v 0.183991 0.120000 0.124333
v 0.196270 -0.120000 0.144208
v 0.201534 -0.119021 0.140971
v 0.206283 -0.116180 0.138050
v 0.210052 -0.111756 0.135732
v 0.212472 -0.106180 0.134243
v 0.213306 -0.100000 0.133731
v 0.213306 0.100000 0.133731
v 0.212472 0.106180 0.134243
v 0.210052 0.111756 0.135732
v 0.206283 0.116180 0.138050
v 0.201534 0.119021 0.140971
v 0.196270 0.120000 0.144208
v 0.209000 -0.120000 0.165000
v 0.214259 -0.119021 0.161754
v 0.219004 -0.116180 0.158825
v 0.222769 -0.111756 0.156501
v 0.225186 -0.106180 0.155009
v 0.226019 -0.100000 0.154495
v 0.226019 0.100000 0.154495
v 0.225186 0.106180 0.155009
v 0.222769 0.111756 0.156501
v 0.219004 0.116180 0.158825
v 0.214259 0.119021 0.161754
v 0.209000 0.120000 0.165000
v 0.216024 -0.120000 0.176288
v 0.221258 -0.119021 0.173001
v 0.225979 -0.116180 0.170035
v 0.229725 -0.111756 0.167681
v 0.232131 -0.106180 0.166170
v 0.232960 -0.100000 0.165649
v 0.232960 0.100000 0.165649
v 0.232131 0.106180 0.166170
v 0.229725 0.111756 0.167681
v 0.225979 0.116180 0.170035
v 0.221258 0.119021 0.173001
v 0.216024 0.120000 0.176288
v 0.222694 -0.120000 0.186806
v 0.227898 -0.119021 0.183470
v 0.232592 -0.116180 0.180462
v 0.236317 -0.111756 0.178074
v 0.238709 -0.106180 0.176541
v 0.239533 -0.100000 0.176013
v 0.239533 0.100000 0.176013
v 0.238709 0.106180 0.176541
v 0.236317 0.111756 0.178074
v 0.232592 0.116180 0.180462
v 0.227898 0.119021 0.183470
v 0.222694 0.120000 0.186806
v 0.229156 -0.120000 0.196781
v 0.234326 -0.119021 0.193395
v 0.238990 -0.116180 0.190340
v 0.242692 -0.111756 0.187916
v 0.245068 -0.106180 0.186359
v 0.245887 -0.100000 0.185823
v 0.245887 0.100000 0.185823
v 0.245068 0.106180 0.186359
v 0.242692 0.111756 0.187916
v 0.238990 0.116180 0.190340
v 0.234326 0.119021 0.193395
v 0.229156 0.120000 0.196781
v 0.235556 -0.120000 0.206444
v 0.240691 -0.119021 0.203006
v 0.245324 -0.116180 0.199905
v 0.249001 -0.111756 0.197443
v 0.251362 -0.106180 0.195863
v 0.252175 -0.100000 0.195318
v 0.252175 0.100000 0.195318
v 0.251362 0.106180 0.195863
v 0.249001 0.111756 0.197443
v 0.245324 0.116180 0.199905
v 0.240691 0.119021 0.203006
v 0.235556 0.120000 0.206444
v 0.242038 -0.120000 0.216024
v 0.247141 -0.119021 0.212537
v 0.251744 -0.116180 0.209391
v 0.255397 -0.111756 0.206895
v 0.257743 -0.106180 0.205292
v 0.258551 -0.100000 0.204740
v 0.258551 0.100000 0.204740
v 0.257743 0.106180 0.205292
v 0.255397 0.111756 0.206895
v 0.251744 0.116180 0.209391
v 0.247141 0.119021 0.212537
v 0.242038 0.120000 0.216024
v 0.248750 -0.120000 0.225750
v 0.253823 -0.119021 0.222220
v 0.258399 -0.116180 0.219035
v 0.262031 -0.111756 0.216508
v 0.264363 -0.106180 0.214886
v 0.265167 -0.100000 0.214326
v 0.265167 0.100000 0.214326
v 0.264363 0.106180 0.214886
v 0.262031 0.111756 0.216508
v 0.258399 0.116180 0.219035
v 0.253823 0.119021 0.222220
v 0.248750 0.120000 0.225750
v 0.255837 -0.120000 0.235851
v 0.260885 -0.119021 0.232286
v 0.265440 -0.116180 0.229070
v 0.269054 -0.111756 0.226518
v 0.271375 -0.106180 0.224879
v 0.272174 -0.100000 0.224314
v 0.272174 0.100000 0.224314
v 0.271375 0.106180 0.224879
v 0.269054 0.111756 0.226518
v 0.265440 0.116180 0.229070
v 0.260885 0.119021 0.232286
v 0.255837 0.120000 0.235851
v 0.263444 -0.120000 0.246556
v 0.268475 -0.119021 0.242965
v 0.273012 -0.116180 0.239725
v 0.276613 -0.111756 0.237154
v 0.278925 -0.106180 0.235504
v 0.279722 -0.100000 0.234935
v 0.279722 0.100000 0.234935
v 0.278925 0.106180 0.235504
v 0.276613 0.111756 0.237154
v 0.273012 0.116180 0.239725
v 0.268475 0.119021 0.242965
v 0.263444 0.120000 0.246556
v 0.271719 -0.120000 0.258094
v 0.276736 -0.119021 0.254485
v 0.281263 -0.116180 0.251230
v 0.284855 -0.111756 0.248647
v 0.287161 -0.106180 0.246988
v 0.287956 -0.100000 0.246417
v 0.287956 0.100000 0.246417
v 0.287161 0.106180 0.246988
v 0.284855 0.111756 0.248647
v 0.281263 0.116180 0.251230
v 0.276736 0.119021 0.254485
v 0.271719 0.120000 0.258094
v 0.280806 -0.120000 0.270694
v 0.285816 -0.119021 0.267076
v 0.290336 -0.116180 0.263812
v 0.293923 -0.111756 0.261222
v 0.296226 -0.106180 0.259559
v 0.297020 -0.100000 0.258986
v 0.297020 0.100000 0.258986
v 0.296226 0.106180 0.259559
v 0.293923 0.111756 0.261222
v 0.290336 0.116180 0.263812
v 0.285816 0.119021 0.267076
v 0.280806 0.120000 0.270694
v 0.290851 -0.120000 0.284587
v 0.295859 -0.119021 0.280965
v 0.300376 -0.116180 0.277698
v 0.303962 -0.111756 0.275105
v 0.306263 -0.106180 0.273440
v 0.307057 -0.100000 0.272866
v 0.307057 0.100000 0.272866
v 0.306263 0.106180 0.273440
v 0.303962 0.111756 0.275105
v 0.300376 0.116180 0.277698
v 0.295859 0.119021 0.280965
v 0.290851 0.120000 0.284587
v 0.302000 -0.120000 0.300000
v 0.314098 -0.119021 0.306180
v 0.325013 -0.116180 0.311756
v 0.333674 -0.111756 0.316180
v 0.339235 -0.106180 0.319021
v 0.341151 -0.100000 0.320000
v 0.341151 0.100000 0.320000
v 0.339235 0.106180 0.319021
v 0.333674 0.111756 0.316180
v 0.325013 0.116180 0.311756
v 0.314098 0.119021 0.306180
v 0.302000 0.120000 0.300000
v 0.185000 -0.120000 0.300000
v 0.181626 -0.119021 0.306180
v 0.178582 -0.116180 0.311756
v 0.176166 -0.111756 0.316180
v 0.174615 -0.106180 0.319021
v 0.174081 -0.100000 0.320000
v 0.174081 0.100000 0.320000
v 0.174615 0.106180 0.319021
v 0.176166 0.111756 0.316180
v 0.178582 0.116180 0.311756
v 0.181626 0.119021 0.306180
v 0.185000 0.120000 0.300000
v 0.095000 -0.120000 0.160000
v 0.089824 -0.119021 0.163378
v 0.085155 -0.116180 0.166425
v 0.081449 -0.111756 0.168843
v 0.079070 -0.106180 0.170395
v 0.078250 -0.100000 0.170930
v 0.078250 0.100000 0.170930
v 0.079070 0.106180 0.170395
v 0.081449 0.111756 0.168843
v 0.085155 0.116180 0.166425
v 0.089824 0.119021 0.163378
v 0.095000 0.120000 0.160000
v 0.073487 -0.120000 0.127521
v 0.068391 -0.119021 0.131018
v 0.063793 -0.116180 0.134173
v 0.060144 -0.111756 0.136677
v 0.057801 -0.106180 0.138284
v 0.056994 -0.100000 0.138838
v 0.056994 0.100000 0.138838
v 0.057801 0.106180 0.138284
v 0.060144 0.111756 0.136677
v 0.063793 0.116180 0.134173
v 0.068391 0.119021 0.131018
v 0.073487 0.120000 0.127521
v 0.053815 -0.120000 0.099833
v 0.048851 -0.119021 0.103518
v 0.044373 -0.116180 0.106841
v 0.040819 -0.111756 0.109479
v 0.038538 -0.106180 0.111172
v 0.037752 -0.100000 0.111756
v 0.037752 0.100000 0.111756
v 0.038538 0.106180 0.111172
v 0.040819 0.111756 0.109479
v 0.044373 0.116180 0.106841
v 0.048851 0.119021 0.103518
v 0.053815 0.120000 0.099833
v 0.035781 -0.120000 0.076563
v 0.030996 -0.119021 0.080477
v 0.026679 -0.116180 0.084009
v 0.023253 -0.111756 0.086811
v 0.021054 -0.106180 0.088610
v 0.020296 -0.100000 0.089230
v 0.020296 0.100000 0.089230
v 0.021054 0.106180 0.088610
v 0.023253 0.111756 0.086811
v 0.026679 0.116180 0.084009
v 0.030996 0.119021 0.080477
v 0.035781 0.120000 0.076563
v 0.019185 -0.120000 0.057333
v 0.014641 -0.119021 0.061528
v 0.010542 -0.116180 0.065312
v 0.007289 -0.111756 0.068315
v 0.005201 -0.106180 0.070242
v 0.004481 -0.100000 0.070907
v 0.004481 0.100000 0.070907
v 0.005201 0.106180 0.070242
v 0.007289 0.111756 0.068315
v 0.010542 0.116180 0.065312
v 0.014641 0.119021 0.061528
v 0.019185 0.120000 0.057333
v 0.003825 -0.120000 0.041771
v -0.000392 -0.119021 0.046296
v -0.004196 -0.116180 0.050379
v -0.007215 -0.111756 0.053619
v -0.009153 -0.106180 0.055699
v -0.009821 -0.100000 0.056416
v -0.009821 0.100000 0.056416
v -0.009153 0.106180 0.055699
v -0.007215 0.111756 0.053619
v -0.004196 0.116180 0.050379
v -0.000392 0.119021 0.046296
v 0.003825 0.120000 0.041771
v -0.010500 -0.120000 0.029500
v -0.014281 -0.119021 0.034399
v -0.017692 -0.116180 0.038819
v -0.020398 -0.111756 0.042326
v -0.022136 -0.106180 0.044578
v -0.022735 -0.100000 0.045354
v -0.022735 0.100000 0.045354
v -0.022136 0.106180 0.044578
v -0.020398 0.111756 0.042326
v -0.017692 0.116180 0.038819
v -0.014281 0.119021 0.034399
v -0.010500 0.120000 0.029500
v -0.023992 -0.120000 0.020146
v -0.027211 -0.119021 0.025435
v -0.030114 -0.116180 0.030206
v -0.032418 -0.111756 0.033992
v -0.033898 -0.106180 0.036423
v -0.034408 -0.100000 0.037261
v -0.034408 0.100000 0.037261
v -0.033898 0.106180 0.036423
v -0.032418 0.111756 0.033992
v -0.030114 0.116180 0.030206
v -0.027211 0.119021 0.025435
v -0.023992 0.120000 0.020146
v -0.036852 -0.120000 0.013333
v -0.039391 -0.119021 0.018982
v -0.041682 -0.116180 0.024078
v -0.043499 -0.111756 0.028122
v -0.044666 -0.106180 0.030719
v -0.045069 -0.100000 0.031614
v -0.045069 0.100000 0.031614
v -0.044666 0.106180 0.030719
v -0.043499 0.111756 0.028122
v -0.041682 0.116180 0.024078
v -0.039391 0.119021 0.018982
v -0.036852 0.120000 0.013333
v -0.049281 -0.120000 0.008688
v -0.051074 -0.119021 0.014615
v -0.052692 -0.116180 0.019963
v -0.053976 -0.111756 0.024206
v -0.054800 -0.106180 0.026931
v -0.055084 -0.100000 0.027870
v -0.055084 0.100000 0.027870
v -0.054800 0.106180 0.026931
v -0.053976 0.111756 0.024206
v -0.052692 0.116180 0.019963
v -0.051074 0.119021 0.014615
v -0.049281 0.120000 0.008688
v -0.061481 -0.120000 0.005833
v -0.062551 -0.119021 0.011930
v -0.063516 -0.116180 0.017430
v -0.064282 -0.111756 0.021795
v -0.064774 -0.106180 0.024598
v -0.064943 -0.100000 0.025564
v -0.064943 0.100000 0.025564
v -0.064774 0.106180 0.024598
v -0.064282 0.111756 0.021795
v -0.063516 0.116180 0.017430
v -0.062551 0.119021 0.011930
v -0.061481 0.120000 0.005833
v -0.073654 -0.120000 0.004396
v -0.074116 -0.119021 0.010565
v -0.074533 -0.116180 0.016129
v -0.074864 -0.111756 0.020546
v -0.075077 -0.106180 0.023381
v -0.075150 -0.100000 0.024358
v -0.075150 0.100000 0.024358
v -0.075077 0.106180 0.023381
v -0.074864 0.111756 0.020546
v -0.074533 0.116180 0.016129
v -0.074116 0.119021 0.010565
v -0.073654 0.120000 0.004396
v -0.086000 -0.120000 0.004000
v -0.086099 -0.119021 0.010180
v -0.086188 -0.116180 0.015756
v -0.086259 -0.111756 0.020180
v -0.086305 -0.106180 0.023021
v -0.086321 -0.100000 0.024000
v -0.086321 0.100000 0.024000
v -0.086305 0.106180 0.023021
v -0.086259 0.111756 0.020180
v -0.086188 0.116180 0.015756
v -0.086099 0.119021 0.010180
v -0.086000 0.120000 0.004000
v -0.127000 -0.120000 0.004000
v -0.120820 -0.119021 0.010180
v -0.115244 -0.116180 0.015756
v -0.110820 -0.111756 0.020180
v -0.107979 -0.106180 0.023021
v -0.107000 -0.100000 0.024000
v -0.107000 0.100000 0.024000
v -0.107979 0.106180 0.023021
v -0.110820 0.111756 0.020180
v -0.115244 0.116180 0.015756
v -0.120820 0.119021 0.010180
v -0.127000 0.120000 0.004000
v -0.127000 -0.120000 0.300000
v -0.120820 -0.119021 0.306180
v -0.115244 -0.116180 0.311756
v -0.110820 -0.111756 0.316180
v -0.107979 -0.106180 0.319021
v -0.107000 -0.100000 0.320000
v -0.107000 0.100000 0.320000
v -0.107979 0.106180 0.319021
v -0.110820 0.111756 0.316180
v -0.115244 0.116180 0.311756
v -0.120820 0.119021 0.306180
v -0.127000 0.120000 0.300000
v -0.225000 -0.120000 0.300000
v -0.231180 -0.119021 0.306180
v -0.236756 -0.116180 0.311756
v -0.241180 -0.111756 0.316180
v -0.244021 -0.106180 0.319021
v -0.245000 -0.100000 0.320000
v -0.245000 0.100000 0.320000
v -0.244021 0.106180 0.319021
v -0.241180 0.111756 0.316180
v -0.236756 0.116180 0.311756
v -0.231180 0.119021 0.306180
v -0.225000 0.120000 0.300000
v -0.225000 -0.120000 -0.382000
v -0.231180 -0.119021 -0.388180
v -0.236756 -0.116180 -0.393756
v -0.241180 -0.111756 -0.398180
v -0.244021 -0.106180 -0.401021
v -0.245000 -0.100000 -0.402000
v -0.245000 0.100000 -0.402000
v -0.244021 0.106180 -0.401021
v -0.241180 0.111756 -0.398180
v -0.236756 0.116180 -0.393756
v -0.231180 0.119021 -0.388180
v -0.225000 0.120000 -0.382000
v -0.053000 -0.120000 -0.382000
v -0.052861 -0.119021 -0.388180
v -0.052735 -0.116180 -0.393756
v -0.052636 -0.111756 -0.398180
v -0.052572 -0.106180 -0.401021
v -0.052550 -0.100000 -0.402000
v -0.052550 0.100000 -0.402000
v -0.052572 0.106180 -0.401021
v -0.052636 0.111756 -0.398180
v -0.052735 0.116180 -0.393756
v -0.052861 0.119021 -0.388180
v -0.053000 0.120000 -0.382000
v -0.064000 -0.120000 -0.084000
v -0.064137 -0.119021 -0.090180
v -0.064260 -0.116180 -0.095756
v -0.064358 -0.111756 -0.100180
v -0.064421 -0.106180 -0.103021
v -0.064443 -0.100000 -0.104000
v -0.064443 0.100000 -0.104000
v -0.064421 0.106180 -0.103021
v -0.064358 0.111756 -0.100180
v -0.064260 0.116180 -0.095756
v -0.064137 0.119021 -0.090180
v -0.064000 0.120000 -0.084000
v -0.039287 -0.120000 -0.085095
v -0.039871 -0.119021 -0.091256
v -0.040398 -0.116180 -0.096813
v -0.040816 -0.111756 -0.101224
v -0.041084 -0.106180 -0.104056
v -0.041177 -0.100000 -0.105031
v -0.041177 0.100000 -0.105031
v -0.041084 0.106180 -0.104056
v -0.040816 0.111756 -0.101224
v -0.040398 0.116180 -0.096813
v -0.039871 0.119021 -0.091256
v -0.039287 0.120000 -0.085095
v -0.017546 -0.120000 -0.088264
v -0.018795 -0.119021 -0.094327
v -0.019922 -0.116180 -0.099798
v -0.020816 -0.111756 -0.104139
v -0.021390 -0.106180 -0.106926
v -0.021588 -0.100000 -0.107886
v -0.021588 0.100000 -0.107886
v -0.021390 0.106180 -0.106926
v -0.020816 0.111756 -0.104139
v -0.019922 0.116180 -0.099798
v -0.018795 0.119021 -0.094327
v -0.017546 0.120000 -0.088264
v 0.001375 -0.120000 -0.093328
v -0.000623 -0.119021 -0.099191
v -0.002425 -0.116180 -0.104480
v -0.003856 -0.111756 -0.108678
v -0.004774 -0.106180 -0.111373
v -0.005090 -0.100000 -0.112302
v -0.005090 0.100000 -0.112302
v -0.004774 0.106180 -0.111373
v -0.003856 0.111756 -0.108678
v -0.002425 0.116180 -0.104480
v -0.000623 0.119021 -0.099191
v 0.001375 0.120000 -0.093328
v 0.017630 -0.120000 -0.100111
v 0.014823 -0.119021 -0.105637
v 0.012291 -0.116180 -0.110621
v 0.010281 -0.111756 -0.114577
v 0.008991 -0.106180 -0.117117
v 0.008546 -0.100000 -0.117992
v 0.008546 0.100000 -0.117992
v 0.008991 0.106180 -0.117117
v 0.010281 0.111756 -0.114577
v 0.012291 0.116180 -0.110621
v 0.014823 0.119021 -0.105637
v 0.017630 0.120000 -0.100111
v 0.031370 -0.120000 -0.108436
v 0.027742 -0.119021 -0.113464
v 0.024470 -0.116180 -0.118000
v 0.021872 -0.111756 -0.121600
v 0.020205 -0.106180 -0.123911
v 0.019630 -0.100000 -0.124707
v 0.019630 0.100000 -0.124707
v 0.020205 0.106180 -0.123911
v 0.021872 0.111756 -0.121600
v 0.024470 0.116180 -0.118000
v 0.027742 0.119021 -0.113464
v 0.031370 0.120000 -0.108436
v 0.042750 -0.120000 -0.118125
v 0.038354 -0.119021 -0.122500
v 0.034389 -0.116180 -0.126446
v 0.031242 -0.111756 -0.129578
v 0.029222 -0.106180 -0.131588
v 0.028526 -0.100000 -0.132281
v 0.028526 0.100000 -0.132281
v 0.029222 0.106180 -0.131588
v 0.031242 0.111756 -0.129578
v 0.034389 0.116180 -0.126446
v 0.038354 0.119021 -0.122500
v 0.042750 0.120000 -0.118125
v 0.051921 -0.120000 -0.129002
v 0.046875 -0.119021 -0.132604
v 0.042322 -0.116180 -0.135854
v 0.038709 -0.111756 -0.138433
v 0.036390 -0.106180 -0.140089
v 0.035590 -0.100000 -0.140660
v 0.035590 0.100000 -0.140660
v 0.036390 0.106180 -0.140089
v 0.038709 0.111756 -0.138433
v 0.042322 0.116180 -0.135854
v 0.046875 0.119021 -0.132604
v 0.051921 0.120000 -0.129002
v 0.059037 -0.120000 -0.140889
v 0.053495 -0.119021 -0.143664
v 0.048495 -0.116180 -0.146167
v 0.044528 -0.111756 -0.148153
v 0.041980 -0.106180 -0.149428
v 0.041102 -0.100000 -0.149868
v 0.041102 0.100000 -0.149868
v 0.041980 0.106180 -0.149428
v 0.044528 0.111756 -0.148153
v 0.048495 0.116180 -0.146167
v 0.053495 0.119021 -0.143664
v 0.059037 0.120000 -0.140889
v 0.064250 -0.120000 -0.153609
v 0.058372 -0.119021 -0.155565
v 0.053070 -0.116180 -0.157328
v 0.048861 -0.111756 -0.158728
v 0.046160 -0.106180 -0.159627
v 0.045229 -0.100000 -0.159937
v 0.045229 0.100000 -0.159937
v 0.046160 0.106180 -0.159627
v 0.048861 0.111756 -0.158728
v 0.053070 0.116180 -0.157328
v 0.058372 0.119021 -0.155565
v 0.064250 0.120000 -0.153609
v 0.067713 -0.120000 -0.166986
v 0.061637 -0.119021 -0.168177
v 0.056156 -0.116180 -0.169252
v 0.051806 -0.111756 -0.170104
v 0.049014 -0.106180 -0.170652
v 0.048051 -0.100000 -0.170841
v 0.048051 0.100000 -0.170841
v 0.049014 0.106180 -0.170652
v 0.051806 0.111756 -0.170104
v 0.056156 0.116180 -0.169252
v 0.061637 0.119021 -0.168177
v 0.067713 0.120000 -0.166986
v 0.069579 -0.120000 -0.180842
v 0.063411 -0.119021 -0.181348
v 0.057846 -0.116180 -0.181804
v 0.053431 -0.111756 -0.182166
v 0.050595 -0.106180 -0.182398
v 0.049619 -0.100000 -0.182478
v 0.049619 0.100000 -0.182478
v 0.050595 0.106180 -0.182398
v 0.053431 0.111756 -0.182166
v 0.057846 0.116180 -0.181804
v 0.063411 0.119021 -0.181348
v 0.069579 0.120000 -0.180842
v 0.070000 -0.120000 -0.195000
v 0.063814 -0.119021 -0.194886
v 0.058233 -0.116180 -0.194783
v 0.053804 -0.111756 -0.194701
v 0.050960 -0.106180 -0.194649
v 0.049980 -0.100000 -0.194631
v 0.049980 0.100000 -0.194631
v 0.050960 0.106180 -0.194649
v 0.053804 0.111756 -0.194701
v 0.058233 0.116180 -0.194783
v 0.063814 0.119021 -0.194886
v 0.070000 0.120000 -0.195000
v 0.068968 -0.120000 -0.210471
v 0.062825 -0.119021 -0.209704
v 0.057283 -0.116180 -0.209012
v 0.052885 -0.111756 -0.208463
v 0.050062 -0.106180 -0.208111
v 0.049089 -0.100000 -0.207989
v 0.049089 0.100000 -0.207989
v 0.050062 0.106180 -0.208111
v 0.052885 0.111756 -0.208463
v 0.057283 0.116180 -0.209012
v 0.062825 0.119021 -0.209704
v 0.068968 0.120000 -0.210471
v 0.066324 -0.120000 -0.224852
v 0.060320 -0.119021 -0.223327
v 0.054905 -0.116180 -0.221952
v 0.050606 -0.111756 -0.220860
v 0.047847 -0.106180 -0.220159
v 0.046896 -0.100000 -0.219918
v 0.046896 0.100000 -0.219918
v 0.047847 0.106180 -0.220159
v 0.050606 0.111756 -0.220860
v 0.054905 0.116180 -0.221952
v 0.060320 0.119021 -0.223327
v 0.066324 0.120000 -0.224852
v 0.062000 -0.120000 -0.238094
v 0.056270 -0.119021 -0.235731
v 0.051101 -0.116180 -0.233599
v 0.046999 -0.111756 -0.231907
v 0.044365 -0.106180 -0.230820
v 0.043458 -0.100000 -0.230446
v 0.043458 0.100000 -0.230446
v 0.044365 0.106180 -0.230820
v 0.046999 0.111756 -0.231907
v 0.051101 0.116180 -0.233599
v 0.056270 0.119021 -0.235731
v 0.062000 0.120000 -0.238094
v 0.055926 -0.120000 -0.250148
v 0.050635 -0.119021 -0.246915
v 0.045861 -0.116180 -0.243998
v 0.042073 -0.111756 -0.241683
v 0.039641 -0.106180 -0.240196
v 0.038803 -0.100000 -0.239684
v 0.038803 0.100000 -0.239684
v 0.039641 0.106180 -0.240196
v 0.042073 0.111756 -0.241683
v 0.045861 0.116180 -0.243998
v 0.050635 0.119021 -0.246915
v 0.055926 0.120000 -0.250148
v 0.048032 -0.120000 -0.260966
v 0.043346 -0.119021 -0.256903
v 0.039119 -0.116180 -0.253238
v 0.035764 -0.111756 -0.250329
v 0.033610 -0.106180 -0.248462
v 0.032868 -0.100000 -0.247818
v 0.032868 0.100000 -0.247818
v 0.033610 0.106180 -0.248462
v 0.035764 0.111756 -0.250329
v 0.039119 0.116180 -0.253238
v 0.043346 0.119021 -0.256903
v 0.048032 0.120000 -0.260966
v 0.038250 -0.120000 -0.270500
v 0.034298 -0.119021 -0.265722
v 0.030732 -0.116180 -0.261412
v 0.027903 -0.111756 -0.257991
v 0.026086 -0.106180 -0.255795
v 0.025460 -0.100000 -0.255038
v 0.025460 0.100000 -0.255038
v 0.026086 0.106180 -0.255795
v 0.027903 0.111756 -0.257991
v 0.030732 0.116180 -0.261412
v 0.034298 0.119021 -0.265722
v 0.038250 0.120000 -0.270500
v 0.026509 -0.120000 -0.278700
v 0.023351 -0.119021 -0.273368
v 0.020501 -0.116180 -0.268557
v 0.018240 -0.111756 -0.264740
v 0.016788 -0.106180 -0.262288
v 0.016288 -0.100000 -0.261444
v 0.016288 0.100000 -0.261444
v 0.016788 0.106180 -0.262288
v 0.018240 0.111756 -0.264740
v 0.020501 0.116180 -0.268557
v 0.023351 0.119021 -0.273368
v 0.026509 0.120000 -0.278700
v 0.012741 -0.120000 -0.285519
v 0.010365 -0.119021 -0.279798
v 0.008222 -0.116180 -0.274638
v 0.006522 -0.111756 -0.270543
v 0.005430 -0.106180 -0.267913
v 0.005054 -0.100000 -0.267007
v 0.005054 0.100000 -0.267007
v 0.005430 0.106180 -0.267913
v 0.006522 0.111756 -0.270543
v 0.008222 0.116180 -0.274638
v 0.010365 0.119021 -0.279798
v 0.012741 0.120000 -0.285519
v -0.003125 -0.120000 -0.290906
v -0.004779 -0.119021 -0.284941
v -0.006270 -0.116180 -0.279559
v -0.007454 -0.111756 -0.275289
v -0.008214 -0.106180 -0.272547
v -0.008476 -0.100000 -0.271602
v -0.008476 0.100000 -0.271602
v -0.008214 0.106180 -0.272547
v -0.007454 0.111756 -0.275289
v -0.006270 0.116180 -0.279559
v -0.004779 0.119021 -0.284941
v -0.003125 0.120000 -0.290906
v -0.021157 -0.120000 -0.294815
v -0.022175 -0.119021 -0.288712
v -0.023093 -0.116180 -0.283206
v -0.023821 -0.111756 -0.278836
v -0.024289 -0.106180 -0.276031
v -0.024450 -0.100000 -0.275064
v -0.024450 0.100000 -0.275064
v -0.024289 0.106180 -0.276031
v -0.023821 0.111756 -0.278836
v -0.023093 0.116180 -0.283206
v -0.022175 0.119021 -0.288712
v -0.021157 0.120000 -0.294815
v -0.041426 -0.120000 -0.297196
v -0.041897 -0.119021 -0.291028
v -0.042322 -0.116180 -0.285464
v -0.042660 -0.111756 -0.281049
v -0.042877 -0.106180 -0.278214
v -0.042951 -0.100000 -0.277237
v -0.042951 0.100000 -0.277237
v -0.042877 0.106180 -0.278214
v -0.042660 0.111756 -0.281049
v -0.042322 0.116180 -0.285464
v -0.041897 0.119021 -0.291028
v -0.041426 0.120000 -0.297196
v -0.064000 -0.120000 -0.298000
v -0.064110 -0.119021 -0.291820
v -0.064209 -0.116180 -0.286244
v -0.064288 -0.111756 -0.281820
v -0.064339 -0.106180 -0.278979
v -0.064356 -0.100000 -0.278000
v -0.064356 0.100000 -0.278000
v -0.064339 0.106180 -0.278979
v -0.064288 0.111756 -0.281820
v -0.064209 0.116180 -0.286244
v -0.064110 0.119021 -0.291820
v -0.064000 0.120000 -0.298000
v -0.127000 -0.120000 -0.298000
v -0.120820 -0.119021 -0.291820
v -0.115244 -0.116180 -0.286244
v -0.110820 -0.111756 -0.281820
v -0.107979 -0.106180 -0.278979
v -0.107000 -0.100000 -0.278000
v -0.107000 0.100000 -0.278000
v -0.107979 0.106180 -0.278979
v -0.110820 0.111756 -0.281820
v -0.115244 0.116180 -0.286244
v -0.120820 0.119021 -0.291820
v -0.127000 0.120000 -0.298000
v -0.127000 -0.120000 -0.084000
v -0.120820 -0.119021 -0.090180
v -0.115244 -0.116180 -0.095756
v -0.110820 -0.111756 -0.100180
v -0.107979 -0.106180 -0.103021
v -0.107000 -0.100000 -0.104000
v -0.107000 0.100000 -0.104000
v -0.107979 0.106180 -0.103021
v -0.110820 0.111756 -0.100180
v -0.115244 0.116180 -0.095756
v -0.120820 0.119021 -0.090180
v -0.127000 0.120000 -0.084000
vn -0.0000 1.0000 -0.0000
vn -0.0000 -1.0000 -0.0000
vn 0.0292 -0.9497 -0.3117
vn 0.0609 -0.9496 -0.3075
vn 0.0303 -0.9877 -0.1532
vn 0.0146 -0.9877 -0.1556
vn 0.0551 -0.8070 -0.5879
vn 0.1147 -0.8069 -0.5795
vn 0.0757 -0.5859 -0.8068
vn 0.1574 -0.5858 -0.7950
vn 0.0889 -0.3079 -0.9473
vn 0.1848 -0.3078 -0.9333
vn 0.0931 -0.0784 -0.9926
vn 0.1936 -0.0784 -0.9779
vn 0.0931 0.0784 -0.9926
vn 0.1936 0.0784 -0.9779
vn 0.0889 0.3079 -0.9473
vn 0.1848 0.3078 -0.9333
vn 0.0757 0.5859 -0.8068
vn 0.1574 0.5858 -0.7950
vn 0.0551 0.8070 -0.5879
vn 0.1147 0.8069 -0.5795
vn 0.0292 0.9497 -0.3117
vn 0.0609 0.9496 -0.3075
vn 0.0146 0.9877 -0.1556
vn 0.0303 0.9877 -0.1532
vn 0.0950 -0.9495 -0.2991
vn 0.0473 -0.9877 -0.1488
vn 0.1789 -0.8067 -0.5632
vn 0.2454 -0.5857 -0.7725
vn 0.2881 -0.3078 -0.9068
vn 0.3018 -0.0784 -0.9501
vn 0.3018 0.0784 -0.9501
vn 0.2881 0.3078 -0.9068
vn 0.2454 0.5857 -0.7725
vn 0.1789 0.8067 -0.5632
vn 0.0950 0.9495 -0.2991
vn 0.0473 0.9877 -0.1488
vn 0.1311 -0.9494 -0.2856
vn 0.0651 -0.9877 -0.1419
vn 0.2467 -0.8065 -0.5373
vn 0.3383 -0.5855 -0.7367
vn 0.3970 -0.3077 -0.8647
vn 0.4160 -0.0784 -0.9060
vn 0.4160 0.0784 -0.9060
vn 0.3970 0.3077 -0.8647
vn 0.3383 0.5855 -0.7367
vn 0.2467 0.8065 -0.5373
vn 0.1311 0.9494 -0.2856
vn 0.0651 0.9877 -0.1419
vn 0.1681 -0.9492 -0.2659
vn 0.0834 -0.9877 -0.1319
vn 0.3160 -0.8064 -0.4999
vn 0.4332 -0.5854 -0.6853
vn 0.5084 -0.3076 -0.8043
vn 0.5327 -0.0784 -0.8427
vn 0.5327 0.0784 -0.8427
vn 0.5084 0.3076 -0.8043
vn 0.4332 0.5854 -0.6853
vn 0.3160 0.8064 -0.4999
vn 0.1681 0.9492 -0.2659
vn 0.0834 0.9877 -0.1319
vn 0.2044 -0.9491 -0.2395
vn 0.1013 -0.9878 -0.1187
vn 0.3839 -0.8063 -0.4500
vn 0.5262 -0.5853 -0.6168
vn 0.6176 -0.3076 -0.7239
vn 0.6470 -0.0784 -0.7584
vn 0.6470 0.0784 -0.7584
vn 0.6176 0.3076 -0.7239
vn 0.5262 0.5853 -0.6168
vn 0.3839 0.8063 -0.4500
vn 0.2044 0.9491 -0.2395
vn 0.1013 0.9878 -0.1187
vn 0.2378 -0.9491 -0.2066
vn 0.1178 -0.9878 -0.1023
vn 0.4466 -0.8062 -0.3880
vn 0.6121 -0.5853 -0.5317
vn 0.7183 -0.3076 -0.6240
vn 0.7526 -0.0784 -0.6538
vn 0.7526 0.0784 -0.6538
vn 0.7183 0.3076 -0.6240
vn 0.6121 0.5853 -0.5317
vn 0.4466 0.8062 -0.3880
vn 0.2378 0.9491 -0.2066
vn 0.1178 0.9878 -0.1023
vn 0.2665 -0.9491 -0.1681
vn 0.1319 -0.9878 -0.0832
vn 0.5004 -0.8062 -0.3157
vn 0.6857 -0.5853 -0.4327
vn 0.8047 -0.3076 -0.5078
vn 0.8431 -0.0784 -0.5320
vn 0.8431 0.0784 -0.5320
vn 0.8047 0.3076 -0.5078
vn 0.6857 0.5853 -0.4327
vn 0.5004 0.8062 -0.3157
vn 0.2665 0.9491 -0.1681
vn 0.1319 0.9878 -0.0832
vn 0.2886 -0.9491 -0.1260
vn 0.1430 -0.9878 -0.0624
vn 0.5422 -0.8062 -0.2367
vn 0.7431 -0.5853 -0.3245
vn 0.8720 -0.3076 -0.3808
vn 0.9136 -0.0784 -0.3989
vn 0.9136 0.0784 -0.3989
vn 0.8720 0.3076 -0.3808
vn 0.7431 0.5853 -0.3245
vn 0.5422 0.8062 -0.2367
vn 0.2886 0.9491 -0.1260
vn 0.1430 0.9878 -0.0624
vn 0.3037 -0.9492 -0.0827
vn 0.1506 -0.9877 -0.0410
vn 0.5707 -0.8063 -0.1554
vn 0.7823 -0.5854 -0.2130
vn 0.9181 -0.3076 -0.2499
vn 0.9619 -0.0784 -0.2618
vn 0.9619 0.0784 -0.2618
vn 0.9181 0.3076 -0.2499
vn 0.7823 0.5854 -0.2130
vn 0.5707 0.8063 -0.1554
vn 0.3037 0.9492 -0.0827
vn 0.1506 0.9877 -0.0410
vn 0.3118 -0.9493 -0.0402
vn 0.1548 -0.9877 -0.0200
vn 0.5864 -0.8065 -0.0756
vn 0.8040 -0.5855 -0.1037
vn 0.9437 -0.3077 -0.1217
vn 0.9887 -0.0784 -0.1275
vn 0.9887 0.0784 -0.1275
vn 0.9437 0.3077 -0.1217
vn 0.8040 0.5855 -0.1037
vn 0.5864 0.8065 -0.0756
vn 0.3118 0.9493 -0.0402
vn 0.1548 0.9877 -0.0200
vn 0.3134 -0.9496 -0.0028
vn 0.1562 -0.9877 -0.0014
vn 0.5907 -0.8069 -0.0053
vn 0.8104 -0.5858 -0.0073
vn 0.9514 -0.3079 -0.0086
vn 0.9969 -0.0784 -0.0090
vn 0.9969 0.0784 -0.0090
vn 0.9514 0.3079 -0.0086
vn 0.8104 0.5858 -0.0073
vn 0.5907 0.8069 -0.0053
vn 0.3134 0.9496 -0.0028
vn 0.1562 0.9877 -0.0014
vn 0.3116 -0.9498 0.0281
vn 0.1556 -0.9877 0.0140
vn 0.5880 -0.8071 0.0530
vn 0.8070 -0.5860 0.0728
vn 0.9476 -0.3080 0.0855
vn 0.9929 -0.0784 0.0896
vn 0.9929 0.0784 0.0896
vn 0.9476 0.3080 0.0855
vn 0.8070 0.5860 0.0728
vn 0.5880 0.8071 0.0530
vn 0.3116 0.9498 0.0281
vn 0.1556 0.9877 0.0140
vn 0.3077 -0.9497 0.0575
vn 0.1536 -0.9877 0.0287
vn 0.5805 -0.8070 0.1084
vn 0.7966 -0.5859 0.1488
vn 0.9352 -0.3079 0.1747
vn 0.9800 -0.0784 0.1830
vn 0.9800 0.0784 0.1830
vn 0.9352 0.3079 0.1747
vn 0.7966 0.5859 0.1488
vn 0.5805 0.8070 0.1084
vn 0.3077 0.9497 0.0575
vn 0.1536 0.9877 0.0287
vn 0.3007 -0.9497 0.0878
vn 0.1500 -0.9877 0.0438
vn 0.5669 -0.8070 0.1656
vn 0.7779 -0.5859 0.2272
vn 0.9133 -0.3079 0.2667
vn 0.9569 -0.0784 0.2795
vn 0.9569 0.0784 0.2795
vn 0.9133 0.3079 0.2667
vn 0.7779 0.5859 0.2272
vn 0.5669 0.8070 0.1656
vn 0.3007 0.9497 0.0878
vn 0.1500 0.9877 0.0438
vn 0.2901 -0.9496 0.1184
vn 0.1446 -0.9877 0.0591
vn 0.5469 -0.8069 0.2233
vn 0.7503 -0.5858 0.3063
vn 0.8808 -0.3079 0.3596
vn 0.9230 -0.0784 0.3768
vn 0.9230 0.0784 0.3768
vn 0.8808 0.3079 0.3596
vn 0.7503 0.5858 0.3063
vn 0.5469 0.8069 0.2233
vn 0.2901 0.9496 0.1184
vn 0.1446 0.9877 0.0591
vn 0.2760 -0.9496 0.1485
vn 0.1376 -0.9877 0.0740
vn 0.5202 -0.8069 0.2800
vn 0.7137 -0.5858 0.3841
vn 0.8378 -0.3078 0.4509
vn 0.8779 -0.0784 0.4725
vn 0.8779 0.0784 0.4725
vn 0.8378 0.3078 0.4509
vn 0.7137 0.5858 0.3841
vn 0.5202 0.8069 0.2800
vn 0.2760 0.9496 0.1485
vn 0.1376 0.9877 0.0740
vn 0.2585 -0.9496 0.1773
vn 0.1288 -0.9877 0.0883
vn 0.4872 -0.8069 0.3341
vn 0.6684 -0.5858 0.4584
vn 0.7847 -0.3078 0.5381
vn 0.8222 -0.0784 0.5638
vn 0.8222 0.0784 0.5638
vn 0.7847 0.3078 0.5381
vn 0.6684 0.5858 0.4584
vn 0.4872 0.8069 0.3341
vn 0.2585 0.9496 0.1773
vn 0.1288 0.9877 0.0883
vn 0.2381 -0.9496 0.2038
vn 0.1187 -0.9877 0.1016
vn 0.4487 -0.8069 0.3842
vn 0.6156 -0.5858 0.5271
vn 0.7227 -0.3078 0.6188
vn 0.7573 -0.0784 0.6484
vn 0.7573 0.0784 0.6484
vn 0.7227 0.3078 0.6188
vn 0.6156 0.5858 0.5271
vn 0.4487 0.8069 0.3842
vn 0.2381 0.9496 0.2038
vn 0.1187 0.9877 0.1016
vn 0.2153 -0.9497 0.2276
vn 0.1074 -0.9877 0.1135
vn 0.4059 -0.8069 0.4291
vn 0.5569 -0.5858 0.5888
vn 0.6538 -0.3079 0.6912
vn 0.6851 -0.0784 0.7242
vn 0.6851 0.0784 0.7242
vn 0.6538 0.3079 0.6912
vn 0.5569 0.5858 0.5888
vn 0.4059 0.8069 0.4291
vn 0.2153 0.9497 0.2276
vn 0.1074 0.9877 0.1135
vn 0.1910 -0.9497 0.2482
vn 0.0953 -0.9877 0.1238
vn 0.3601 -0.8070 0.4681
vn 0.4942 -0.5859 0.6423
vn 0.5802 -0.3079 0.7541
vn 0.6079 -0.0784 0.7901
vn 0.6079 0.0784 0.7901
vn 0.5802 0.3079 0.7541
vn 0.4942 0.5859 0.6423
vn 0.3601 0.8070 0.4681
vn 0.1910 0.9497 0.2482
vn 0.0953 0.9877 0.1238
vn 0.1658 -0.9498 0.2655
vn 0.0828 -0.9877 0.1325
vn 0.3128 -0.8071 0.5008
vn 0.4293 -0.5860 0.6873
vn 0.5040 -0.3079 0.8070
vn 0.5281 -0.0784 0.8456
vn 0.5281 0.0784 0.8456
vn 0.5040 0.3079 0.8070
vn 0.4293 0.5860 0.6873
vn 0.3128 0.8071 0.5008
vn 0.1658 0.9498 0.2655
vn 0.0828 0.9877 0.1325
vn 0.1405 -0.9498 0.2795
vn 0.0702 -0.9877 0.1396
vn 0.2335 -0.8880 0.3962
vn 0.8698 0.1162 -0.4795
vn 0.8508 0.0612 -0.5219
vn 0.8702 0.0078 -0.4927
vn 0.8702 -0.0078 -0.4927
vn 0.8508 -0.0612 -0.5219
vn 0.8698 -0.1162 -0.4795
vn 0.2335 0.8880 0.3962
vn 0.1405 0.9498 0.2795
vn 0.0702 0.9877 0.1396
vn 0.1063 -0.9943 0.0106
vn 0.0781 -0.9969 0.0078
vn -0.5106 0.8583 -0.0508
vn -0.6317 0.7726 -0.0629
vn -0.8773 0.4719 -0.0873
vn -0.9850 0.1421 -0.0980
vn -0.9850 -0.1421 -0.0980
vn -0.8773 -0.4719 -0.0873
vn -0.6317 -0.7726 -0.0629
vn -0.5106 -0.8583 -0.0508
vn 0.1063 0.9943 0.0106
vn 0.0781 0.9969 0.0078
vn 0.1896 -0.9501 -0.2477
vn 0.0950 -0.9877 -0.1241
vn 0.2970 -0.8887 -0.3492
vn 0.7651 0.1161 0.6333
vn 0.7385 0.0612 0.6715
vn 0.7630 0.0078 0.6464
vn 0.7630 -0.0078 0.6464
vn 0.7385 -0.0612 0.6714
vn 0.7651 -0.1161 0.6333
vn 0.2970 0.8887 -0.3492
vn 0.1896 0.9501 -0.2477
vn 0.0950 0.9877 -0.1241
vn 0.2055 -0.9502 -0.2345
vn 0.1031 -0.9877 -0.1176
vn 0.3887 -0.8076 -0.4435
vn 0.5339 -0.5865 -0.6091
vn 0.6270 -0.3082 -0.7154
vn 0.6571 -0.0784 -0.7497
vn 0.6571 0.0784 -0.7497
vn 0.6270 0.3082 -0.7154
vn 0.5339 0.5865 -0.6091
vn 0.3887 0.8076 -0.4435
vn 0.2055 0.9502 -0.2345
vn 0.1031 0.9877 -0.1176
vn 0.2193 -0.9502 -0.2213
vn 0.1101 -0.9877 -0.1111
vn 0.4149 -0.8078 -0.4188
vn 0.5700 -0.5866 -0.5753
vn 0.6696 -0.3083 -0.6758
vn 0.7017 -0.0784 -0.7082
vn 0.7017 0.0784 -0.7082
vn 0.6696 0.3083 -0.6758
vn 0.5700 0.5866 -0.5753
vn 0.4149 0.8078 -0.4188
vn 0.2193 0.9502 -0.2213
vn 0.1101 0.9877 -0.1111
vn 0.2309 -0.9503 -0.2087
vn 0.1160 -0.9877 -0.1049
vn 0.4371 -0.8079 -0.3953
vn 0.6007 -0.5867 -0.5431
vn 0.7056 -0.3084 -0.6380
vn 0.7395 -0.0784 -0.6686
vn 0.7395 0.0784 -0.6686
vn 0.7056 0.3084 -0.6380
vn 0.6007 0.5867 -0.5431
vn 0.4371 0.8079 -0.3953
vn 0.2309 0.9503 -0.2087
vn 0.1160 0.9877 -0.1049
vn 0.2403 -0.9504 -0.1973
vn 0.1209 -0.9877 -0.0992
vn 0.4553 -0.8080 -0.3738
vn 0.6258 -0.5868 -0.5138
vn 0.7352 -0.3084 -0.6036
vn 0.7705 -0.0784 -0.6326
vn 0.7705 0.0784 -0.6326
vn 0.7352 0.3084 -0.6036
vn 0.6258 0.5868 -0.5138
vn 0.4553 0.8080 -0.3738
vn 0.2403 0.9504 -0.1973
vn 0.1209 0.9877 -0.0992
vn 0.2478 -0.9505 -0.1873
vn 0.1248 -0.9877 -0.0943
vn 0.4698 -0.8082 -0.3551
vn 0.6459 -0.5870 -0.4882
vn 0.7589 -0.3085 -0.5735
vn 0.7953 -0.0784 -0.6011
vn 0.7953 0.0784 -0.6011
vn 0.7589 0.3085 -0.5735
vn 0.6459 0.5870 -0.4882
vn 0.4698 0.8082 -0.3551
vn 0.2478 0.9505 -0.1873
vn 0.1248 0.9877 -0.0943
vn 0.2535 -0.9506 -0.1789
vn 0.1278 -0.9877 -0.0902
vn 0.4810 -0.8084 -0.3394
vn 0.6614 -0.5871 -0.4667
vn 0.7772 -0.3086 -0.5484
vn 0.8145 -0.0784 -0.5748
vn 0.8145 0.0784 -0.5748
vn 0.7772 0.3086 -0.5484
vn 0.6614 0.5871 -0.4667
vn 0.4810 0.8084 -0.3394
vn 0.2535 0.9506 -0.1789
vn 0.1278 0.9877 -0.0902
vn 0.2577 -0.9507 -0.1722
vn 0.1301 -0.9877 -0.0869
vn 0.4893 -0.8085 -0.3270
vn 0.6730 -0.5873 -0.4497
vn 0.7908 -0.3087 -0.5285
vn 0.8289 -0.0784 -0.5539
vn 0.8289 0.0784 -0.5539
vn 0.7908 0.3087 -0.5285
vn 0.6730 0.5873 -0.4497
vn 0.4893 0.8085 -0.3270
vn 0.2577 0.9507 -0.1722
vn 0.1301 0.9877 -0.0869
vn 0.2607 -0.9508 -0.1672
vn 0.1317 -0.9877 -0.0845
vn 0.4951 -0.8087 -0.3177
vn 0.6811 -0.5874 -0.4370
vn 0.8005 -0.3088 -0.5136
vn 0.8391 -0.0784 -0.5383
vn 0.8391 0.0784 -0.5383
vn 0.8005 0.3088 -0.5136
vn 0.6811 0.5874 -0.4370
vn 0.4951 0.8087 -0.3177
vn 0.2607 0.9508 -0.1672
vn 0.1317 0.9877 -0.0845
vn 0.2625 -0.9509 -0.1639
vn 0.1327 -0.9877 -0.0828
vn 0.4989 -0.8088 -0.3114
vn 0.6864 -0.5876 -0.4285
vn 0.8068 -0.3089 -0.5037
vn 0.8457 -0.0784 -0.5279
vn 0.8457 0.0784 -0.5279
vn 0.8068 0.3089 -0.5037
vn 0.6864 0.5876 -0.4285
vn 0.4989 0.8088 -0.3114
vn 0.2625 0.9509 -0.1639
vn 0.1327 0.9877 -0.0828
vn 0.2634 -0.9510 -0.1620
vn 0.1332 -0.9877 -0.0820
vn 0.5008 -0.8089 -0.3080
vn 0.6892 -0.5877 -0.4239
vn 0.8101 -0.3090 -0.4983
vn 0.8492 -0.0785 -0.5223
vn 0.8492 0.0785 -0.5223
vn 0.8101 0.3090 -0.4983
vn 0.6892 0.5877 -0.4239
vn 0.5008 0.8089 -0.3080
vn 0.2634 0.9510 -0.1620
vn 0.1332 0.9877 -0.0820
vn 0.2627 -0.9512 -0.1621
vn 0.1331 -0.9877 -0.0822
vn 0.5000 -0.8092 -0.3086
vn 0.6883 -0.5880 -0.4249
vn 0.8093 -0.3091 -0.4995
vn 0.8483 -0.0785 -0.5236
vn 0.8483 0.0785 -0.5236
vn 0.8093 0.3091 -0.4995
vn 0.6883 0.5880 -0.4249
vn 0.5000 0.8092 -0.3086
vn 0.2627 0.9512 -0.1621
vn 0.1331 0.9877 -0.0822
vn 0.2613 -0.9512 -0.1642
vn 0.1325 -0.9877 -0.0832
vn 0.4975 -0.8092 -0.3125
vn 0.6849 -0.5880 -0.4303
vn 0.8053 -0.3091 -0.5059
vn 0.8442 -0.0785 -0.5303
vn 0.8442 0.0785 -0.5303
vn 0.8053 0.3091 -0.5059
vn 0.6849 0.5880 -0.4303
vn 0.4975 0.8092 -0.3125
vn 0.2613 0.9512 -0.1642
vn 0.1325 0.9877 -0.0832
vn 0.2598 -0.9512 -0.1665
vn 0.1317 -0.9877 -0.0844
vn 0.4946 -0.8092 -0.3170
vn 0.6810 -0.5880 -0.4365
vn 0.8007 -0.3092 -0.5132
vn 0.8393 -0.0785 -0.5380
vn 0.8393 0.0785 -0.5380
vn 0.8007 0.3092 -0.5132
vn 0.6810 0.5880 -0.4365
vn 0.4946 0.8092 -0.3170
vn 0.2598 0.9512 -0.1665
vn 0.1317 0.9877 -0.0844
vn 0.2581 -0.9512 -0.1691
vn 0.1309 -0.9877 -0.0857
vn 0.4914 -0.8093 -0.3219
vn 0.6766 -0.5880 -0.4432
vn 0.7956 -0.3092 -0.5211
vn 0.8340 -0.0785 -0.5462
vn 0.8340 0.0785 -0.5462
vn 0.7956 0.3092 -0.5211
vn 0.6766 0.5880 -0.4432
vn 0.4914 0.8093 -0.3219
vn 0.2581 0.9512 -0.1691
vn 0.1309 0.9877 -0.0857
vn 0.2564 -0.9512 -0.1717
vn 0.1300 -0.9877 -0.0870
vn 0.4882 -0.8093 -0.3268
vn 0.6721 -0.5880 -0.4500
vn 0.7903 -0.3092 -0.5290
vn 0.8284 -0.0785 -0.5546
vn 0.8284 0.0785 -0.5546
vn 0.7903 0.3092 -0.5290
vn 0.6721 0.5880 -0.4500
vn 0.4882 0.8093 -0.3268
vn 0.2564 0.9512 -0.1717
vn 0.1300 0.9877 -0.0870
vn 0.2548 -0.9512 -0.1741
vn 0.1292 -0.9877 -0.0883
vn 0.4850 -0.8092 -0.3315
vn 0.6678 -0.5880 -0.4564
vn 0.7852 -0.3092 -0.5366
vn 0.8231 -0.0785 -0.5625
vn 0.8231 0.0785 -0.5625
vn 0.7852 0.3092 -0.5366
vn 0.6678 0.5880 -0.4564
vn 0.4850 0.8092 -0.3315
vn 0.2548 0.9512 -0.1741
vn 0.1292 0.9877 -0.0883
vn 0.2534 -0.9512 -0.1763
vn 0.1284 -0.9877 -0.0894
vn 0.4823 -0.8092 -0.3356
vn 0.6640 -0.5880 -0.4620
vn 0.7806 -0.3091 -0.5432
vn 0.8183 -0.0785 -0.5694
vn 0.8183 0.0785 -0.5694
vn 0.7806 0.3091 -0.5432
vn 0.6640 0.5880 -0.4620
vn 0.4823 0.8092 -0.3356
vn 0.2534 0.9512 -0.1763
vn 0.1284 0.9877 -0.0894
vn 0.2522 -0.9511 -0.1781
vn 0.4800 -0.8092 -0.3389
vn 0.6608 -0.5879 -0.4666
vn 0.7769 -0.3091 -0.5486
vn 0.8144 -0.0785 -0.5750
vn 0.8144 0.0785 -0.5750
vn 0.7769 0.3091 -0.5486
vn 0.6608 0.5879 -0.4666
vn 0.4800 0.8092 -0.3389
vn 0.2522 0.9511 -0.1781
vn 0.2513 -0.9511 -0.1794
vn 0.1273 -0.9877 -0.0909
vn 0.4783 -0.8091 -0.3414
vn 0.6584 -0.5879 -0.4700
vn 0.7740 -0.3091 -0.5526
vn 0.8114 -0.0785 -0.5792
vn 0.8114 0.0785 -0.5792
vn 0.7740 0.3091 -0.5526
vn 0.6584 0.5879 -0.4700
vn 0.4783 0.8091 -0.3414
vn 0.2513 0.9511 -0.1794
vn 0.1273 0.9877 -0.0909
vn 0.2508 -0.9511 -0.1803
vn 0.1270 -0.9877 -0.0913
vn 0.4771 -0.8091 -0.3431
vn 0.6568 -0.5878 -0.4723
vn 0.7721 -0.3091 -0.5553
vn 0.8094 -0.0785 -0.5820
vn 0.8094 0.0785 -0.5820
vn 0.7721 0.3091 -0.5553
vn 0.6568 0.5878 -0.4723
vn 0.4771 0.8091 -0.3431
vn 0.2508 0.9511 -0.1803
vn 0.1270 0.9877 -0.0913
vn 0.2505 -0.9511 -0.1809
vn 0.1268 -0.9877 -0.0916
vn 0.4765 -0.8090 -0.3441
vn 0.6559 -0.5878 -0.4736
vn 0.7710 -0.3090 -0.5568
vn 0.8082 -0.0785 -0.5836
vn 0.8082 0.0785 -0.5836
vn 0.7710 0.3090 -0.5568
vn 0.6559 0.5878 -0.4736
vn 0.4765 0.8090 -0.3441
vn 0.2505 0.9511 -0.1809
vn 0.1268 0.9877 -0.0916
vn 0.2504 -0.9511 -0.1811
vn 0.1268 -0.9877 -0.0917
vn 0.4763 -0.8090 -0.3445
vn 0.6555 -0.5878 -0.4741
vn 0.7706 -0.3090 -0.5573
vn 0.8078 -0.0785 -0.5842
vn 0.8078 0.0785 -0.5842
vn 0.7706 0.3090 -0.5573
vn 0.6555 0.5878 -0.4741
vn 0.4763 0.8090 -0.3445
vn 0.2504 0.9511 -0.1811
vn 0.1268 0.9877 -0.0917
vn 0.1788 -0.9796 0.0913
vn 0.0640 -0.9974 0.0327
vn 0.3370 -0.9256 0.1721
vn 0.5399 -0.7952 0.2758
vn 0.7731 -0.4963 0.3949
vn 0.8800 -0.1530 0.4496
vn 0.8800 0.1530 0.4496
vn 0.7731 0.4963 0.3949
vn 0.5399 0.7952 0.2758
vn 0.3370 0.9256 0.1721
vn 0.1788 0.9796 0.0913
vn 0.0640 0.9974 0.0327
vn -0.1514 -0.9488 0.2772
vn -0.0660 -0.9905 0.1209
vn -0.2739 -0.8206 0.5017
vn -0.3791 -0.6117 0.6944
vn -0.4525 -0.3290 0.8289
vn -0.4774 -0.0868 0.8744
vn -0.4774 0.0868 0.8744
vn -0.4525 0.3290 0.8289
vn -0.3791 0.6117 0.6944
vn -0.2739 0.8206 0.5017
vn -0.1514 0.9488 0.2772
vn -0.0660 0.9905 0.1209
vn -0.2583 -0.9513 0.1685
vn -0.1310 -0.9877 0.0855
vn -0.4919 -0.8093 0.3210
vn -0.6773 -0.5881 0.4420
vn -0.7964 -0.3092 0.5197
vn -0.8349 -0.0785 0.5448
vn -0.8349 0.0785 0.5448
vn -0.7964 0.3092 0.5197
vn -0.6773 0.5881 0.4420
vn -0.4919 0.8093 0.3210
vn -0.2583 0.9513 0.1685
vn -0.1310 0.9877 0.0855
vn -0.2536 -0.9515 0.1740
vn -0.1290 -0.9877 0.0885
vn -0.4837 -0.8098 0.3319
vn -0.6666 -0.5886 0.4574
vn -0.7841 -0.3095 0.5380
vn -0.8220 -0.0785 0.5640
vn -0.8220 0.0785 0.5640
vn -0.7841 0.3095 0.5380
vn -0.6666 0.5886 0.4574
vn -0.4837 0.8098 0.3319
vn -0.2536 0.9515 0.1740
vn -0.1290 0.9877 0.0885
vn -0.2466 -0.9517 0.1830
vn -0.1256 -0.9877 0.0932
vn -0.4708 -0.8101 0.3495
vn -0.6490 -0.5888 0.4817
vn -0.7635 -0.3097 0.5667
vn -0.8005 -0.0786 0.5942
vn -0.8005 0.0786 0.5942
vn -0.7635 0.3097 0.5667
vn -0.6490 0.5888 0.4817
vn -0.4708 0.8101 0.3495
vn -0.2466 0.9517 0.1830
vn -0.1256 0.9877 0.0932
vn -0.2373 -0.9519 0.1941
vn -0.1210 -0.9877 0.0990
vn -0.4535 -0.8104 0.3710
vn -0.6254 -0.5892 0.5116
vn -0.7359 -0.3099 0.6020
vn -0.7716 -0.0786 0.6312
vn -0.7716 0.0786 0.6312
vn -0.7359 0.3099 0.6020
vn -0.6254 0.5892 0.5116
vn -0.4535 0.8104 0.3710
vn -0.2373 0.9519 0.1941
vn -0.1210 0.9877 0.0990
vn -0.2247 -0.9521 0.2075
vn -0.1149 -0.9877 0.1061
vn -0.4301 -0.8107 0.3971
vn -0.5935 -0.5896 0.5479
vn -0.6986 -0.3101 0.6448
vn -0.7325 -0.0786 0.6762
vn -0.7325 0.0786 0.6762
vn -0.6986 0.3101 0.6448
vn -0.5935 0.5896 0.5479
vn -0.4301 0.8107 0.3971
vn -0.2247 0.9521 0.2075
vn -0.1149 0.9877 0.1061
vn -0.2079 -0.9523 0.2231
vn -0.1066 -0.9877 0.1144
vn -0.3986 -0.8112 0.4278
vn -0.5504 -0.5901 0.5906
vn -0.6480 -0.3105 0.6954
vn -0.6796 -0.0787 0.7293
vn -0.6796 0.0787 0.7293
vn -0.6480 0.3105 0.6954
vn -0.5504 0.5901 0.5906
vn -0.3986 0.8112 0.4278
vn -0.2079 0.9523 0.2231
vn -0.1066 0.9877 0.1144
vn -0.1858 -0.9527 0.2407
vn -0.0955 -0.9877 0.1237
vn -0.3568 -0.8118 0.4623
vn -0.4930 -0.5907 0.6388
vn -0.5807 -0.3109 0.7524
vn -0.6091 -0.0788 0.7892
vn -0.6091 0.0788 0.7892
vn -0.5807 0.3109 0.7524
vn -0.4930 0.5907 0.6388
vn -0.3568 0.8118 0.4623
vn -0.1858 0.9527 0.2407
vn -0.0955 0.9877 0.1237
vn -0.1576 -0.9529 0.2590
vn -0.0812 -0.9877 0.1334
vn -0.3032 -0.8123 0.4982
vn -0.4193 -0.5913 0.6889
vn -0.4940 -0.3112 0.8118
vn -0.5182 -0.0788 0.8516
vn -0.5182 0.0788 0.8516
vn -0.4940 0.3112 0.8118
vn -0.4193 0.5913 0.6889
vn -0.3032 0.8123 0.4982
vn -0.1576 0.9529 0.2590
vn -0.0812 0.9877 0.1334
vn -0.1241 -0.9531 0.2760
vn -0.0640 -0.9877 0.1424
vn -0.2389 -0.8126 0.5315
vn -0.3305 -0.5916 0.7353
vn -0.3896 -0.3115 0.8667
vn -0.4087 -0.0789 0.9093
vn -0.4087 0.0789 0.9093
vn -0.3896 0.3115 0.8667
vn -0.3305 0.5916 0.7353
vn -0.2389 0.8126 0.5315
vn -0.1241 0.9531 0.2760
vn -0.0640 0.9877 0.1424
vn -0.0876 -0.9531 0.2897
vn -0.0452 -0.9877 0.1494
vn -0.1688 -0.8126 0.5579
vn -0.2334 -0.5916 0.7717
vn -0.2751 -0.3115 0.9096
vn -0.2886 -0.0789 0.9542
vn -0.2886 0.0789 0.9542
vn -0.2751 0.3115 0.9096
vn -0.2334 0.5916 0.7717
vn -0.1688 0.8126 0.5579
vn -0.0876 0.9531 0.2897
vn -0.0452 0.9877 0.1494
vn -0.0525 -0.9528 0.2990
vn -0.0270 -0.9877 0.1538
vn -0.1008 -0.8121 0.5747
vn -0.1394 -0.5910 0.7945
vn -0.1642 -0.3111 0.9361
vn -0.1723 -0.0788 0.9819
vn -0.1723 0.0788 0.9819
vn -0.1642 0.3111 0.9361
vn -0.1394 0.5910 0.7945
vn -0.1008 0.8121 0.5747
vn -0.0525 0.9528 0.2990
vn -0.0270 0.9877 0.1538
vn -0.0228 -0.9524 0.3041
vn -0.0117 -0.9877 0.1559
vn -0.0437 -0.8113 0.5830
vn -0.0603 -0.5902 0.8050
vn -0.0710 -0.3105 0.9479
vn -0.0745 -0.0787 0.9941
vn -0.0745 0.0787 0.9941
vn -0.0710 0.3105 0.9479
vn -0.0603 0.5902 0.8050
vn -0.0437 0.8113 0.5830
vn -0.0228 0.9524 0.3041
vn -0.0117 0.9877 0.1559
vn -0.0049 -0.9515 0.3075
vn -0.0025 -0.9877 0.1564
vn -0.0094 -0.8098 0.5866
vn -0.0130 -0.5886 0.8083
vn -0.0152 -0.3095 0.9508
vn -0.0160 -0.0785 0.9968
vn -0.0160 0.0785 0.9968
vn -0.0152 0.3095 0.9508
vn -0.0130 0.5886 0.8083
vn -0.0094 0.8098 0.5866
vn -0.0049 0.9515 0.3075
vn -0.0025 0.9877 0.1564
vn 0.1203 -0.9854 0.1203
vn 0.0787 -0.9938 0.0787
vn 0.2882 -0.9132 0.2882
vn 0.4666 -0.7513 0.4666
vn 0.6319 -0.4487 0.6319
vn 0.7024 -0.1158 0.7024
vn 0.7024 0.1158 0.7024
vn 0.6319 0.4487 0.6319
vn 0.4666 0.7513 0.4666
vn 0.2882 0.9132 0.2882
vn 0.1203 0.9854 0.1203
vn 0.0787 0.9938 0.0787
vn 0.1980 -0.9600 0.1980
vn 0.3610 -0.8599 0.3610
vn 0.5226 -0.6736 0.5226
vn 0.6543 -0.3793 0.6543
vn 0.7032 -0.1049 0.7032
vn 0.7032 0.1049 0.7032
vn 0.6543 0.3793 0.6543
vn 0.5226 0.6736 0.5226
vn 0.3610 0.8599 0.3610
vn 0.1980 0.9600 0.1980
vn -0.1980 -0.9600 0.1980
vn -0.0787 -0.9938 0.0787
vn -0.3610 -0.8599 0.3610
vn -0.5226 -0.6736 0.5226
vn -0.6543 -0.3793 0.6543
vn -0.7032 -0.1049 0.7032
vn -0.7032 0.1049 0.7032
vn -0.6543 0.3793 0.6543
vn -0.5226 0.6736 0.5226
vn -0.3610 0.8599 0.3610
vn -0.1980 0.9600 0.1980
vn -0.0787 0.9938 0.0787
vn -0.1980 -0.9600 -0.1980
vn -0.0787 -0.9938 -0.0787
vn -0.3610 -0.8599 -0.3610
vn -0.5226 -0.6736 -0.5226
vn -0.6543 -0.3793 -0.6543
vn -0.7032 -0.1049 -0.7032
vn -0.7032 0.1049 -0.7032
vn -0.6543 0.3793 -0.6543
vn -0.5226 0.6736 -0.5226
vn -0.3610 0.8599 -0.3610
vn -0.1980 0.9600 -0.1980
vn -0.0787 0.9938 -0.0787
vn 0.0070 -0.9504 -0.3109
vn 0.0035 -0.9877 -0.1564
vn 0.0133 -0.8080 -0.5890
vn 0.0182 -0.5868 -0.8095
vn 0.0214 -0.3084 -0.9510
vn 0.0224 -0.0784 -0.9967
vn 0.0224 0.0784 -0.9967
vn 0.0214 0.3084 -0.9510
vn 0.0182 0.5868 -0.8095
vn 0.0133 0.8080 -0.5890
vn 0.0070 0.9504 -0.3109
vn 0.0035 0.9877 -0.1564
vn -0.0068 -0.9517 -0.3069
vn -0.0287 -0.9526 -0.3028
vn -0.0147 -0.9877 -0.1555
vn -0.0035 -0.9877 -0.1564
vn -0.0130 -0.8101 -0.5861
vn -0.0551 -0.8117 -0.5814
vn -0.0179 -0.5889 -0.8080
vn -0.0761 -0.5906 -0.8033
vn -0.0211 -0.3097 -0.9506
vn -0.0897 -0.3108 -0.9462
vn -0.0221 -0.0786 -0.9967
vn -0.0941 -0.0788 -0.9924
vn -0.0221 0.0786 -0.9967
vn -0.0941 0.0788 -0.9924
vn -0.0211 0.3097 -0.9506
vn -0.0897 0.3108 -0.9462
vn -0.0179 0.5889 -0.8080
vn -0.0761 0.5906 -0.8033
vn -0.0130 0.8101 -0.5861
vn -0.0551 0.8117 -0.5814
vn -0.0068 0.9517 -0.3069
vn -0.0287 0.9526 -0.3028
vn -0.0035 0.9877 -0.1564
vn -0.0147 0.9877 -0.1555
vn -0.0612 -0.9529 -0.2971
vn -0.0315 -0.9877 -0.1530
vn -0.1177 -0.8122 -0.5713
vn -0.1627 -0.5912 -0.7900
vn -0.1917 -0.3112 -0.9308
vn -0.2011 -0.0788 -0.9764
vn -0.2011 0.0788 -0.9764
vn -0.1917 0.3112 -0.9308
vn -0.1627 0.5912 -0.7900
vn -0.1177 0.8122 -0.5713
vn -0.0612 0.9529 -0.2971
vn -0.0315 0.9877 -0.1530
vn -0.0975 -0.9532 -0.2862
vn -0.0503 -0.9877 -0.1478
vn -0.1879 -0.8128 -0.5514
vn -0.2600 -0.5918 -0.7630
vn -0.3065 -0.3116 -0.8994
vn -0.3215 -0.0789 -0.9436
vn -0.3215 0.0789 -0.9436
vn -0.3065 0.3116 -0.8994
vn -0.2600 0.5918 -0.7630
vn -0.1879 0.8128 -0.5514
vn -0.0975 0.9532 -0.2862
vn -0.0503 0.9877 -0.1478
vn -0.1366 -0.9535 -0.2688
vn -0.0707 -0.9878 -0.1391
vn -0.2635 -0.8133 -0.5188
vn -0.3649 -0.5924 -0.7183
vn -0.4303 -0.3120 -0.8471
vn -0.4515 -0.0790 -0.8888
vn -0.4515 0.0790 -0.8888
vn -0.4303 0.3120 -0.8471
vn -0.3649 0.5924 -0.7183
vn -0.2635 0.8133 -0.5188
vn -0.1366 0.9535 -0.2688
vn -0.0707 0.9878 -0.1391
vn -0.1761 -0.9537 -0.2440
vn -0.0912 -0.9878 -0.1265
vn -0.3401 -0.8137 -0.4714
vn -0.4712 -0.5928 -0.6531
vn -0.5559 -0.3123 -0.7704
vn -0.5833 -0.0790 -0.8084
vn -0.5833 0.0790 -0.8084
vn -0.5559 0.3123 -0.7704
vn -0.4712 0.5928 -0.6531
vn -0.3401 0.8137 -0.4714
vn -0.1761 0.9537 -0.2440
vn -0.0912 0.9878 -0.1265
vn -0.2131 -0.9537 -0.2121
vn -0.1105 -0.9878 -0.1100
vn -0.4119 -0.8138 -0.4099
vn -0.5707 -0.5930 -0.5680
vn -0.6733 -0.3124 -0.6701
vn -0.7066 -0.0790 -0.7032
vn -0.7066 0.0790 -0.7032
vn -0.6733 0.3124 -0.6701
vn -0.5707 0.5930 -0.5680
vn -0.4119 0.8138 -0.4099
vn -0.2131 0.9537 -0.2121
vn -0.1105 0.9878 -0.1100
vn -0.2449 -0.9537 -0.1748
vn -0.1269 -0.9878 -0.0906
vn -0.4731 -0.8137 -0.3377
vn -0.6555 -0.5928 -0.4679
vn -0.7732 -0.3123 -0.5520
vn -0.8114 -0.0790 -0.5792
vn -0.8114 0.0790 -0.5792
vn -0.7732 0.3123 -0.5520
vn -0.6555 0.5928 -0.4679
vn -0.4731 0.8137 -0.3377
vn -0.2449 0.9537 -0.1748
vn -0.1269 0.9878 -0.0906
vn -0.2696 -0.9535 -0.1350
vn -0.1395 -0.9878 -0.0698
vn -0.5202 -0.8133 -0.2605
vn -0.7204 -0.5924 -0.3607
vn -0.8496 -0.3120 -0.4253
vn -0.8914 -0.0790 -0.4463
vn -0.8914 0.0790 -0.4463
vn -0.8496 0.3120 -0.4253
vn -0.7204 0.5924 -0.3607
vn -0.5202 0.8133 -0.2605
vn -0.2696 0.9535 -0.1350
vn -0.1395 0.9878 -0.0698
vn -0.2868 -0.9532 -0.0954
vn -0.1481 -0.9877 -0.0493
vn -0.5527 -0.8128 -0.1839
vn -0.7648 -0.5919 -0.2544
vn -0.9016 -0.3116 -0.2999
vn -0.9459 -0.0789 -0.3147
vn -0.9459 0.0789 -0.3147
vn -0.9016 0.3116 -0.2999
vn -0.7648 0.5919 -0.2544
vn -0.5527 0.8128 -0.1839
vn -0.2868 0.9532 -0.0954
vn -0.1481 0.9877 -0.0493
vn -0.2975 -0.9529 -0.0583
vn -0.1532 -0.9877 -0.0300
vn -0.5723 -0.8123 -0.1122
vn -0.7914 -0.5913 -0.1551
vn -0.9326 -0.3113 -0.1828
vn -0.9783 -0.0788 -0.1918
vn -0.9783 0.0788 -0.1918
vn -0.9326 0.3113 -0.1828
vn -0.7914 0.5913 -0.1551
vn -0.5723 0.8123 -0.1122
vn -0.2975 0.9529 -0.0583
vn -0.1532 0.9877 -0.0300
vn -0.3029 -0.9527 -0.0248
vn -0.1557 -0.9877 -0.0128
vn -0.5819 -0.8118 -0.0477
vn -0.8042 -0.5908 -0.0659
vn -0.9473 -0.3109 -0.0777
vn -0.9936 -0.0788 -0.0815
vn -0.9936 0.0788 -0.0815
vn -0.9473 0.3109 -0.0777
vn -0.8042 0.5908 -0.0659
vn -0.5819 0.8118 -0.0477
vn -0.3029 0.9527 -0.0248
vn -0.1557 0.9877 -0.0128
vn -0.3043 -0.9526 0.0056
vn -0.1562 -0.9877 0.0029
vn -0.5841 -0.8116 0.0108
vn -0.8069 -0.5905 0.0149
vn -0.9503 -0.3107 0.0175
vn -0.9967 -0.0787 0.0184
vn -0.9967 0.0787 0.0184
vn -0.9503 0.3107 0.0175
vn -0.8069 0.5905 0.0149
vn -0.5841 0.8116 0.0108
vn -0.3043 0.9526 0.0056
vn -0.1562 0.9877 0.0029
vn -0.3010 -0.9529 0.0376
vn -0.1550 -0.9877 0.0193
vn -0.5789 -0.8122 0.0723
vn -0.8004 -0.5911 0.0999
vn -0.9430 -0.3112 0.1177
vn -0.9892 -0.0788 0.1235
vn -0.9892 0.0788 0.1235
vn -0.9430 0.3112 0.1177
vn -0.8004 0.5911 0.0999
vn -0.5789 0.8122 0.0723
vn -0.3010 0.9529 0.0376
vn -0.1550 0.9877 0.0193
vn -0.2931 -0.9532 0.0744
vn -0.1513 -0.9877 0.0384
vn -0.5646 -0.8128 0.1434
vn -0.7813 -0.5918 0.1984
vn -0.9210 -0.3116 0.2339
vn -0.9662 -0.0789 0.2454
vn -0.9662 0.0789 0.2454
vn -0.9210 0.3116 0.2339
vn -0.7813 0.5918 0.1984
vn -0.5646 0.8128 0.1434
vn -0.2931 0.9532 0.0744
vn -0.1513 0.9877 0.0384
vn -0.2787 -0.9535 0.1149
vn -0.1442 -0.9878 0.0595
vn -0.5378 -0.8134 0.2218
vn -0.7448 -0.5924 0.3072
vn -0.8783 -0.3120 0.3623
vn -0.9216 -0.0790 0.3801
vn -0.9216 0.0790 0.3801
vn -0.8783 0.3120 0.3623
vn -0.7448 0.5924 0.3072
vn -0.5378 0.8134 0.2218
vn -0.2787 0.9535 0.1149
vn -0.1442 0.9878 0.0595
vn -0.2566 -0.9537 0.1568
vn -0.1330 -0.9878 0.0813
vn -0.4959 -0.8138 0.3031
vn -0.6871 -0.5929 0.4199
vn -0.8106 -0.3123 0.4954
vn -0.8506 -0.0790 0.5198
vn -0.8506 0.0790 0.5198
vn -0.8106 0.3123 0.4954
vn -0.6871 0.5929 0.4199
vn -0.4959 0.8138 0.3031
vn -0.2566 0.9537 0.1568
vn -0.1330 0.9878 0.0813
vn -0.2270 -0.9538 0.1969
vn -0.1178 -0.9878 0.1021
vn -0.4389 -0.8139 0.3806
vn -0.6083 -0.5931 0.5274
vn -0.7177 -0.3125 0.6223
vn -0.7532 -0.0791 0.6530
vn -0.7532 0.0791 0.6530
vn -0.7177 0.3125 0.6223
vn -0.6083 0.5931 0.5274
vn -0.4389 0.8139 0.3806
vn -0.2270 0.9538 0.1969
vn -0.1178 0.9878 0.1021
vn -0.1917 -0.9537 0.2318
vn -0.0994 -0.9878 0.1202
vn -0.3705 -0.8138 0.4479
vn -0.5133 -0.5929 0.6205
vn -0.6055 -0.3123 0.7320
vn -0.6354 -0.0790 0.7681
vn -0.6354 0.0790 0.7681
vn -0.6055 0.3123 0.7320
vn -0.5133 0.5929 0.6205
vn -0.3705 0.8138 0.4479
vn -0.1917 0.9537 0.2318
vn -0.0994 0.9878 0.1202
vn -0.1537 -0.9535 0.2594
vn -0.0795 -0.9878 0.1342
vn -0.2965 -0.8133 0.5006
vn -0.4106 -0.5924 0.6932
vn -0.4842 -0.3120 0.8175
vn -0.5080 -0.0790 0.8577
vn -0.5080 0.0790 0.8577
vn -0.4842 0.3120 0.8175
vn -0.4106 0.5924 0.6932
vn -0.2965 0.8133 0.5006
vn -0.1537 0.9535 0.2594
vn -0.0795 0.9878 0.1342
vn -0.1160 -0.9532 0.2793
vn -0.0599 -0.9877 0.1442
vn -0.2234 -0.8127 0.5381
vn -0.3092 -0.5917 0.7445
vn -0.3644 -0.3116 0.8776
vn -0.3823 -0.0789 0.9207
vn -0.3823 0.0789 0.9207
vn -0.3644 0.3116 0.8776
vn -0.3092 0.5917 0.7445
vn -0.2234 0.8127 0.5381
vn -0.1160 0.9532 0.2793
vn -0.0599 0.9877 0.1442
vn -0.0811 -0.9528 0.2924
vn -0.0417 -0.9877 0.1505
vn -0.1559 -0.8121 0.5623
vn -0.2155 -0.5911 0.7773
vn -0.2539 -0.3111 0.9158
vn -0.2663 -0.0788 0.9607
vn -0.2663 0.0788 0.9607
vn -0.2539 0.3111 0.9158
vn -0.2155 0.5911 0.7773
vn -0.1559 0.8121 0.5623
vn -0.0811 0.9528 0.2924
vn -0.0417 0.9877 0.1505
vn -0.0500 -0.9526 0.3002
vn -0.0257 -0.9877 0.1541
vn -0.0961 -0.8116 0.5762
vn -0.1327 -0.5905 0.7960
vn -0.1563 -0.3107 0.9376
vn -0.1639 -0.0787 0.9833
vn -0.1639 0.0787 0.9833
vn -0.1563 0.3107 0.9376
vn -0.1327 0.5905 0.7960
vn -0.0961 0.8116 0.5762
vn -0.0500 0.9526 0.3002
vn -0.0257 0.9877 0.1541
vn -0.0233 -0.9523 0.3042
vn -0.0119 -0.9877 0.1559
vn -0.0446 -0.8112 0.5831
vn -0.0615 -0.5900 0.8050
vn -0.0724 -0.3104 0.9478
vn -0.0760 -0.0787 0.9940
vn -0.0760 0.0787 0.9940
vn -0.0724 0.3104 0.9478
vn -0.0615 0.5900 0.8050
vn -0.0446 0.8112 0.5831
vn -0.0233 0.9523 0.3042
vn -0.0119 0.9877 0.1559
vn -0.0055 -0.9516 0.3073
vn -0.0028 -0.9877 0.1564
vn -0.0104 -0.8099 0.5865
vn -0.0144 -0.5887 0.8082
vn -0.0169 -0.3096 0.9507
vn -0.0178 -0.0785 0.9968
vn -0.0178 0.0785 0.9968
vn -0.0169 0.3096 0.9507
vn -0.0144 0.5887 0.8082
vn -0.0104 0.8099 0.5865
vn -0.0055 0.9516 0.3073
vn -0.0028 0.9877 0.1564
vn 0.1203 -0.9854 -0.1203
vn 0.0787 -0.9938 -0.0787
vn 0.2882 -0.9132 -0.2882
vn 0.4666 -0.7513 -0.4666
vn 0.6319 -0.4487 -0.6319
vn 0.7024 -0.1158 -0.7024
vn 0.7024 0.1158 -0.7024
vn 0.6319 0.4487 -0.6319
vn 0.4666 0.7513 -0.4666
vn 0.2882 0.9132 -0.2882
vn 0.1203 0.9854 -0.1203
vn 0.0787 0.9938 -0.0787
vt 0.688172 0.000000
vt 0.989247 0.000000
vt 0.698925 0.000000
vt 0.709677 0.000000
vt 0.000000 0.000000
vt 0.010753 0.000000
vt 0.021505 0.000000
vt 0.032258 0.000000
vt 0.043011 0.000000
vt 0.053763 0.000000
vt 0.064516 0.000000
vt 0.978495 0.000000
vt 0.075269 0.000000
vt 1.000000 0.000000
vt 0.967742 0.000000
vt 0.956989 0.000000
vt 0.946237 0.000000
vt 0.086022 0.000000
vt 0.935484 0.000000
vt 0.924731 0.000000
vt 0.913979 0.000000
vt 0.096774 0.000000
vt 0.903226 0.000000
vt 0.892473 0.000000
vt 0.881720 0.000000
vt 0.107527 0.000000
vt 0.870968 0.000000
vt 0.860215 0.000000
vt 0.118280 0.000000
vt 0.849462 0.000000
vt 0.838710 0.000000
vt 0.129032 0.000000
vt 0.827957 0.000000
vt 0.139785 0.000000
vt 0.817204 0.000000
vt 0.806452 0.000000
vt 0.150538 0.000000
vt 0.795699 0.000000
vt 0.161290 0.000000
vt 0.784946 0.000000
vt 0.172043 0.000000
vt 0.774194 0.000000
vt 0.763441 0.000000
vt 0.182796 0.000000
vt 0.752688 0.000000
vt 0.741935 0.000000
vt 0.193548 0.000000
vt 0.731183 0.000000
vt 0.720430 0.000000
vt 0.666667 0.000000
vt 0.204301 0.000000
vt 0.215054 0.000000
vt 0.225806 0.000000
vt 0.236559 0.000000
vt 0.247312 0.000000
vt 0.258065 0.000000
vt 0.268817 0.000000
vt 0.655914 0.000000
vt 0.645161 0.000000
vt 0.279570 0.000000
vt 0.677419 0.000000
vt 0.634409 0.000000
vt 0.623656 0.000000
vt 0.612903 0.000000
vt 0.290323 0.000000
vt 0.602151 0.000000
vt 0.591398 0.000000
vt 0.301075 0.000000
vt 0.580645 0.000000
vt 0.311828 0.000000
vt 0.569892 0.000000
vt 0.322581 0.000000
vt 0.559140 0.000000
vt 0.333333 0.000000
vt 0.548387 0.000000
vt 0.344086 0.000000
vt 0.537634 0.000000
vt 0.354839 0.000000
vt 0.365591 0.000000
vt 0.526882 0.000000
vt 0.376344 0.000000
vt 0.516129 0.000000
vt 0.387097 0.000000
vt 0.397849 0.000000
vt 0.408602 0.000000
vt 0.419355 0.000000
vt 0.430108 0.000000
vt 0.440860 0.000000
vt 0.451613 0.000000
vt 0.462366 0.000000
vt 0.473118 0.000000
vt 0.483871 0.000000
vt 0.494624 0.000000
vt 0.505376 0.000000
vt 0.000000 0.090909
vt 0.014925 0.090909
vt 0.014925 0.000000
vt 0.000000 0.181818
vt 0.014925 0.181818
vt 0.000000 0.272727
vt 0.014925 0.272727
vt 0.000000 0.363636
vt 0.014925 0.363636
vt 0.000000 0.454545
vt 0.014925 0.454545
vt 0.000000 0.545455
vt 0.014925 0.545455
vt 0.000000 0.636364
vt 0.014925 0.636364
vt 0.000000 0.727273
vt 0.014925 0.727273
vt 0.000000 0.818182
vt 0.014925 0.818182
vt 0.000000 0.909091
vt 0.014925 0.909091
vt 0.000000 1.000000
vt 0.014925 1.000000
vt 0.029851 0.090909
vt 0.029851 0.000000
vt 0.029851 0.181818
vt 0.029851 0.272727
vt 0.029851 0.363636
vt 0.029851 0.454545
vt 0.029851 0.545455
vt 0.029851 0.636364
vt 0.029851 0.727273
vt 0.029851 0.818182
vt 0.029851 0.909091
vt 0.029851 1.000000
vt 0.044776 0.090909
vt 0.044776 0.000000
vt 0.044776 0.181818
vt 0.044776 0.272727
vt 0.044776 0.363636
vt 0.044776 0.454545
vt 0.044776 0.545455
vt 0.044776 0.636364
vt 0.044776 0.727273
vt 0.044776 0.818182
vt 0.044776 0.909091
vt 0.044776 1.000000
vt 0.059701 0.090909
vt 0.059701 0.000000
vt 0.059701 0.181818
vt 0.059701 0.272727
vt 0.059701 0.363636
vt 0.059701 0.454545
vt 0.059701 0.545455
vt 0.059701 0.636364
vt 0.059701 0.727273
vt 0.059701 0.818182
vt 0.059701 0.909091
vt 0.059701 1.000000
vt 0.074627 0.090909
vt 0.074627 0.000000
vt 0.074627 0.181818
vt 0.074627 0.272727
vt 0.074627 0.363636
vt 0.074627 0.454545
vt 0.074627 0.545455
vt 0.074627 0.636364
vt 0.074627 0.727273
vt 0.074627 0.818182
vt 0.074627 0.909091
vt 0.074627 1.000000
vt 0.089552 0.090909
vt 0.089552 0.000000
vt 0.089552 0.181818
vt 0.089552 0.272727
vt 0.089552 0.363636
vt 0.089552 0.454545
vt 0.089552 0.545455
vt 0.089552 0.636364
vt 0.089552 0.727273
vt 0.089552 0.818182
vt 0.089552 0.909091
vt 0.089552 1.000000
vt 0.104478 0.090909
vt 0.104478 0.000000
vt 0.104478 0.181818
vt 0.104478 0.272727
vt 0.104478 0.363636
vt 0.104478 0.454545
vt 0.104478 0.545455
vt 0.104478 0.636364
vt 0.104478 0.727273
vt 0.104478 0.818182
vt 0.104478 0.909091
vt 0.104478 1.000000
vt 0.119403 0.090909
vt 0.119403 0.000000
vt 0.119403 0.181818
vt 0.119403 0.272727
vt 0.119403 0.363636
vt 0.119403 0.454545
vt 0.119403 0.545455
vt 0.119403 0.636364
vt 0.119403 0.727273
vt 0.119403 0.818182
vt 0.119403 0.909091
vt 0.119403 1.000000
vt 0.134328 0.090909
vt 0.134328 0.000000
vt 0.134328 0.181818
vt 0.134328 0.272727
vt 0.134328 0.363636
vt 0.134328 0.454545
vt 0.134328 0.545455
vt 0.134328 0.636364
vt 0.134328 0.727273
vt 0.134328 0.818182
vt 0.134328 0.909091
vt 0.134328 1.000000
vt 0.149254 0.090909
vt 0.149254 0.000000
vt 0.149254 0.181818
vt 0.149254 0.272727
vt 0.149254 0.363636
vt 0.149254 0.454545
vt 0.149254 0.545455
vt 0.149254 0.636364
vt 0.149254 0.727273
vt 0.149254 0.818182
vt 0.149254 0.909091
vt 0.149254 1.000000
vt 0.164179 0.090909
vt 0.164179 0.000000
vt 0.164179 0.181818
vt 0.164179 0.272727
vt 0.164179 0.363636
vt 0.164179 0.454545
vt 0.164179 0.545455
vt 0.164179 0.636364
vt 0.164179 0.727273
vt 0.164179 0.818182
vt 0.164179 0.909091
vt 0.164179 1.000000
vt 0.179104 0.090909
vt 0.179104 0.000000
vt 0.179104 0.181818
vt 0.179104 0.272727
vt 0.179104 0.363636
vt 0.179104 0.454545
vt 0.179104 0.545455
vt 0.179104 0.636364
vt 0.179104 0.727273
vt 0.179104 0.818182
vt 0.179104 0.909091
vt 0.179104 1.000000
vt 0.194030 0.090909
vt 0.194030 0.000000
vt 0.194030 0.181818
vt 0.194030 0.272727
vt 0.194030 0.363636
vt 0.194030 0.454545
vt 0.194030 0.545455
vt 0.194030 0.636364
vt 0.194030 0.727273
vt 0.194030 0.818182
vt 0.194030 0.909091
vt 0.194030 1.000000
vt 0.208955 0.090909
vt 0.208955 0.000000
vt 0.208955 0.181818
vt 0.208955 0.272727
vt 0.208955 0.363636
vt 0.208955 0.454545
vt 0.208955 0.545455
vt 0.208955 0.636364
vt 0.208955 0.727273
vt 0.208955 0.818182
vt 0.208955 0.909091
vt 0.208955 1.000000
vt 0.223881 0.090909
vt 0.223881 0.000000
vt 0.223881 0.181818
vt 0.223881 0.272727
vt 0.223881 0.363636
vt 0.223881 0.454545
vt 0.223881 0.545455
vt 0.223881 0.636364
vt 0.223881 0.727273
vt 0.223881 0.818182
vt 0.223881 0.909091
vt 0.223881 1.000000
vt 0.238806 0.090909
vt 0.238806 0.000000
vt 0.238806 0.181818
vt 0.238806 0.272727
vt 0.238806 0.363636
vt 0.238806 0.454545
vt 0.238806 0.545455
vt 0.238806 0.636364
vt 0.238806 0.727273
vt 0.238806 0.818182
vt 0.238806 0.909091
vt 0.238806 1.000000
vt 0.253731 0.090909
vt 0.253731 0.000000
vt 0.253731 0.181818
vt 0.253731 0.272727
vt 0.253731 0.363636
vt 0.253731 0.454545
vt 0.253731 0.545455
vt 0.253731 0.636364
vt 0.253731 0.727273
vt 0.253731 0.818182
vt 0.253731 0.909091
vt 0.253731 1.000000
vt 0.268657 0.090909
vt 0.268657 0.000000
vt 0.268657 0.181818
vt 0.268657 0.272727
vt 0.268657 0.363636
vt 0.268657 0.454545
vt 0.268657 0.545455
vt 0.268657 0.636364
vt 0.268657 0.727273
vt 0.268657 0.818182
vt 0.268657 0.909091
vt 0.268657 1.000000
vt 0.283582 0.090909
vt 0.283582 0.000000
vt 0.283582 0.181818
vt 0.283582 0.272727
vt 0.283582 0.363636
vt 0.283582 0.454545
vt 0.283582 0.545455
vt 0.283582 0.636364
vt 0.283582 0.727273
vt 0.283582 0.818182
vt 0.283582 0.909091
vt 0.283582 1.000000
vt 0.298507 0.090909
vt 0.298507 0.000000
vt 0.298507 0.181818
vt 0.298507 0.272727
vt 0.298507 0.363636
vt 0.298507 0.454545
vt 0.298507 0.545455
vt 0.298507 0.636364
vt 0.298507 0.727273
vt 0.298507 0.818182
vt 0.298507 0.909091
vt 0.298507 1.000000
vt 0.313433 0.090909
vt 0.313433 0.000000
vt 0.313433 0.181818
vt 0.313433 0.272727
vt 0.313433 0.363636
vt 0.313433 0.454545
vt 0.313433 0.545455
vt 0.313433 0.636364
vt 0.313433 0.727273
vt 0.313433 0.818182
vt 0.313433 0.909091
vt 0.313433 1.000000
vt 0.328358 0.090909
vt 0.328358 0.000000
vt 0.328358 0.181818
vt 0.328358 0.272727
vt 0.328358 0.363636
vt 0.328358 0.454545
vt 0.328358 0.545455
vt 0.328358 0.636364
vt 0.328358 0.727273
vt 0.328358 0.818182
vt 0.328358 0.909091
vt 0.328358 1.000000
vt 0.343284 0.090909
vt 0.343284 0.000000
vt 0.343284 0.181818
vt 0.343284 0.272727
vt 0.343284 0.363636
vt 0.343284 0.454545
vt 0.343284 0.545455
vt 0.343284 0.636364
vt 0.343284 0.727273
vt 0.343284 0.818182
vt 0.343284 0.909091
vt 0.343284 1.000000
vt 0.358209 0.090909
vt 0.358209 0.000000
vt 0.358209 0.181818
vt 0.358209 0.272727
vt 0.358209 0.363636
vt 0.358209 0.454545
vt 0.358209 0.545455
vt 0.358209 0.636364
vt 0.358209 0.727273
vt 0.358209 0.818182
vt 0.358209 0.909091
vt 0.358209 1.000000
vt 0.373134 0.090909
vt 0.373134 0.000000
vt 0.373134 0.181818
vt 0.373134 0.272727
vt 0.373134 0.363636
vt 0.373134 0.454545
vt 0.373134 0.545455
vt 0.373134 0.636364
vt 0.373134 0.727273
vt 0.373134 0.818182
vt 0.373134 0.909091
vt 0.373134 1.000000
vt 0.388060 0.090909
vt 0.388060 0.000000
vt 0.388060 0.181818
vt 0.388060 0.272727
vt 0.388060 0.363636
vt 0.388060 0.454545
vt 0.388060 0.545455
vt 0.388060 0.636364
vt 0.388060 0.727273
vt 0.388060 0.818182
vt 0.388060 0.909091
vt 0.388060 1.000000
vt 0.402985 0.090909
vt 0.402985 0.000000
vt 0.402985 0.181818
vt 0.402985 0.272727
vt 0.402985 0.363636
vt 0.402985 0.454545
vt 0.402985 0.545455
vt 0.402985 0.636364
vt 0.402985 0.727273
vt 0.402985 0.818182
vt 0.402985 0.909091
vt 0.402985 1.000000
vt 0.417910 0.090909
vt 0.417910 0.000000
vt 0.417910 0.181818
vt 0.417910 0.272727
vt 0.417910 0.363636
vt 0.417910 0.454545
vt 0.417910 0.545455
vt 0.417910 0.636364
vt 0.417910 0.727273
vt 0.417910 0.818182
vt 0.417910 0.909091
vt 0.417910 1.000000
vt 0.432836 0.090909
vt 0.432836 0.000000
vt 0.432836 0.181818
vt 0.432836 0.272727
vt 0.432836 0.363636
vt 0.432836 0.454545
vt 0.432836 0.545455
vt 0.432836 0.636364
vt 0.432836 0.727273
vt 0.432836 0.818182
vt 0.432836 0.909091
vt 0.432836 1.000000
vt 0.447761 0.090909
vt 0.447761 0.000000
vt 0.447761 0.181818
vt 0.447761 0.272727
vt 0.447761 0.363636
vt 0.447761 0.454545
vt 0.447761 0.545455
vt 0.447761 0.636364
vt 0.447761 0.727273
vt 0.447761 0.818182
vt 0.447761 0.909091
vt 0.447761 1.000000
vt 0.462687 0.090909
vt 0.462687 0.000000
vt 0.462687 0.181818
vt 0.462687 0.272727
vt 0.462687 0.363636
vt 0.462687 0.454545
vt 0.462687 0.545455
vt 0.462687 0.636364
vt 0.462687 0.727273
vt 0.462687 0.818182
vt 0.462687 0.909091
vt 0.462687 1.000000
vt 0.477612 0.090909
vt 0.477612 0.000000
vt 0.477612 0.181818
vt 0.477612 0.272727
vt 0.477612 0.363636
vt 0.477612 0.454545
vt 0.477612 0.545455
vt 0.477612 0.636364
vt 0.477612 0.727273
vt 0.477612 0.818182
vt 0.477612 0.909091
vt 0.477612 1.000000
vt 0.492537 0.090909
vt 0.492537 0.000000
vt 0.492537 0.181818
vt 0.492537 0.272727
vt 0.492537 0.363636
vt 0.492537 0.454545
vt 0.492537 0.545455
vt 0.492537 0.636364
vt 0.492537 0.727273
vt 0.492537 0.818182
vt 0.492537 0.909091
vt 0.492537 1.000000
vt 0.507463 0.090909
vt 0.507463 0.000000
vt 0.507463 0.181818
vt 0.507463 0.272727
vt 0.507463 0.363636
vt 0.507463 0.454545
vt 0.507463 0.545455
vt 0.507463 0.636364
vt 0.507463 0.727273
vt 0.507463 0.818182
vt 0.507463 0.909091
vt 0.507463 1.000000
vt 0.522388 0.090909
vt 0.522388 0.000000
vt 0.522388 0.181818
vt 0.522388 0.272727
vt 0.522388 0.363636
vt 0.522388 0.454545
vt 0.522388 0.545455
vt 0.522388 0.636364
vt 0.522388 0.727273
vt 0.522388 0.818182
vt 0.522388 0.909091
vt 0.522388 1.000000
vt 0.537313 0.090909
vt 0.537313 0.000000
vt 0.537313 0.181818
vt 0.537313 0.272727
vt 0.537313 0.363636
vt 0.537313 0.454545
vt 0.537313 0.545455
vt 0.537313 0.636364
vt 0.537313 0.727273
vt 0.537313 0.818182
vt 0.537313 0.909091
vt 0.537313 1.000000
vt 0.552239 0.090909
vt 0.552239 0.000000
vt 0.552239 0.181818
vt 0.552239 0.272727
vt 0.552239 0.363636
vt 0.552239 0.454545
vt 0.552239 0.545455
vt 0.552239 0.636364
vt 0.552239 0.727273
vt 0.552239 0.818182
vt 0.552239 0.909091
vt 0.552239 1.000000
vt 0.567164 0.090909
vt 0.567164 0.000000
vt 0.567164 0.181818
vt 0.567164 0.272727
vt 0.567164 0.363636
vt 0.567164 0.454545
vt 0.567164 0.545455
vt 0.567164 0.636364
vt 0.567164 0.727273
vt 0.567164 0.818182
vt 0.567164 0.909091
vt 0.567164 1.000000
vt 0.582090 0.090909
vt 0.582090 0.000000
vt 0.582090 0.181818
vt 0.582090 0.272727
vt 0.582090 0.363636
vt 0.582090 0.454545
vt 0.582090 0.545455
vt 0.582090 0.636364
vt 0.582090 0.727273
vt 0.582090 0.818182
vt 0.582090 0.909091
vt 0.582090 1.000000
vt 0.597015 0.090909
vt 0.597015 0.000000
vt 0.597015 0.181818
vt 0.597015 0.272727
vt 0.597015 0.363636
vt 0.597015 0.454545
vt 0.597015 0.545455
vt 0.597015 0.636364
vt 0.597015 0.727273
vt 0.597015 0.818182
vt 0.597015 0.909091
vt 0.597015 1.000000
vt 0.611940 0.090909
vt 0.611940 0.000000
vt 0.611940 0.181818
vt 0.611940 0.272727
vt 0.611940 0.363636
vt 0.611940 0.454545
vt 0.611940 0.545455
vt 0.611940 0.636364
vt 0.611940 0.727273
vt 0.611940 0.818182
vt 0.611940 0.909091
vt 0.611940 1.000000
vt 0.626866 0.090909
vt 0.626866 0.000000
vt 0.626866 0.181818
vt 0.626866 0.272727
vt 0.626866 0.363636
vt 0.626866 0.454545
vt 0.626866 0.545455
vt 0.626866 0.636364
vt 0.626866 0.727273
vt 0.626866 0.818182
vt 0.626866 0.909091
vt 0.626866 1.000000
vt 0.641791 0.090909
vt 0.641791 0.000000
vt 0.641791 0.181818
vt 0.641791 0.272727
vt 0.641791 0.363636
vt 0.641791 0.454545
vt 0.641791 0.545455
vt 0.641791 0.636364
vt 0.641791 0.727273
vt 0.641791 0.818182
vt 0.641791 0.909091
vt 0.641791 1.000000
vt 0.656716 0.090909
vt 0.656716 0.000000
vt 0.656716 0.181818
vt 0.656716 0.272727
vt 0.656716 0.363636
vt 0.656716 0.454545
vt 0.656716 0.545455
vt 0.656716 0.636364
vt 0.656716 0.727273
vt 0.656716 0.818182
vt 0.656716 0.909091
vt 0.656716 1.000000
vt 0.671642 0.090909
vt 0.671642 0.000000
vt 0.671642 0.181818
vt 0.671642 0.272727
vt 0.671642 0.363636
vt 0.671642 0.454545
vt 0.671642 0.545455
vt 0.671642 0.636364
vt 0.671642 0.727273
vt 0.671642 0.818182
vt 0.671642 0.909091
vt 0.671642 1.000000
vt 0.686567 0.090909
vt 0.686567 0.000000
vt 0.686567 0.181818
vt 0.686567 0.272727
vt 0.686567 0.363636
vt 0.686567 0.454545
vt 0.686567 0.545455
vt 0.686567 0.636364
vt 0.686567 0.727273
vt 0.686567 0.818182
vt 0.686567 0.909091
vt 0.686567 1.000000
vt 0.701493 0.090909
vt 0.701493 0.000000
vt 0.701493 0.181818
vt 0.701493 0.272727
vt 0.701493 0.363636
vt 0.701493 0.454545
vt 0.701493 0.545455
vt 0.701493 0.636364
vt 0.701493 0.727273
vt 0.701493 0.818182
vt 0.701493 0.909091
vt 0.701493 1.000000
vt 0.716418 0.090909
vt 0.716418 0.000000
vt 0.716418 0.181818
vt 0.716418 0.272727
vt 0.716418 0.363636
vt 0.716418 0.454545
vt 0.716418 0.545455
vt 0.716418 0.636364
vt 0.716418 0.727273
vt 0.716418 0.818182
vt 0.716418 0.909091
vt 0.716418 1.000000
vt 0.731343 0.090909
vt 0.731343 0.000000
vt 0.731343 0.181818
vt 0.731343 0.272727
vt 0.731343 0.363636
vt 0.731343 0.454545
vt 0.731343 0.545455
vt 0.731343 0.636364
vt 0.731343 0.727273
vt 0.731343 0.818182
vt 0.731343 0.909091
vt 0.731343 1.000000
vt 0.746269 0.090909
vt 0.746269 0.000000
vt 0.746269 0.181818
vt 0.746269 0.272727
vt 0.746269 0.363636
vt 0.746269 0.454545
vt 0.746269 0.545455
vt 0.746269 0.636364
vt 0.746269 0.727273
vt 0.746269 0.818182
vt 0.746269 0.909091
vt 0.746269 1.000000
vt 0.761194 0.090909
vt 0.761194 0.000000
vt 0.761194 0.181818
vt 0.761194 0.272727
vt 0.761194 0.363636
vt 0.761194 0.454545
vt 0.761194 0.545455
vt 0.761194 0.636364
vt 0.761194 0.727273
vt 0.761194 0.818182
vt 0.761194 0.909091
vt 0.761194 1.000000
vt 0.776119 0.090909
vt 0.776119 0.000000
vt 0.776119 0.181818
vt 0.776119 0.272727
vt 0.776119 0.363636
vt 0.776119 0.454545
vt 0.776119 0.545455
vt 0.776119 0.636364
vt 0.776119 0.727273
vt 0.776119 0.818182
vt 0.776119 0.909091
vt 0.776119 1.000000
vt 0.791045 0.090909
vt 0.791045 0.000000
vt 0.791045 0.181818
vt 0.791045 0.272727
vt 0.791045 0.363636
vt 0.791045 0.454545
vt 0.791045 0.545455
vt 0.791045 0.636364
vt 0.791045 0.727273
vt 0.791045 0.818182
vt 0.791045 0.909091
vt 0.791045 1.000000
vt 0.805970 0.090909
vt 0.805970 0.000000
vt 0.805970 0.181818
vt 0.805970 0.272727
vt 0.805970 0.363636
vt 0.805970 0.454545
vt 0.805970 0.545455
vt 0.805970 0.636364
vt 0.805970 0.727273
vt 0.805970 0.818182
vt 0.805970 0.909091
vt 0.805970 1.000000
vt 0.820895 0.090909
vt 0.820895 0.000000
vt 0.820895 0.181818
vt 0.820895 0.272727
vt 0.820895 0.363636
vt 0.820895 0.454545
vt 0.820895 0.545455
vt 0.820895 0.636364
vt 0.820895 0.727273
vt 0.820895 0.818182
vt 0.820895 0.909091
vt 0.820895 1.000000
vt 0.835821 0.090909
vt 0.835821 0.000000
vt 0.835821 0.181818
vt 0.835821 0.272727
vt 0.835821 0.363636
vt 0.835821 0.454545
vt 0.835821 0.545455
vt 0.835821 0.636364
vt 0.835821 0.727273
vt 0.835821 0.818182
vt 0.835821 0.909091
vt 0.835821 1.000000
vt 0.850746 0.090909
vt 0.850746 0.000000
vt 0.850746 0.181818
vt 0.850746 0.272727
vt 0.850746 0.363636
vt 0.850746 0.454545
vt 0.850746 0.545455
vt 0.850746 0.636364
vt 0.850746 0.727273
vt 0.850746 0.818182
vt 0.850746 0.909091
vt 0.850746 1.000000
vt 0.865672 0.090909
vt 0.865672 0.000000
vt 0.865672 0.181818
vt 0.865672 0.272727
vt 0.865672 0.363636
vt 0.865672 0.454545
vt 0.865672 0.545455
vt 0.865672 0.636364
vt 0.865672 0.727273
vt 0.865672 0.818182
vt 0.865672 0.909091
vt 0.865672 1.000000
vt 0.880597 0.090909
vt 0.880597 0.000000
vt 0.880597 0.181818
vt 0.880597 0.272727
vt 0.880597 0.363636
vt 0.880597 0.454545
vt 0.880597 0.545455
vt 0.880597 0.636364
vt 0.880597 0.727273
vt 0.880597 0.818182
vt 0.880597 0.909091
vt 0.880597 1.000000
vt 0.895522 0.090909
vt 0.895522 0.000000
vt 0.895522 0.181818
vt 0.895522 0.272727
vt 0.895522 0.363636
vt 0.895522 0.454545
vt 0.895522 0.545455
vt 0.895522 0.636364
vt 0.895522 0.727273
vt 0.895522 0.818182
vt 0.895522 0.909091
vt 0.895522 1.000000
vt 0.910448 0.090909
vt 0.910448 0.000000
vt 0.910448 0.181818
vt 0.910448 0.272727
vt 0.910448 0.363636
vt 0.910448 0.454545
vt 0.910448 0.545455
vt 0.910448 0.636364
vt 0.910448 0.727273
vt 0.910448 0.818182
vt 0.910448 0.909091
vt 0.910448 1.000000
vt 0.925373 0.090909
vt 0.925373 0.000000
vt 0.925373 0.181818
vt 0.925373 0.272727
vt 0.925373 0.363636
vt 0.925373 0.454545
vt 0.925373 0.545455
vt 0.925373 0.636364
vt 0.925373 0.727273
vt 0.925373 0.818182
vt 0.925373 0.909091
vt 0.925373 1.000000
vt 0.940298 0.090909
vt 0.940298 0.000000
vt 0.940298 0.181818
vt 0.940298 0.272727
vt 0.940298 0.363636
vt 0.940298 0.454545
vt 0.940298 0.545455
vt 0.940298 0.636364
vt 0.940298 0.727273
vt 0.940298 0.818182
vt 0.940298 0.909091
vt 0.940298 1.000000
vt 0.955224 0.090909
vt 0.955224 0.000000
vt 0.955224 0.181818
vt 0.955224 0.272727
vt 0.955224 0.363636
vt 0.955224 0.454545
vt 0.955224 0.545455
vt 0.955224 0.636364
vt 0.955224 0.727273
vt 0.955224 0.818182
vt 0.955224 0.909091
vt 0.955224 1.000000
vt 0.970149 0.090909
vt 0.970149 0.000000
vt 0.970149 0.181818
vt 0.970149 0.272727
vt 0.970149 0.363636
vt 0.970149 0.454545
vt 0.970149 0.545455
vt 0.970149 0.636364
vt 0.970149 0.727273
vt 0.970149 0.818182
vt 0.970149 0.909091
vt 0.970149 1.000000
vt 0.985075 0.090909
vt 0.985075 0.000000
vt 0.985075 0.181818
vt 0.985075 0.272727
vt 0.985075 0.363636
vt 0.985075 0.454545
vt 0.985075 0.545455
vt 0.985075 0.636364
vt 0.985075 0.727273
vt 0.985075 0.818182
vt 0.985075 0.909091
vt 0.985075 1.000000
vt 1.000000 0.090909
vt 1.000000 0.181818
vt 1.000000 0.272727
vt 1.000000 0.363636
vt 1.000000 0.454545
vt 1.000000 0.545455
vt 1.000000 0.636364
vt 1.000000 0.727273
vt 1.000000 0.818182
vt 1.000000 0.909091
vt 1.000000 1.000000
vt 0.037037 0.090909
vt 0.037037 0.000000
vt 0.037037 0.181818
vt 0.037037 0.272727
vt 0.037037 0.363636
vt 0.037037 0.454545
vt 0.037037 0.545455
vt 0.037037 0.636364
vt 0.037037 0.727273
vt 0.037037 0.818182
vt 0.037037 0.909091
vt 0.037037 1.000000
vt 0.074074 0.090909
vt 0.074074 0.000000
vt 0.074074 0.181818
vt 0.074074 0.272727
vt 0.074074 0.363636
vt 0.074074 0.454545
vt 0.074074 0.545455
vt 0.074074 0.636364
vt 0.074074 0.727273
vt 0.074074 0.818182
vt 0.074074 0.909091
vt 0.074074 1.000000
vt 0.111111 0.090909
vt 0.111111 0.000000
vt 0.111111 0.181818
vt 0.111111 0.272727
vt 0.111111 0.363636
vt 0.111111 0.454545
vt 0.111111 0.545455
vt 0.111111 0.636364
vt 0.111111 0.727273
vt 0.111111 0.818182
vt 0.111111 0.909091
vt 0.111111 1.000000
vt 0.148148 0.090909
vt 0.148148 0.000000
vt 0.148148 0.181818
vt 0.148148 0.272727
vt 0.148148 0.363636
vt 0.148148 0.454545
vt 0.148148 0.545455
vt 0.148148 0.636364
vt 0.148148 0.727273
vt 0.148148 0.818182
vt 0.148148 0.909091
vt 0.148148 1.000000
vt 0.185185 0.090909
vt 0.185185 0.000000
vt 0.185185 0.181818
vt 0.185185 0.272727
vt 0.185185 0.363636
vt 0.185185 0.454545
vt 0.185185 0.545455
vt 0.185185 0.636364
vt 0.185185 0.727273
vt 0.185185 0.818182
vt 0.185185 0.909091
vt 0.185185 1.000000
vt 0.222222 0.090909
vt 0.222222 0.000000
vt 0.222222 0.181818
vt 0.222222 0.272727
vt 0.222222 0.363636
vt 0.222222 0.454545
vt 0.222222 0.545455
vt 0.222222 0.636364
vt 0.222222 0.727273
vt 0.222222 0.818182
vt 0.222222 0.909091
vt 0.222222 1.000000
vt 0.259259 0.090909
vt 0.259259 0.000000
vt 0.259259 0.181818
vt 0.259259 0.272727
vt 0.259259 0.363636
vt 0.259259 0.454545
vt 0.259259 0.545455
vt 0.259259 0.636364
vt 0.259259 0.727273
vt 0.259259 0.818182
vt 0.259259 0.909091
vt 0.259259 1.000000
vt 0.296296 0.090909
vt 0.296296 0.000000
vt 0.296296 0.181818
vt 0.296296 0.272727
vt 0.296296 0.363636
vt 0.296296 0.454545
vt 0.296296 0.545455
vt 0.296296 0.636364
vt 0.296296 0.727273
vt 0.296296 0.818182
vt 0.296296 0.909091
vt 0.296296 1.000000
vt 0.333333 0.090909
vt 0.333333 0.181818
vt 0.333333 0.272727
vt 0.333333 0.363636
vt 0.333333 0.454545
vt 0.333333 0.545455
vt 0.333333 0.636364
vt 0.333333 0.727273
vt 0.333333 0.818182
vt 0.333333 0.909091
vt 0.333333 1.000000
vt 0.370370 0.090909
vt 0.370370 0.000000
vt 0.370370 0.181818
vt 0.370370 0.272727
vt 0.370370 0.363636
vt 0.370370 0.454545
vt 0.370370 0.545455
vt 0.370370 0.636364
vt 0.370370 0.727273
vt 0.370370 0.818182
vt 0.370370 0.909091
vt 0.370370 1.000000
vt 0.407407 0.090909
vt 0.407407 0.000000
vt 0.407407 0.181818
vt 0.407407 0.272727
vt 0.407407 0.363636
vt 0.407407 0.454545
vt 0.407407 0.545455
vt 0.407407 0.636364
vt 0.407407 0.727273
vt 0.407407 0.818182
vt 0.407407 0.909091
vt 0.407407 1.000000
vt 0.444444 0.090909
vt 0.444444 0.000000
vt 0.444444 0.181818
vt 0.444444 0.272727
vt 0.444444 0.363636
vt 0.444444 0.454545
vt 0.444444 0.545455
vt 0.444444 0.636364
vt 0.444444 0.727273
vt 0.444444 0.818182
vt 0.444444 0.909091
vt 0.444444 1.000000
vt 0.481481 0.090909
vt 0.481481 0.000000
vt 0.481481 0.181818
vt 0.481481 0.272727
vt 0.481481 0.363636
vt 0.481481 0.454545
vt 0.481481 0.545455
vt 0.481481 0.636364
vt 0.481481 0.727273
vt 0.481481 0.818182
vt 0.481481 0.909091
vt 0.481481 1.000000
vt 0.518519 0.090909
vt 0.518519 0.000000
vt 0.518519 0.181818
vt 0.518519 0.272727
vt 0.518519 0.363636
vt 0.518519 0.454545
vt 0.518519 0.545455
vt 0.518519 0.636364
vt 0.518519 0.727273
vt 0.518519 0.818182
vt 0.518519 0.909091
vt 0.518519 1.000000
vt 0.555556 0.090909
vt 0.555556 0.000000
vt 0.555556 0.181818
vt 0.555556 0.272727
vt 0.555556 0.363636
vt 0.555556 0.454545
vt 0.555556 0.545455
vt 0.555556 0.636364
vt 0.555556 0.727273
vt 0.555556 0.818182
vt 0.555556 0.909091
vt 0.555556 1.000000
vt 0.592593 0.090909
vt 0.592593 0.000000
vt 0.592593 0.181818
vt 0.592593 0.272727
vt 0.592593 0.363636
vt 0.592593 0.454545
vt 0.592593 0.545455
vt 0.592593 0.636364
vt 0.592593 0.727273
vt 0.592593 0.818182
vt 0.592593 0.909091
vt 0.592593 1.000000
vt 0.629630 0.090909
vt 0.629630 0.000000
vt 0.629630 0.181818
vt 0.629630 0.272727
vt 0.629630 0.363636
vt 0.629630 0.454545
vt 0.629630 0.545455
vt 0.629630 0.636364
vt 0.629630 0.727273
vt 0.629630 0.818182
vt 0.629630 0.909091
vt 0.629630 1.000000
vt 0.666667 0.090909
vt 0.666667 0.181818
vt 0.666667 0.272727
vt 0.666667 0.363636
vt 0.666667 0.454545
vt 0.666667 0.545455
vt 0.666667 0.636364
vt 0.666667 0.727273
vt 0.666667 0.818182
vt 0.666667 0.909091
vt 0.666667 1.000000
vt 0.703704 0.090909
vt 0.703704 0.000000
vt 0.703704 0.181818
vt 0.703704 0.272727
vt 0.703704 0.363636
vt 0.703704 0.454545
vt 0.703704 0.545455
vt 0.703704 0.636364
vt 0.703704 0.727273
vt 0.703704 0.818182
vt 0.703704 0.909091
vt 0.703704 1.000000
vt 0.740741 0.090909
vt 0.740741 0.000000
vt 0.740741 0.181818
vt 0.740741 0.272727
vt 0.740741 0.363636
vt 0.740741 0.454545
vt 0.740741 0.545455
vt 0.740741 0.636364
vt 0.740741 0.727273
vt 0.740741 0.818182
vt 0.740741 0.909091
vt 0.740741 1.000000
vt 0.777778 0.090909
vt 0.777778 0.000000
vt 0.777778 0.181818
vt 0.777778 0.272727
vt 0.777778 0.363636
vt 0.777778 0.454545
vt 0.777778 0.545455
vt 0.777778 0.636364
vt 0.777778 0.727273
vt 0.777778 0.818182
vt 0.777778 0.909091
vt 0.777778 1.000000
vt 0.814815 0.090909
vt 0.814815 0.000000
vt 0.814815 0.181818
vt 0.814815 0.272727
vt 0.814815 0.363636
vt 0.814815 0.454545
vt 0.814815 0.545455
vt 0.814815 0.636364
vt 0.814815 0.727273
vt 0.814815 0.818182
vt 0.814815 0.909091
vt 0.814815 1.000000
vt 0.851852 0.090909
vt 0.851852 0.000000
vt 0.851852 0.181818
vt 0.851852 0.272727
vt 0.851852 0.363636
vt 0.851852 0.454545
vt 0.851852 0.545455
vt 0.851852 0.636364
vt 0.851852 0.727273
vt 0.851852 0.818182
vt 0.851852 0.909091
vt 0.851852 1.000000
vt 0.888889 0.090909
vt 0.888889 0.000000
vt 0.888889 0.181818
vt 0.888889 0.272727
vt 0.888889 0.363636
vt 0.888889 0.454545
vt 0.888889 0.545455
vt 0.888889 0.636364
vt 0.888889 0.727273
vt 0.888889 0.818182
vt 0.888889 0.909091
vt 0.888889 1.000000
vt 0.925926 0.090909
vt 0.925926 0.000000
vt 0.925926 0.181818
vt 0.925926 0.272727
vt 0.925926 0.363636
vt 0.925926 0.454545
vt 0.925926 0.545455
vt 0.925926 0.636364
vt 0.925926 0.727273
vt 0.925926 0.818182
vt 0.925926 0.909091
vt 0.925926 1.000000
vt 0.962963 0.090909
vt 0.962963 0.000000
vt 0.962963 0.181818
vt 0.962963 0.272727
vt 0.962963 0.363636
vt 0.962963 0.454545
vt 0.962963 0.545455
vt 0.962963 0.636364
vt 0.962963 0.727273
vt 0.962963 0.818182
vt 0.962963 0.909091
vt 0.962963 1.000000
s 0
usemtl マテリアル.010
f 65/1/1 93/2/1 66/3/1
f 93/2/1 67/4/1 66/3/1
f 93/2/1 1/5/1 67/4/1
f 93/2/1 2/6/1 1/5/1
f 93/2/1 3/7/1 2/6/1
f 93/2/1 4/8/1 3/7/1
f 93/2/1 5/9/1 4/8/1
f 93/2/1 6/10/1 5/9/1
f 93/2/1 7/11/1 6/10/1
f 93/2/1 92/12/1 7/11/1
f 92/12/1 8/13/1 7/11/1
f 65/1/1 94/14/1 93/2/1
f 91/15/1 8/13/1 92/12/1
f 90/16/1 8/13/1 91/15/1
f 89/17/1 8/13/1 90/16/1
f 89/17/1 9/18/1 8/13/1
f 88/19/1 9/18/1 89/17/1
f 87/20/1 9/18/1 88/19/1
f 86/21/1 9/18/1 87/20/1
f 86/21/1 10/22/1 9/18/1
f 85/23/1 10/22/1 86/21/1
f 84/24/1 10/22/1 85/23/1
f 83/25/1 10/22/1 84/24/1
f 83/25/1 11/26/1 10/22/1
f 82/27/1 11/26/1 83/25/1
f 81/28/1 11/26/1 82/27/1
f 81/28/1 12/29/1 11/26/1
f 80/30/1 12/29/1 81/28/1
f 79/31/1 12/29/1 80/30/1
f 79/31/1 13/32/1 12/29/1
f 78/33/1 13/32/1 79/31/1
f 78/33/1 14/34/1 13/32/1
f 77/35/1 14/34/1 78/33/1
f 76/36/1 14/34/1 77/35/1
f 76/36/1 15/37/1 14/34/1
f 75/38/1 15/37/1 76/36/1
f 75/38/1 16/39/1 15/37/1
f 74/40/1 16/39/1 75/38/1
f 74/40/1 17/41/1 16/39/1
f 73/42/1 17/41/1 74/40/1
f 72/43/1 17/41/1 73/42/1
f 72/43/1 18/44/1 17/41/1
f 71/45/1 18/44/1 72/43/1
f 70/46/1 18/44/1 71/45/1
f 70/46/1 19/47/1 18/44/1
f 69/48/1 19/47/1 70/46/1
f 68/49/1 19/47/1 69/48/1
f 65/1/1 63/50/1 94/14/1
f 63/50/1 68/49/1 94/14/1
f 63/50/1 19/47/1 68/49/1
f 63/50/1 20/51/1 19/47/1
f 63/50/1 21/52/1 20/51/1
f 63/50/1 22/53/1 21/52/1
f 63/50/1 23/54/1 22/53/1
f 63/50/1 24/55/1 23/54/1
f 63/50/1 25/56/1 24/55/1
f 63/50/1 26/57/1 25/56/1
f 63/50/1 62/58/1 26/57/1
f 62/58/1 61/59/1 26/57/1
f 61/59/1 27/60/1 26/57/1
f 65/1/1 64/61/1 63/50/1
f 60/62/1 27/60/1 61/59/1
f 59/63/1 27/60/1 60/62/1
f 58/64/1 27/60/1 59/63/1
f 58/64/1 28/65/1 27/60/1
f 57/66/1 28/65/1 58/64/1
f 56/67/1 28/65/1 57/66/1
f 56/67/1 29/68/1 28/65/1
f 55/69/1 29/68/1 56/67/1
f 55/69/1 30/70/1 29/68/1
f 54/71/1 30/70/1 55/69/1
f 54/71/1 31/72/1 30/70/1
f 53/73/1 31/72/1 54/71/1
f 53/73/1 32/74/1 31/72/1
f 52/75/1 32/74/1 53/73/1
f 52/75/1 33/76/1 32/74/1
f 51/77/1 33/76/1 52/75/1
f 51/77/1 34/78/1 33/76/1
f 51/77/1 35/79/1 34/78/1
f 50/80/1 35/79/1 51/77/1
f 50/80/1 36/81/1 35/79/1
f 49/82/1 36/81/1 50/80/1
f 49/82/1 37/83/1 36/81/1
f 49/82/1 38/84/1 37/83/1
f 49/82/1 39/85/1 38/84/1
f 49/82/1 40/86/1 39/85/1
f 49/82/1 41/87/1 40/86/1
f 49/82/1 42/88/1 41/87/1
f 49/82/1 43/89/1 42/88/1
f 49/82/1 44/90/1 43/89/1
f 49/82/1 45/91/1 44/90/1
f 49/82/1 46/92/1 45/91/1
f 49/82/1 47/93/1 46/92/1
f 49/82/1 48/94/1 47/93/1
f 159/1/2 160/3/2 187/2/2
f 187/2/2 160/3/2 161/4/2
f 187/2/2 161/4/2 95/5/2
f 187/2/2 95/5/2 96/6/2
f 187/2/2 96/6/2 97/7/2
f 187/2/2 97/7/2 98/8/2
f 187/2/2 98/8/2 99/9/2
f 187/2/2 99/9/2 100/10/2
f 187/2/2 100/10/2 101/11/2
f 187/2/2 101/11/2 186/12/2
f 186/12/2 101/11/2 102/13/2
f 159/1/2 187/2/2 188/14/2
f 185/15/2 186/12/2 102/13/2
f 184/16/2 185/15/2 102/13/2
f 183/17/2 184/16/2 102/13/2
f 183/17/2 102/13/2 103/18/2
f 182/19/2 183/17/2 103/18/2
f 181/20/2 182/19/2 103/18/2
f 180/21/2 181/20/2 103/18/2
f 180/21/2 103/18/2 104/22/2
f 179/23/2 180/21/2 104/22/2
f 178/24/2 179/23/2 104/22/2
f 177/25/2 178/24/2 104/22/2
f 177/25/2 104/22/2 105/26/2
f 176/27/2 177/25/2 105/26/2
f 175/28/2 176/27/2 105/26/2
f 175/28/2 105/26/2 106/29/2
f 174/30/2 175/28/2 106/29/2
f 173/31/2 174/30/2 106/29/2
f 173/31/2 106/29/2 107/32/2
f 172/33/2 173/31/2 107/32/2
f 172/33/2 107/32/2 108/34/2
f 171/35/2 172/33/2 108/34/2
f 170/36/2 171/35/2 108/34/2
f 170/36/2 108/34/2 109/37/2
f 169/38/2 170/36/2 109/37/2
f 169/38/2 109/37/2 110/39/2
f 168/40/2 169/38/2 110/39/2
f 168/40/2 110/39/2 111/41/2
f 167/42/2 168/40/2 111/41/2
f 166/43/2 167/42/2 111/41/2
f 166/43/2 111/41/2 112/44/2
f 165/45/2 166/43/2 112/44/2
f 164/46/2 165/45/2 112/44/2
f 164/46/2 112/44/2 113/47/2
f 163/48/2 164/46/2 113/47/2
f 162/49/2 163/48/2 113/47/2
f 159/1/2 188/14/2 157/50/2
f 157/50/2 188/14/2 162/49/2
f 157/50/2 162/49/2 113/47/2
f 157/50/2 113/47/2 114/51/2
f 157/50/2 114/51/2 115/52/2
f 157/50/2 115/52/2 116/53/2
f 157/50/2 116/53/2 117/54/2
f 157/50/2 117/54/2 118/55/2
f 157/50/2 118/55/2 119/56/2
f 157/50/2 119/56/2 120/57/2
f 157/50/2 120/57/2 156/58/2
f 156/58/2 120/57/2 155/59/2
f 155/59/2 120/57/2 121/60/2
f 159/1/2 157/50/2 158/61/2
f 154/62/2 155/59/2 121/60/2
f 153/63/2 154/62/2 121/60/2
f 152/64/2 153/63/2 121/60/2
f 152/64/2 121/60/2 122/65/2
f 151/66/2 152/64/2 122/65/2
f 150/67/2 151/66/2 122/65/2
f 150/67/2 122/65/2 123/68/2
f 149/69/2 150/67/2 123/68/2
f 149/69/2 123/68/2 124/70/2
f 148/71/2 149/69/2 124/70/2
f 148/71/2 124/70/2 125/72/2
f 147/73/2 148/71/2 125/72/2
f 147/73/2 125/72/2 126/74/2
f 146/75/2 147/73/2 126/74/2
f 146/75/2 126/74/2 127/76/2
f 145/77/2 146/75/2 127/76/2
f 145/77/2 127/76/2 128/78/2
f 145/77/2 128/78/2 129/79/2
f 144/80/2 145/77/2 129/79/2
f 144/80/2 129/79/2 130/81/2
f 143/82/2 144/80/2 130/81/2
f 143/82/2 130/81/2 131/83/2
f 143/82/2 131/83/2 132/84/2
f 143/82/2 132/84/2 133/85/2
f 143/82/2 133/85/2 134/86/2
f 143/82/2 134/86/2 135/87/2
f 143/82/2 135/87/2 136/88/2
f 143/82/2 136/88/2 137/89/2
f 143/82/2 137/89/2 138/90/2
f 143/82/2 138/90/2 139/91/2
f 143/82/2 139/91/2 140/92/2
f 143/82/2 140/92/2 141/93/2
f 143/82/2 141/93/2 142/94/2
s 1
f 190/95/3 202/96/4 201/97/5 189/5/6
f 191/98/7 203/99/8 202/96/4 190/95/3
f 192/100/9 204/101/10 203/99/8 191/98/7
f 193/102/11 205/103/12 204/101/10 192/100/9
f 194/104/13 206/105/14 205/103/12 193/102/11
f 195/106/15 207/107/16 206/105/14 194/104/13
f 196/108/17 208/109/18 207/107/16 195/106/15
f 197/110/19 209/111/20 208/109/18 196/108/17
f 198/112/21 210/113/22 209/111/20 197/110/19
f 199/114/23 211/115/24 210/113/22 198/112/21
f 200/116/25 212/117/26 211/115/24 199/114/23
f 202/96/4 214/118/27 213/119/28 201/97/5
f 203/99/8 215/120/29 214/118/27 202/96/4
f 204/101/10 216/121/30 215/120/29 203/99/8
f 205/103/12 217/122/31 216/121/30 204/101/10
f 206/105/14 218/123/32 217/122/31 205/103/12
f 207/107/16 219/124/33 218/123/32 206/105/14
f 208/109/18 220/125/34 219/124/33 207/107/16
f 209/111/20 221/126/35 220/125/34 208/109/18
f 210/113/22 222/127/36 221/126/35 209/111/20
f 211/115/24 223/128/37 222/127/36 210/113/22
f 212/117/26 224/129/38 223/128/37 211/115/24
f 214/118/27 226/130/39 225/131/40 213/119/28
f 215/120/29 227/132/41 226/130/39 214/118/27
f 216/121/30 228/133/42 227/132/41 215/120/29
f 217/122/31 229/134/43 228/133/42 216/121/30
f 218/123/32 230/135/44 229/134/43 217/122/31
f 219/124/33 231/136/45 230/135/44 218/123/32
f 220/125/34 232/137/46 231/136/45 219/124/33
f 221/126/35 233/138/47 232/137/46 220/125/34
f 222/127/36 234/139/48 233/138/47 221/126/35
f 223/128/37 235/140/49 234/139/48 222/127/36
f 224/129/38 236/141/50 235/140/49 223/128/37
f 226/130/39 238/142/51 237/143/52 225/131/40
f 227/132/41 239/144/53 238/142/51 226/130/39
f 228/133/42 240/145/54 239/144/53 227/132/41
f 229/134/43 241/146/55 240/145/54 228/133/42
f 230/135/44 242/147/56 241/146/55 229/134/43
f 231/136/45 243/148/57 242/147/56 230/135/44
f 232/137/46 244/149/58 243/148/57 231/136/45
f 233/138/47 245/150/59 244/149/58 232/137/46
f 234/139/48 246/151/60 245/150/59 233/138/47
f 235/140/49 247/152/61 246/151/60 234/139/48
f 236/141/50 248/153/62 247/152/61 235/140/49
f 238/142/51 250/154/63 249/155/64 237/143/52
f 239/144/53 251/156/65 250/154/63 238/142/51
f 240/145/54 252/157/66 251/156/65 239/144/53
f 241/146/55 253/158/67 252/157/66 240/145/54
f 242/147/56 254/159/68 253/158/67 241/146/55
f 243/148/57 255/160/69 254/159/68 242/147/56
f 244/149/58 256/161/70 255/160/69 243/148/57
f 245/150/59 257/162/71 256/161/70 244/149/58
f 246/151/60 258/163/72 257/162/71 245/150/59
f 247/152/61 259/164/73 258/163/72 246/151/60
f 248/153/62 260/165/74 259/164/73 247/152/61
f 250/154/63 262/166/75 261/167/76 249/155/64
f 251/156/65 263/168/77 262/166/75 250/154/63
f 252/157/66 264/169/78 263/168/77 251/156/65
f 253/158/67 265/170/79 264/169/78 252/157/66
f 254/159/68 266/171/80 265/170/79 253/158/67
f 255/160/69 267/172/81 266/171/80 254/159/68
f 256/161/70 268/173/82 267/172/81 255/160/69
f 257/162/71 269/174/83 268/173/82 256/161/70
f 258/163/72 270/175/84 269/174/83 257/162/71
f 259/164/73 271/176/85 270/175/84 258/163/72
f 260/165/74 272/177/86 271/176/85 259/164/73
f 262/166/75 274/178/87 273/179/88 261/167/76
f 263/168/77 275/180/89 274/178/87 262/166/75
f 264/169/78 276/181/90 275/180/89 263/168/77
f 265/170/79 277/182/91 276/181/90 264/169/78
f 266/171/80 278/183/92 277/182/91 265/170/79
f 267/172/81 279/184/93 278/183/92 266/171/80
f 268/173/82 280/185/94 279/184/93 267/172/81
f 269/174/83 281/186/95 280/185/94 268/173/82
f 270/175/84 282/187/96 281/186/95 269/174/83
f 271/176/85 283/188/97 282/187/96 270/175/84
f 272/177/86 284/189/98 283/188/97 271/176/85
f 274/178/87 286/190/99 285/191/100 273/179/88
f 275/180/89 287/192/101 286/190/99 274/178/87
f 276/181/90 288/193/102 287/192/101 275/180/89
f 277/182/91 289/194/103 288/193/102 276/181/90
f 278/183/92 290/195/104 289/194/103 277/182/91
f 279/184/93 291/196/105 290/195/104 278/183/92
f 280/185/94 292/197/106 291/196/105 279/184/93
f 281/186/95 293/198/107 292/197/106 280/185/94
f 282/187/96 294/199/108 293/198/107 281/186/95
f 283/188/97 295/200/109 294/199/108 282/187/96
f 284/189/98 296/201/110 295/200/109 283/188/97
f 286/190/99 298/202/111 297/203/112 285/191/100
f 287/192/101 299/204/113 298/202/111 286/190/99
f 288/193/102 300/205/114 299/204/113 287/192/101
f 289/194/103 301/206/115 300/205/114 288/193/102
f 290/195/104 302/207/116 301/206/115 289/194/103
f 291/196/105 303/208/117 302/207/116 290/195/104
f 292/197/106 304/209/118 303/208/117 291/196/105
f 293/198/107 305/210/119 304/209/118 292/197/106
f 294/199/108 306/211/120 305/210/119 293/198/107
f 295/200/109 307/212/121 306/211/120 294/199/108
f 296/201/110 308/213/122 307/212/121 295/200/109
f 298/202/111 310/214/123 309/215/124 297/203/112
f 299/204/113 311/216/125 310/214/123 298/202/111
f 300/205/114 312/217/126 311/216/125 299/204/113
f 301/206/115 313/218/127 312/217/126 300/205/114
f 302/207/116 314/219/128 313/218/127 301/206/115
f 303/208/117 315/220/129 314/219/128 302/207/116
f 304/209/118 316/221/130 315/220/129 303/208/117
f 305/210/119 317/222/131 316/221/130 304/209/118
f 306/211/120 318/223/132 317/222/131 305/210/119
f 307/212/121 319/224/133 318/223/132 306/211/120
f 308/213/122 320/225/134 319/224/133 307/212/121
f 310/214/123 322/226/135 321/227/136 309/215/124
f 311/216/125 323/228/137 322/226/135 310/214/123
f 312/217/126 324/229/138 323/228/137 311/216/125
f 313/218/127 325/230/139 324/229/138 312/217/126
f 314/219/128 326/231/140 325/230/139 313/218/127
f 315/220/129 327/232/141 326/231/140 314/219/128
f 316/221/130 328/233/142 327/232/141 315/220/129
f 317/222/131 329/234/143 328/233/142 316/221/130
f 318/223/132 330/235/144 329/234/143 317/222/131
f 319/224/133 331/236/145 330/235/144 318/223/132
f 320/225/134 332/237/146 331/236/145 319/224/133
f 322/226/135 334/238/147 333/239/148 321/227/136
f 323/228/137 335/240/149 334/238/147 322/226/135
f 324/229/138 336/241/150 335/240/149 323/228/137
f 325/230/139 337/242/151 336/241/150 324/229/138
f 326/231/140 338/243/152 337/242/151 325/230/139
f 327/232/141 339/244/153 338/243/152 326/231/140
f 328/233/142 340/245/154 339/244/153 327/232/141
f 329/234/143 341/246/155 340/245/154 328/233/142
f 330/235/144 342/247/156 341/246/155 329/234/143
f 331/236/145 343/248/157 342/247/156 330/235/144
f 332/237/146 344/249/158 343/248/157 331/236/145
f 334/238/147 346/250/159 345/251/160 333/239/148
f 335/240/149 347/252/161 346/250/159 334/238/147
f 336/241/150 348/253/162 347/252/161 335/240/149
f 337/242/151 349/254/163 348/253/162 336/241/150
f 338/243/152 350/255/164 349/254/163 337/242/151
f 339/244/153 351/256/165 350/255/164 338/243/152
f 340/245/154 352/257/166 351/256/165 339/244/153
f 341/246/155 353/258/167 352/257/166 340/245/154
f 342/247/156 354/259/168 353/258/167 341/246/155
f 343/248/157 355/260/169 354/259/168 342/247/156
f 344/249/158 356/261/170 355/260/169 343/248/157
f 346/250/159 358/262/171 357/263/172 345/251/160
f 347/252/161 359/264/173 358/262/171 346/250/159
f 348/253/162 360/265/174 359/264/173 347/252/161
f 349/254/163 361/266/175 360/265/174 348/253/162
f 350/255/164 362/267/176 361/266/175 349/254/163
f 351/256/165 363/268/177 362/267/176 350/255/164
f 352/257/166 364/269/178 363/268/177 351/256/165
f 353/258/167 365/270/179 364/269/178 352/257/166
f 354/259/168 366/271/180 365/270/179 353/258/167
f 355/260/169 367/272/181 366/271/180 354/259/168
f 356/261/170 368/273/182 367/272/181 355/260/169
f 358/262/171 370/274/183 369/275/184 357/263/172
f 359/264/173 371/276/185 370/274/183 358/262/171
f 360/265/174 372/277/186 371/276/185 359/264/173
f 361/266/175 373/278/187 372/277/186 360/265/174
f 362/267/176 374/279/188 373/278/187 361/266/175
f 363/268/177 375/280/189 374/279/188 362/267/176
f 364/269/178 376/281/190 375/280/189 363/268/177
f 365/270/179 377/282/191 376/281/190 364/269/178
f 366/271/180 378/283/192 377/282/191 365/270/179
f 367/272/181 379/284/193 378/283/192 366/271/180
f 368/273/182 380/285/194 379/284/193 367/272/181
f 370/274/183 382/286/195 381/287/196 369/275/184
f 371/276/185 383/288/197 382/286/195 370/274/183
f 372/277/186 384/289/198 383/288/197 371/276/185
f 373/278/187 385/290/199 384/289/198 372/277/186
f 374/279/188 386/291/200 385/290/199 373/278/187
f 375/280/189 387/292/201 386/291/200 374/279/188
f 376/281/190 388/293/202 387/292/201 375/280/189
f 377/282/191 389/294/203 388/293/202 376/281/190
f 378/283/192 390/295/204 389/294/203 377/282/191
f 379/284/193 391/296/205 390/295/204 378/283/192
f 380/285/194 392/297/206 391/296/205 379/284/193
f 382/286/195 394/298/207 393/299/208 381/287/196
f 383/288/197 395/300/209 394/298/207 382/286/195
f 384/289/198 396/301/210 395/300/209 383/288/197
f 385/290/199 397/302/211 396/301/210 384/289/198
f 386/291/200 398/303/212 397/302/211 385/290/199
f 387/292/201 399/304/213 398/303/212 386/291/200
f 388/293/202 400/305/214 399/304/213 387/292/201
f 389/294/203 401/306/215 400/305/214 388/293/202
f 390/295/204 402/307/216 401/306/215 389/294/203
f 391/296/205 403/308/217 402/307/216 390/295/204
f 392/297/206 404/309/218 403/308/217 391/296/205
f 394/298/207 406/310/219 405/311/220 393/299/208
f 395/300/209 407/312/221 406/310/219 394/298/207
f 396/301/210 408/313/222 407/312/221 395/300/209
f 397/302/211 409/314/223 408/313/222 396/301/210
f 398/303/212 410/315/224 409/314/223 397/302/211
f 399/304/213 411/316/225 410/315/224 398/303/212
f 400/305/214 412/317/226 411/316/225 399/304/213
f 401/306/215 413/318/227 412/317/226 400/305/214
f 402/307/216 414/319/228 413/318/227 401/306/215
f 403/308/217 415/320/229 414/319/228 402/307/216
f 404/309/218 416/321/230 415/320/229 403/308/217
f 406/310/219 418/322/231 417/323/232 405/311/220
f 407/312/221 419/324/233 418/322/231 406/310/219
f 408/313/222 420/325/234 419/324/233 407/312/221
f 409/314/223 421/326/235 420/325/234 408/313/222
f 410/315/224 422/327/236 421/326/235 409/314/223
f 411/316/225 423/328/237 422/327/236 410/315/224
f 412/317/226 424/329/238 423/328/237 411/316/225
f 413/318/227 425/330/239 424/329/238 412/317/226
f 414/319/228 426/331/240 425/330/239 413/318/227
f 415/320/229 427/332/241 426/331/240 414/319/228
f 416/321/230 428/333/242 427/332/241 415/320/229
f 418/322/231 430/334/243 429/335/244 417/323/232
f 419/324/233 431/336/245 430/334/243 418/322/231
f 420/325/234 432/337/246 431/336/245 419/324/233
f 421/326/235 433/338/247 432/337/246 420/325/234
f 422/327/236 434/339/248 433/338/247 421/326/235
f 423/328/237 435/340/249 434/339/248 422/327/236
f 424/329/238 436/341/250 435/340/249 423/328/237
f 425/330/239 437/342/251 436/341/250 424/329/238
f 426/331/240 438/343/252 437/342/251 425/330/239
f 427/332/241 439/344/253 438/343/252 426/331/240
f 428/333/242 440/345/254 439/344/253 427/332/241
f 430/334/243 442/346/255 441/347/256 429/335/244
f 431/336/245 443/348/257 442/346/255 430/334/243
f 432/337/246 444/349/258 443/348/257 431/336/245
f 433/338/247 445/350/259 444/349/258 432/337/246
f 434/339/248 446/351/260 445/350/259 433/338/247
f 435/340/249 447/352/261 446/351/260 434/339/248
f 436/341/250 448/353/262 447/352/261 435/340/249
f 437/342/251 449/354/263 448/353/262 436/341/250
f 438/343/252 450/355/264 449/354/263 437/342/251
f 439/344/253 451/356/265 450/355/264 438/343/252
f 440/345/254 452/357/266 451/356/265 439/344/253
f 442/346/255 454/358/267 453/359/268 441/347/256
f 443/348/257 455/360/269 454/358/267 442/346/255
f 444/349/258 456/361/270 455/360/269 443/348/257
f 445/350/259 457/362/271 456/361/270 444/349/258
f 446/351/260 458/363/272 457/362/271 445/350/259
f 447/352/261 459/364/273 458/363/272 446/351/260
f 448/353/262 460/365/274 459/364/273 447/352/261
f 449/354/263 461/366/275 460/365/274 448/353/262
f 450/355/264 462/367/276 461/366/275 449/354/263
f 451/356/265 463/368/277 462/367/276 450/355/264
f 452/357/266 464/369/278 463/368/277 451/356/265
f 454/358/267 466/370/279 465/371/280 453/359/268
f 455/360/269 467/372/281 466/370/279 454/358/267
f 456/361/270 468/373/282 467/372/281 455/360/269
f 457/362/271 469/374/283 468/373/282 456/361/270
f 458/363/272 470/375/284 469/374/283 457/362/271
f 459/364/273 471/376/285 470/375/284 458/363/272
f 460/365/274 472/377/286 471/376/285 459/364/273
f 461/366/275 473/378/287 472/377/286 460/365/274
f 462/367/276 474/379/288 473/378/287 461/366/275
f 463/368/277 475/380/289 474/379/288 462/367/276
f 464/369/278 476/381/290 475/380/289 463/368/277
f 466/370/279 478/382/291 477/383/292 465/371/280
f 467/372/281 479/384/293 478/382/291 466/370/279
f 468/373/282 480/385/294 479/384/293 467/372/281
f 469/374/283 481/386/295 480/385/294 468/373/282
f 470/375/284 482/387/296 481/386/295 469/374/283
f 471/376/285 483/388/297 482/387/296 470/375/284
f 472/377/286 484/389/298 483/388/297 471/376/285
f 473/378/287 485/390/299 484/389/298 472/377/286
f 474/379/288 486/391/300 485/390/299 473/378/287
f 475/380/289 487/392/301 486/391/300 474/379/288
f 476/381/290 488/393/302 487/392/301 475/380/289
f 478/382/291 490/394/303 489/395/304 477/383/292
f 479/384/293 491/396/305 490/394/303 478/382/291
f 480/385/294 492/397/306 491/396/305 479/384/293
f 481/386/295 493/398/307 492/397/306 480/385/294
f 482/387/296 494/399/308 493/398/307 481/386/295
f 483/388/297 495/400/309 494/399/308 482/387/296
f 484/389/298 496/401/310 495/400/309 483/388/297
f 485/390/299 497/402/311 496/401/310 484/389/298
f 486/391/300 498/403/312 497/402/311 485/390/299
f 487/392/301 499/404/313 498/403/312 486/391/300
f 488/393/302 500/405/314 499/404/313 487/392/301
f 490/394/303 502/406/315 501/407/316 489/395/304
f 491/396/305 503/408/317 502/406/315 490/394/303
f 492/397/306 504/409/318 503/408/317 491/396/305
f 493/398/307 505/410/319 504/409/318 492/397/306
f 494/399/308 506/411/320 505/410/319 493/398/307
f 495/400/309 507/412/321 506/411/320 494/399/308
f 496/401/310 508/413/322 507/412/321 495/400/309
f 497/402/311 509/414/323 508/413/322 496/401/310
f 498/403/312 510/415/324 509/414/323 497/402/311
f 499/404/313 511/416/325 510/415/324 498/403/312
f 500/405/314 512/417/326 511/416/325 499/404/313
f 502/406/315 514/418/327 513/419/328 501/407/316
f 503/408/317 515/420/329 514/418/327 502/406/315
f 504/409/318 516/421/330 515/420/329 503/408/317
f 505/410/319 517/422/331 516/421/330 504/409/318
f 506/411/320 518/423/332 517/422/331 505/410/319
f 507/412/321 519/424/333 518/423/332 506/411/320
f 508/413/322 520/425/334 519/424/333 507/412/321
f 509/414/323 521/426/335 520/425/334 508/413/322
f 510/415/324 522/427/336 521/426/335 509/414/323
f 511/416/325 523/428/337 522/427/336 510/415/324
f 512/417/326 524/429/338 523/428/337 511/416/325
f 514/418/327 526/430/339 525/431/340 513/419/328
f 515/420/329 527/432/341 526/430/339 514/418/327
f 516/421/330 528/433/342 527/432/341 515/420/329
f 517/422/331 529/434/343 528/433/342 516/421/330
f 518/423/332 530/435/344 529/434/343 517/422/331
f 519/424/333 531/436/345 530/435/344 518/423/332
f 520/425/334 532/437/346 531/436/345 519/424/333
f 521/426/335 533/438/347 532/437/346 520/425/334
f 522/427/336 534/439/348 533/438/347 521/426/335
f 523/428/337 535/440/349 534/439/348 522/427/336
f 524/429/338 536/441/350 535/440/349 523/428/337
f 526/430/339 538/442/351 537/443/352 525/431/340
f 527/432/341 539/444/353 538/442/351 526/430/339
f 528/433/342 540/445/354 539/444/353 527/432/341
f 529/434/343 541/446/355 540/445/354 528/433/342
f 530/435/344 542/447/356 541/446/355 529/434/343
f 531/436/345 543/448/357 542/447/356 530/435/344
f 532/437/346 544/449/358 543/448/357 531/436/345
f 533/438/347 545/450/359 544/449/358 532/437/346
f 534/439/348 546/451/360 545/450/359 533/438/347
f 535/440/349 547/452/361 546/451/360 534/439/348
f 536/441/350 548/453/362 547/452/361 535/440/349
f 538/442/351 550/454/363 549/455/364 537/443/352
f 539/444/353 551/456/365 550/454/363 538/442/351
f 540/445/354 552/457/366 551/456/365 539/444/353
f 541/446/355 553/458/367 552/457/366 540/445/354
f 542/447/356 554/459/368 553/458/367 541/446/355
f 543/448/357 555/460/369 554/459/368 542/447/356
f 544/449/358 556/461/370 555/460/369 543/448/357
f 545/450/359 557/462/371 556/461/370 544/449/358
f 546/451/360 558/463/372 557/462/371 545/450/359
f 547/452/361 559/464/373 558/463/372 546/451/360
f 548/453/362 560/465/374 559/464/373 547/452/361
f 550/454/363 562/466/375 561/467/376 549/455/364
f 551/456/365 563/468/377 562/466/375 550/454/363
f 552/457/366 564/469/378 563/468/377 551/456/365
f 553/458/367 565/470/379 564/469/378 552/457/366
f 554/459/368 566/471/380 565/470/379 553/458/367
f 555/460/369 567/472/381 566/471/380 554/459/368
f 556/461/370 568/473/382 567/472/381 555/460/369
f 557/462/371 569/474/383 568/473/382 556/461/370
f 558/463/372 570/475/384 569/474/383 557/462/371
f 559/464/373 571/476/385 570/475/384 558/463/372
f 560/465/374 572/477/386 571/476/385 559/464/373
f 562/466/375 574/478/387 573/479/388 561/467/376
f 563/468/377 575/480/389 574/478/387 562/466/375
f 564/469/378 576/481/390 575/480/389 563/468/377
f 565/470/379 577/482/391 576/481/390 564/469/378
f 566/471/380 578/483/392 577/482/391 565/470/379
f 567/472/381 579/484/393 578/483/392 566/471/380
f 568/473/382 580/485/394 579/484/393 567/472/381
f 569/474/383 581/486/395 580/485/394 568/473/382
f 570/475/384 582/487/396 581/486/395 569/474/383
f 571/476/385 583/488/397 582/487/396 570/475/384
f 572/477/386 584/489/398 583/488/397 571/476/385
f 574/478/387 586/490/399 585/491/400 573/479/388
f 575/480/389 587/492/401 586/490/399 574/478/387
f 576/481/390 588/493/402 587/492/401 575/480/389
f 577/482/391 589/494/403 588/493/402 576/481/390
f 578/483/392 590/495/404 589/494/403 577/482/391
f 579/484/393 591/496/405 590/495/404 578/483/392
f 580/485/394 592/497/406 591/496/405 579/484/393
f 581/486/395 593/498/407 592/497/406 580/485/394
f 582/487/396 594/499/408 593/498/407 581/486/395
f 583/488/397 595/500/409 594/499/408 582/487/396
f 584/489/398 596/501/410 595/500/409 583/488/397
f 586/490/399 598/502/411 597/503/412 585/491/400
f 587/492/401 599/504/413 598/502/411 586/490/399
f 588/493/402 600/505/414 599/504/413 587/492/401
f 589/494/403 601/506/415 600/505/414 588/493/402
f 590/495/404 602/507/416 601/506/415 589/494/403
f 591/496/405 603/508/417 602/507/416 590/495/404
f 592/497/406 604/509/418 603/508/417 591/496/405
f 593/498/407 605/510/419 604/509/418 592/497/406
f 594/499/408 606/511/420 605/510/419 593/498/407
f 595/500/409 607/512/421 606/511/420 594/499/408
f 596/501/410 608/513/422 607/512/421 595/500/409
f 598/502/411 610/514/423 609/515/424 597/503/412
f 599/504/413 611/516/425 610/514/423 598/502/411
f 600/505/414 612/517/426 611/516/425 599/504/413
f 601/506/415 613/518/427 612/517/426 600/505/414
f 602/507/416 614/519/428 613/518/427 601/506/415
f 603/508/417 615/520/429 614/519/428 602/507/416
f 604/509/418 616/521/430 615/520/429 603/508/417
f 605/510/419 617/522/431 616/521/430 604/509/418
f 606/511/420 618/523/432 617/522/431 605/510/419
f 607/512/421 619/524/433 618/523/432 606/511/420
f 608/513/422 620/525/434 619/524/433 607/512/421
f 610/514/423 622/526/435 621/527/436 609/515/424
f 611/516/425 623/528/437 622/526/435 610/514/423
f 612/517/426 624/529/438 623/528/437 611/516/425
f 613/518/427 625/530/439 624/529/438 612/517/426
f 614/519/428 626/531/440 625/530/439 613/518/427
f 615/520/429 627/532/441 626/531/440 614/519/428
f 616/521/430 628/533/442 627/532/441 615/520/429
f 617/522/431 629/534/443 628/533/442 616/521/430
f 618/523/432 630/535/444 629/534/443 617/522/431
f 619/524/433 631/536/445 630/535/444 618/523/432
f 620/525/434 632/537/446 631/536/445 619/524/433
f 622/526/435 634/538/447 633/539/448 621/527/436
f 623/528/437 635/540/449 634/538/447 622/526/435
f 624/529/438 636/541/450 635/540/449 623/528/437
f 625/530/439 637/542/451 636/541/450 624/529/438
f 626/531/440 638/543/452 637/542/451 625/530/439
f 627/532/441 639/544/453 638/543/452 626/531/440
f 628/533/442 640/545/454 639/544/453 627/532/441
f 629/534/443 641/546/455 640/545/454 628/533/442
f 630/535/444 642/547/456 641/546/455 629/534/443
f 631/536/445 643/548/457 642/547/456 630/535/444
f 632/537/446 644/549/458 643/548/457 631/536/445
f 634/538/447 646/550/459 645/551/460 633/539/448
f 635/540/449 647/552/461 646/550/459 634/538/447
f 636/541/450 648/553/462 647/552/461 635/540/449
f 637/542/451 649/554/463 648/553/462 636/541/450
f 638/543/452 650/555/464 649/554/463 637/542/451
f 639/544/453 651/556/465 650/555/464 638/543/452
f 640/545/454 652/557/466 651/556/465 639/544/453
f 641/546/455 653/558/467 652/557/466 640/545/454
f 642/547/456 654/559/468 653/558/467 641/546/455
f 643/548/457 655/560/469 654/559/468 642/547/456
f 644/549/458 656/561/470 655/560/469 643/548/457
f 646/550/459 658/562/471 657/563/472 645/551/460
f 647/552/461 659/564/473 658/562/471 646/550/459
f 648/553/462 660/565/474 659/564/473 647/552/461
f 649/554/463 661/566/475 660/565/474 648/553/462
f 650/555/464 662/567/476 661/566/475 649/554/463
f 651/556/465 663/568/477 662/567/476 650/555/464
f 652/557/466 664/569/478 663/568/477 651/556/465
f 653/558/467 665/570/479 664/569/478 652/557/466
f 654/559/468 666/571/480 665/570/479 653/558/467
f 655/560/469 667/572/481 666/571/480 654/559/468
f 656/561/470 668/573/482 667/572/481 655/560/469
f 658/562/471 670/574/483 669/575/484 657/563/472
f 659/564/473 671/576/485 670/574/483 658/562/471
f 660/565/474 672/577/486 671/576/485 659/564/473
f 661/566/475 673/578/487 672/577/486 660/565/474
f 662/567/476 674/579/488 673/578/487 661/566/475
f 663/568/477 675/580/489 674/579/488 662/567/476
f 664/569/478 676/581/490 675/580/489 663/568/477
f 665/570/479 677/582/491 676/581/490 664/569/478
f 666/571/480 678/583/492 677/582/491 665/570/479
f 667/572/481 679/584/493 678/583/492 666/571/480
f 668/573/482 680/585/494 679/584/493 667/572/481
f 670/574/483 682/586/495 681/587/496 669/575/484
f 671/576/485 683/588/497 682/586/495 670/574/483
f 672/577/486 684/589/498 683/588/497 671/576/485
f 673/578/487 685/590/499 684/589/498 672/577/486
f 674/579/488 686/591/500 685/590/499 673/578/487
f 675/580/489 687/592/501 686/591/500 674/579/488
f 676/581/490 688/593/502 687/592/501 675/580/489
f 677/582/491 689/594/503 688/593/502 676/581/490
f 678/583/492 690/595/504 689/594/503 677/582/491
f 679/584/493 691/596/505 690/595/504 678/583/492
f 680/585/494 692/597/506 691/596/505 679/584/493
f 682/586/495 694/598/507 693/599/364 681/587/496
f 683/588/497 695/600/508 694/598/507 682/586/495
f 684/589/498 696/601/509 695/600/508 683/588/497
f 685/590/499 697/602/510 696/601/509 684/589/498
f 686/591/500 698/603/511 697/602/510 685/590/499
f 687/592/501 699/604/512 698/603/511 686/591/500
f 688/593/502 700/605/513 699/604/512 687/592/501
f 689/594/503 701/606/514 700/605/513 688/593/502
f 690/595/504 702/607/515 701/606/514 689/594/503
f 691/596/505 703/608/516 702/607/515 690/595/504
f 692/597/506 704/609/374 703/608/516 691/596/505
f 694/598/507 706/610/517 705/611/518 693/599/364
f 695/600/508 707/612/519 706/610/517 694/598/507
f 696/601/509 708/613/520 707/612/519 695/600/508
f 697/602/510 709/614/521 708/613/520 696/601/509
f 698/603/511 710/615/522 709/614/521 697/602/510
f 699/604/512 711/616/523 710/615/522 698/603/511
f 700/605/513 712/617/524 711/616/523 699/604/512
f 701/606/514 713/618/525 712/617/524 700/605/513
f 702/607/515 714/619/526 713/618/525 701/606/514
f 703/608/516 715/620/527 714/619/526 702/607/515
f 704/609/374 716/621/528 715/620/527 703/608/516
f 706/610/517 718/622/529 717/623/530 705/611/518
f 707/612/519 719/624/531 718/622/529 706/610/517
f 708/613/520 720/625/532 719/624/531 707/612/519
f 709/614/521 721/626/533 720/625/532 708/613/520
f 710/615/522 722/627/534 721/626/533 709/614/521
f 711/616/523 723/628/535 722/627/534 710/615/522
f 712/617/524 724/629/536 723/628/535 711/616/523
f 713/618/525 725/630/537 724/629/536 712/617/524
f 714/619/526 726/631/538 725/630/537 713/618/525
f 715/620/527 727/632/539 726/631/538 714/619/526
f 716/621/528 728/633/540 727/632/539 715/620/527
f 718/622/529 730/634/541 729/635/542 717/623/530
f 719/624/531 731/636/543 730/634/541 718/622/529
f 720/625/532 732/637/544 731/636/543 719/624/531
f 721/626/533 733/638/545 732/637/544 720/625/532
f 722/627/534 734/639/546 733/638/545 721/626/533
f 723/628/535 735/640/547 734/639/546 722/627/534
f 724/629/536 736/641/548 735/640/547 723/628/535
f 725/630/537 737/642/549 736/641/548 724/629/536
f 726/631/538 738/643/550 737/642/549 725/630/537
f 727/632/539 739/644/551 738/643/550 726/631/538
f 728/633/540 740/645/552 739/644/551 727/632/539
f 730/634/541 742/646/553 741/647/554 729/635/542
f 731/636/543 743/648/555 742/646/553 730/634/541
f 732/637/544 744/649/556 743/648/555 731/636/543
f 733/638/545 745/650/557 744/649/556 732/637/544
f 734/639/546 746/651/558 745/650/557 733/638/545
f 735/640/547 747/652/559 746/651/558 734/639/546
f 736/641/548 748/653/560 747/652/559 735/640/547
f 737/642/549 749/654/561 748/653/560 736/641/548
f 738/643/550 750/655/562 749/654/561 737/642/549
f 739/644/551 751/656/563 750/655/562 738/643/550
f 740/645/552 752/657/564 751/656/563 739/644/551
f 742/646/553 754/658/565 753/659/566 741/647/554
f 743/648/555 755/660/567 754/658/565 742/646/553
f 744/649/556 756/661/568 755/660/567 743/648/555
f 745/650/557 757/662/569 756/661/568 744/649/556
f 746/651/558 758/663/570 757/662/569 745/650/557
f 747/652/559 759/664/571 758/663/570 746/651/558
f 748/653/560 760/665/572 759/664/571 747/652/559
f 749/654/561 761/666/573 760/665/572 748/653/560
f 750/655/562 762/667/574 761/666/573 749/654/561
f 751/656/563 763/668/575 762/667/574 750/655/562
f 752/657/564 764/669/576 763/668/575 751/656/563
f 754/658/565 766/670/577 765/671/578 753/659/566
f 755/660/567 767/672/579 766/670/577 754/658/565
f 756/661/568 768/673/580 767/672/579 755/660/567
f 757/662/569 769/674/581 768/673/580 756/661/568
f 758/663/570 770/675/582 769/674/581 757/662/569
f 759/664/571 771/676/583 770/675/582 758/663/570
f 760/665/572 772/677/584 771/676/583 759/664/571
f 761/666/573 773/678/585 772/677/584 760/665/572
f 762/667/574 774/679/586 773/678/585 761/666/573
f 763/668/575 775/680/587 774/679/586 762/667/574
f 764/669/576 776/681/588 775/680/587 763/668/575
f 766/670/577 778/682/589 777/683/590 765/671/578
f 767/672/579 779/684/591 778/682/589 766/670/577
f 768/673/580 780/685/592 779/684/591 767/672/579
f 769/674/581 781/686/593 780/685/592 768/673/580
f 770/675/582 782/687/594 781/686/593 769/674/581
f 771/676/583 783/688/595 782/687/594 770/675/582
f 772/677/584 784/689/596 783/688/595 771/676/583
f 773/678/585 785/690/597 784/689/596 772/677/584
f 774/679/586 786/691/598 785/690/597 773/678/585
f 775/680/587 787/692/599 786/691/598 774/679/586
f 776/681/588 788/693/600 787/692/599 775/680/587
f 778/682/589 790/694/601 789/695/602 777/683/590
f 779/684/591 791/696/603 790/694/601 778/682/589
f 780/685/592 792/697/604 791/696/603 779/684/591
f 781/686/593 793/698/605 792/697/604 780/685/592
f 782/687/594 794/699/606 793/698/605 781/686/593
f 783/688/595 795/700/607 794/699/606 782/687/594
f 784/689/596 796/701/608 795/700/607 783/688/595
f 785/690/597 797/702/609 796/701/608 784/689/596
f 786/691/598 798/703/610 797/702/609 785/690/597
f 787/692/599 799/704/611 798/703/610 786/691/598
f 788/693/600 800/705/612 799/704/611 787/692/599
f 790/694/601 802/706/613 801/707/614 789/695/602
f 791/696/603 803/708/615 802/706/613 790/694/601
f 792/697/604 804/709/616 803/708/615 791/696/603
f 793/698/605 805/710/617 804/709/616 792/697/604
f 794/699/606 806/711/618 805/710/617 793/698/605
f 795/700/607 807/712/619 806/711/618 794/699/606
f 796/701/608 808/713/620 807/712/619 795/700/607
f 797/702/609 809/714/621 808/713/620 796/701/608
f 798/703/610 810/715/622 809/714/621 797/702/609
f 799/704/611 811/716/623 810/715/622 798/703/610
f 800/705/612 812/717/624 811/716/623 799/704/611
f 802/706/613 814/718/625 813/719/626 801/707/614
f 803/708/615 815/720/627 814/718/625 802/706/613
f 804/709/616 816/721/628 815/720/627 803/708/615
f 805/710/617 817/722/629 816/721/628 804/709/616
f 806/711/618 818/723/630 817/722/629 805/710/617
f 807/712/619 819/724/631 818/723/630 806/711/618
f 808/713/620 820/725/632 819/724/631 807/712/619
f 809/714/621 821/726/633 820/725/632 808/713/620
f 810/715/622 822/727/634 821/726/633 809/714/621
f 811/716/623 823/728/635 822/727/634 810/715/622
f 812/717/624 824/729/636 823/728/635 811/716/623
f 814/718/625 826/730/637 825/731/638 813/719/626
f 815/720/627 827/732/639 826/730/637 814/718/625
f 816/721/628 828/733/640 827/732/639 815/720/627
f 817/722/629 829/734/641 828/733/640 816/721/628
f 818/723/630 830/735/642 829/734/641 817/722/629
f 819/724/631 831/736/643 830/735/642 818/723/630
f 820/725/632 832/737/644 831/736/643 819/724/631
f 821/726/633 833/738/645 832/737/644 820/725/632
f 822/727/634 834/739/646 833/738/645 821/726/633
f 823/728/635 835/740/647 834/739/646 822/727/634
f 824/729/636 836/741/648 835/740/647 823/728/635
f 826/730/637 838/742/649 837/743/650 825/731/638
f 827/732/639 839/744/651 838/742/649 826/730/637
f 828/733/640 840/745/652 839/744/651 827/732/639
f 829/734/641 841/746/653 840/745/652 828/733/640
f 830/735/642 842/747/654 841/746/653 829/734/641
f 831/736/643 843/748/655 842/747/654 830/735/642
f 832/737/644 844/749/656 843/748/655 831/736/643
f 833/738/645 845/750/657 844/749/656 832/737/644
f 834/739/646 846/751/658 845/750/657 833/738/645
f 835/740/647 847/752/659 846/751/658 834/739/646
f 836/741/648 848/753/660 847/752/659 835/740/647
f 838/742/649 850/754/661 849/755/662 837/743/650
f 839/744/651 851/756/663 850/754/661 838/742/649
f 840/745/652 852/757/664 851/756/663 839/744/651
f 841/746/653 853/758/665 852/757/664 840/745/652
f 842/747/654 854/759/666 853/758/665 841/746/653
f 843/748/655 855/760/667 854/759/666 842/747/654
f 844/749/656 856/761/668 855/760/667 843/748/655
f 845/750/657 857/762/669 856/761/668 844/749/656
f 846/751/658 858/763/670 857/762/669 845/750/657
f 847/752/659 859/764/671 858/763/670 846/751/658
f 848/753/660 860/765/672 859/764/671 847/752/659
f 850/754/661 862/766/673 861/767/674 849/755/662
f 851/756/663 863/768/675 862/766/673 850/754/661
f 852/757/664 864/769/676 863/768/675 851/756/663
f 853/758/665 865/770/677 864/769/676 852/757/664
f 854/759/666 866/771/678 865/770/677 853/758/665
f 855/760/667 867/772/679 866/771/678 854/759/666
f 856/761/668 868/773/680 867/772/679 855/760/667
f 857/762/669 869/774/681 868/773/680 856/761/668
f 858/763/670 870/775/682 869/774/681 857/762/669
f 859/764/671 871/776/683 870/775/682 858/763/670
f 860/765/672 872/777/684 871/776/683 859/764/671
f 862/766/673 874/778/685 873/779/686 861/767/674
f 863/768/675 875/780/687 874/778/685 862/766/673
f 864/769/676 876/781/688 875/780/687 863/768/675
f 865/770/677 877/782/689 876/781/688 864/769/676
f 866/771/678 878/783/690 877/782/689 865/770/677
f 867/772/679 879/784/691 878/783/690 866/771/678
f 868/773/680 880/785/692 879/784/691 867/772/679
f 869/774/681 881/786/693 880/785/692 868/773/680
f 870/775/682 882/787/694 881/786/693 869/774/681
f 871/776/683 883/788/695 882/787/694 870/775/682
f 872/777/684 884/789/696 883/788/695 871/776/683
f 874/778/685 886/790/697 885/791/698 873/779/686
f 875/780/687 887/792/699 886/790/697 874/778/685
f 876/781/688 888/793/700 887/792/699 875/780/687
f 877/782/689 889/794/701 888/793/700 876/781/688
f 878/783/690 890/795/702 889/794/701 877/782/689
f 879/784/691 891/796/703 890/795/702 878/783/690
f 880/785/692 892/797/704 891/796/703 879/784/691
f 881/786/693 893/798/705 892/797/704 880/785/692
f 882/787/694 894/799/706 893/798/705 881/786/693
f 883/788/695 895/800/707 894/799/706 882/787/694
f 884/789/696 896/801/708 895/800/707 883/788/695
f 886/790/697 898/802/709 897/803/710 885/791/698
f 887/792/699 899/804/711 898/802/709 886/790/697
f 888/793/700 900/805/712 899/804/711 887/792/699
f 889/794/701 901/806/713 900/805/712 888/793/700
f 890/795/702 902/807/714 901/806/713 889/794/701
f 891/796/703 903/808/715 902/807/714 890/795/702
f 892/797/704 904/809/716 903/808/715 891/796/703
f 893/798/705 905/810/717 904/809/716 892/797/704
f 894/799/706 906/811/718 905/810/717 893/798/705
f 895/800/707 907/812/719 906/811/718 894/799/706
f 896/801/708 908/813/720 907/812/719 895/800/707
f 898/802/709 910/814/721 909/815/722 897/803/710
f 899/804/711 911/816/723 910/814/721 898/802/709
f 900/805/712 912/817/724 911/816/723 899/804/711
f 901/806/713 913/818/725 912/817/724 900/805/712
f 902/807/714 914/819/726 913/818/725 901/806/713
f 903/808/715 915/820/727 914/819/726 902/807/714
f 904/809/716 916/821/728 915/820/727 903/808/715
f 905/810/717 917/822/729 916/821/728 904/809/716
f 906/811/718 918/823/730 917/822/729 905/810/717
f 907/812/719 919/824/731 918/823/730 906/811/718
f 908/813/720 920/825/732 919/824/731 907/812/719
f 910/814/721 922/826/733 921/827/734 909/815/722
f 911/816/723 923/828/735 922/826/733 910/814/721
f 912/817/724 924/829/736 923/828/735 911/816/723
f 913/818/725 925/830/737 924/829/736 912/817/724
f 914/819/726 926/831/738 925/830/737 913/818/725
f 915/820/727 927/832/739 926/831/738 914/819/726
f 916/821/728 928/833/740 927/832/739 915/820/727
f 917/822/729 929/834/741 928/833/740 916/821/728
f 918/823/730 930/835/742 929/834/741 917/822/729
f 919/824/731 931/836/743 930/835/742 918/823/730
f 920/825/732 932/837/744 931/836/743 919/824/731
f 922/826/733 934/838/745 933/839/746 921/827/734
f 923/828/735 935/840/747 934/838/745 922/826/733
f 924/829/736 936/841/748 935/840/747 923/828/735
f 925/830/737 937/842/749 936/841/748 924/829/736
f 926/831/738 938/843/750 937/842/749 925/830/737
f 927/832/739 939/844/751 938/843/750 926/831/738
f 928/833/740 940/845/752 939/844/751 927/832/739
f 929/834/741 941/846/753 940/845/752 928/833/740
f 930/835/742 942/847/754 941/846/753 929/834/741
f 931/836/743 943/848/755 942/847/754 930/835/742
f 932/837/744 944/849/756 943/848/755 931/836/743
f 934/838/745 946/850/757 945/851/746 933/839/746
f 935/840/747 947/852/758 946/850/757 934/838/745
f 936/841/748 948/853/759 947/852/758 935/840/747
f 937/842/749 949/854/760 948/853/759 936/841/748
f 938/843/750 950/855/761 949/854/760 937/842/749
f 939/844/751 951/856/762 950/855/761 938/843/750
f 940/845/752 952/857/763 951/856/762 939/844/751
f 941/846/753 953/858/764 952/857/763 940/845/752
f 942/847/754 954/859/765 953/858/764 941/846/753
f 943/848/755 955/860/766 954/859/765 942/847/754
f 944/849/756 956/861/756 955/860/766 943/848/755
f 946/850/757 958/862/767 957/863/768 945/851/746
f 947/852/758 959/864/769 958/862/767 946/850/757
f 948/853/759 960/865/770 959/864/769 947/852/758
f 949/854/760 961/866/771 960/865/770 948/853/759
f 950/855/761 962/867/772 961/866/771 949/854/760
f 951/856/762 963/868/773 962/867/772 950/855/761
f 952/857/763 964/869/774 963/868/773 951/856/762
f 953/858/764 965/870/775 964/869/774 952/857/763
f 954/859/765 966/871/776 965/870/775 953/858/764
f 955/860/766 967/872/777 966/871/776 954/859/765
f 956/861/756 968/873/778 967/872/777 955/860/766
f 958/862/767 970/874/779 969/875/780 957/863/768
f 959/864/769 971/876/781 970/874/779 958/862/767
f 960/865/770 972/877/782 971/876/781 959/864/769
f 961/866/771 973/878/783 972/877/782 960/865/770
f 962/867/772 974/879/784 973/878/783 961/866/771
f 963/868/773 975/880/785 974/879/784 962/867/772
f 964/869/774 976/881/786 975/880/785 963/868/773
f 965/870/775 977/882/787 976/881/786 964/869/774
f 966/871/776 978/883/788 977/882/787 965/870/775
f 967/872/777 979/884/789 978/883/788 966/871/776
f 968/873/778 980/885/790 979/884/789 967/872/777
f 970/874/779 982/886/791 981/887/792 969/875/780
f 971/876/781 983/888/793 982/886/791 970/874/779
f 972/877/782 984/889/794 983/888/793 971/876/781
f 973/878/783 985/890/795 984/889/794 972/877/782
f 974/879/784 986/891/796 985/890/795 973/878/783
f 975/880/785 987/892/797 986/891/796 974/879/784
f 976/881/786 988/893/798 987/892/797 975/880/785
f 977/882/787 989/894/799 988/893/798 976/881/786
f 978/883/788 990/895/800 989/894/799 977/882/787
f 979/884/789 991/896/801 990/895/800 978/883/788
f 980/885/790 992/897/802 991/896/801 979/884/789
f 982/886/791 190/898/3 189/14/6 981/887/792
f 983/888/793 191/899/7 190/898/3 982/886/791
f 984/889/794 192/900/9 191/899/7 983/888/793
f 985/890/795 193/901/11 192/900/9 984/889/794
f 986/891/796 194/902/13 193/901/11 985/890/795
f 987/892/797 195/903/15 194/902/13 986/891/796
f 988/893/798 196/904/17 195/903/15 987/892/797
f 989/894/799 197/905/19 196/904/17 988/893/798
f 990/895/800 198/906/21 197/905/19 989/894/799
f 991/896/801 199/907/23 198/906/21 990/895/800
f 992/897/802 200/908/25 199/907/23 991/896/801
f 994/95/803 1006/909/804 1005/910/805 993/5/806
f 995/98/807 1007/911/808 1006/909/804 994/95/803
f 996/100/809 1008/912/810 1007/911/808 995/98/807
f 997/102/811 1009/913/812 1008/912/810 996/100/809
f 998/104/813 1010/914/814 1009/913/812 997/102/811
f 999/106/815 1011/915/816 1010/914/814 998/104/813
f 1000/108/817 1012/916/818 1011/915/816 999/106/815
f 1001/110/819 1013/917/820 1012/916/818 1000/108/817
f 1002/112/821 1014/918/822 1013/917/820 1001/110/819
f 1003/114/823 1015/919/824 1014/918/822 1002/112/821
f 1004/116/825 1016/920/826 1015/919/824 1003/114/823
f 1006/909/804 1018/921/827 1017/922/828 1005/910/805
f 1007/911/808 1019/923/829 1018/921/827 1006/909/804
f 1008/912/810 1020/924/830 1019/923/829 1007/911/808
f 1009/913/812 1021/925/831 1020/924/830 1008/912/810
f 1010/914/814 1022/926/832 1021/925/831 1009/913/812
f 1011/915/816 1023/927/833 1022/926/832 1010/914/814
f 1012/916/818 1024/928/834 1023/927/833 1011/915/816
f 1013/917/820 1025/929/835 1024/928/834 1012/916/818
f 1014/918/822 1026/930/836 1025/929/835 1013/917/820
f 1015/919/824 1027/931/837 1026/930/836 1014/918/822
f 1016/920/826 1028/932/838 1027/931/837 1015/919/824
f 1018/921/827 1030/933/839 1029/934/840 1017/922/828
f 1019/923/829 1031/935/841 1030/933/839 1018/921/827
f 1020/924/830 1032/936/842 1031/935/841 1019/923/829
f 1021/925/831 1033/937/843 1032/936/842 1020/924/830
f 1022/926/832 1034/938/844 1033/937/843 1021/925/831
f 1023/927/833 1035/939/845 1034/938/844 1022/926/832
f 1024/928/834 1036/940/846 1035/939/845 1023/927/833
f 1025/929/835 1037/941/847 1036/940/846 1024/928/834
f 1026/930/836 1038/942/848 1037/941/847 1025/929/835
f 1027/931/837 1039/943/849 1038/942/848 1026/930/836
f 1028/932/838 1040/944/850 1039/943/849 1027/931/837
f 1030/933/839 1042/945/851 1041/946/852 1029/934/840
f 1031/935/841 1043/947/853 1042/945/851 1030/933/839
f 1032/936/842 1044/948/854 1043/947/853 1031/935/841
f 1033/937/843 1045/949/855 1044/948/854 1032/936/842
f 1034/938/844 1046/950/856 1045/949/855 1033/937/843
f 1035/939/845 1047/951/857 1046/950/856 1034/938/844
f 1036/940/846 1048/952/858 1047/951/857 1035/939/845
f 1037/941/847 1049/953/859 1048/952/858 1036/940/846
f 1038/942/848 1050/954/860 1049/953/859 1037/941/847
f 1039/943/849 1051/955/861 1050/954/860 1038/942/848
f 1040/944/850 1052/956/862 1051/955/861 1039/943/849
f 1042/945/851 1054/957/863 1053/958/864 1041/946/852
f 1043/947/853 1055/959/865 1054/957/863 1042/945/851
f 1044/948/854 1056/960/866 1055/959/865 1043/947/853
f 1045/949/855 1057/961/867 1056/960/866 1044/948/854
f 1046/950/856 1058/962/868 1057/961/867 1045/949/855
f 1047/951/857 1059/963/869 1058/962/868 1046/950/856
f 1048/952/858 1060/964/870 1059/963/869 1047/951/857
f 1049/953/859 1061/965/871 1060/964/870 1048/952/858
f 1050/954/860 1062/966/872 1061/965/871 1049/953/859
f 1051/955/861 1063/967/873 1062/966/872 1050/954/860
f 1052/956/862 1064/968/874 1063/967/873 1051/955/861
f 1054/957/863 1066/969/875 1065/970/876 1053/958/864
f 1055/959/865 1067/971/877 1066/969/875 1054/957/863
f 1056/960/866 1068/972/878 1067/971/877 1055/959/865
f 1057/961/867 1069/973/879 1068/972/878 1056/960/866
f 1058/962/868 1070/974/880 1069/973/879 1057/961/867
f 1059/963/869 1071/975/881 1070/974/880 1058/962/868
f 1060/964/870 1072/976/882 1071/975/881 1059/963/869
f 1061/965/871 1073/977/883 1072/976/882 1060/964/870
f 1062/966/872 1074/978/884 1073/977/883 1061/965/871
f 1063/967/873 1075/979/885 1074/978/884 1062/966/872
f 1064/968/874 1076/980/886 1075/979/885 1063/967/873
f 1066/969/875 1078/981/887 1077/982/888 1065/970/876
f 1067/971/877 1079/983/889 1078/981/887 1066/969/875
f 1068/972/878 1080/984/890 1079/983/889 1067/971/877
f 1069/973/879 1081/985/891 1080/984/890 1068/972/878
f 1070/974/880 1082/986/892 1081/985/891 1069/973/879
f 1071/975/881 1083/987/893 1082/986/892 1070/974/880
f 1072/976/882 1084/988/894 1083/987/893 1071/975/881
f 1073/977/883 1085/989/895 1084/988/894 1072/976/882
f 1074/978/884 1086/990/896 1085/989/895 1073/977/883
f 1075/979/885 1087/991/897 1086/990/896 1074/978/884
f 1076/980/886 1088/992/898 1087/991/897 1075/979/885
f 1078/981/887 1090/993/899 1089/994/900 1077/982/888
f 1079/983/889 1091/995/901 1090/993/899 1078/981/887
f 1080/984/890 1092/996/902 1091/995/901 1079/983/889
f 1081/985/891 1093/997/903 1092/996/902 1080/984/890
f 1082/986/892 1094/998/904 1093/997/903 1081/985/891
f 1083/987/893 1095/999/905 1094/998/904 1082/986/892
f 1084/988/894 1096/1000/906 1095/999/905 1083/987/893
f 1085/989/895 1097/1001/907 1096/1000/906 1084/988/894
f 1086/990/896 1098/1002/908 1097/1001/907 1085/989/895
f 1087/991/897 1099/1003/909 1098/1002/908 1086/990/896
f 1088/992/898 1100/1004/910 1099/1003/909 1087/991/897
f 1090/993/899 1102/1005/911 1101/74/912 1089/994/900
f 1091/995/901 1103/1006/913 1102/1005/911 1090/993/899
f 1092/996/902 1104/1007/914 1103/1006/913 1091/995/901
f 1093/997/903 1105/1008/915 1104/1007/914 1092/996/902
f 1094/998/904 1106/1009/916 1105/1008/915 1093/997/903
f 1095/999/905 1107/1010/917 1106/1009/916 1094/998/904
f 1096/1000/906 1108/1011/918 1107/1010/917 1095/999/905
f 1097/1001/907 1109/1012/919 1108/1011/918 1096/1000/906
f 1098/1002/908 1110/1013/920 1109/1012/919 1097/1001/907
f 1099/1003/909 1111/1014/921 1110/1013/920 1098/1002/908
f 1100/1004/910 1112/1015/922 1111/1014/921 1099/1003/909
f 1102/1005/911 1114/1016/923 1113/1017/924 1101/74/912
f 1103/1006/913 1115/1018/925 1114/1016/923 1102/1005/911
f 1104/1007/914 1116/1019/926 1115/1018/925 1103/1006/913
f 1105/1008/915 1117/1020/927 1116/1019/926 1104/1007/914
f 1106/1009/916 1118/1021/928 1117/1020/927 1105/1008/915
f 1107/1010/917 1119/1022/929 1118/1021/928 1106/1009/916
f 1108/1011/918 1120/1023/930 1119/1022/929 1107/1010/917
f 1109/1012/919 1121/1024/931 1120/1023/930 1108/1011/918
f 1110/1013/920 1122/1025/932 1121/1024/931 1109/1012/919
f 1111/1014/921 1123/1026/933 1122/1025/932 1110/1013/920
f 1112/1015/922 1124/1027/934 1123/1026/933 1111/1014/921
f 1114/1016/923 1126/1028/935 1125/1029/936 1113/1017/924
f 1115/1018/925 1127/1030/937 1126/1028/935 1114/1016/923
f 1116/1019/926 1128/1031/938 1127/1030/937 1115/1018/925
f 1117/1020/927 1129/1032/939 1128/1031/938 1116/1019/926
f 1118/1021/928 1130/1033/940 1129/1032/939 1117/1020/927
f 1119/1022/929 1131/1034/941 1130/1033/940 1118/1021/928
f 1120/1023/930 1132/1035/942 1131/1034/941 1119/1022/929
f 1121/1024/931 1133/1036/943 1132/1035/942 1120/1023/930
f 1122/1025/932 1134/1037/944 1133/1036/943 1121/1024/931
f 1123/1026/933 1135/1038/945 1134/1037/944 1122/1025/932
f 1124/1027/934 1136/1039/946 1135/1038/945 1123/1026/933
f 1126/1028/935 1138/1040/947 1137/1041/948 1125/1029/936
f 1127/1030/937 1139/1042/949 1138/1040/947 1126/1028/935
f 1128/1031/938 1140/1043/950 1139/1042/949 1127/1030/937
f 1129/1032/939 1141/1044/951 1140/1043/950 1128/1031/938
f 1130/1033/940 1142/1045/952 1141/1044/951 1129/1032/939
f 1131/1034/941 1143/1046/953 1142/1045/952 1130/1033/940
f 1132/1035/942 1144/1047/954 1143/1046/953 1131/1034/941
f 1133/1036/943 1145/1048/955 1144/1047/954 1132/1035/942
f 1134/1037/944 1146/1049/956 1145/1048/955 1133/1036/943
f 1135/1038/945 1147/1050/957 1146/1049/956 1134/1037/944
f 1136/1039/946 1148/1051/958 1147/1050/957 1135/1038/945
f 1138/1040/947 1150/1052/959 1149/1053/960 1137/1041/948
f 1139/1042/949 1151/1054/961 1150/1052/959 1138/1040/947
f 1140/1043/950 1152/1055/962 1151/1054/961 1139/1042/949
f 1141/1044/951 1153/1056/963 1152/1055/962 1140/1043/950
f 1142/1045/952 1154/1057/964 1153/1056/963 1141/1044/951
f 1143/1046/953 1155/1058/965 1154/1057/964 1142/1045/952
f 1144/1047/954 1156/1059/966 1155/1058/965 1143/1046/953
f 1145/1048/955 1157/1060/967 1156/1059/966 1144/1047/954
f 1146/1049/956 1158/1061/968 1157/1060/967 1145/1048/955
f 1147/1050/957 1159/1062/969 1158/1061/968 1146/1049/956
f 1148/1051/958 1160/1063/970 1159/1062/969 1147/1050/957
f 1150/1052/959 1162/1064/971 1161/1065/972 1149/1053/960
f 1151/1054/961 1163/1066/973 1162/1064/971 1150/1052/959
f 1152/1055/962 1164/1067/974 1163/1066/973 1151/1054/961
f 1153/1056/963 1165/1068/975 1164/1067/974 1152/1055/962
f 1154/1057/964 1166/1069/976 1165/1068/975 1153/1056/963
f 1155/1058/965 1167/1070/977 1166/1069/976 1154/1057/964
f 1156/1059/966 1168/1071/978 1167/1070/977 1155/1058/965
f 1157/1060/967 1169/1072/979 1168/1071/978 1156/1059/966
f 1158/1061/968 1170/1073/980 1169/1072/979 1157/1060/967
f 1159/1062/969 1171/1074/981 1170/1073/980 1158/1061/968
f 1160/1063/970 1172/1075/982 1171/1074/981 1159/1062/969
f 1162/1064/971 1174/1076/983 1173/1077/984 1161/1065/972
f 1163/1066/973 1175/1078/985 1174/1076/983 1162/1064/971
f 1164/1067/974 1176/1079/986 1175/1078/985 1163/1066/973
f 1165/1068/975 1177/1080/987 1176/1079/986 1164/1067/974
f 1166/1069/976 1178/1081/988 1177/1080/987 1165/1068/975
f 1167/1070/977 1179/1082/989 1178/1081/988 1166/1069/976
f 1168/1071/978 1180/1083/990 1179/1082/989 1167/1070/977
f 1169/1072/979 1181/1084/991 1180/1083/990 1168/1071/978
f 1170/1073/980 1182/1085/992 1181/1084/991 1169/1072/979
f 1171/1074/981 1183/1086/993 1182/1085/992 1170/1073/980
f 1172/1075/982 1184/1087/994 1183/1086/993 1171/1074/981
f 1174/1076/983 1186/1088/995 1185/1089/996 1173/1077/984
f 1175/1078/985 1187/1090/997 1186/1088/995 1174/1076/983
f 1176/1079/986 1188/1091/998 1187/1090/997 1175/1078/985
f 1177/1080/987 1189/1092/999 1188/1091/998 1176/1079/986
f 1178/1081/988 1190/1093/1000 1189/1092/999 1177/1080/987
f 1179/1082/989 1191/1094/1001 1190/1093/1000 1178/1081/988
f 1180/1083/990 1192/1095/1002 1191/1094/1001 1179/1082/989
f 1181/1084/991 1193/1096/1003 1192/1095/1002 1180/1083/990
f 1182/1085/992 1194/1097/1004 1193/1096/1003 1181/1084/991
f 1183/1086/993 1195/1098/1005 1194/1097/1004 1182/1085/992
f 1184/1087/994 1196/1099/1006 1195/1098/1005 1183/1086/993
f 1186/1088/995 1198/1100/1007 1197/1101/1008 1185/1089/996
f 1187/1090/997 1199/1102/1009 1198/1100/1007 1186/1088/995
f 1188/1091/998 1200/1103/1010 1199/1102/1009 1187/1090/997
f 1189/1092/999 1201/1104/1011 1200/1103/1010 1188/1091/998
f 1190/1093/1000 1202/1105/1012 1201/1104/1011 1189/1092/999
f 1191/1094/1001 1203/1106/1013 1202/1105/1012 1190/1093/1000
f 1192/1095/1002 1204/1107/1014 1203/1106/1013 1191/1094/1001
f 1193/1096/1003 1205/1108/1015 1204/1107/1014 1192/1095/1002
f 1194/1097/1004 1206/1109/1016 1205/1108/1015 1193/1096/1003
f 1195/1098/1005 1207/1110/1017 1206/1109/1016 1194/1097/1004
f 1196/1099/1006 1208/1111/1018 1207/1110/1017 1195/1098/1005
f 1198/1100/1007 1210/1112/1019 1209/50/1020 1197/1101/1008
f 1199/1102/1009 1211/1113/1021 1210/1112/1019 1198/1100/1007
f 1200/1103/1010 1212/1114/1022 1211/1113/1021 1199/1102/1009
f 1201/1104/1011 1213/1115/1023 1212/1114/1022 1200/1103/1010
f 1202/1105/1012 1214/1116/1024 1213/1115/1023 1201/1104/1011
f 1203/1106/1013 1215/1117/1025 1214/1116/1024 1202/1105/1012
f 1204/1107/1014 1216/1118/1026 1215/1117/1025 1203/1106/1013
f 1205/1108/1015 1217/1119/1027 1216/1118/1026 1204/1107/1014
f 1206/1109/1016 1218/1120/1028 1217/1119/1027 1205/1108/1015
f 1207/1110/1017 1219/1121/1029 1218/1120/1028 1206/1109/1016
f 1208/1111/1018 1220/1122/1030 1219/1121/1029 1207/1110/1017
f 1210/1112/1019 1222/1123/1031 1221/1124/1032 1209/50/1020
f 1211/1113/1021 1223/1125/1033 1222/1123/1031 1210/1112/1019
f 1212/1114/1022 1224/1126/1034 1223/1125/1033 1211/1113/1021
f 1213/1115/1023 1225/1127/1035 1224/1126/1034 1212/1114/1022
f 1214/1116/1024 1226/1128/1036 1225/1127/1035 1213/1115/1023
f 1215/1117/1025 1227/1129/1037 1226/1128/1036 1214/1116/1024
f 1216/1118/1026 1228/1130/1038 1227/1129/1037 1215/1117/1025
f 1217/1119/1027 1229/1131/1039 1228/1130/1038 1216/1118/1026
f 1218/1120/1028 1230/1132/1040 1229/1131/1039 1217/1119/1027
f 1219/1121/1029 1231/1133/1041 1230/1132/1040 1218/1120/1028
f 1220/1122/1030 1232/1134/1042 1231/1133/1041 1219/1121/1029
f 1222/1123/1031 1234/1135/1043 1233/1136/1044 1221/1124/1032
f 1223/1125/1033 1235/1137/1045 1234/1135/1043 1222/1123/1031
f 1224/1126/1034 1236/1138/1046 1235/1137/1045 1223/1125/1033
f 1225/1127/1035 1237/1139/1047 1236/1138/1046 1224/1126/1034
f 1226/1128/1036 1238/1140/1048 1237/1139/1047 1225/1127/1035
f 1227/1129/1037 1239/1141/1049 1238/1140/1048 1226/1128/1036
f 1228/1130/1038 1240/1142/1050 1239/1141/1049 1227/1129/1037
f 1229/1131/1039 1241/1143/1051 1240/1142/1050 1228/1130/1038
f 1230/1132/1040 1242/1144/1052 1241/1143/1051 1229/1131/1039
f 1231/1133/1041 1243/1145/1053 1242/1144/1052 1230/1132/1040
f 1232/1134/1042 1244/1146/1054 1243/1145/1053 1231/1133/1041
f 1234/1135/1043 1246/1147/1055 1245/1148/1056 1233/1136/1044
f 1235/1137/1045 1247/1149/1057 1246/1147/1055 1234/1135/1043
f 1236/1138/1046 1248/1150/1058 1247/1149/1057 1235/1137/1045
f 1237/1139/1047 1249/1151/1059 1248/1150/1058 1236/1138/1046
f 1238/1140/1048 1250/1152/1060 1249/1151/1059 1237/1139/1047
f 1239/1141/1049 1251/1153/1061 1250/1152/1060 1238/1140/1048
f 1240/1142/1050 1252/1154/1062 1251/1153/1061 1239/1141/1049
f 1241/1143/1051 1253/1155/1063 1252/1154/1062 1240/1142/1050
f 1242/1144/1052 1254/1156/1064 1253/1155/1063 1241/1143/1051
f 1243/1145/1053 1255/1157/1065 1254/1156/1064 1242/1144/1052
f 1244/1146/1054 1256/1158/1066 1255/1157/1065 1243/1145/1053
f 1246/1147/1055 1258/1159/1067 1257/1160/1068 1245/1148/1056
f 1247/1149/1057 1259/1161/1069 1258/1159/1067 1246/1147/1055
f 1248/1150/1058 1260/1162/1070 1259/1161/1069 1247/1149/1057
f 1249/1151/1059 1261/1163/1071 1260/1162/1070 1248/1150/1058
f 1250/1152/1060 1262/1164/1072 1261/1163/1071 1249/1151/1059
f 1251/1153/1061 1263/1165/1073 1262/1164/1072 1250/1152/1060
f 1252/1154/1062 1264/1166/1074 1263/1165/1073 1251/1153/1061
f 1253/1155/1063 1265/1167/1075 1264/1166/1074 1252/1154/1062
f 1254/1156/1064 1266/1168/1076 1265/1167/1075 1253/1155/1063
f 1255/1157/1065 1267/1169/1077 1266/1168/1076 1254/1156/1064
f 1256/1158/1066 1268/1170/1078 1267/1169/1077 1255/1157/1065
f 1258/1159/1067 1270/1171/1079 1269/1172/1080 1257/1160/1068
f 1259/1161/1069 1271/1173/1081 1270/1171/1079 1258/1159/1067
f 1260/1162/1070 1272/1174/1082 1271/1173/1081 1259/1161/1069
f 1261/1163/1071 1273/1175/1083 1272/1174/1082 1260/1162/1070
f 1262/1164/1072 1274/1176/1084 1273/1175/1083 1261/1163/1071
f 1263/1165/1073 1275/1177/1085 1274/1176/1084 1262/1164/1072
f 1264/1166/1074 1276/1178/1086 1275/1177/1085 1263/1165/1073
f 1265/1167/1075 1277/1179/1087 1276/1178/1086 1264/1166/1074
f 1266/1168/1076 1278/1180/1088 1277/1179/1087 1265/1167/1075
f 1267/1169/1077 1279/1181/1089 1278/1180/1088 1266/1168/1076
f 1268/1170/1078 1280/1182/1090 1279/1181/1089 1267/1169/1077
f 1270/1171/1079 1282/1183/1091 1281/1184/1092 1269/1172/1080
f 1271/1173/1081 1283/1185/1093 1282/1183/1091 1270/1171/1079
f 1272/1174/1082 1284/1186/1094 1283/1185/1093 1271/1173/1081
f 1273/1175/1083 1285/1187/1095 1284/1186/1094 1272/1174/1082
f 1274/1176/1084 1286/1188/1096 1285/1187/1095 1273/1175/1083
f 1275/1177/1085 1287/1189/1097 1286/1188/1096 1274/1176/1084
f 1276/1178/1086 1288/1190/1098 1287/1189/1097 1275/1177/1085
f 1277/1179/1087 1289/1191/1099 1288/1190/1098 1276/1178/1086
f 1278/1180/1088 1290/1192/1100 1289/1191/1099 1277/1179/1087
f 1279/1181/1089 1291/1193/1101 1290/1192/1100 1278/1180/1088
f 1280/1182/1090 1292/1194/1102 1291/1193/1101 1279/1181/1089
f 1282/1183/1091 1294/1195/745 1293/1196/746 1281/1184/1092
f 1283/1185/1093 1295/1197/747 1294/1195/745 1282/1183/1091
f 1284/1186/1094 1296/1198/748 1295/1197/747 1283/1185/1093
f 1285/1187/1095 1297/1199/749 1296/1198/748 1284/1186/1094
f 1286/1188/1096 1298/1200/750 1297/1199/749 1285/1187/1095
f 1287/1189/1097 1299/1201/751 1298/1200/750 1286/1188/1096
f 1288/1190/1098 1300/1202/752 1299/1201/751 1287/1189/1097
f 1289/1191/1099 1301/1203/753 1300/1202/752 1288/1190/1098
f 1290/1192/1100 1302/1204/754 1301/1203/753 1289/1191/1099
f 1291/1193/1101 1303/1205/755 1302/1204/754 1290/1192/1100
f 1292/1194/1102 1304/1206/756 1303/1205/755 1291/1193/1101
f 1294/1195/745 1306/1207/1103 1305/1208/1104 1293/1196/746
f 1295/1197/747 1307/1209/1105 1306/1207/1103 1294/1195/745
f 1296/1198/748 1308/1210/1106 1307/1209/1105 1295/1197/747
f 1297/1199/749 1309/1211/1107 1308/1210/1106 1296/1198/748
f 1298/1200/750 1310/1212/1108 1309/1211/1107 1297/1199/749
f 1299/1201/751 1311/1213/1109 1310/1212/1108 1298/1200/750
f 1300/1202/752 1312/1214/1110 1311/1213/1109 1299/1201/751
f 1301/1203/753 1313/1215/1111 1312/1214/1110 1300/1202/752
f 1302/1204/754 1314/1216/1112 1313/1215/1111 1301/1203/753
f 1303/1205/755 1315/1217/1113 1314/1216/1112 1302/1204/754
f 1304/1206/756 1316/1218/1114 1315/1217/1113 1303/1205/755
f 1306/1207/1103 994/898/803 993/14/806 1305/1208/1104
f 1307/1209/1105 995/899/807 994/898/803 1306/1207/1103
f 1308/1210/1106 996/900/809 995/899/807 1307/1209/1105
f 1309/1211/1107 997/901/811 996/900/809 1308/1210/1106
f 1310/1212/1108 998/902/813 997/901/811 1309/1211/1107
f 1311/1213/1109 999/903/815 998/902/813 1310/1212/1108
f 1312/1214/1110 1000/904/817 999/903/815 1311/1213/1109
f 1313/1215/1111 1001/905/819 1000/904/817 1312/1214/1110
f 1314/1216/1112 1002/906/821 1001/905/819 1313/1215/1111
f 1315/1217/1113 1003/907/823 1002/906/821 1314/1216/1112
f 1316/1218/1114 1004/908/825 1003/907/823 1315/1217/1113
