# Blender 4.4.1
# www.blender.org
mtllib StageClear.mtl
o テキスト
v -15.875384 9.320304 0.220000
v -16.062057 9.293609 0.220000
v -16.234314 9.249831 0.220000
v -16.391445 9.189552 0.220000
v -16.532745 9.113358 0.220000
v -16.657501 9.021831 0.220000
v -16.765007 8.915552 0.220000
v -16.854557 8.795108 0.220000
v -16.925438 8.661079 0.220000
v -16.976946 8.514051 0.220000
v -17.008369 8.354607 0.220000
v -17.019001 8.183329 0.220000
v -17.013906 8.067362 0.220000
v -16.998751 7.956606 0.220000
v -16.973721 7.851266 0.220000
v -16.939001 7.751551 0.220000
v -16.894783 7.657669 0.220000
v -16.841251 7.569828 0.220000
v -16.778595 7.488238 0.220000
v -16.707001 7.413106 0.220000
v -16.626657 7.344642 0.220000
v -16.537750 7.283051 0.220000
v -16.440470 7.228545 0.220000
v -16.335001 7.181329 0.220000
v -16.425133 7.117079 0.220000
v -16.510056 7.047329 0.220000
v -16.590563 6.972079 0.220000
v -16.667444 6.891329 0.220000
v -16.741493 6.805079 0.220000
v -16.813501 6.713329 0.220000
v -16.884258 6.616079 0.220000
v -16.954556 6.513329 0.220000
v -17.025188 6.405079 0.220000
v -17.096945 6.291329 0.220000
v -17.170620 6.172079 0.220000
v -17.247002 6.047329 0.220000
v -17.289146 5.979599 0.220000
v -17.329166 5.916494 0.220000
v -17.367939 5.856641 0.220000
v -17.406334 5.798662 0.220000
v -17.445230 5.741182 0.220000
v -17.485500 5.682828 0.220000
v -17.528021 5.622224 0.220000
v -17.573668 5.557995 0.220000
v -17.623314 5.488766 0.220000
v -17.677834 5.413162 0.220000
v -17.738106 5.329808 0.220000
v -17.805000 5.237329 0.220000
v -17.103001 5.237329 0.220000
v -16.563002 6.077329 0.220000
v -16.433924 6.272204 0.220000
v -16.315889 6.438330 0.220000
v -16.207687 6.577954 0.220000
v -16.108112 6.693330 0.220000
v -16.015953 6.786705 0.220000
v -15.930001 6.860330 0.220000
v -15.849051 6.916454 0.220000
v -15.771890 6.957329 0.220000
v -15.697313 6.985204 0.220000
v -15.624112 7.002329 0.220000
v -15.551077 7.010954 0.220000
v -15.477001 7.013329 0.220000
v -15.231001 7.013329 0.220000
v -15.231001 5.237329 0.220000
v -14.643000 5.237329 0.220000
v -14.643000 9.329329 0.220000
v -15.675001 9.329329 0.220000
v -15.609000 7.541329 0.220000
v -15.757277 7.547901 0.220000
v -15.887721 7.566912 0.220000
v -16.001249 7.597298 0.220000
v -16.098778 7.637996 0.220000
v -16.181221 7.687943 0.220000
v -16.249500 7.746078 0.220000
v -16.304527 7.811339 0.220000
v -16.347223 7.882663 0.220000
v -16.378502 7.958985 0.220000
v -16.399279 8.039246 0.220000
v -16.410473 8.122381 0.220000
v -16.413000 8.207329 0.220000
v -16.406805 8.300155 0.220000
v -16.390944 8.386439 0.220000
v -16.365000 8.465891 0.220000
v -16.328554 8.538218 0.220000
v -16.281193 8.603127 0.220000
v -16.222500 8.660328 0.220000
v -16.152056 8.709530 0.220000
v -16.069445 8.750440 0.220000
v -15.974250 8.782766 0.220000
v -15.866056 8.806217 0.220000
v -15.744446 8.820502 0.220000
v -15.609000 8.825329 0.220000
v -15.231001 8.825329 0.220000
v -15.231001 7.541329 0.220000
v -13.581001 5.237329 0.220000
v -13.035002 6.443329 0.220000
v -11.295002 6.443329 0.220000
v -10.779002 5.237329 0.220000
v -10.179002 5.237329 0.220000
v -11.937002 9.353329 0.220000
v -12.351002 9.353329 0.220000
v -14.181002 5.237329 0.220000
v -12.795002 6.971329 0.220000
v -12.135002 8.453329 0.220000
v -11.523002 6.971329 0.220000
v -8.217002 8.801329 0.220000
v -8.217002 7.565329 0.220000
v -9.891002 7.565329 0.220000
v -9.891002 7.037329 0.220000
v -8.217002 7.037329 0.220000
v -8.217002 5.765329 0.220000
v -10.005001 5.765329 0.220000
v -10.005001 5.237329 0.220000
v -7.629002 5.237329 0.220000
v -7.629002 9.329329 0.220000
v -9.951002 9.329329 0.220000
v -9.951002 8.801329 0.220000
v -7.119000 5.765329 0.220000
v -7.119000 5.237329 0.220000
v -4.683001 5.237329 0.220000
v -4.683001 9.329329 0.220000
v -5.271000 9.329329 0.220000
v -5.271000 5.765329 0.220000
v -3.802434 8.487471 0.220000
v -3.680472 8.550967 0.220000
v -3.560719 8.607923 0.220000
v -3.442778 8.658440 0.220000
v -3.326254 8.702623 0.220000
v -3.210751 8.740579 0.220000
v -3.095872 8.772408 0.220000
v -2.981223 8.798218 0.220000
v -2.866407 8.818110 0.220000
v -2.751029 8.832191 0.220000
v -2.634692 8.840562 0.220000
v -2.517001 8.843328 0.220000
v -2.288265 8.829702 0.220000
v -2.071112 8.789827 0.220000
v -1.867126 8.725203 0.220000
v -1.677890 8.637328 0.220000
v -1.504987 8.527703 0.220000
v -1.350001 8.397828 0.220000
v -1.214515 8.249203 0.220000
v -1.100112 8.083328 0.220000
v -1.008376 7.901703 0.220000
v -0.940890 7.705829 0.220000
v -0.899237 7.497203 0.220000
v -0.885001 7.277328 0.220000
v -0.898792 7.053908 0.220000
v -0.939334 6.843468 0.220000
v -1.005376 6.647235 0.220000
v -1.095667 6.466440 0.220000
v -1.208959 6.302311 0.220000
v -1.344001 6.156079 0.220000
v -1.499542 6.028972 0.220000
v -1.674334 5.922218 0.220000
v -1.867126 5.837048 0.220000
v -2.076667 5.774690 0.220000
v -2.301709 5.736374 0.220000
v -2.541001 5.723329 0.220000
v -2.657327 5.726690 0.220000
v -2.775112 5.736718 0.220000
v -2.894063 5.753329 0.220000
v -3.013890 5.776440 0.220000
v -3.134299 5.805968 0.220000
v -3.255001 5.841829 0.220000
v -3.375702 5.883940 0.220000
v -3.496112 5.932218 0.220000
v -3.615939 5.986579 0.220000
v -3.734890 6.046940 0.220000
v -3.852674 6.113218 0.220000
v -3.969001 6.185329 0.220000
v -3.969001 5.543329 0.220000
v -3.867654 5.492130 0.220000
v -3.764223 5.443745 0.220000
v -3.658126 5.398485 0.220000
v -3.548779 5.356662 0.220000
v -3.435598 5.318589 0.220000
v -3.318001 5.284579 0.220000
v -3.195404 5.254943 0.220000
v -3.067223 5.229995 0.220000
v -2.932876 5.210048 0.220000
v -2.791779 5.195412 0.220000
v -2.643348 5.186401 0.220000
v -2.487001 5.183329 0.220000
v -2.120890 5.207083 0.220000
v -1.790112 5.274858 0.220000
v -1.494001 5.381423 0.220000
v -1.231890 5.521552 0.220000
v -1.003112 5.690014 0.220000
v -0.807001 5.881580 0.220000
v -0.642890 6.091021 0.220000
v -0.510112 6.313107 0.220000
v -0.408001 6.542611 0.220000
v -0.335890 6.774302 0.220000
v -0.293112 7.002951 0.220000
v -0.279001 7.223329 0.220000
v -0.298289 7.527997 0.220000
v -0.354806 7.816663 0.220000
v -0.446532 8.087330 0.220000
v -0.571445 8.337996 0.220000
v -0.727525 8.566662 0.220000
v -0.912751 8.771329 0.220000
v -1.125101 8.949996 0.220000
v -1.362556 9.100662 0.220000
v -1.623095 9.221329 0.220000
v -1.904695 9.309996 0.220000
v -2.205338 9.364662 0.220000
v -2.523001 9.383329 0.220000
v -2.628199 9.381186 0.220000
v -2.734084 9.374689 0.220000
v -2.841095 9.363735 0.220000
v -2.949668 9.348217 0.220000
v -3.060241 9.328033 0.220000
v -3.173251 9.303079 0.220000
v -3.289136 9.273249 0.220000
v -3.408334 9.238440 0.220000
v -3.531282 9.198547 0.220000
v -3.658417 9.153467 0.220000
v -3.790178 9.103096 0.220000
v -3.927001 9.047329 0.220000
v -3.927001 8.417329 0.220000
v 3.639000 8.801329 0.220000
v 3.639000 7.565329 0.220000
v 1.965000 7.565329 0.220000
v 1.965000 7.037329 0.220000
v 3.639000 7.037329 0.220000
v 3.639000 5.765329 0.220000
v 1.851000 5.765329 0.220000
v 1.851000 5.237329 0.220000
v 4.227000 5.237329 0.220000
v 4.227000 9.329329 0.220000
v 1.905000 9.329329 0.220000
v 1.905000 8.801329 0.220000
v 5.697001 5.237329 0.220000
v 5.697001 8.423329 0.220000
v 5.709001 8.423329 0.220000
v 6.969001 6.839329 0.220000
v 7.065001 6.839329 0.220000
v 8.325001 8.423329 0.220000
v 8.337001 8.423329 0.220000
v 8.337001 5.237329 0.220000
v 8.925001 5.237329 0.220000
v 8.925001 9.329329 0.220000
v 8.373001 9.329329 0.220000
v 7.017001 7.649329 0.220000
v 5.655001 9.329329 0.220000
v 5.109001 9.329329 0.220000
v 5.109001 5.237329 0.220000
v 9.963001 5.237329 0.220000
v 10.509001 6.443329 0.220000
v 12.249001 6.443329 0.220000
v 12.765001 5.237329 0.220000
v 13.365002 5.237329 0.220000
v 11.607001 9.353329 0.220000
v 11.193001 9.353329 0.220000
v 9.363001 5.237329 0.220000
v 10.749002 6.971329 0.220000
v 11.409001 8.453329 0.220000
v 12.021002 6.971329 0.220000
v 13.901506 5.462302 0.220000
v 14.032555 5.411108 0.220000
v 14.160938 5.365580 0.220000
v 14.287445 5.325552 0.220000
v 14.412869 5.290857 0.220000
v 14.538002 5.261329 0.220000
v 14.663633 5.236801 0.220000
v 14.790558 5.217107 0.220000
v 14.919563 5.202079 0.220000
v 15.051445 5.191551 0.220000
v 15.186994 5.185357 0.220000
v 15.327001 5.183329 0.220000
v 15.633282 5.201260 0.220000
v 15.923752 5.253773 0.220000
v 16.196346 5.338954 0.220000
v 16.449001 5.454885 0.220000
v 16.679657 5.599648 0.220000
v 16.886253 5.771329 0.220000
v 17.066721 5.968009 0.220000
v 17.219002 6.187773 0.220000
v 17.341034 6.428703 0.220000
v 17.430752 6.688884 0.220000
v 17.486095 6.966398 0.220000
v 17.505001 7.259329 0.220000
v 17.485628 7.554464 0.220000
v 17.429003 7.835412 0.220000
v 17.337378 8.099985 0.220000
v 17.213003 8.345995 0.220000
v 17.058128 8.571256 0.220000
v 16.875004 8.773579 0.220000
v 16.665878 8.950777 0.220000
v 16.433002 9.100662 0.220000
v 16.178629 9.221047 0.220000
v 15.905003 9.309746 0.220000
v 15.614378 9.364569 0.220000
v 15.309002 9.383329 0.220000
v 15.191740 9.381639 0.220000
v 15.078917 9.376302 0.220000
v 14.968969 9.366923 0.220000
v 14.860333 9.353107 0.220000
v 14.751449 9.334457 0.220000
v 14.640751 9.310579 0.220000
v 14.526678 9.281076 0.220000
v 14.407668 9.245552 0.220000
v 14.282158 9.203610 0.220000
v 14.148585 9.154858 0.220000
v 14.005386 9.098896 0.220000
v 13.851002 9.035330 0.220000
v 13.851002 8.441330 0.220000
v 13.971363 8.504697 0.220000
v 14.092390 8.562774 0.220000
v 14.214001 8.615517 0.220000
v 14.336113 8.662884 0.220000
v 14.458640 8.704836 0.220000
v 14.581501 8.741328 0.220000
v 14.704613 8.772322 0.220000
v 14.827889 8.797773 0.220000
v 14.951251 8.817641 0.220000
v 15.074613 8.831884 0.220000
v 15.197889 8.840461 0.220000
v 15.321001 8.843328 0.220000
v 15.538589 8.829474 0.220000
v 15.746221 8.788996 0.220000
v 15.942186 8.723516 0.220000
v 16.124777 8.634663 0.220000
v 16.292284 8.524058 0.220000
v 16.443001 8.393329 0.220000
v 16.575214 8.244100 0.220000
v 16.687222 8.077996 0.220000
v 16.777313 7.896642 0.220000
v 16.843779 7.701662 0.220000
v 16.884911 7.494683 0.220000
v 16.899002 7.277328 0.220000
v 16.884981 7.055168 0.220000
v 16.843834 6.845551 0.220000
v 16.776939 6.649765 0.220000
v 16.685667 6.469106 0.220000
v 16.571396 6.304863 0.220000
v 16.435501 6.158329 0.220000
v 16.279354 6.030795 0.220000
v 16.104336 5.923552 0.220000
v 15.911814 5.837892 0.220000
v 15.703168 5.775107 0.220000
v 15.479773 5.736489 0.220000
v 15.243001 5.723329 0.220000
v 15.164112 5.724798 0.220000
v 15.086390 5.729079 0.220000
v 15.009752 5.735986 0.220000
v 14.934114 5.745329 0.220000
v 14.859390 5.756923 0.220000
v 14.785501 5.770579 0.220000
v 14.712362 5.786110 0.220000
v 14.639891 5.803329 0.220000
v 14.568001 5.822048 0.220000
v 14.496612 5.842079 0.220000
v 14.425640 5.863235 0.220000
v 14.355001 5.885329 0.220000
v 14.355001 6.725328 0.220000
v 15.141001 6.725328 0.220000
v 15.141001 7.253329 0.220000
v 13.767000 7.253329 0.220000
v 13.767000 5.519329 0.220000
v -15.875384 9.320304 -0.220000
v -16.062057 9.293609 -0.220000
v -16.234314 9.249831 -0.220000
v -16.391445 9.189552 -0.220000
v -16.532745 9.113358 -0.220000
v -16.657501 9.021831 -0.220000
v -16.765007 8.915552 -0.220000
v -16.854557 8.795108 -0.220000
v -16.925438 8.661079 -0.220000
v -16.976946 8.514051 -0.220000
v -17.008369 8.354607 -0.220000
v -17.019001 8.183329 -0.220000
v -17.013906 8.067362 -0.220000
v -16.998751 7.956606 -0.220000
v -16.973721 7.851266 -0.220000
v -16.939001 7.751551 -0.220000
v -16.894783 7.657669 -0.220000
v -16.841251 7.569828 -0.220000
v -16.778595 7.488238 -0.220000
v -16.707001 7.413106 -0.220000
v -16.626657 7.344642 -0.220000
v -16.537750 7.283051 -0.220000
v -16.440470 7.228545 -0.220000
v -16.335001 7.181329 -0.220000
v -16.425133 7.117079 -0.220000
v -16.510056 7.047329 -0.220000
v -16.590563 6.972079 -0.220000
v -16.667444 6.891329 -0.220000
v -16.741493 6.805079 -0.220000
v -16.813501 6.713329 -0.220000
v -16.884258 6.616079 -0.220000
v -16.954556 6.513329 -0.220000
v -17.025188 6.405079 -0.220000
v -17.096945 6.291329 -0.220000
v -17.170620 6.172079 -0.220000
v -17.247002 6.047329 -0.220000
v -17.289146 5.979599 -0.220000
v -17.329166 5.916494 -0.220000
v -17.367939 5.856641 -0.220000
v -17.406334 5.798662 -0.220000
v -17.445230 5.741182 -0.220000
v -17.485500 5.682828 -0.220000
v -17.528021 5.622224 -0.220000
v -17.573668 5.557995 -0.220000
v -17.623314 5.488766 -0.220000
v -17.677834 5.413162 -0.220000
v -17.738106 5.329808 -0.220000
v -17.805000 5.237329 -0.220000
v -17.103001 5.237329 -0.220000
v -16.563002 6.077329 -0.220000
v -16.433924 6.272204 -0.220000
v -16.315889 6.438330 -0.220000
v -16.207687 6.577954 -0.220000
v -16.108112 6.693330 -0.220000
v -16.015953 6.786705 -0.220000
v -15.930001 6.860330 -0.220000
v -15.849051 6.916454 -0.220000
v -15.771890 6.957329 -0.220000
v -15.697313 6.985204 -0.220000
v -15.624112 7.002329 -0.220000
v -15.551077 7.010954 -0.220000
v -15.477001 7.013329 -0.220000
v -15.231001 7.013329 -0.220000
v -15.231001 5.237329 -0.220000
v -14.643000 5.237329 -0.220000
v -14.643000 9.329329 -0.220000
v -15.675001 9.329329 -0.220000
v -15.609000 7.541329 -0.220000
v -15.757277 7.547901 -0.220000
v -15.887721 7.566912 -0.220000
v -16.001249 7.597298 -0.220000
v -16.098778 7.637996 -0.220000
v -16.181221 7.687943 -0.220000
v -16.249500 7.746078 -0.220000
v -16.304527 7.811339 -0.220000
v -16.347223 7.882663 -0.220000
v -16.378502 7.958985 -0.220000
v -16.399279 8.039246 -0.220000
v -16.410473 8.122381 -0.220000
v -16.413000 8.207329 -0.220000
v -16.406805 8.300155 -0.220000
v -16.390944 8.386439 -0.220000
v -16.365000 8.465891 -0.220000
v -16.328554 8.538218 -0.220000
v -16.281193 8.603127 -0.220000
v -16.222500 8.660328 -0.220000
v -16.152056 8.709530 -0.220000
v -16.069445 8.750440 -0.220000
v -15.974250 8.782766 -0.220000
v -15.866056 8.806217 -0.220000
v -15.744446 8.820502 -0.220000
v -15.609000 8.825329 -0.220000
v -15.231001 8.825329 -0.220000
v -15.231001 7.541329 -0.220000
v -13.581001 5.237329 -0.220000
v -13.035002 6.443329 -0.220000
v -11.295002 6.443329 -0.220000
v -10.779002 5.237329 -0.220000
v -10.179002 5.237329 -0.220000
v -11.937002 9.353329 -0.220000
v -12.351002 9.353329 -0.220000
v -14.181002 5.237329 -0.220000
v -12.795002 6.971329 -0.220000
v -12.135002 8.453329 -0.220000
v -11.523002 6.971329 -0.220000
v -8.217002 8.801329 -0.220000
v -8.217002 7.565329 -0.220000
v -9.891002 7.565329 -0.220000
v -9.891002 7.037329 -0.220000
v -8.217002 7.037329 -0.220000
v -8.217002 5.765329 -0.220000
v -10.005001 5.765329 -0.220000
v -10.005001 5.237329 -0.220000
v -7.629002 5.237329 -0.220000
v -7.629002 9.329329 -0.220000
v -9.951002 9.329329 -0.220000
v -9.951002 8.801329 -0.220000
v -7.119000 5.765329 -0.220000
v -7.119000 5.237329 -0.220000
v -4.683001 5.237329 -0.220000
v -4.683001 9.329329 -0.220000
v -5.271000 9.329329 -0.220000
v -5.271000 5.765329 -0.220000
v -3.802434 8.487471 -0.220000
v -3.680472 8.550967 -0.220000
v -3.560719 8.607923 -0.220000
v -3.442778 8.658440 -0.220000
v -3.326254 8.702623 -0.220000
v -3.210751 8.740579 -0.220000
v -3.095872 8.772408 -0.220000
v -2.981223 8.798218 -0.220000
v -2.866407 8.818110 -0.220000
v -2.751029 8.832191 -0.220000
v -2.634692 8.840562 -0.220000
v -2.517001 8.843328 -0.220000
v -2.288265 8.829702 -0.220000
v -2.071112 8.789827 -0.220000
v -1.867126 8.725203 -0.220000
v -1.677890 8.637328 -0.220000
v -1.504987 8.527703 -0.220000
v -1.350001 8.397828 -0.220000
v -1.214515 8.249203 -0.220000
v -1.100112 8.083328 -0.220000
v -1.008376 7.901703 -0.220000
v -0.940890 7.705829 -0.220000
v -0.899237 7.497203 -0.220000
v -0.885001 7.277328 -0.220000
v -0.898792 7.053908 -0.220000
v -0.939334 6.843468 -0.220000
v -1.005376 6.647235 -0.220000
v -1.095667 6.466440 -0.220000
v -1.208959 6.302311 -0.220000
v -1.344001 6.156079 -0.220000
v -1.499542 6.028972 -0.220000
v -1.674334 5.922218 -0.220000
v -1.867126 5.837048 -0.220000
v -2.076667 5.774690 -0.220000
v -2.301709 5.736374 -0.220000
v -2.541001 5.723329 -0.220000
v -2.657327 5.726690 -0.220000
v -2.775112 5.736718 -0.220000
v -2.894063 5.753329 -0.220000
v -3.013890 5.776440 -0.220000
v -3.134299 5.805968 -0.220000
v -3.255001 5.841829 -0.220000
v -3.375702 5.883940 -0.220000
v -3.496112 5.932218 -0.220000
v -3.615939 5.986579 -0.220000
v -3.734890 6.046940 -0.220000
v -3.852674 6.113218 -0.220000
v -3.969001 6.185329 -0.220000
v -3.969001 5.543329 -0.220000
v -3.867654 5.492130 -0.220000
v -3.764223 5.443745 -0.220000
v -3.658126 5.398485 -0.220000
v -3.548779 5.356662 -0.220000
v -3.435598 5.318589 -0.220000
v -3.318001 5.284579 -0.220000
v -3.195404 5.254943 -0.220000
v -3.067223 5.229995 -0.220000
v -2.932876 5.210048 -0.220000
v -2.791779 5.195412 -0.220000
v -2.643348 5.186401 -0.220000
v -2.487001 5.183329 -0.220000
v -2.120890 5.207083 -0.220000
v -1.790112 5.274858 -0.220000
v -1.494001 5.381423 -0.220000
v -1.231890 5.521552 -0.220000
v -1.003112 5.690014 -0.220000
v -0.807001 5.881580 -0.220000
v -0.642890 6.091021 -0.220000
v -0.510112 6.313107 -0.220000
v -0.408001 6.542611 -0.220000
v -0.335890 6.774302 -0.220000
v -0.293112 7.002951 -0.220000
v -0.279001 7.223329 -0.220000
v -0.298289 7.527997 -0.220000
v -0.354806 7.816663 -0.220000
v -0.446532 8.087330 -0.220000
v -0.571445 8.337996 -0.220000
v -0.727525 8.566662 -0.220000
v -0.912751 8.771329 -0.220000
v -1.125101 8.949996 -0.220000
v -1.362556 9.100662 -0.220000
v -1.623095 9.221329 -0.220000
v -1.904695 9.309996 -0.220000
v -2.205338 9.364662 -0.220000
v -2.523001 9.383329 -0.220000
v -2.628199 9.381186 -0.220000
v -2.734084 9.374689 -0.220000
v -2.841095 9.363735 -0.220000
v -2.949668 9.348217 -0.220000
v -3.060241 9.328033 -0.220000
v -3.173251 9.303079 -0.220000
v -3.289136 9.273249 -0.220000
v -3.408334 9.238440 -0.220000
v -3.531282 9.198547 -0.220000
v -3.658417 9.153467 -0.220000
v -3.790178 9.103096 -0.220000
v -3.927001 9.047329 -0.220000
v -3.927001 8.417329 -0.220000
v 3.639000 8.801329 -0.220000
v 3.639000 7.565329 -0.220000
v 1.965000 7.565329 -0.220000
v 1.965000 7.037329 -0.220000
v 3.639000 7.037329 -0.220000
v 3.639000 5.765329 -0.220000
v 1.851000 5.765329 -0.220000
v 1.851000 5.237329 -0.220000
v 4.227000 5.237329 -0.220000
v 4.227000 9.329329 -0.220000
v 1.905000 9.329329 -0.220000
v 1.905000 8.801329 -0.220000
v 5.697001 5.237329 -0.220000
v 5.697001 8.423329 -0.220000
v 5.709001 8.423329 -0.220000
v 6.969001 6.839329 -0.220000
v 7.065001 6.839329 -0.220000
v 8.325001 8.423329 -0.220000
v 8.337001 8.423329 -0.220000
v 8.337001 5.237329 -0.220000
v 8.925001 5.237329 -0.220000
v 8.925001 9.329329 -0.220000
v 8.373001 9.329329 -0.220000
v 7.017001 7.649329 -0.220000
v 5.655001 9.329329 -0.220000
v 5.109001 9.329329 -0.220000
v 5.109001 5.237329 -0.220000
v 9.963001 5.237329 -0.220000
v 10.509001 6.443329 -0.220000
v 12.249001 6.443329 -0.220000
v 12.765001 5.237329 -0.220000
v 13.365002 5.237329 -0.220000
v 11.607001 9.353329 -0.220000
v 11.193001 9.353329 -0.220000
v 9.363001 5.237329 -0.220000
v 10.749002 6.971329 -0.220000
v 11.409001 8.453329 -0.220000
v 12.021002 6.971329 -0.220000
v 13.901506 5.462302 -0.220000
v 14.032555 5.411108 -0.220000
v 14.160938 5.365580 -0.220000
v 14.287445 5.325552 -0.220000
v 14.412869 5.290857 -0.220000
v 14.538002 5.261329 -0.220000
v 14.663633 5.236801 -0.220000
v 14.790558 5.217107 -0.220000
v 14.919563 5.202079 -0.220000
v 15.051445 5.191551 -0.220000
v 15.186994 5.185357 -0.220000
v 15.327001 5.183329 -0.220000
v 15.633282 5.201260 -0.220000
v 15.923752 5.253773 -0.220000
v 16.196346 5.338954 -0.220000
v 16.449001 5.454885 -0.220000
v 16.679657 5.599648 -0.220000
v 16.886253 5.771329 -0.220000
v 17.066721 5.968009 -0.220000
v 17.219002 6.187773 -0.220000
v 17.341034 6.428703 -0.220000
v 17.430752 6.688884 -0.220000
v 17.486095 6.966398 -0.220000
v 17.505001 7.259329 -0.220000
v 17.485628 7.554464 -0.220000
v 17.429003 7.835412 -0.220000
v 17.337378 8.099985 -0.220000
v 17.213003 8.345995 -0.220000
v 17.058128 8.571256 -0.220000
v 16.875004 8.773579 -0.220000
v 16.665878 8.950777 -0.220000
v 16.433002 9.100662 -0.220000
v 16.178629 9.221047 -0.220000
v 15.905003 9.309746 -0.220000
v 15.614378 9.364569 -0.220000
v 15.309002 9.383329 -0.220000
v 15.191740 9.381639 -0.220000
v 15.078917 9.376302 -0.220000
v 14.968969 9.366923 -0.220000
v 14.860333 9.353107 -0.220000
v 14.751449 9.334457 -0.220000
v 14.640751 9.310579 -0.220000
v 14.526678 9.281076 -0.220000
v 14.407668 9.245552 -0.220000
v 14.282158 9.203610 -0.220000
v 14.148585 9.154858 -0.220000
v 14.005386 9.098896 -0.220000
v 13.851002 9.035330 -0.220000
v 13.851002 8.441330 -0.220000
v 13.971363 8.504697 -0.220000
v 14.092390 8.562774 -0.220000
v 14.214001 8.615517 -0.220000
v 14.336113 8.662884 -0.220000
v 14.458640 8.704836 -0.220000
v 14.581501 8.741328 -0.220000
v 14.704613 8.772322 -0.220000
v 14.827889 8.797773 -0.220000
v 14.951251 8.817641 -0.220000
v 15.074613 8.831884 -0.220000
v 15.197889 8.840461 -0.220000
v 15.321001 8.843328 -0.220000
v 15.538589 8.829474 -0.220000
v 15.746221 8.788996 -0.220000
v 15.942186 8.723516 -0.220000
v 16.124777 8.634663 -0.220000
v 16.292284 8.524058 -0.220000
v 16.443001 8.393329 -0.220000
v 16.575214 8.244100 -0.220000
v 16.687222 8.077996 -0.220000
v 16.777313 7.896642 -0.220000
v 16.843779 7.701662 -0.220000
v 16.884911 7.494683 -0.220000
v 16.899002 7.277328 -0.220000
v 16.884981 7.055168 -0.220000
v 16.843834 6.845551 -0.220000
v 16.776939 6.649765 -0.220000
v 16.685667 6.469106 -0.220000
v 16.571396 6.304863 -0.220000
v 16.435501 6.158329 -0.220000
v 16.279354 6.030795 -0.220000
v 16.104336 5.923552 -0.220000
v 15.911814 5.837892 -0.220000
v 15.703168 5.775107 -0.220000
v 15.479773 5.736489 -0.220000
v 15.243001 5.723329 -0.220000
v 15.164112 5.724798 -0.220000
v 15.086390 5.729079 -0.220000
v 15.009752 5.735986 -0.220000
v 14.934114 5.745329 -0.220000
v 14.859390 5.756923 -0.220000
v 14.785501 5.770579 -0.220000
v 14.712362 5.786110 -0.220000
v 14.639891 5.803329 -0.220000
v 14.568001 5.822048 -0.220000
v 14.496612 5.842079 -0.220000
v 14.425640 5.863235 -0.220000
v 14.355001 5.885329 -0.220000
v 14.355001 6.725328 -0.220000
v 15.141001 6.725328 -0.220000
v 15.141001 7.253329 -0.220000
v 13.767000 7.253329 -0.220000
v 13.767000 5.519329 -0.220000
v 13.901506 5.462302 -0.220000
v 13.887520 5.427955 -0.219021
v 13.874901 5.396970 -0.216180
v 13.864887 5.372379 -0.211755
v 13.858459 5.356592 -0.206180
v 13.856245 5.351152 -0.200000
v 13.856245 5.351152 0.200000
v 13.858459 5.356592 0.206181
v 13.864887 5.372379 0.211756
v 13.874901 5.396970 0.216181
v 13.887520 5.427955 0.219021
v 13.901506 5.462302 0.220000
v 14.032555 5.411108 -0.220000
v 14.019609 5.376354 -0.219021
v 14.007929 5.345002 -0.216180
v 13.998661 5.320122 -0.211755
v 13.992710 5.304147 -0.206180
v 13.990658 5.298643 -0.200000
v 13.990658 5.298643 0.200000
v 13.992710 5.304147 0.206181
v 13.998661 5.320122 0.211756
v 14.007929 5.345002 0.216181
v 14.019609 5.376354 0.219021
v 14.032555 5.411108 0.220000
v 14.160938 5.365580 -0.220000
v 14.149145 5.330417 -0.219021
v 14.138504 5.298697 -0.216180
v 14.130062 5.273523 -0.211755
v 14.124640 5.257361 -0.206180
v 14.122773 5.251792 -0.200000
v 14.122773 5.251792 0.200000
v 14.124640 5.257361 0.206181
v 14.130062 5.273523 0.211756
v 14.138504 5.298697 0.216181
v 14.149145 5.330417 0.219021
v 14.160938 5.365580 0.220000
v 14.287445 5.325552 -0.220000
v 14.276905 5.289993 -0.219021
v 14.267397 5.257915 -0.216180
v 14.259851 5.232457 -0.211755
v 14.255007 5.216112 -0.206180
v 14.253338 5.210480 -0.200000
v 14.253338 5.210480 0.200000
v 14.255007 5.216112 0.206181
v 14.259851 5.232457 0.211756
v 14.267397 5.257915 0.216181
v 14.276905 5.289993 0.219021
v 14.287445 5.325552 0.220000
v 14.412869 5.290857 -0.220000
v 14.403664 5.254929 -0.219021
v 14.395361 5.222517 -0.216180
v 14.388771 5.196795 -0.211755
v 14.384540 5.180281 -0.206180
v 14.383081 5.174590 -0.200000
v 14.383081 5.174590 0.200000
v 14.384540 5.180281 0.206181
v 14.388771 5.196795 0.211756
v 14.395361 5.222517 0.216181
v 14.403664 5.254929 0.219021
v 14.412869 5.290857 0.220000
v 14.538002 5.261329 -0.220000
v 14.530189 5.225073 -0.219021
v 14.523139 5.192365 -0.216180
v 14.517544 5.166409 -0.211755
v 14.513954 5.149743 -0.206180
v 14.512714 5.144001 -0.200000
v 14.512714 5.144001 0.200000
v 14.513954 5.149743 0.206181
v 14.517544 5.166409 0.211756
v 14.523139 5.192365 0.216181
v 14.530189 5.225073 0.219021
v 14.538002 5.261329 0.220000
v 14.663633 5.236801 -0.220000
v 14.657235 5.200268 -0.219021
v 14.651464 5.167312 -0.216180
v 14.646883 5.141157 -0.211755
v 14.643943 5.124364 -0.206180
v 14.642929 5.118578 -0.200000
v 14.642929 5.118578 0.200000
v 14.643943 5.124364 0.206181
v 14.646883 5.141157 0.211756
v 14.651464 5.167312 0.216181
v 14.657235 5.200268 0.219021
v 14.663633 5.236801 0.220000
v 14.790558 5.217107 -0.220000
v 14.785568 5.180355 -0.219021
v 14.781066 5.147202 -0.216180
v 14.777493 5.120890 -0.211755
v 14.775200 5.103997 -0.206180
v 14.774410 5.098176 -0.200000
v 14.774410 5.098176 0.200000
v 14.775200 5.103997 0.206181
v 14.777493 5.120890 0.211756
v 14.781066 5.147202 0.216181
v 14.785568 5.180355 0.219021
v 14.790558 5.217107 0.220000
v 14.919563 5.202079 -0.220000
v 14.915941 5.165168 -0.219021
v 14.912674 5.131870 -0.216180
v 14.910081 5.105445 -0.211755
v 14.908417 5.088479 -0.206180
v 14.907844 5.082633 -0.200000
v 14.907844 5.082633 0.200000
v 14.908417 5.088479 0.206181
v 14.910081 5.105445 0.211756
v 14.912674 5.131870 0.216181
v 14.915941 5.165168 0.219021
v 14.919563 5.202079 0.220000
v 15.051445 5.191551 -0.220000
v 15.049122 5.154537 -0.219021
v 15.047028 5.121145 -0.216180
v 15.045366 5.094646 -0.211755
v 15.044297 5.077632 -0.206180
v 15.043930 5.071769 -0.200000
v 15.043930 5.071769 0.200000
v 15.044297 5.077632 0.206181
v 15.045366 5.094646 0.211756
v 15.047028 5.121145 0.216181
v 15.049122 5.154537 0.219021
v 15.051445 5.191551 0.220000
v 15.186994 5.185357 -0.220000
v 15.185878 5.148287 -0.219021
v 15.184872 5.114846 -0.216180
v 15.184074 5.088307 -0.211755
v 15.183561 5.071268 -0.206180
v 15.183384 5.065396 -0.200000
v 15.183384 5.065396 0.200000
v 15.183561 5.071268 0.206181
v 15.184074 5.088307 0.211756
v 15.184872 5.114846 0.216181
v 15.185878 5.148287 0.219021
v 15.186994 5.185357 0.220000
v 15.327001 5.183329 -0.220000
v 15.327818 5.146231 -0.219021
v 15.328552 5.112764 -0.216180
v 15.329138 5.086205 -0.211755
v 15.329513 5.069154 -0.206180
v 15.329641 5.063278 -0.200000
v 15.329641 5.063278 0.200000
v 15.329513 5.069154 0.206181
v 15.329138 5.086205 0.211756
v 15.328552 5.112764 0.216181
v 15.327818 5.146231 0.219021
v 15.327001 5.183329 0.220000
v 15.633282 5.201260 -0.220000
v 15.637679 5.164371 -0.219021
v 15.641647 5.131094 -0.216180
v 15.644796 5.104685 -0.211755
v 15.646817 5.087730 -0.206180
v 15.647514 5.081887 -0.200000
v 15.647514 5.081887 0.200000
v 15.646817 5.087730 0.206181
v 15.644796 5.104685 0.211756
v 15.641647 5.131094 0.216181
v 15.637679 5.164371 0.219021
v 15.633282 5.201260 0.220000
v 15.923752 5.253773 -0.220000
v 15.932613 5.217692 -0.219021
v 15.940609 5.185143 -0.216180
v 15.946955 5.159312 -0.211755
v 15.951027 5.142728 -0.206180
v 15.952432 5.137013 -0.200000
v 15.952432 5.137013 0.200000
v 15.951027 5.142728 0.206181
v 15.946955 5.159312 0.211756
v 15.940609 5.185143 0.216181
v 15.932613 5.217692 0.219021
v 15.923752 5.253773 0.220000
v 16.196346 5.338954 -0.220000
v 16.209661 5.304265 -0.219021
v 16.221674 5.272971 -0.216180
v 16.231209 5.248137 -0.211755
v 16.237328 5.232191 -0.206180
v 16.239437 5.226697 -0.200000
v 16.239437 5.226697 0.200000
v 16.237328 5.232191 0.206181
v 16.231209 5.248137 0.211756
v 16.221674 5.272971 0.216181
v 16.209661 5.304265 0.219021
v 16.196346 5.338954 0.220000
v 16.449001 5.454885 -0.220000
v 16.466667 5.422190 -0.219021
v 16.482601 5.392695 -0.216180
v 16.495247 5.369289 -0.211755
v 16.503365 5.354261 -0.206180
v 16.506163 5.349082 -0.200000
v 16.506163 5.349082 0.200000
v 16.503365 5.354261 0.206181
v 16.495247 5.369289 0.211756
v 16.482601 5.392695 0.216181
v 16.466667 5.422190 0.219021
v 16.449001 5.454885 0.220000
v 16.679657 5.599648 -0.220000
v 16.701460 5.569551 -0.219021
v 16.721128 5.542400 -0.216180
v 16.736736 5.520854 -0.211755
v 16.746759 5.507020 -0.206180
v 16.750212 5.502253 -0.200000
v 16.750212 5.502253 0.200000
v 16.746759 5.507020 0.206181
v 16.736736 5.520854 0.211756
v 16.721128 5.542400 0.216181
v 16.701460 5.569551 0.219021
v 16.679657 5.599648 0.220000
v 16.886253 5.771329 -0.220000
v 16.911880 5.744411 -0.219021
v 16.934999 5.720128 -0.216180
v 16.953348 5.700857 -0.211755
v 16.965128 5.688485 -0.206180
v 16.969187 5.684221 -0.200000
v 16.969187 5.684221 0.200000
v 16.965128 5.688485 0.206181
v 16.953348 5.700857 0.211756
v 16.934999 5.720128 0.216181
v 16.911880 5.744411 0.219021
v 16.886253 5.771329 0.220000
v 17.066721 5.968009 -0.220000
v 17.095758 5.944806 -0.219021
v 17.121952 5.923874 -0.216180
v 17.142738 5.907262 -0.211755
v 17.156086 5.896597 -0.206180
v 17.160685 5.892922 -0.200000
v 17.160685 5.892922 0.200000
v 17.156086 5.896597 0.206181
v 17.142738 5.907262 0.211756
v 17.121952 5.923874 0.216181
v 17.095758 5.944806 0.219021
v 17.066721 5.968009 0.220000
v 17.219002 6.187773 -0.220000
v 17.250933 6.168746 -0.219021
v 17.279737 6.151581 -0.216180
v 17.302595 6.137959 -0.211755
v 17.317272 6.129214 -0.206180
v 17.322330 6.126201 -0.200000
v 17.322330 6.126201 0.200000
v 17.317272 6.129214 0.206181
v 17.302595 6.137959 0.211756
v 17.279737 6.151581 0.216181
v 17.250933 6.168746 0.219021
v 17.219002 6.187773 0.220000
v 17.341034 6.428703 -0.220000
v 17.375261 6.414214 -0.219021
v 17.406139 6.401143 -0.216180
v 17.430645 6.390769 -0.211755
v 17.446377 6.384109 -0.206180
v 17.451799 6.381814 -0.200000
v 17.451799 6.381814 0.200000
v 17.446377 6.384109 0.206181
v 17.430645 6.390769 0.211756
v 17.406139 6.401143 0.216181
v 17.375261 6.414214 0.219021
v 17.341034 6.428703 0.220000
v 17.430752 6.688884 -0.220000
v 17.466627 6.679170 -0.219021
v 17.498991 6.670405 -0.216180
v 17.524673 6.663450 -0.211755
v 17.541164 6.658985 -0.206180
v 17.546844 6.657447 -0.200000
v 17.546844 6.657447 0.200000
v 17.541164 6.658985 0.206181
v 17.524673 6.663450 0.211756
v 17.498991 6.670405 0.216181
v 17.466627 6.679170 0.219021
v 17.430752 6.688884 0.220000
v 17.486095 6.966398 -0.220000
v 17.522943 6.961557 -0.219021
v 17.556183 6.957190 -0.216180
v 17.582561 6.953723 -0.211755
v 17.599499 6.951498 -0.206180
v 17.605335 6.950731 -0.200000
v 17.605335 6.950731 0.200000
v 17.599499 6.951498 0.206181
v 17.582561 6.953723 0.211756
v 17.556183 6.957190 0.216181
v 17.522943 6.961557 0.219021
v 17.486095 6.966398 0.220000
v 17.505001 7.259329 -0.220000
v 17.542162 7.259350 -0.219021
v 17.575684 7.259368 -0.216180
v 17.602289 7.259383 -0.211755
v 17.619370 7.259392 -0.206180
v 17.625256 7.259395 -0.200000
v 17.625256 7.259395 0.200000
v 17.619370 7.259392 0.206181
v 17.602289 7.259383 0.211756
v 17.575684 7.259368 0.216181
v 17.542162 7.259350 0.219021
v 17.505001 7.259329 0.220000
v 17.485628 7.554464 -0.220000
v 17.522469 7.559363 -0.219021
v 17.555702 7.563783 -0.216180
v 17.582077 7.567291 -0.211755
v 17.599010 7.569543 -0.206180
v 17.604845 7.570319 -0.200000
v 17.604845 7.570319 0.200000
v 17.599010 7.569543 0.206181
v 17.582077 7.567291 0.211756
v 17.555702 7.563783 0.216181
v 17.522469 7.559363 0.219021
v 17.485628 7.554464 0.220000
v 17.429003 7.835412 -0.220000
v 17.464859 7.845187 -0.219021
v 17.497208 7.854005 -0.216180
v 17.522879 7.861003 -0.211755
v 17.539360 7.865497 -0.206180
v 17.545040 7.867044 -0.200000
v 17.545040 7.867044 0.200000
v 17.539360 7.865497 0.206181
v 17.522879 7.861003 0.211756
v 17.497208 7.854005 0.216181
v 17.464859 7.845187 0.219021
v 17.429003 7.835412 0.220000
v 17.337378 8.099985 -0.220000
v 17.371599 8.114483 -0.219021
v 17.402472 8.127563 -0.216180
v 17.426970 8.137943 -0.211755
v 17.442701 8.144608 -0.206180
v 17.448122 8.146904 -0.200000
v 17.448122 8.146904 0.200000
v 17.442701 8.144608 0.206181
v 17.426970 8.137943 0.211756
v 17.402472 8.127563 0.216181
v 17.371599 8.114483 0.219021
v 17.337378 8.099985 0.220000
v 17.213003 8.345995 -0.220000
v 17.244972 8.364950 -0.219021
v 17.273811 8.382050 -0.216180
v 17.296698 8.395620 -0.211755
v 17.311392 8.404333 -0.206180
v 17.316456 8.407335 -0.200000
v 17.316456 8.407335 0.200000
v 17.311392 8.404333 0.206181
v 17.296698 8.395620 0.211756
v 17.273811 8.382050 0.216181
v 17.244972 8.364950 0.219022
v 17.213003 8.345995 0.220000
v 17.058128 8.571256 -0.220000
v 17.087282 8.594304 -0.219021
v 17.113583 8.615097 -0.216180
v 17.134455 8.631598 -0.211755
v 17.147856 8.642193 -0.206180
v 17.152473 8.645844 -0.200000
v 17.152473 8.645844 0.200000
v 17.147856 8.642193 0.206181
v 17.134455 8.631598 0.211756
v 17.113583 8.615097 0.216181
v 17.087282 8.594304 0.219022
v 17.058128 8.571256 0.220000
v 16.875004 8.773579 -0.220000
v 16.900848 8.800282 -0.219021
v 16.924164 8.824373 -0.216180
v 16.942667 8.843492 -0.211755
v 16.954546 8.855766 -0.206180
v 16.958641 8.859996 -0.200000
v 16.958641 8.859996 0.200000
v 16.954546 8.855766 0.206181
v 16.942667 8.843492 0.211756
v 16.924164 8.824373 0.216181
v 16.900848 8.800282 0.219022
v 16.875004 8.773579 0.220000
v 16.665878 8.950777 -0.220000
v 16.687994 8.980641 -0.219021
v 16.707945 9.007583 -0.216180
v 16.723778 9.028963 -0.211755
v 16.733944 9.042690 -0.206180
v 16.737446 9.047421 -0.200000
v 16.737446 9.047421 0.200000
v 16.733944 9.042690 0.206181
v 16.723778 9.028963 0.211756
v 16.707945 9.007583 0.216181
v 16.687994 8.980641 0.219022
v 16.665878 8.950777 0.220000
v 16.433002 9.100662 -0.220000
v 16.451046 9.133148 -0.219021
v 16.467321 9.162456 -0.216180
v 16.480238 9.185713 -0.211755
v 16.488531 9.200645 -0.206180
v 16.491388 9.205791 -0.200000
v 16.491388 9.205791 0.200000
v 16.488531 9.200645 0.206181
v 16.480238 9.185713 0.211756
v 16.467321 9.162456 0.216181
v 16.451046 9.133148 0.219022
v 16.433002 9.100662 0.220000
v 16.178629 9.221047 -0.220000
v 16.192333 9.255587 -0.219021
v 16.204699 9.286745 -0.216180
v 16.214510 9.311472 -0.211755
v 16.220808 9.327348 -0.206180
v 16.222980 9.332818 -0.200000
v 16.222980 9.332818 0.200000
v 16.220808 9.327348 0.206181
v 16.214510 9.311472 0.211756
v 16.204699 9.286745 0.216181
v 16.192333 9.255587 0.219022
v 16.178629 9.221047 0.220000
v 15.905003 9.309746 -0.220000
v 15.914194 9.345748 -0.219021
v 15.922485 9.378225 -0.216180
v 15.929066 9.404001 -0.211755
v 15.933291 9.420549 -0.206180
v 15.934746 9.426251 -0.200000
v 15.934746 9.426251 0.200000
v 15.933291 9.420549 0.206181
v 15.929066 9.404001 0.211756
v 15.922485 9.378225 0.216181
v 15.914194 9.345748 0.219022
v 15.905003 9.309746 0.220000
v 15.614378 9.364569 -0.220000
v 15.618969 9.401439 -0.219021
v 15.623112 9.434700 -0.216180
v 15.626400 9.461096 -0.211755
v 15.628510 9.478043 -0.206180
v 15.629236 9.483882 -0.200000
v 15.629236 9.483882 0.200000
v 15.628510 9.478043 0.206181
v 15.626400 9.461096 0.211756
v 15.623112 9.434700 0.216181
v 15.618969 9.401439 0.219022
v 15.614378 9.364569 0.220000
v 15.309002 9.383329 -0.220000
v 15.309874 9.420427 -0.219021
v 15.310658 9.453895 -0.216180
v 15.311282 9.480454 -0.211755
v 15.311683 9.497506 -0.206180
v 15.311820 9.503382 -0.200000
v 15.311820 9.503382 0.200000
v 15.311683 9.497506 0.206181
v 15.311282 9.480454 0.211756
v 15.310658 9.453895 0.216181
v 15.309874 9.420427 0.219022
v 15.309002 9.383329 0.220000
v 15.191740 9.381639 -0.220000
v 15.190598 9.418708 -0.219021
v 15.189564 9.452148 -0.216180
v 15.188745 9.478687 -0.211755
v 15.188219 9.495726 -0.206180
v 15.188040 9.501597 -0.200000
v 15.188040 9.501597 0.200000
v 15.188219 9.495726 0.206181
v 15.188745 9.478687 0.211756
v 15.189564 9.452148 0.216181
v 15.190598 9.418708 0.219022
v 15.191740 9.381639 0.220000
v 15.078917 9.376302 -0.220000
v 15.076464 9.413309 -0.219021
v 15.074252 9.446694 -0.216180
v 15.072495 9.473188 -0.211755
v 15.071368 9.490199 -0.206180
v 15.070980 9.496060 -0.200000
v 15.070980 9.496060 0.200000
v 15.071368 9.490199 0.206181
v 15.072495 9.473188 0.211756
v 15.074252 9.446694 0.216181
v 15.076464 9.413309 0.219022
v 15.078917 9.376302 0.220000
v 14.968969 9.366923 -0.220000
v 14.965053 9.403807 -0.219021
v 14.961519 9.437078 -0.216180
v 14.958715 9.463484 -0.211755
v 14.956916 9.480436 -0.206180
v 14.956295 9.486279 -0.200000
v 14.956295 9.486279 0.200000
v 14.956916 9.480436 0.206181
v 14.958715 9.463484 0.211756
v 14.961519 9.437078 0.216181
v 14.965053 9.403807 0.219022
v 14.968969 9.366923 0.220000
v 14.860333 9.353107 -0.220000
v 14.854862 9.389792 -0.219021
v 14.849925 9.422886 -0.216180
v 14.846008 9.449150 -0.211755
v 14.843493 9.466012 -0.206180
v 14.842627 9.471822 -0.200000
v 14.842627 9.471822 0.200000
v 14.843493 9.466012 0.206181
v 14.846008 9.449150 0.211756
v 14.849925 9.422886 0.216181
v 14.854862 9.389792 0.219022
v 14.860333 9.353107 0.220000
v 14.751449 9.334457 -0.220000
v 14.744406 9.370873 -0.219021
v 14.738052 9.403725 -0.216180
v 14.733011 9.429796 -0.211755
v 14.729774 9.446534 -0.206180
v 14.728658 9.452302 -0.200000
v 14.728658 9.452302 0.200000
v 14.729774 9.446534 0.206181
v 14.733011 9.429796 0.211756
v 14.738052 9.403725 0.216181
v 14.744406 9.370873 0.219022
v 14.751449 9.334457 0.220000
v 14.640751 9.310579 -0.220000
v 14.632195 9.346669 -0.219021
v 14.624477 9.379226 -0.216180
v 14.618353 9.405063 -0.211755
v 14.614420 9.421652 -0.206180
v 14.613066 9.427367 -0.200000
v 14.613066 9.427367 0.200000
v 14.614420 9.421652 0.206181
v 14.618353 9.405063 0.211756
v 14.624477 9.379226 0.216181
v 14.632195 9.346669 0.219022
v 14.640751 9.310579 0.220000
v 14.526678 9.281076 -0.220000
v 14.516729 9.316805 -0.219021
v 14.507753 9.349037 -0.216180
v 14.500629 9.374616 -0.211755
v 14.496057 9.391039 -0.206180
v 14.494482 9.396697 -0.200000
v 14.494482 9.396697 0.200000
v 14.496057 9.391039 0.206181
v 14.500629 9.374616 0.211756
v 14.507753 9.349037 0.216181
v 14.516729 9.316805 0.219022
v 14.526678 9.281076 0.220000
v 14.407668 9.245552 -0.220000
v 14.396486 9.280912 -0.219021
v 14.386398 9.312812 -0.216180
v 14.378391 9.338127 -0.211755
v 14.373251 9.354382 -0.206180
v 14.371481 9.359982 -0.200000
v 14.371481 9.359982 0.200000
v 14.373251 9.354382 0.206181
v 14.378391 9.338127 0.211756
v 14.386398 9.312812 0.216181
v 14.396486 9.280912 0.219022
v 14.407668 9.245552 0.220000
v 14.282158 9.203610 -0.220000
v 14.269922 9.238619 -0.219021
v 14.258883 9.270202 -0.216180
v 14.250124 9.295265 -0.211755
v 14.244499 9.311357 -0.206180
v 14.242561 9.316901 -0.200000
v 14.242561 9.316901 0.200000
v 14.244499 9.311357 0.206181
v 14.250124 9.295265 0.211756
v 14.258883 9.270202 0.216181
v 14.269922 9.238619 0.219022
v 14.282158 9.203610 0.220000
v 14.148585 9.154858 -0.220000
v 14.135477 9.189548 -0.219021
v 14.123653 9.220843 -0.216180
v 14.114269 9.245679 -0.211755
v 14.108245 9.261624 -0.206180
v 14.106168 9.267118 -0.200000
v 14.106168 9.267118 0.200000
v 14.108245 9.261624 0.206181
v 14.114269 9.245679 0.211756
v 14.123653 9.220843 0.216181
v 14.135477 9.189548 0.219022
v 14.148585 9.154858 0.220000
v 14.005386 9.098896 -0.220000
v 13.991578 9.133312 -0.219021
v 13.979121 9.164360 -0.216180
v 13.969234 9.188999 -0.211755
v 13.962888 9.204819 -0.206180
v 13.960701 9.210270 -0.200000
v 13.960701 9.210270 0.200000
v 13.962888 9.204819 0.206181
v 13.969234 9.188999 0.211756
v 13.979121 9.164360 0.216181
v 13.991578 9.133312 0.219022
v 14.005386 9.098896 0.220000
v 13.851002 9.035330 -0.220000
v 13.813920 9.060163 -0.219021
v 13.780468 9.082567 -0.216180
v 13.753920 9.100346 -0.211755
v 13.736876 9.111761 -0.206180
v 13.731002 9.115695 -0.200000
v 13.731002 9.115695 0.200000
v 13.736876 9.111761 0.206181
v 13.753920 9.100346 0.211756
v 13.780468 9.082567 0.216181
v 13.813920 9.060163 0.219022
v 13.851002 9.035330 0.220000
v 13.851002 8.441330 -0.220000
v 13.813920 8.379900 -0.219021
v 13.780468 8.324482 -0.216180
v 13.753920 8.280503 -0.211755
v 13.736876 8.252268 -0.206180
v 13.731002 8.242537 -0.200000
v 13.731002 8.242537 0.200000
v 13.736876 8.252268 0.206181
v 13.753920 8.280503 0.211756
v 13.780468 8.324482 0.216181
v 13.813920 8.379900 0.219022
v 13.851002 8.441330 0.220000
v 13.971363 8.504697 -0.220000
v 13.988028 8.471563 -0.219021
v 14.003062 8.441673 -0.216180
v 14.014993 8.417952 -0.211755
v 14.022652 8.402721 -0.206180
v 14.025291 8.397473 -0.200000
v 14.025291 8.397473 0.200000
v 14.022652 8.402721 0.206181
v 14.014993 8.417952 0.211756
v 14.003062 8.441673 0.216181
v 13.988028 8.471563 0.219022
v 13.971363 8.504697 0.220000
v 14.092390 8.562774 -0.220000
v 14.107794 8.529035 -0.219021
v 14.121692 8.498599 -0.216180
v 14.132719 8.474445 -0.211755
v 14.139801 8.458937 -0.206180
v 14.142240 8.453593 -0.200000
v 14.142240 8.453593 0.200000
v 14.139801 8.458937 0.206181
v 14.132719 8.474445 0.211756
v 14.121692 8.498599 0.216181
v 14.107794 8.529035 0.219022
v 14.092390 8.562774 0.220000
v 14.214001 8.615517 -0.220000
v 14.228088 8.581207 -0.219021
v 14.240799 8.550257 -0.216180
v 14.250884 8.525693 -0.211755
v 14.257360 8.509923 -0.206180
v 14.259592 8.504490 -0.200000
v 14.259592 8.504490 0.200000
v 14.257360 8.509923 0.206181
v 14.250884 8.525693 0.211756
v 14.240799 8.550257 0.216181
v 14.228088 8.581207 0.219022
v 14.214001 8.615517 0.220000
v 14.336113 8.662884 -0.220000
v 14.348828 8.628042 -0.219021
v 14.360301 8.596611 -0.216180
v 14.369405 8.571669 -0.211755
v 14.375250 8.555653 -0.206180
v 14.377264 8.550135 -0.200000
v 14.377264 8.550135 0.200000
v 14.375250 8.555653 0.206181
v 14.369405 8.571669 0.211756
v 14.360301 8.596611 0.216181
v 14.348828 8.628042 0.219022
v 14.336113 8.662884 0.220000
v 14.458640 8.704836 -0.220000
v 14.469930 8.669505 -0.219021
v 14.480115 8.637634 -0.216180
v 14.488197 8.612341 -0.211755
v 14.493387 8.596102 -0.206180
v 14.495175 8.590506 -0.200000
v 14.495175 8.590506 0.200000
v 14.493387 8.596102 0.206181
v 14.488197 8.612341 0.211756
v 14.480115 8.637634 0.216181
v 14.469930 8.669505 0.219022
v 14.458640 8.704836 0.220000
v 14.581501 8.741328 -0.220000
v 14.591311 8.705559 -0.219021
v 14.600161 8.673291 -0.216180
v 14.607184 8.647683 -0.211755
v 14.611693 8.631241 -0.206180
v 14.613247 8.625576 -0.200000
v 14.613247 8.625576 0.200000
v 14.611693 8.631241 0.206181
v 14.607184 8.647683 0.211756
v 14.600161 8.673291 0.216181
v 14.591311 8.705559 0.219022
v 14.581501 8.741328 0.220000
v 14.704613 8.772322 -0.220000
v 14.712893 8.736166 -0.219021
v 14.720361 8.703550 -0.216180
v 14.726288 8.677667 -0.211755
v 14.730093 8.661048 -0.206180
v 14.731404 8.655322 -0.200000
v 14.731404 8.655322 0.200000
v 14.730093 8.661048 0.206181
v 14.726288 8.677667 0.211756
v 14.720361 8.703550 0.216181
v 14.712893 8.736166 0.219022
v 14.704613 8.772322 0.220000
v 14.827889 8.797773 -0.220000
v 14.834590 8.761292 -0.219021
v 14.840633 8.728382 -0.216180
v 14.845430 8.702265 -0.211755
v 14.848511 8.685496 -0.206180
v 14.849571 8.679718 -0.200000
v 14.849571 8.679718 0.200000
v 14.848511 8.685496 0.206181
v 14.845430 8.702265 0.211756
v 14.840633 8.728382 0.216181
v 14.834590 8.761292 0.219022
v 14.827889 8.797773 0.220000
v 14.951251 8.817641 -0.220000
v 14.956327 8.780899 -0.219021
v 14.960909 8.747753 -0.216180
v 14.964543 8.721449 -0.211755
v 14.966878 8.704561 -0.206180
v 14.967682 8.698742 -0.200000
v 14.967682 8.698742 0.200000
v 14.966878 8.704561 0.206181
v 14.964543 8.721449 0.211756
v 14.960909 8.747753 0.216181
v 14.956327 8.780899 0.219022
v 14.951251 8.817641 0.220000
v 15.074613 8.831884 -0.220000
v 15.078028 8.794950 -0.219021
v 15.081108 8.761631 -0.216180
v 15.083553 8.735189 -0.211755
v 15.085124 8.718213 -0.206180
v 15.085665 8.712362 -0.200000
v 15.085665 8.712362 0.200000
v 15.085124 8.718213 0.206181
v 15.083553 8.735189 0.211756
v 15.081108 8.761631 0.216181
v 15.078028 8.794950 0.219022
v 15.074613 8.831884 0.220000
v 15.197889 8.840461 -0.220000
v 15.199610 8.803409 -0.219021
v 15.201160 8.769983 -0.216180
v 15.202392 8.743457 -0.211755
v 15.203182 8.726426 -0.206180
v 15.203455 8.720558 -0.200000
v 15.203455 8.720558 0.200000
v 15.203182 8.726426 0.206181
v 15.202392 8.743457 0.211756
v 15.201160 8.769983 0.216181
v 15.199610 8.803409 0.219022
v 15.197889 8.840461 0.220000
v 15.321001 8.843328 -0.220000
v 15.320253 8.806219 -0.219021
v 15.319579 8.772742 -0.216180
v 15.319044 8.746175 -0.211755
v 15.318699 8.729117 -0.206180
v 15.318581 8.723240 -0.200000
v 15.318581 8.723240 0.200000
v 15.318699 8.729117 0.206181
v 15.319044 8.746175 0.211756
v 15.319579 8.772742 0.216181
v 15.320253 8.806219 0.219022
v 15.321001 8.843328 0.220000
v 15.538589 8.829474 -0.220000
v 15.533842 8.792620 -0.219021
v 15.529562 8.759373 -0.216180
v 15.526165 8.732987 -0.211755
v 15.523983 8.716046 -0.206180
v 15.523232 8.710209 -0.200000
v 15.523232 8.710209 0.200000
v 15.523983 8.716046 0.206181
v 15.526165 8.732987 0.211756
v 15.529562 8.759373 0.216181
v 15.533842 8.792620 0.219022
v 15.538589 8.829474 0.220000
v 15.746221 8.788996 -0.220000
v 15.736756 8.753060 -0.219021
v 15.728219 8.720642 -0.216180
v 15.721444 8.694916 -0.211755
v 15.717094 8.678398 -0.206180
v 15.715596 8.672707 -0.200000
v 15.715596 8.672707 0.200000
v 15.717094 8.678398 0.206181
v 15.721444 8.694916 0.211756
v 15.728219 8.720642 0.216181
v 15.736756 8.753060 0.219022
v 15.746221 8.788996 0.220000
v 15.942186 8.723516 -0.220000
v 15.928137 8.689114 -0.219021
v 15.915464 8.658077 -0.216180
v 15.905407 8.633448 -0.211755
v 15.898949 8.617634 -0.206180
v 15.896725 8.612185 -0.200000
v 15.896725 8.612185 0.200000
v 15.898949 8.617634 0.206181
v 15.905407 8.633448 0.211756
v 15.915464 8.658077 0.216181
v 15.928137 8.689114 0.219022
v 15.942186 8.723516 0.220000
v 16.124777 8.634663 -0.220000
v 16.106369 8.602381 -0.219021
v 16.089764 8.573258 -0.216180
v 16.076584 8.550148 -0.211755
v 16.068123 8.535309 -0.206180
v 16.065208 8.530196 -0.200000
v 16.065208 8.530196 0.200000
v 16.068123 8.535309 0.206181
v 16.076584 8.550148 0.211756
v 16.089764 8.573258 0.216181
v 16.106369 8.602381 0.219022
v 16.124777 8.634663 0.220000
v 16.292284 8.524058 -0.220000
v 16.269821 8.494453 -0.219021
v 16.249561 8.467745 -0.216180
v 16.233480 8.446550 -0.211755
v 16.223154 8.432942 -0.206180
v 16.219597 8.428253 -0.200000
v 16.219597 8.428253 0.200000
v 16.223154 8.432942 0.206181
v 16.233480 8.446550 0.211756
v 16.249561 8.467745 0.216181
v 16.269821 8.494453 0.219022
v 16.292284 8.524058 0.220000
v 16.443001 8.393329 -0.220000
v 16.416862 8.366914 -0.219021
v 16.393280 8.343083 -0.216180
v 16.374567 8.324173 -0.211755
v 16.362553 8.312031 -0.206180
v 16.358412 8.307847 -0.200000
v 16.358412 8.307847 0.200000
v 16.362553 8.312031 0.206181
v 16.374567 8.324173 0.211756
v 16.393280 8.343083 0.216181
v 16.416862 8.366914 0.219022
v 16.443001 8.393329 0.220000
v 16.575214 8.244100 -0.220000
v 16.545837 8.221340 -0.219021
v 16.519337 8.200808 -0.216180
v 16.498302 8.184513 -0.211755
v 16.484800 8.174051 -0.206180
v 16.480148 8.170446 -0.200000
v 16.480148 8.170446 0.200000
v 16.484800 8.174051 0.206181
v 16.498302 8.184513 0.211756
v 16.519337 8.200808 0.216181
v 16.545837 8.221340 0.219021
v 16.575214 8.244100 0.220000
v 16.687222 8.077996 -0.220000
v 16.655106 8.059299 -0.219021
v 16.626131 8.042434 -0.216180
v 16.603138 8.029048 -0.211755
v 16.588375 8.020454 -0.206180
v 16.583286 8.017493 -0.200000
v 16.583286 8.017493 0.200000
v 16.588375 8.020454 0.206181
v 16.603138 8.029048 0.211756
v 16.626131 8.042434 0.216181
v 16.655106 8.059299 0.219021
v 16.687222 8.077996 0.220000
v 16.777313 7.896642 -0.220000
v 16.743008 7.882348 -0.219021
v 16.712063 7.869453 -0.216180
v 16.687502 7.859220 -0.211755
v 16.671734 7.852650 -0.206180
v 16.666302 7.850386 -0.200000
v 16.666302 7.850386 0.200000
v 16.671734 7.852650 0.206181
v 16.687502 7.859220 0.211756
v 16.712063 7.869453 0.216181
v 16.743008 7.882348 0.219021
v 16.777313 7.896642 0.220000
v 16.843779 7.701662 -0.220000
v 16.807888 7.692024 -0.219021
v 16.775509 7.683329 -0.216180
v 16.749813 7.676429 -0.211755
v 16.733315 7.671998 -0.206180
v 16.727631 7.670472 -0.200000
v 16.727631 7.670472 0.200000
v 16.733315 7.671998 0.206181
v 16.749813 7.676429 0.211756
v 16.775509 7.683329 0.216181
v 16.807888 7.692024 0.219021
v 16.843779 7.701662 0.220000
v 16.884911 7.494683 -0.220000
v 16.848064 7.489848 -0.219021
v 16.814823 7.485487 -0.216180
v 16.788445 7.482027 -0.211755
v 16.771507 7.479805 -0.206180
v 16.765673 7.479039 -0.200000
v 16.765673 7.479039 0.200000
v 16.771507 7.479805 0.206181
v 16.788445 7.482027 0.211756
v 16.814823 7.485487 0.216181
v 16.848064 7.489848 0.219021
v 16.884911 7.494683 0.220000
v 16.899002 7.277328 -0.220000
v 16.861843 7.277297 -0.219021
v 16.828323 7.277268 -0.216180
v 16.801720 7.277246 -0.211755
v 16.784641 7.277231 -0.206180
v 16.778755 7.277225 -0.200000
v 16.778755 7.277225 0.200000
v 16.784641 7.277231 0.206181
v 16.801720 7.277246 0.211756
v 16.828323 7.277268 0.216181
v 16.861843 7.277297 0.219021
v 16.899002 7.277328 0.220000
v 16.884981 7.055168 -0.220000
v 16.848125 7.059927 -0.219021
v 16.814877 7.064221 -0.216180
v 16.788490 7.067629 -0.211755
v 16.771551 7.069816 -0.206180
v 16.765715 7.070570 -0.200000
v 16.765715 7.070570 0.200000
v 16.771551 7.069816 0.206181
v 16.788490 7.067629 0.211756
v 16.814877 7.064221 0.216181
v 16.848125 7.059927 0.219021
v 16.884981 7.055168 0.220000
v 16.843834 6.845551 -0.220000
v 16.807932 6.855161 -0.219021
v 16.775543 6.863830 -0.216180
v 16.749840 6.870710 -0.211755
v 16.733337 6.875128 -0.206180
v 16.727650 6.876650 -0.200000
v 16.727650 6.876650 0.200000
v 16.733337 6.875128 0.206181
v 16.749840 6.870710 0.211756
v 16.775543 6.863830 0.216181
v 16.807932 6.855161 0.219021
v 16.843834 6.845551 0.220000
v 16.776939 6.649765 -0.220000
v 16.742680 6.664190 -0.219021
v 16.711777 6.677203 -0.216180
v 16.687250 6.687530 -0.211755
v 16.671503 6.694160 -0.206180
v 16.666077 6.696445 -0.200000
v 16.666077 6.696445 0.200000
v 16.671503 6.694160 0.206181
v 16.687250 6.687530 0.211756
v 16.711777 6.677203 0.216181
v 16.742680 6.664190 0.219021
v 16.776939 6.649765 0.220000
v 16.685667 6.469106 -0.220000
v 16.653744 6.488149 -0.219021
v 16.624943 6.505328 -0.216180
v 16.602087 6.518962 -0.211755
v 16.587414 6.527714 -0.206180
v 16.582355 6.530730 -0.200000
v 16.582355 6.530730 0.200000
v 16.587414 6.527714 0.206181
v 16.602087 6.518962 0.211756
v 16.624943 6.505328 0.216181
v 16.653744 6.488149 0.219021
v 16.685667 6.469106 0.220000
v 16.571396 6.304863 -0.220000
v 16.542440 6.328175 -0.219021
v 16.516319 6.349203 -0.216180
v 16.495590 6.365891 -0.211755
v 16.482281 6.376606 -0.206180
v 16.477694 6.380298 -0.200000
v 16.477694 6.380298 0.200000
v 16.482281 6.376606 0.206181
v 16.495590 6.365891 0.211756
v 16.516319 6.349203 0.216181
v 16.542440 6.328175 0.219021
v 16.571396 6.304863 0.220000
v 16.435501 6.158329 -0.220000
v 16.410057 6.185426 -0.219021
v 16.387102 6.209870 -0.216180
v 16.368887 6.229270 -0.211755
v 16.357191 6.241724 -0.206180
v 16.353161 6.246016 -0.200000
v 16.353161 6.246016 0.200000
v 16.357191 6.241724 0.206181
v 16.368887 6.229270 0.211756
v 16.387102 6.209870 0.216181
v 16.410057 6.185426 0.219021
v 16.435501 6.158329 0.220000
v 16.279354 6.030795 -0.220000
v 16.257841 6.061102 -0.219021
v 16.238434 6.088443 -0.216180
v 16.223032 6.110140 -0.211755
v 16.213142 6.124071 -0.206180
v 16.209736 6.128871 -0.200000
v 16.209736 6.128871 0.200000
v 16.213142 6.124071 0.206181
v 16.223032 6.110140 0.211756
v 16.238434 6.088443 0.216181
v 16.257841 6.061102 0.219021
v 16.279354 6.030795 0.220000
v 16.104336 5.923552 -0.220000
v 16.087036 5.956442 -0.219021
v 16.071432 5.986112 -0.216180
v 16.059046 6.009659 -0.211755
v 16.051096 6.024777 -0.206180
v 16.048355 6.029986 -0.200000
v 16.048355 6.029986 0.200000
v 16.051096 6.024777 0.206181
v 16.059046 6.009659 0.211756
v 16.071432 5.986112 0.216181
v 16.087036 5.956442 0.219021
v 16.104336 5.923552 0.220000
v 15.911814 5.837892 -0.220000
v 15.898882 5.872725 -0.219021
v 15.887218 5.904149 -0.216180
v 15.877959 5.929086 -0.211755
v 15.872015 5.945097 -0.206180
v 15.869967 5.950614 -0.200000
v 15.869967 5.950614 0.200000
v 15.872015 5.945097 0.206181
v 15.877959 5.929086 0.211756
v 15.887218 5.904149 0.216181
v 15.898882 5.872725 0.219021
v 15.911814 5.837892 0.220000
v 15.703168 5.775107 -0.220000
v 15.694636 5.811264 -0.219021
v 15.686939 5.843882 -0.216180
v 15.680830 5.869767 -0.211755
v 15.676908 5.886387 -0.206180
v 15.675558 5.892114 -0.200000
v 15.675558 5.892114 0.200000
v 15.676908 5.886387 0.206181
v 15.680830 5.869767 0.211756
v 15.686939 5.843882 0.216181
v 15.694636 5.811264 0.219021
v 15.703168 5.775107 0.220000
v 15.479773 5.736489 -0.220000
v 15.475571 5.773395 -0.219021
v 15.471781 5.806687 -0.216180
v 15.468773 5.833109 -0.211755
v 15.466842 5.850073 -0.206180
v 15.466177 5.855918 -0.200000
v 15.466177 5.855918 0.200000
v 15.466842 5.850073 0.206181
v 15.468773 5.833109 0.211756
v 15.471781 5.806687 0.216181
v 15.475571 5.773395 0.219021
v 15.479773 5.736489 0.220000
v 15.243001 5.723329 -0.220000
v 15.242315 5.760430 -0.219021
v 15.241699 5.793900 -0.216180
v 15.241209 5.820461 -0.211755
v 15.240894 5.837515 -0.206180
v 15.240786 5.843391 -0.200000
v 15.240786 5.843391 0.200000
v 15.240894 5.837515 0.206181
v 15.241209 5.820461 0.211756
v 15.241699 5.793900 0.216181
v 15.242315 5.760430 0.219021
v 15.243001 5.723329 0.220000
v 15.164112 5.724798 -0.220000
v 15.165479 5.761861 -0.219021
v 15.166710 5.795296 -0.216180
v 15.167687 5.821831 -0.211755
v 15.168316 5.838866 -0.206180
v 15.168531 5.844737 -0.200000
v 15.168531 5.844737 0.200000
v 15.168316 5.838866 0.206181
v 15.167687 5.821831 0.211756
v 15.166710 5.795296 0.216181
v 15.165479 5.761861 0.219021
v 15.164112 5.724798 0.220000
v 15.086390 5.729079 -0.220000
v 15.089075 5.766070 -0.219021
v 15.091497 5.799439 -0.216180
v 15.093418 5.825922 -0.211755
v 15.094652 5.842924 -0.206180
v 15.095078 5.848783 -0.200000
v 15.095078 5.848783 0.200000
v 15.094652 5.842924 0.206181
v 15.093418 5.825922 0.211756
v 15.091497 5.799439 0.216181
v 15.089075 5.766070 0.219021
v 15.086390 5.729079 0.220000
v 15.009752 5.735986 -0.220000
v 15.013690 5.772863 -0.219021
v 15.017243 5.806130 -0.216180
v 15.020063 5.832532 -0.211755
v 15.021873 5.849483 -0.206180
v 15.022496 5.855323 -0.200000
v 15.022496 5.855323 0.200000
v 15.021873 5.849483 0.206181
v 15.020063 5.832532 0.211756
v 15.017243 5.806130 0.216181
v 15.013690 5.772863 0.219021
v 15.009752 5.735986 0.220000
v 14.934114 5.745329 -0.220000
v 14.939230 5.782061 -0.219021
v 14.943847 5.815197 -0.216180
v 14.947510 5.841495 -0.211755
v 14.949862 5.858378 -0.206180
v 14.950673 5.864196 -0.200000
v 14.950673 5.864196 0.200000
v 14.949862 5.858378 0.206181
v 14.947510 5.841495 0.211756
v 14.943847 5.815197 0.216181
v 14.939230 5.782061 0.219021
v 14.934114 5.745329 0.220000
v 14.859390 5.756923 -0.220000
v 14.865604 5.793485 -0.219021
v 14.871210 5.826467 -0.216180
v 14.875658 5.852642 -0.211755
v 14.878515 5.869448 -0.206180
v 14.879499 5.875238 -0.200000
v 14.879499 5.875238 0.200000
v 14.878515 5.869448 0.206181
v 14.875658 5.852642 0.211756
v 14.871210 5.826467 0.216181
v 14.865604 5.793485 0.219021
v 14.859390 5.756923 0.220000
v 14.785501 5.770579 -0.220000
v 14.792725 5.806954 -0.219021
v 14.799239 5.839769 -0.216180
v 14.804411 5.865811 -0.211755
v 14.807730 5.882531 -0.206180
v 14.808874 5.888292 -0.200000
v 14.808874 5.888292 0.200000
v 14.807730 5.882531 0.206181
v 14.804411 5.865811 0.211756
v 14.799239 5.839769 0.216181
v 14.792725 5.806954 0.219021
v 14.785501 5.770579 0.220000
v 14.712362 5.786110 -0.220000
v 14.720501 5.822291 -0.219021
v 14.727842 5.854930 -0.216180
v 14.733669 5.880833 -0.211755
v 14.737410 5.897463 -0.206180
v 14.738699 5.903193 -0.200000
v 14.738699 5.903193 0.200000
v 14.737410 5.897463 0.206181
v 14.733669 5.880833 0.211756
v 14.727842 5.854930 0.216181
v 14.720501 5.822291 0.219021
v 14.712362 5.786110 0.220000
v 14.639891 5.803329 -0.220000
v 14.648849 5.839314 -0.219021
v 14.656931 5.871778 -0.216180
v 14.663345 5.897541 -0.211755
v 14.667463 5.914082 -0.206180
v 14.668880 5.919781 -0.200000
v 14.668880 5.919781 0.200000
v 14.667463 5.914082 0.206181
v 14.663345 5.897541 0.211756
v 14.656931 5.871778 0.216181
v 14.648849 5.839314 0.219021
v 14.639891 5.803329 0.220000
v 14.568001 5.822048 -0.220000
v 14.577682 5.857845 -0.219021
v 14.586418 5.890139 -0.216180
v 14.593349 5.915767 -0.211755
v 14.597799 5.932221 -0.206180
v 14.599333 5.937891 -0.200000
v 14.599333 5.937891 0.200000
v 14.597799 5.932221 0.206181
v 14.593349 5.915767 0.211756
v 14.586418 5.890139 0.216181
v 14.577682 5.857845 0.219021
v 14.568001 5.822048 0.220000
v 14.496612 5.842079 -0.220000
v 14.506918 5.877701 -0.219021
v 14.516215 5.909836 -0.216180
v 14.523594 5.935339 -0.211755
v 14.528330 5.951713 -0.206180
v 14.529964 5.957355 -0.200000
v 14.529964 5.957355 0.200000
v 14.528330 5.951713 0.206181
v 14.523594 5.935339 0.211756
v 14.516215 5.909836 0.216181
v 14.506918 5.877701 0.219021
v 14.496612 5.842079 0.220000
v 14.425640 5.863235 -0.220000
v 14.436472 5.898701 -0.219021
v 14.446243 5.930695 -0.216180
v 14.453999 5.956085 -0.211755
v 14.458977 5.972387 -0.206180
v 14.460693 5.978004 -0.200000
v 14.460693 5.978004 0.200000
v 14.458977 5.972387 0.206181
v 14.453999 5.956085 0.211756
v 14.446243 5.930695 0.216181
v 14.436472 5.898701 0.219021
v 14.425640 5.863235 0.220000
v 14.355001 5.885329 -0.220000
v 14.392082 5.912584 -0.219021
v 14.425535 5.937171 -0.216180
v 14.452083 5.956684 -0.211755
v 14.469128 5.969212 -0.206180
v 14.475000 5.973529 -0.200000
v 14.475000 5.973529 0.200000
v 14.469128 5.969212 0.206181
v 14.452083 5.956684 0.211756
v 14.425535 5.937171 0.216181
v 14.392082 5.912584 0.219021
v 14.355001 5.885329 0.220000
v 14.355001 6.725328 -0.220000
v 14.392082 6.688247 -0.219021
v 14.425535 6.654795 -0.216180
v 14.452083 6.628246 -0.211755
v 14.469128 6.611202 -0.206180
v 14.475000 6.605329 -0.200000
v 14.475000 6.605329 0.200000
v 14.469128 6.611202 0.206181
v 14.452083 6.628246 0.211756
v 14.425535 6.654795 0.216181
v 14.392082 6.688247 0.219021
v 14.355001 6.725328 0.220000
v 15.141001 6.725328 -0.220000
v 15.178083 6.688247 -0.219021
v 15.211535 6.654795 -0.216180
v 15.238083 6.628246 -0.211755
v 15.255127 6.611202 -0.206180
v 15.261002 6.605329 -0.200000
v 15.261002 6.605329 0.200000
v 15.255127 6.611202 0.206181
v 15.238083 6.628246 0.211756
v 15.211535 6.654795 0.216181
v 15.178083 6.688247 0.219021
v 15.141001 6.725328 0.220000
v 15.141001 7.253329 -0.220000
v 15.178083 7.290411 -0.219021
v 15.211535 7.323863 -0.216180
v 15.238083 7.350411 -0.211755
v 15.255127 7.367456 -0.206180
v 15.261002 7.373329 -0.200000
v 15.261002 7.373329 0.200000
v 15.255127 7.367456 0.206181
v 15.238083 7.350411 0.211756
v 15.211535 7.323863 0.216181
v 15.178083 7.290411 0.219021
v 15.141001 7.253329 0.220000
v 13.767000 7.253329 -0.220000
v 13.729919 7.290411 -0.219021
v 13.696466 7.323863 -0.216180
v 13.669919 7.350411 -0.211755
v 13.652874 7.367456 -0.206180
v 13.647001 7.373329 -0.200000
v 13.647001 7.373329 0.200000
v 13.652874 7.367456 0.206181
v 13.669919 7.350411 0.211756
v 13.696466 7.323863 0.216181
v 13.729919 7.290411 0.219021
v 13.767000 7.253329 0.220000
v 13.767000 5.519329 -0.220000
v 13.729919 5.494773 -0.219021
v 13.696466 5.472622 -0.216180
v 13.669919 5.455042 -0.211755
v 13.652874 5.443755 -0.206180
v 13.647001 5.439866 -0.200000
v 13.647001 5.439866 0.200000
v 13.652874 5.443755 0.206181
v 13.669919 5.455042 0.211756
v 13.696466 5.472622 0.216181
v 13.729919 5.494773 0.219021
v 13.767000 5.519329 0.220000
v 9.963001 5.237329 -0.220000
v 9.986917 5.200247 -0.219021
v 10.008494 5.166795 -0.216180
v 10.025617 5.140247 -0.211755
v 10.036610 5.123202 -0.206180
v 10.040398 5.117329 -0.200000
v 10.040398 5.117329 0.200000
v 10.036610 5.123202 0.206181
v 10.025617 5.140247 0.211756
v 10.008494 5.166795 0.216181
v 9.986917 5.200247 0.219021
v 9.963001 5.237329 0.220000
v 10.509001 6.443329 -0.220000
v 10.532917 6.406247 -0.219021
v 10.554494 6.372795 -0.216180
v 10.571616 6.346247 -0.211755
v 10.582610 6.329202 -0.206180
v 10.586398 6.323329 -0.200000
v 10.586398 6.323329 0.200000
v 10.582610 6.329202 0.206181
v 10.571616 6.346247 0.211756
v 10.554494 6.372795 0.216181
v 10.532917 6.406247 0.219021
v 10.509001 6.443329 0.220000
v 12.249001 6.443329 -0.220000
v 12.224533 6.406247 -0.219021
v 12.202460 6.372795 -0.216180
v 12.184944 6.346247 -0.211755
v 12.173697 6.329202 -0.206180
v 12.169822 6.323329 -0.200000
v 12.169822 6.323329 0.200000
v 12.173697 6.329202 0.206181
v 12.184944 6.346247 0.211756
v 12.202460 6.372795 0.216181
v 12.224533 6.406247 0.219021
v 12.249001 6.443329 0.220000
v 12.765001 5.237329 -0.220000
v 12.740534 5.200247 -0.219021
v 12.718462 5.166795 -0.216180
v 12.700945 5.140247 -0.211755
v 12.689698 5.123202 -0.206180
v 12.685823 5.117329 -0.200000
v 12.685823 5.117329 0.200000
v 12.689698 5.123202 0.206181
v 12.700945 5.140247 0.211756
v 12.718462 5.166795 0.216181
v 12.740534 5.200247 0.219021
v 12.765001 5.237329 0.220000
v 13.365002 5.237329 -0.220000
v 13.421162 5.200247 -0.219021
v 13.471827 5.166795 -0.216180
v 13.512032 5.140247 -0.211755
v 13.537848 5.123202 -0.206180
v 13.546741 5.117329 -0.200000
v 13.546741 5.117329 0.200000
v 13.537848 5.123202 0.206181
v 13.512032 5.140247 0.211756
v 13.471827 5.166795 0.216181
v 13.421162 5.200247 0.219021
v 13.365002 5.237329 0.220000
v 11.607001 9.353329 -0.220000
v 11.631486 9.390411 -0.219021
v 11.653574 9.423863 -0.216180
v 11.671103 9.450412 -0.211755
v 11.682357 9.467456 -0.206180
v 11.686235 9.473330 -0.200000
v 11.686235 9.473330 0.200000
v 11.682357 9.467456 0.206181
v 11.671103 9.450412 0.211756
v 11.653574 9.423863 0.216181
v 11.631486 9.390411 0.219022
v 11.607001 9.353329 0.220000
v 11.193001 9.353329 -0.220000
v 11.168906 9.390411 -0.219021
v 11.147170 9.423863 -0.216180
v 11.129919 9.450412 -0.211755
v 11.118844 9.467456 -0.206180
v 11.115028 9.473330 -0.200000
v 11.115028 9.473330 0.200000
v 11.118844 9.467456 0.206181
v 11.129919 9.450412 0.211756
v 11.147170 9.423863 0.216181
v 11.168906 9.390411 0.219022
v 11.193001 9.353329 0.220000
v 9.363001 5.237329 -0.220000
v 9.305932 5.200247 -0.219021
v 9.254450 5.166795 -0.216180
v 9.213593 5.140247 -0.211755
v 9.187361 5.123202 -0.206180
v 9.178322 5.117329 -0.200000
v 9.178322 5.117329 0.200000
v 9.187361 5.123202 0.206181
v 9.213593 5.140247 0.211756
v 9.254450 5.166795 0.216181
v 9.305932 5.200247 0.219021
v 9.363001 5.237329 0.220000
v 10.749002 6.971329 -0.220000
v 10.806108 7.008410 -0.219021
v 10.857626 7.041863 -0.216180
v 10.898510 7.068411 -0.211755
v 10.924760 7.085456 -0.206180
v 10.933805 7.091329 -0.200000
v 10.933805 7.091329 0.200000
v 10.924760 7.085456 0.206181
v 10.898510 7.068411 0.211756
v 10.857626 7.041863 0.216181
v 10.806108 7.008410 0.219021
v 10.749002 6.971329 0.220000
v 11.409001 8.453329 -0.220000
v 11.407715 8.359291 -0.219021
v 11.406555 8.274458 -0.216180
v 11.405635 8.207134 -0.211755
v 11.405043 8.163910 -0.206180
v 11.404840 8.149015 -0.200000
v 11.404840 8.149015 0.200000
v 11.405043 8.163910 0.206181
v 11.405635 8.207134 0.211756
v 11.406555 8.274458 0.216181
v 11.407715 8.359291 0.219022
v 11.409001 8.453329 0.220000
v 12.021002 6.971329 -0.220000
v 11.965569 7.008410 -0.219021
v 11.915562 7.041863 -0.216180
v 11.875876 7.068411 -0.211755
v 11.850397 7.085456 -0.206180
v 11.841618 7.091329 -0.200000
v 11.841618 7.091329 0.200000
v 11.850397 7.085456 0.206181
v 11.875876 7.068411 0.211756
v 11.915562 7.041863 0.216181
v 11.965569 7.008410 0.219021
v 12.021002 6.971329 0.220000
v 5.697001 5.237329 -0.220000
v 5.734083 5.200247 -0.219021
v 5.767535 5.166795 -0.216180
v 5.794083 5.140247 -0.211755
v 5.811128 5.123202 -0.206180
v 5.817001 5.117329 -0.200000
v 5.817001 5.117329 0.200000
v 5.811128 5.123202 0.206181
v 5.794083 5.140247 0.211756
v 5.767535 5.166795 0.216181
v 5.734083 5.200247 0.219021
v 5.697001 5.237329 0.220000
v 5.697001 8.423329 -0.220000
v 5.734083 8.386248 -0.219021
v 5.767535 8.352795 -0.216180
v 5.794083 8.326247 -0.211755
v 5.811128 8.309202 -0.206180
v 5.817001 8.303329 -0.200000
v 5.817001 8.303329 0.200000
v 5.811128 8.309202 0.206181
v 5.794083 8.326247 0.211756
v 5.767535 8.352795 0.216181
v 5.734083 8.386248 0.219022
v 5.697001 8.423329 0.220000
v 5.709001 8.423329 -0.220000
v 5.691114 8.386248 -0.219021
v 5.674980 8.352795 -0.216180
v 5.662175 8.326247 -0.211755
v 5.653953 8.309202 -0.206180
v 5.651120 8.303329 -0.200000
v 5.651120 8.303329 0.200000
v 5.653953 8.309202 0.206181
v 5.662175 8.326247 0.211756
v 5.674980 8.352795 0.216181
v 5.691114 8.386248 0.219022
v 5.709001 8.423329 0.220000
v 6.969001 6.839329 -0.220000
v 6.951115 6.802247 -0.219021
v 6.934979 6.768795 -0.216180
v 6.922174 6.742247 -0.211755
v 6.913953 6.725202 -0.206180
v 6.911120 6.719329 -0.200000
v 6.911120 6.719329 0.200000
v 6.913953 6.725202 0.206181
v 6.922174 6.742247 0.211756
v 6.934979 6.768795 0.216181
v 6.951115 6.802247 0.219021
v 6.969001 6.839329 0.220000
v 7.065001 6.839329 -0.220000
v 7.082887 6.802247 -0.219021
v 7.099022 6.768795 -0.216180
v 7.111827 6.742247 -0.211755
v 7.120049 6.725202 -0.206180
v 7.122881 6.719329 -0.200000
v 7.122881 6.719329 0.200000
v 7.120049 6.725202 0.206181
v 7.111827 6.742247 0.211756
v 7.099022 6.768795 0.216181
v 7.082887 6.802247 0.219021
v 7.065001 6.839329 0.220000
v 8.325001 8.423329 -0.220000
v 8.342887 8.386248 -0.219021
v 8.359022 8.352795 -0.216180
v 8.371827 8.326247 -0.211755
v 8.380049 8.309202 -0.206180
v 8.382881 8.303329 -0.200000
v 8.382881 8.303329 0.200000
v 8.380049 8.309202 0.206181
v 8.371827 8.326247 0.211756
v 8.359022 8.352795 0.216181
v 8.342887 8.386248 0.219022
v 8.325001 8.423329 0.220000
v 8.337001 8.423329 -0.220000
v 8.299919 8.386248 -0.219021
v 8.266466 8.352795 -0.216180
v 8.239919 8.326247 -0.211755
v 8.222874 8.309202 -0.206180
v 8.217001 8.303329 -0.200000
v 8.217001 8.303329 0.200000
v 8.222874 8.309202 0.206181
v 8.239919 8.326247 0.211756
v 8.266466 8.352795 0.216181
v 8.299919 8.386248 0.219022
v 8.337001 8.423329 0.220000
v 8.337001 5.237329 -0.220000
v 8.299919 5.200247 -0.219021
v 8.266466 5.166795 -0.216180
v 8.239919 5.140247 -0.211755
v 8.222874 5.123202 -0.206180
v 8.217001 5.117329 -0.200000
v 8.217001 5.117329 0.200000
v 8.222874 5.123202 0.206181
v 8.239919 5.140247 0.211756
v 8.266466 5.166795 0.216181
v 8.299919 5.200247 0.219021
v 8.337001 5.237329 0.220000
v 8.925001 5.237329 -0.220000
v 8.962083 5.200247 -0.219021
v 8.995535 5.166795 -0.216180
v 9.022083 5.140247 -0.211755
v 9.039128 5.123202 -0.206180
v 9.045001 5.117329 -0.200000
v 9.045001 5.117329 0.200000
v 9.039128 5.123202 0.206181
v 9.022083 5.140247 0.211756
v 8.995535 5.166795 0.216181
v 8.962083 5.200247 0.219021
v 8.925001 5.237329 0.220000
v 8.925001 9.329329 -0.220000
v 8.962083 9.366411 -0.219021
v 8.995535 9.399864 -0.216180
v 9.022083 9.426412 -0.211755
v 9.039128 9.443457 -0.206180
v 9.045001 9.449329 -0.200000
v 9.045001 9.449329 0.200000
v 9.039128 9.443457 0.206181
v 9.022083 9.426412 0.211756
v 8.995535 9.399864 0.216181
v 8.962083 9.366411 0.219022
v 8.925001 9.329329 0.220000
v 8.373001 9.329329 -0.220000
v 8.355278 9.366411 -0.219021
v 8.339289 9.399864 -0.216180
v 8.326600 9.426412 -0.211755
v 8.318454 9.443457 -0.206180
v 8.315646 9.449329 -0.200000
v 8.315646 9.449329 0.200000
v 8.318454 9.443457 0.206181
v 8.326600 9.426412 0.211756
v 8.339289 9.399864 0.216181
v 8.355278 9.366411 0.219022
v 8.373001 9.329329 0.220000
v 7.017001 7.649329 -0.220000
v 7.016937 7.708290 -0.219021
v 7.016880 7.761480 -0.216180
v 7.016834 7.803693 -0.211755
v 7.016805 7.830794 -0.206180
v 7.016795 7.840133 -0.200000
v 7.016795 7.840133 0.200000
v 7.016805 7.830794 0.206181
v 7.016834 7.803693 0.211756
v 7.016880 7.761480 0.216181
v 7.016937 7.708290 0.219021
v 7.017001 7.649329 0.220000
v 5.655001 9.329329 -0.220000
v 5.672675 9.366411 -0.219021
v 5.688620 9.399864 -0.216180
v 5.701273 9.426412 -0.211755
v 5.709397 9.443457 -0.206180
v 5.712196 9.449329 -0.200000
v 5.712196 9.449329 0.200000
v 5.709397 9.443457 0.206181
v 5.701273 9.426412 0.211756
v 5.688620 9.399864 0.216181
v 5.672675 9.366411 0.219022
v 5.655001 9.329329 0.220000
v 5.109001 9.329329 -0.220000
v 5.071918 9.366411 -0.219021
v 5.038466 9.399864 -0.216180
v 5.011919 9.426412 -0.211755
v 4.994874 9.443457 -0.206180
v 4.989001 9.449329 -0.200000
v 4.989001 9.449329 0.200000
v 4.994874 9.443457 0.206181
v 5.011919 9.426412 0.211756
v 5.038466 9.399864 0.216181
v 5.071918 9.366411 0.219022
v 5.109001 9.329329 0.220000
v 5.109001 5.237329 -0.220000
v 5.071918 5.200247 -0.219021
v 5.038466 5.166795 -0.216180
v 5.011919 5.140247 -0.211755
v 4.994874 5.123202 -0.206180
v 4.989001 5.117329 -0.200000
v 4.989001 5.117329 0.200000
v 4.994874 5.123202 0.206181
v 5.011919 5.140247 0.211756
v 5.038466 5.166795 0.216181
v 5.071918 5.200247 0.219021
v 5.109001 5.237329 0.220000
v 3.639000 8.801329 -0.220000
v 3.601918 8.764248 -0.219021
v 3.568466 8.730795 -0.216180
v 3.541918 8.704247 -0.211755
v 3.524873 8.687202 -0.206180
v 3.519000 8.681330 -0.200000
v 3.519000 8.681330 0.200000
v 3.524873 8.687202 0.206181
v 3.541918 8.704247 0.211756
v 3.568466 8.730795 0.216181
v 3.601918 8.764248 0.219022
v 3.639000 8.801329 0.220000
v 3.639000 7.565329 -0.220000
v 3.601918 7.602410 -0.219021
v 3.568466 7.635863 -0.216180
v 3.541918 7.662411 -0.211755
v 3.524873 7.679456 -0.206180
v 3.519000 7.685328 -0.200000
v 3.519000 7.685328 0.200000
v 3.524873 7.679456 0.206181
v 3.541918 7.662411 0.211756
v 3.568466 7.635863 0.216181
v 3.601918 7.602410 0.219021
v 3.639000 7.565329 0.220000
v 1.965000 7.565329 -0.220000
v 1.927918 7.602410 -0.219021
v 1.894466 7.635863 -0.216180
v 1.867918 7.662411 -0.211755
v 1.850873 7.679456 -0.206180
v 1.845000 7.685328 -0.200000
v 1.845000 7.685328 0.200000
v 1.850873 7.679456 0.206181
v 1.867918 7.662411 0.211756
v 1.894466 7.635863 0.216181
v 1.927918 7.602410 0.219021
v 1.965000 7.565329 0.220000
v 1.965000 7.037329 -0.220000
v 1.927918 7.000247 -0.219021
v 1.894466 6.966795 -0.216180
v 1.867918 6.940247 -0.211755
v 1.850873 6.923202 -0.206180
v 1.845000 6.917329 -0.200000
v 1.845000 6.917329 0.200000
v 1.850873 6.923202 0.206181
v 1.867918 6.940247 0.211756
v 1.894466 6.966795 0.216181
v 1.927918 7.000247 0.219021
v 1.965000 7.037329 0.220000
v 3.639000 7.037329 -0.220000
v 3.601918 7.000247 -0.219021
v 3.568466 6.966795 -0.216180
v 3.541918 6.940247 -0.211755
v 3.524873 6.923202 -0.206180
v 3.519000 6.917329 -0.200000
v 3.519000 6.917329 0.200000
v 3.524873 6.923202 0.206181
v 3.541918 6.940247 0.211756
v 3.568466 6.966795 0.216181
v 3.601918 7.000247 0.219021
v 3.639000 7.037329 0.220000
v 3.639000 5.765329 -0.220000
v 3.601918 5.802411 -0.219021
v 3.568466 5.835863 -0.216180
v 3.541918 5.862411 -0.211755
v 3.524873 5.879456 -0.206180
v 3.519000 5.885329 -0.200000
v 3.519000 5.885329 0.200000
v 3.524873 5.879456 0.206181
v 3.541918 5.862411 0.211756
v 3.568466 5.835863 0.216181
v 3.601918 5.802411 0.219021
v 3.639000 5.765329 0.220000
v 1.851000 5.765329 -0.220000
v 1.813918 5.802411 -0.219021
v 1.780466 5.835863 -0.216180
v 1.753918 5.862411 -0.211755
v 1.736873 5.879456 -0.206180
v 1.731000 5.885329 -0.200000
v 1.731000 5.885329 0.200000
v 1.736873 5.879456 0.206181
v 1.753918 5.862411 0.211756
v 1.780466 5.835863 0.216181
v 1.813918 5.802411 0.219021
v 1.851000 5.765329 0.220000
v 1.851000 5.237329 -0.220000
v 1.813918 5.200247 -0.219021
v 1.780466 5.166795 -0.216180
v 1.753918 5.140247 -0.211755
v 1.736873 5.123202 -0.206180
v 1.731000 5.117329 -0.200000
v 1.731000 5.117329 0.200000
v 1.736873 5.123202 0.206181
v 1.753918 5.140247 0.211756
v 1.780466 5.166795 0.216181
v 1.813918 5.200247 0.219021
v 1.851000 5.237329 0.220000
v 4.227000 5.237329 -0.220000
v 4.264082 5.200247 -0.219021
v 4.297534 5.166795 -0.216180
v 4.324082 5.140247 -0.211755
v 4.341127 5.123202 -0.206180
v 4.347000 5.117329 -0.200000
v 4.347000 5.117329 0.200000
v 4.341127 5.123202 0.206181
v 4.324082 5.140247 0.211756
v 4.297534 5.166795 0.216181
v 4.264082 5.200247 0.219021
v 4.227000 5.237329 0.220000
v 4.227000 9.329329 -0.220000
v 4.264082 9.366411 -0.219021
v 4.297534 9.399864 -0.216180
v 4.324082 9.426412 -0.211755
v 4.341127 9.443457 -0.206180
v 4.347000 9.449329 -0.200000
v 4.347000 9.449329 0.200000
v 4.341127 9.443457 0.206181
v 4.324082 9.426412 0.211756
v 4.297534 9.399864 0.216181
v 4.264082 9.366411 0.219022
v 4.227000 9.329329 0.220000
v 1.905000 9.329329 -0.220000
v 1.867918 9.366411 -0.219021
v 1.834466 9.399864 -0.216180
v 1.807918 9.426412 -0.211755
v 1.790873 9.443457 -0.206180
v 1.785000 9.449329 -0.200000
v 1.785000 9.449329 0.200000
v 1.790873 9.443457 0.206181
v 1.807918 9.426412 0.211756
v 1.834466 9.399864 0.216181
v 1.867918 9.366411 0.219022
v 1.905000 9.329329 0.220000
v 1.905000 8.801329 -0.220000
v 1.867918 8.764248 -0.219021
v 1.834466 8.730795 -0.216180
v 1.807918 8.704247 -0.211755
v 1.790873 8.687202 -0.206180
v 1.785000 8.681330 -0.200000
v 1.785000 8.681330 0.200000
v 1.790873 8.687202 0.206181
v 1.807918 8.704247 0.211756
v 1.834466 8.730795 0.216181
v 1.867918 8.764248 0.219022
v 1.905000 8.801329 0.220000
v -3.802434 8.487471 -0.220000
v -3.784770 8.454860 -0.219021
v -3.768836 8.425442 -0.216180
v -3.756189 8.402096 -0.211755
v -3.748070 8.387107 -0.206180
v -3.745273 8.381942 -0.200000
v -3.745273 8.381942 0.200000
v -3.748070 8.387107 0.206181
v -3.756189 8.402096 0.211756
v -3.768836 8.425442 0.216181
v -3.784770 8.454860 0.219022
v -3.802434 8.487471 0.220000
v -3.680472 8.550967 -0.220000
v -3.663941 8.517767 -0.219021
v -3.649029 8.487817 -0.216180
v -3.637194 8.464048 -0.211755
v -3.629596 8.448788 -0.206180
v -3.626977 8.443529 -0.200000
v -3.626977 8.443529 0.200000
v -3.629596 8.448788 0.206181
v -3.637194 8.464048 0.211756
v -3.649029 8.487817 0.216181
v -3.663941 8.517767 0.219022
v -3.680472 8.550967 0.220000
v -3.560719 8.607923 -0.220000
v -3.545450 8.574122 -0.219021
v -3.531675 8.543631 -0.216180
v -3.520743 8.519432 -0.211755
v -3.513725 8.503897 -0.206180
v -3.511306 8.498543 -0.200000
v -3.511306 8.498543 0.200000
v -3.513725 8.503897 0.206181
v -3.520743 8.519432 0.211756
v -3.531675 8.543631 0.216181
v -3.545450 8.574122 0.219022
v -3.560719 8.607923 0.220000
v -3.442778 8.658440 -0.220000
v -3.428898 8.624044 -0.219021
v -3.416377 8.593016 -0.216180
v -3.406439 8.568392 -0.211755
v -3.400060 8.552582 -0.206180
v -3.397861 8.547134 -0.200000
v -3.397861 8.547134 0.200000
v -3.400060 8.552582 0.206181
v -3.406439 8.568392 0.211756
v -3.416377 8.593016 0.216181
v -3.428898 8.624044 0.219022
v -3.442778 8.658440 0.220000
v -3.326254 8.702623 -0.220000
v -3.313886 8.667655 -0.219021
v -3.302728 8.636109 -0.216180
v -3.293874 8.611074 -0.211755
v -3.288189 8.595001 -0.206180
v -3.286230 8.589463 -0.200000
v -3.286230 8.589463 0.200000
v -3.288189 8.595001 0.206181
v -3.293874 8.611074 0.211756
v -3.302728 8.636109 0.216181
v -3.313886 8.667655 0.219022
v -3.326254 8.702623 0.220000
v -3.210751 8.740579 -0.220000
v -3.200006 8.705077 -0.219021
v -3.190312 8.673050 -0.216180
v -3.182620 8.647634 -0.211755
v -3.177681 8.631315 -0.206180
v -3.175979 8.625692 -0.200000
v -3.175979 8.625692 0.200000
v -3.177681 8.631315 0.206181
v -3.182620 8.647634 0.211756
v -3.190312 8.673050 0.216181
v -3.200006 8.705077 0.219022
v -3.210751 8.740579 0.220000
v -3.095872 8.772408 -0.220000
v -3.086844 8.736431 -0.219021
v -3.078700 8.703975 -0.216180
v -3.072237 8.678218 -0.211755
v -3.068087 8.661680 -0.206180
v -3.066657 8.655982 -0.200000
v -3.066657 8.655982 0.200000
v -3.068087 8.661680 0.206181
v -3.072237 8.678218 0.211756
v -3.078700 8.703975 0.216181
v -3.086844 8.736431 0.219022
v -3.095872 8.772408 0.220000
v -2.981223 8.798218 -0.220000
v -2.973981 8.761838 -0.219021
v -2.967448 8.729019 -0.216180
v -2.962264 8.702974 -0.211755
v -2.958935 8.686253 -0.206180
v -2.957788 8.680490 -0.200000
v -2.957788 8.680490 0.200000
v -2.958935 8.686253 0.206181
v -2.962264 8.702974 0.211756
v -2.967448 8.729019 0.216181
v -2.973981 8.761838 0.219022
v -2.981223 8.798218 0.220000
v -2.866407 8.818110 -0.220000
v -2.860992 8.781414 -0.219021
v -2.856108 8.748310 -0.216180
v -2.852232 8.722038 -0.211755
v -2.849743 8.705171 -0.206180
v -2.848885 8.699359 -0.200000
v -2.848885 8.699359 0.200000
v -2.849743 8.705171 0.206181
v -2.852232 8.722038 0.211756
v -2.856108 8.748310 0.216181
v -2.860992 8.781414 0.219022
v -2.866407 8.818110 0.220000
v -2.751029 8.832191 -0.220000
v -2.747450 8.795270 -0.219021
v -2.744221 8.761964 -0.216180
v -2.741659 8.735531 -0.211755
v -2.740014 8.718561 -0.206180
v -2.739447 8.712713 -0.200000
v -2.739447 8.712713 0.200000
v -2.740014 8.718561 0.206181
v -2.741659 8.735531 0.211756
v -2.744221 8.761964 0.216181
v -2.747450 8.795270 0.219022
v -2.751029 8.832191 0.220000
v -2.634692 8.840562 -0.220000
v -2.632924 8.803511 -0.219021
v -2.631330 8.770086 -0.216180
v -2.630064 8.743562 -0.211755
v -2.629252 8.726531 -0.206180
v -2.628972 8.720663 -0.200000
v -2.628972 8.720663 0.200000
v -2.629252 8.726531 0.206181
v -2.630064 8.743562 0.211756
v -2.631330 8.770086 0.216181
v -2.632924 8.803511 0.219022
v -2.634692 8.840562 0.220000
v -2.517001 8.843328 -0.220000
v -2.517669 8.806221 -0.219021
v -2.518271 8.772745 -0.216180
v -2.518749 8.746179 -0.211755
v -2.519056 8.729122 -0.206180
v -2.519162 8.723245 -0.200000
v -2.519162 8.723245 0.200000
v -2.519056 8.729122 0.206181
v -2.518749 8.746179 0.211756
v -2.518271 8.772745 0.216181
v -2.517669 8.806221 0.219022
v -2.517001 8.843328 0.220000
v -2.288265 8.829702 -0.220000
v -2.292733 8.792821 -0.219021
v -2.296763 8.759550 -0.216180
v -2.299962 8.733145 -0.211755
v -2.302015 8.716193 -0.206180
v -2.302723 8.710352 -0.200000
v -2.302723 8.710352 0.200000
v -2.302015 8.716193 0.206181
v -2.299962 8.733145 0.211756
v -2.296763 8.759550 0.216181
v -2.292733 8.792821 0.219022
v -2.288265 8.829702 0.220000
v -2.071112 8.789827 -0.220000
v -2.080096 8.753776 -0.219021
v -2.088200 8.721252 -0.216180
v -2.094631 8.695441 -0.211755
v -2.098760 8.678869 -0.206180
v -2.100183 8.673160 -0.200000
v -2.100183 8.673160 0.200000
v -2.098760 8.678869 0.206181
v -2.094631 8.695441 0.211756
v -2.088200 8.721252 0.216181
v -2.080096 8.753776 0.219022
v -2.071112 8.789827 0.220000
v -1.867126 8.725203 -0.220000
v -1.880589 8.690570 -0.219021
v -1.892735 8.659328 -0.216180
v -1.902374 8.634532 -0.211755
v -1.908563 8.618613 -0.206180
v -1.910695 8.613129 -0.200000
v -1.910695 8.613129 0.200000
v -1.908563 8.618613 0.206181
v -1.902374 8.634532 0.211756
v -1.892735 8.659328 0.216181
v -1.880589 8.690570 0.219022
v -1.867126 8.725203 0.220000
v -1.677890 8.637328 -0.220000
v -1.695703 8.604714 -0.219021
v -1.711771 8.575294 -0.216180
v -1.724524 8.551945 -0.211755
v -1.732712 8.536954 -0.206180
v -1.735533 8.531789 -0.200000
v -1.735533 8.531789 0.200000
v -1.732712 8.536954 0.206181
v -1.724524 8.551945 0.211756
v -1.711771 8.575294 0.216181
v -1.695703 8.604714 0.219022
v -1.677890 8.637328 0.220000
v -1.504987 8.527703 -0.220000
v -1.526920 8.497702 -0.219021
v -1.546705 8.470637 -0.216180
v -1.562407 8.449159 -0.211755
v -1.572489 8.435369 -0.206180
v -1.575963 8.430617 -0.200000
v -1.575963 8.430617 0.200000
v -1.572489 8.435369 0.206181
v -1.562407 8.449159 0.211756
v -1.546705 8.470637 0.216181
v -1.526920 8.497702 0.219022
v -1.504987 8.527703 0.220000
v -1.350001 8.397828 -0.220000
v -1.375727 8.371006 -0.219021
v -1.398935 8.346809 -0.216180
v -1.417353 8.327606 -0.211755
v -1.429178 8.315278 -0.206180
v -1.433253 8.311029 -0.200000
v -1.433253 8.311029 0.200000
v -1.429178 8.315278 0.206181
v -1.417353 8.327606 0.211756
v -1.398935 8.346809 0.216181
v -1.375727 8.371006 0.219022
v -1.350001 8.397828 0.220000
v -1.214515 8.249203 -0.220000
v -1.243613 8.226080 -0.219021
v -1.269863 8.205220 -0.216180
v -1.290695 8.188665 -0.211755
v -1.304070 8.178037 -0.206180
v -1.308679 8.174375 -0.200000
v -1.308679 8.174375 0.200000
v -1.304070 8.178037 0.206181
v -1.290695 8.188665 0.211756
v -1.269863 8.205220 0.216181
v -1.243613 8.226080 0.219021
v -1.214515 8.249203 0.220000
v -1.100112 8.083328 -0.220000
v -1.132072 8.064355 -0.219021
v -1.160904 8.047238 -0.216180
v -1.183785 8.033655 -0.211755
v -1.198476 8.024934 -0.206180
v -1.203538 8.021929 -0.200000
v -1.203538 8.021929 0.200000
v -1.198476 8.024934 0.206181
v -1.183785 8.033655 0.211756
v -1.160904 8.047238 0.216181
v -1.132072 8.064355 0.219021
v -1.100112 8.083328 0.220000
v -1.008376 7.901703 -0.220000
v -1.042613 7.887238 -0.219021
v -1.073499 7.874188 -0.216180
v -1.098010 7.863832 -0.211755
v -1.113748 7.857183 -0.206180
v -1.119170 7.854892 -0.200000
v -1.119170 7.854892 0.200000
v -1.113748 7.857183 0.206181
v -1.098010 7.863832 0.211756
v -1.073499 7.874188 0.216181
v -1.042613 7.887238 0.219021
v -1.008376 7.901703 0.220000
v -0.940890 7.705829 -0.220000
v -0.976764 7.696115 -0.219021
v -1.009127 7.687352 -0.216180
v -1.034810 7.680398 -0.211755
v -1.051300 7.675932 -0.206180
v -1.056982 7.674394 -0.200000
v -1.056982 7.674394 0.200000
v -1.051300 7.675932 0.206181
v -1.034810 7.680398 0.211756
v -1.009127 7.687352 0.216181
v -0.976764 7.696115 0.219021
v -0.940890 7.705829 0.220000
v -0.899237 7.497203 -0.220000
v -0.936082 7.492354 -0.219021
v -0.969321 7.487979 -0.216180
v -0.995700 7.484508 -0.211755
v -1.012636 7.482279 -0.206180
v -1.018472 7.481511 -0.200000
v -1.018472 7.481511 0.200000
v -1.012636 7.482279 0.206181
v -0.995700 7.484508 0.211756
v -0.969321 7.487979 0.216181
v -0.936082 7.492354 0.219021
v -0.899237 7.497203 0.220000
v -0.885001 7.277328 -0.220000
v -0.922157 7.277273 -0.219021
v -0.955676 7.277223 -0.216180
v -0.982277 7.277183 -0.211755
v -0.999355 7.277157 -0.206180
v -1.005240 7.277148 -0.200000
v -1.005240 7.277148 0.200000
v -0.999355 7.277157 0.206181
v -0.982277 7.277183 0.211756
v -0.955676 7.277223 0.216181
v -0.922157 7.277273 0.219021
v -0.885001 7.277328 0.220000
v -0.898792 7.053908 -0.220000
v -0.935657 7.058578 -0.219021
v -0.968913 7.062790 -0.216180
v -0.995305 7.066133 -0.211755
v -1.012249 7.068279 -0.206180
v -1.018088 7.069018 -0.200000
v -1.018088 7.069018 0.200000
v -1.012249 7.068279 0.206181
v -0.995305 7.066133 0.211756
v -0.968913 7.062790 0.216181
v -0.935657 7.058578 0.219021
v -0.898792 7.053908 0.220000
v -0.939334 6.843468 -0.220000
v -0.975275 6.852932 -0.219021
v -1.007697 6.861469 -0.216180
v -1.033428 6.868245 -0.211755
v -1.049948 6.872595 -0.206180
v -1.055640 6.874094 -0.200000
v -1.055640 6.874094 0.200000
v -1.049948 6.872595 0.206181
v -1.033428 6.868245 0.211756
v -1.007697 6.861469 0.216181
v -0.975275 6.852932 0.219021
v -0.939334 6.843468 0.220000
v -1.005376 6.647235 -0.220000
v -1.039700 6.661501 -0.219021
v -1.070665 6.674371 -0.216180
v -1.095238 6.684585 -0.211755
v -1.111016 6.691142 -0.206180
v -1.116452 6.693402 -0.200000
v -1.116452 6.693402 0.200000
v -1.111016 6.691142 0.206181
v -1.095238 6.684585 0.211756
v -1.070665 6.674371 0.216181
v -1.039700 6.661501 0.219021
v -1.005376 6.647235 0.220000
v -1.095667 6.466440 -0.220000
v -1.127672 6.485351 -0.219021
v -1.156545 6.502409 -0.216180
v -1.179458 6.515948 -0.211755
v -1.194169 6.524640 -0.206180
v -1.199238 6.527636 -0.200000
v -1.199238 6.527636 0.200000
v -1.194169 6.524640 0.206181
v -1.179458 6.515948 0.211756
v -1.156545 6.502409 0.216181
v -1.127672 6.485351 0.219021
v -1.095667 6.466440 0.220000
v -1.208959 6.302311 -0.220000
v -1.237984 6.325539 -0.219021
v -1.264168 6.346493 -0.216180
v -1.284948 6.363122 -0.211755
v -1.298289 6.373798 -0.206180
v -1.302886 6.377478 -0.200000
v -1.302886 6.377478 0.200000
v -1.298289 6.373798 0.206181
v -1.284948 6.363122 0.211756
v -1.264168 6.346493 0.216181
v -1.237984 6.325539 0.219021
v -1.208959 6.302311 0.220000
v -1.344001 6.156079 -0.220000
v -1.369479 6.183147 -0.219021
v -1.392464 6.207566 -0.216180
v -1.410704 6.226944 -0.211755
v -1.422415 6.239387 -0.206180
v -1.426450 6.243673 -0.200000
v -1.426450 6.243673 0.200000
v -1.422415 6.239387 0.206181
v -1.410704 6.226944 0.211756
v -1.392464 6.207566 0.216181
v -1.369479 6.183147 0.219021
v -1.344001 6.156079 0.220000
v -1.499542 6.028972 -0.220000
v -1.521039 6.059293 -0.219021
v -1.540432 6.086648 -0.216180
v -1.555822 6.108356 -0.211755
v -1.565703 6.122293 -0.206180
v -1.569108 6.127095 -0.200000
v -1.569108 6.127095 0.200000
v -1.565703 6.122293 0.206181
v -1.555822 6.108356 0.211756
v -1.540432 6.086648 0.216181
v -1.521039 6.059293 0.219021
v -1.499542 6.028972 0.220000
v -1.674334 5.922218 -0.220000
v -1.691566 5.955145 -0.219021
v -1.707111 5.984849 -0.216180
v -1.719447 6.008422 -0.211755
v -1.727368 6.023557 -0.206180
v -1.730097 6.028772 -0.200000
v -1.730097 6.028772 0.200000
v -1.727368 6.023557 0.206181
v -1.719447 6.008422 0.211756
v -1.707111 5.984849 0.216181
v -1.691566 5.955145 0.219021
v -1.674334 5.922218 0.220000
v -1.867126 5.837048 -0.220000
v -1.879958 5.871919 -0.219021
v -1.891534 5.903376 -0.216180
v -1.900721 5.928340 -0.211755
v -1.906620 5.944368 -0.206180
v -1.908652 5.949891 -0.200000
v -1.908652 5.949891 0.200000
v -1.906620 5.944368 0.206181
v -1.900721 5.928340 0.211756
v -1.891534 5.903376 0.216181
v -1.879958 5.871919 0.219021
v -1.867126 5.837048 0.220000
v -2.076667 5.774690 -0.220000
v -2.085099 5.810870 -0.219021
v -2.092704 5.843509 -0.216180
v -2.098740 5.869411 -0.211755
v -2.102616 5.886041 -0.206180
v -2.103951 5.891772 -0.200000
v -2.103951 5.891772 0.200000
v -2.102616 5.886041 0.206181
v -2.098740 5.869411 0.211756
v -2.092704 5.843509 0.216181
v -2.085099 5.810870 0.219021
v -2.076667 5.774690 0.220000
v -2.301709 5.736374 -0.220000
v -2.305844 5.773286 -0.219021
v -2.309574 5.806584 -0.216180
v -2.312534 5.833010 -0.211755
v -2.314435 5.849977 -0.206180
v -2.315089 5.855823 -0.200000
v -2.315089 5.855823 0.200000
v -2.314435 5.849977 0.206181
v -2.312534 5.833010 0.211756
v -2.309574 5.806584 0.216181
v -2.305844 5.773286 0.219021
v -2.301709 5.736374 0.220000
v -2.541001 5.723329 -0.220000
v -2.541475 5.760440 -0.219021
v -2.541903 5.793919 -0.216180
v -2.542243 5.820487 -0.211755
v -2.542461 5.837546 -0.206180
v -2.542537 5.843423 -0.200000
v -2.542537 5.843423 0.200000
v -2.542461 5.837546 0.206181
v -2.542243 5.820487 0.211756
v -2.541903 5.793919 0.216181
v -2.541475 5.760440 0.219021
v -2.541001 5.723329 0.220000
v -2.657327 5.726690 -0.220000
v -2.655217 5.763727 -0.219021
v -2.653314 5.797138 -0.216180
v -2.651803 5.823653 -0.211755
v -2.650833 5.840677 -0.206180
v -2.650499 5.846543 -0.200000
v -2.650499 5.846543 0.200000
v -2.650833 5.840677 0.206181
v -2.651803 5.823653 0.211756
v -2.653314 5.797138 0.216181
v -2.655217 5.763727 0.219021
v -2.657327 5.726690 0.220000
v -2.775112 5.736718 -0.220000
v -2.770972 5.773582 -0.219021
v -2.767237 5.806837 -0.216180
v -2.764273 5.833229 -0.211755
v -2.762370 5.850173 -0.206180
v -2.761714 5.856011 -0.200000
v -2.761714 5.856011 0.200000
v -2.762370 5.850173 0.206181
v -2.764273 5.833229 0.211756
v -2.767237 5.806837 0.216181
v -2.770972 5.773582 0.219021
v -2.775112 5.736718 0.220000
v -2.894063 5.753329 -0.220000
v -2.887983 5.789922 -0.219021
v -2.882499 5.822933 -0.216180
v -2.878146 5.849131 -0.211755
v -2.875352 5.865951 -0.206180
v -2.874389 5.871746 -0.200000
v -2.874389 5.871746 0.200000
v -2.875352 5.865951 0.206181
v -2.878146 5.849131 0.211756
v -2.882499 5.822933 0.216181
v -2.887983 5.789922 0.219021
v -2.894063 5.753329 0.220000
v -3.013890 5.776440 -0.220000
v -3.005957 5.812675 -0.219021
v -2.998802 5.845364 -0.216180
v -2.993123 5.871306 -0.211755
v -2.989477 5.887961 -0.206180
v -2.988220 5.893701 -0.200000
v -2.988220 5.893701 0.200000
v -2.989477 5.887961 0.206181
v -2.993123 5.871306 0.211756
v -2.998802 5.845364 0.216181
v -3.005957 5.812675 0.219021
v -3.013890 5.776440 0.220000
v -3.134299 5.805968 -0.220000
v -3.124597 5.841769 -0.219021
v -3.115845 5.874066 -0.216180
v -3.108899 5.899697 -0.211755
v -3.104439 5.916154 -0.206180
v -3.102902 5.921824 -0.200000
v -3.102902 5.921824 0.200000
v -3.104439 5.916154 0.206181
v -3.108899 5.899697 0.211756
v -3.115845 5.874066 0.216181
v -3.124597 5.841769 0.219021
v -3.134299 5.805968 0.220000
v -3.255001 5.841829 -0.220000
v -3.243607 5.877128 -0.219021
v -3.233327 5.908971 -0.216180
v -3.225170 5.934242 -0.211755
v -3.219933 5.950468 -0.206180
v -3.218128 5.956059 -0.200000
v -3.218128 5.956059 0.200000
v -3.219933 5.950468 0.206181
v -3.225170 5.934242 0.211756
v -3.233327 5.908971 0.216181
v -3.243607 5.877128 0.219021
v -3.255001 5.841829 0.220000
v -3.375702 5.883940 -0.220000
v -3.362688 5.918674 -0.219021
v -3.350947 5.950007 -0.216180
v -3.341630 5.974874 -0.211755
v -3.335648 5.990839 -0.206180
v -3.333587 5.996340 -0.200000
v -3.333587 5.996340 0.200000
v -3.335648 5.990839 0.206181
v -3.341630 5.974874 0.211756
v -3.350947 5.950007 0.216181
v -3.362688 5.918674 0.219021
v -3.375702 5.883940 0.220000
v -3.496112 5.932218 -0.220000
v -3.481545 5.966329 -0.219021
v -3.468403 5.997101 -0.216180
v -3.457975 6.021522 -0.211755
v -3.451279 6.037200 -0.206180
v -3.448971 6.042603 -0.200000
v -3.448971 6.042603 0.200000
v -3.451279 6.037200 0.206181
v -3.457975 6.021522 0.211756
v -3.468403 5.997101 0.216181
v -3.481545 5.966329 0.219021
v -3.496112 5.932218 0.220000
v -3.615939 5.986579 -0.220000
v -3.599881 6.020014 -0.219021
v -3.585395 6.050176 -0.216180
v -3.573899 6.074112 -0.211755
v -3.566518 6.089480 -0.206180
v -3.563974 6.094776 -0.200000
v -3.563974 6.094776 0.200000
v -3.566518 6.089480 0.206181
v -3.573899 6.074112 0.211756
v -3.585395 6.050176 0.216181
v -3.599881 6.020014 0.219021
v -3.615939 5.986579 0.220000
v -3.734890 6.046940 -0.220000
v -3.717399 6.079648 -0.219021
v -3.701621 6.109154 -0.216180
v -3.689099 6.132570 -0.211755
v -3.681059 6.147604 -0.206180
v -3.678289 6.152784 -0.200000
v -3.678289 6.152784 0.200000
v -3.681059 6.147604 0.206181
v -3.689099 6.132570 0.211756
v -3.701621 6.109154 0.216181
v -3.717399 6.079648 0.219021
v -3.734890 6.046940 0.220000
v -3.852674 6.113218 -0.220000
v -3.833805 6.145150 -0.219021
v -3.816782 6.173955 -0.216180
v -3.803273 6.196815 -0.211755
v -3.794600 6.211493 -0.206180
v -3.791611 6.216551 -0.200000
v -3.791611 6.216551 0.200000
v -3.794600 6.211493 0.206181
v -3.803273 6.196815 0.211756
v -3.816782 6.173955 0.216181
v -3.833805 6.145150 0.219021
v -3.852674 6.113218 0.220000
v -3.969001 6.185329 -0.220000
v -4.006083 6.251946 -0.219021
v -4.039535 6.312041 -0.216180
v -4.066083 6.359734 -0.211755
v -4.083128 6.390354 -0.206180
v -4.089001 6.400905 -0.200000
v -4.089001 6.400905 0.200000
v -4.083128 6.390354 0.206181
v -4.066083 6.359734 0.211756
v -4.039535 6.312041 0.216181
v -4.006083 6.251946 0.219021
v -3.969001 6.185329 0.220000
v -3.969001 5.543329 -0.220000
v -4.006083 5.520517 -0.219021
v -4.039535 5.499938 -0.216180
v -4.066083 5.483606 -0.211755
v -4.083128 5.473120 -0.206180
v -4.089001 5.469507 -0.200000
v -4.089001 5.469507 0.200000
v -4.083128 5.473120 0.206181
v -4.066083 5.483606 0.211756
v -4.039535 5.499938 0.216181
v -4.006083 5.520517 0.219021
v -3.969001 5.543329 0.220000
v -3.867654 5.492130 -0.220000
v -3.883874 5.458779 -0.219021
v -3.898507 5.428693 -0.216180
v -3.910119 5.404817 -0.211755
v -3.917575 5.389487 -0.206180
v -3.920144 5.384204 -0.200000
v -3.920144 5.384204 0.200000
v -3.917575 5.389487 0.206181
v -3.910119 5.404817 0.211756
v -3.898507 5.428693 0.216181
v -3.883874 5.458779 0.219021
v -3.867654 5.492130 0.220000
v -3.764223 5.443745 -0.220000
v -3.779359 5.409887 -0.219021
v -3.793014 5.379343 -0.216180
v -3.803850 5.355103 -0.211755
v -3.810807 5.339540 -0.206180
v -3.813204 5.334177 -0.200000
v -3.813204 5.334177 0.200000
v -3.810807 5.339540 0.206181
v -3.803850 5.355103 0.211756
v -3.793014 5.379343 0.216181
v -3.779359 5.409887 0.219021
v -3.764223 5.443745 0.220000
v -3.658126 5.398485 -0.220000
v -3.672030 5.364101 -0.219021
v -3.684573 5.333083 -0.216180
v -3.694527 5.308466 -0.211755
v -3.700917 5.292662 -0.206180
v -3.703120 5.287216 -0.200000
v -3.703120 5.287216 0.200000
v -3.700917 5.292662 0.206181
v -3.694527 5.308466 0.211756
v -3.684573 5.333083 0.216181
v -3.672030 5.364101 0.219021
v -3.658126 5.398485 0.220000
v -3.548779 5.356662 -0.220000
v -3.561319 5.321756 -0.219021
v -3.572632 5.290268 -0.216180
v -3.581610 5.265279 -0.211755
v -3.587374 5.249234 -0.206180
v -3.589360 5.243706 -0.200000
v -3.589360 5.243706 0.200000
v -3.587374 5.249234 0.206181
v -3.581610 5.265279 0.211756
v -3.572632 5.290268 0.216181
v -3.561319 5.321756 0.219021
v -3.548779 5.356662 0.220000
v -3.435598 5.318589 -0.220000
v -3.446666 5.283188 -0.219021
v -3.456650 5.251253 -0.216180
v -3.464574 5.225909 -0.211755
v -3.469662 5.209637 -0.206180
v -3.471414 5.204030 -0.200000
v -3.471414 5.204030 0.200000
v -3.469662 5.209637 0.206181
v -3.464574 5.225909 0.211756
v -3.456650 5.251253 0.216181
v -3.446666 5.283188 0.219021
v -3.435598 5.318589 0.220000
v -3.318001 5.284579 -0.220000
v -3.327513 5.248728 -0.219021
v -3.336094 5.216387 -0.216180
v -3.342904 5.190721 -0.211755
v -3.347277 5.174242 -0.206180
v -3.348783 5.168563 -0.200000
v -3.348783 5.168563 0.200000
v -3.347277 5.174242 0.206181
v -3.342904 5.190721 0.211756
v -3.336094 5.216387 0.216181
v -3.327513 5.248728 0.219021
v -3.318001 5.284579 0.220000
v -3.195404 5.254943 -0.220000
v -3.203306 5.218703 -0.219021
v -3.210435 5.186011 -0.216180
v -3.216093 5.160066 -0.211755
v -3.219726 5.143409 -0.206180
v -3.220977 5.137669 -0.200000
v -3.220977 5.137669 0.200000
v -3.219726 5.143409 0.206181
v -3.216093 5.160066 0.211756
v -3.210435 5.186011 0.216181
v -3.203306 5.218703 0.219021
v -3.195404 5.254943 0.220000
v -3.067223 5.229995 -0.220000
v -3.073492 5.193438 -0.219021
v -3.079146 5.160458 -0.216180
v -3.083634 5.134285 -0.211755
v -3.086515 5.117482 -0.206180
v -3.087508 5.111691 -0.200000
v -3.087508 5.111691 0.200000
v -3.086515 5.117482 0.206181
v -3.083634 5.134285 0.211756
v -3.079146 5.160458 0.216181
v -3.073492 5.193438 0.219021
v -3.067223 5.229995 0.220000
v -2.932876 5.210048 -0.220000
v -2.937514 5.173248 -0.219021
v -2.941698 5.140050 -0.216180
v -2.945019 5.113705 -0.211755
v -2.947151 5.096789 -0.206180
v -2.947886 5.090961 -0.200000
v -2.947886 5.090961 0.200000
v -2.947151 5.096789 0.206181
v -2.945019 5.113705 0.211756
v -2.941698 5.140050 0.216181
v -2.937514 5.173248 0.219021
v -2.932876 5.210048 0.220000
v -2.791779 5.195412 -0.220000
v -2.794816 5.158446 -0.219021
v -2.797557 5.125099 -0.216180
v -2.799731 5.098634 -0.211755
v -2.801128 5.081643 -0.206180
v -2.801609 5.075788 -0.200000
v -2.801609 5.075788 0.200000
v -2.801128 5.081643 0.206181
v -2.799731 5.098634 0.211756
v -2.797557 5.125099 0.216181
v -2.794816 5.158446 0.219021
v -2.791779 5.195412 0.220000
v -2.643348 5.186401 -0.220000
v -2.644836 5.149342 -0.219021
v -2.646179 5.115910 -0.216180
v -2.647245 5.089377 -0.211755
v -2.647929 5.072343 -0.206180
v -2.648165 5.066473 -0.200000
v -2.648165 5.066473 0.200000
v -2.647929 5.072343 0.206181
v -2.647245 5.089377 0.211756
v -2.646179 5.115910 0.216181
v -2.644836 5.149342 0.219021
v -2.643348 5.186401 0.220000
v -2.487001 5.183329 -0.220000
v -2.486163 5.146223 -0.219021
v -2.485407 5.112750 -0.216180
v -2.484808 5.086185 -0.211755
v -2.484423 5.069129 -0.206180
v -2.484290 5.063252 -0.200000
v -2.484290 5.063252 0.200000
v -2.484423 5.069129 0.206181
v -2.484808 5.086185 0.211756
v -2.485407 5.112750 0.216181
v -2.486163 5.146223 0.219021
v -2.487001 5.183329 0.220000
v -2.120890 5.207083 -0.220000
v -2.115944 5.170244 -0.219021
v -2.111483 5.137011 -0.216180
v -2.107942 5.110637 -0.211755
v -2.105669 5.093704 -0.206180
v -2.104886 5.087870 -0.200000
v -2.104886 5.087870 0.200000
v -2.105669 5.093704 0.206181
v -2.107942 5.110637 0.211756
v -2.111483 5.137011 0.216181
v -2.115944 5.170244 0.219021
v -2.120890 5.207083 0.220000
v -1.790112 5.274858 -0.220000
v -1.780060 5.239065 -0.219021
v -1.770993 5.206776 -0.216180
v -1.763796 5.181150 -0.211755
v -1.759176 5.164698 -0.206180
v -1.757584 5.159029 -0.200000
v -1.757584 5.159029 0.200000
v -1.759176 5.164698 0.206181
v -1.763796 5.181150 0.211756
v -1.770993 5.206776 0.216181
v -1.780060 5.239065 0.219021
v -1.790112 5.274858 0.220000
v -1.494001 5.381423 -0.220000
v -1.478901 5.347447 -0.219021
v -1.465279 5.316797 -0.216180
v -1.454469 5.292473 -0.211755
v -1.447529 5.276855 -0.206180
v -1.445137 5.271474 -0.200000
v -1.445137 5.271474 0.200000
v -1.447529 5.276855 0.206181
v -1.454469 5.292473 0.211756
v -1.465279 5.316797 0.216181
v -1.478901 5.347447 0.219021
v -1.494001 5.381423 0.220000
v -1.231890 5.521552 -0.220000
v -1.212052 5.490109 -0.219021
v -1.194156 5.461743 -0.216180
v -1.179954 5.439233 -0.211755
v -1.170836 5.424780 -0.206180
v -1.167694 5.419800 -0.200000
v -1.167694 5.419800 0.200000
v -1.170836 5.424780 0.206181
v -1.179954 5.439233 0.211756
v -1.194156 5.461743 0.216181
v -1.212052 5.490109 0.219021
v -1.231890 5.521552 0.220000
v -1.003112 5.690014 -0.220000
v -0.979046 5.661684 -0.219021
v -0.957336 5.636127 -0.216180
v -0.940107 5.615846 -0.211755
v -0.929045 5.602823 -0.206180
v -0.925234 5.598337 -0.200000
v -0.925234 5.598337 0.200000
v -0.929045 5.602823 0.206181
v -0.940107 5.615846 0.211756
v -0.957336 5.636127 0.216181
v -0.979046 5.661684 0.219021
v -1.003112 5.690014 0.220000
v -0.807001 5.881580 -0.220000
v -0.779329 5.856772 -0.219021
v -0.754366 5.834393 -0.216180
v -0.734556 5.816632 -0.211755
v -0.721837 5.805230 -0.206180
v -0.717454 5.801301 -0.200000
v -0.717454 5.801301 0.200000
v -0.721837 5.805230 0.206181
v -0.734556 5.816632 0.211756
v -0.754366 5.834393 0.216181
v -0.779329 5.856772 0.219021
v -0.807001 5.881580 0.220000
v -0.642890 6.091021 -0.220000
v -0.612260 6.069988 -0.219021
v -0.584630 6.051013 -0.216180
v -0.562701 6.035955 -0.211755
v -0.548623 6.026288 -0.206180
v -0.543772 6.022956 -0.200000
v -0.543772 6.022956 0.200000
v -0.548623 6.026288 0.206181
v -0.562701 6.035955 0.211756
v -0.584630 6.051013 0.216181
v -0.612260 6.069988 0.219021
v -0.642890 6.091021 0.220000
v -0.510112 6.313107 -0.220000
v -0.477139 6.295994 -0.219021
v -0.447394 6.280557 -0.216180
v -0.423788 6.268305 -0.211755
v -0.408632 6.260439 -0.206180
v -0.403410 6.257729 -0.200000
v -0.403410 6.257729 0.200000
v -0.408632 6.260439 0.206181
v -0.423788 6.268305 0.211756
v -0.447394 6.280557 0.216181
v -0.477139 6.295994 0.219021
v -0.510112 6.313107 0.220000
v -0.408001 6.542611 -0.220000
v -0.373239 6.529520 -0.219021
v -0.341879 6.517709 -0.216180
v -0.316993 6.508337 -0.211755
v -0.301014 6.502319 -0.206180
v -0.295509 6.500246 -0.200000
v -0.295509 6.500246 0.200000
v -0.301014 6.502319 0.206181
v -0.316993 6.508337 0.211756
v -0.341879 6.517709 0.216181
v -0.373239 6.529520 0.219021
v -0.408001 6.542611 0.220000
v -0.335890 6.774302 -0.220000
v -0.299839 6.765351 -0.219021
v -0.267316 6.757277 -0.216180
v -0.241507 6.750870 -0.211755
v -0.224936 6.746756 -0.206180
v -0.219226 6.745338 -0.200000
v -0.219226 6.745338 0.200000
v -0.224936 6.746756 0.206181
v -0.241507 6.750870 0.211756
v -0.267316 6.757277 0.216181
v -0.299839 6.765351 0.219021
v -0.335890 6.774302 0.220000
v -0.293112 7.002951 -0.220000
v -0.256249 6.998340 -0.219021
v -0.222995 6.994180 -0.216180
v -0.196604 6.990878 -0.211755
v -0.179660 6.988759 -0.206180
v -0.173821 6.988029 -0.200000
v -0.173821 6.988029 0.200000
v -0.179660 6.988759 0.206181
v -0.196604 6.990878 0.211756
v -0.222995 6.994180 0.216181
v -0.256249 6.998340 0.219021
v -0.293112 7.002951 0.220000
v -0.279001 7.223329 -0.220000
v -0.241844 7.223315 -0.219021
v -0.208324 7.223303 -0.216180
v -0.181722 7.223294 -0.211755
v -0.164643 7.223288 -0.206180
v -0.158758 7.223286 -0.200000
v -0.158758 7.223286 0.200000
v -0.164643 7.223288 0.206181
v -0.181722 7.223294 0.211756
v -0.208324 7.223303 0.216181
v -0.241844 7.223315 0.219021
v -0.279001 7.223329 0.220000
v -0.298289 7.527997 -0.220000
v -0.261433 7.532751 -0.219021
v -0.228186 7.537040 -0.216180
v -0.201800 7.540442 -0.211755
v -0.184860 7.542628 -0.206180
v -0.179022 7.543381 -0.200000
v -0.179022 7.543381 0.200000
v -0.184860 7.542628 0.206181
v -0.201800 7.540442 0.211756
v -0.228186 7.537040 0.216181
v -0.261433 7.532751 0.219021
v -0.298289 7.527997 0.220000
v -0.354806 7.816663 -0.220000
v -0.318891 7.826219 -0.219021
v -0.286491 7.834839 -0.216180
v -0.260779 7.841681 -0.211755
v -0.244271 7.846073 -0.206180
v -0.238582 7.847587 -0.200000
v -0.238582 7.847587 0.200000
v -0.244271 7.846073 0.206181
v -0.260779 7.841681 0.211756
v -0.286491 7.834839 0.216181
v -0.318891 7.826219 0.219021
v -0.354806 7.816663 0.220000
v -0.446532 8.087330 -0.220000
v -0.412220 8.101615 -0.219021
v -0.381266 8.114503 -0.216180
v -0.356701 8.124731 -0.211755
v -0.340930 8.131297 -0.206180
v -0.335495 8.133560 -0.200000
v -0.335495 8.133560 0.200000
v -0.340930 8.131297 0.206181
v -0.356701 8.124731 0.211756
v -0.381266 8.114503 0.216181
v -0.412220 8.101615 0.219021
v -0.446532 8.087330 0.220000
v -0.571445 8.337996 -0.220000
v -0.539387 8.356806 -0.219021
v -0.510467 8.373775 -0.216180
v -0.487517 8.387240 -0.211755
v -0.472781 8.395886 -0.206180
v -0.467704 8.398866 -0.200000
v -0.467704 8.398866 0.200000
v -0.472781 8.395886 0.206181
v -0.487517 8.387240 0.211756
v -0.510467 8.373775 0.216181
v -0.539387 8.356806 0.219022
v -0.571445 8.337996 0.220000
v -0.727525 8.566662 -0.220000
v -0.698328 8.589664 -0.219021
v -0.671989 8.610413 -0.216180
v -0.651086 8.626881 -0.211755
v -0.637666 8.637453 -0.206180
v -0.633042 8.641095 -0.200000
v -0.633042 8.641095 0.200000
v -0.637666 8.637453 0.206181
v -0.651086 8.626881 0.211756
v -0.671989 8.610413 0.216181
v -0.698328 8.589664 0.219022
v -0.727525 8.566662 0.220000
v -0.912751 8.771329 -0.220000
v -0.886948 8.798081 -0.219021
v -0.863671 8.822214 -0.216180
v -0.845198 8.841366 -0.211755
v -0.833338 8.853662 -0.206180
v -0.829251 8.857900 -0.200000
v -0.829251 8.857900 0.200000
v -0.833338 8.853662 0.206181
v -0.845198 8.841366 0.211756
v -0.863671 8.822214 0.216181
v -0.886948 8.798081 0.219022
v -0.912751 8.771329 0.220000
v -1.125101 8.949996 -0.220000
v -1.103133 8.979973 -0.219021
v -1.083314 9.007016 -0.216180
v -1.067586 9.028477 -0.211755
v -1.057488 9.042256 -0.206180
v -1.054008 9.047005 -0.200000
v -1.054008 9.047005 0.200000
v -1.057488 9.042256 0.206181
v -1.067586 9.028477 0.211756
v -1.083314 9.007016 0.216181
v -1.103133 8.979973 0.219022
v -1.125101 8.949996 0.220000
v -1.362556 9.100662 -0.220000
v -1.344754 9.133283 -0.219021
v -1.328694 9.162710 -0.216180
v -1.315949 9.186066 -0.211755
v -1.307766 9.201059 -0.206180
v -1.304946 9.206225 -0.200000
v -1.304946 9.206225 0.200000
v -1.307766 9.201059 0.206181
v -1.315949 9.186066 0.211756
v -1.328694 9.162710 0.216181
v -1.344754 9.133283 0.219022
v -1.362556 9.100662 0.220000
v -1.623095 9.221329 -0.220000
v -1.609679 9.255981 -0.219021
v -1.597576 9.287242 -0.216180
v -1.587971 9.312050 -0.211755
v -1.581805 9.327978 -0.206180
v -1.579680 9.333467 -0.200000
v -1.579680 9.333467 0.200000
v -1.581805 9.327978 0.206181
v -1.587971 9.312050 0.211756
v -1.597576 9.287242 0.216181
v -1.609679 9.255981 0.219022
v -1.623095 9.221329 0.220000
v -1.904695 9.309996 -0.220000
v -1.895775 9.346064 -0.219021
v -1.887728 9.378601 -0.216180
v -1.881341 9.404423 -0.211755
v -1.877241 9.421001 -0.206180
v -1.875829 9.426714 -0.200000
v -1.875829 9.426714 0.200000
v -1.877241 9.421001 0.206181
v -1.881341 9.404423 0.211756
v -1.887728 9.378601 0.216181
v -1.895775 9.346064 0.219022
v -1.904695 9.309996 0.220000
v -2.205338 9.364662 -0.220000
v -2.200917 9.401548 -0.219021
v -2.196929 9.434824 -0.216180
v -2.193764 9.461232 -0.211755
v -2.191732 9.478187 -0.206180
v -2.191031 9.484029 -0.200000
v -2.191031 9.484029 0.200000
v -2.191732 9.478187 0.206181
v -2.193764 9.461232 0.211756
v -2.196929 9.434824 0.216181
v -2.200917 9.401548 0.219022
v -2.205338 9.364662 0.220000
v -2.523001 9.383329 -0.220000
v -2.522290 9.420433 -0.219021
v -2.521648 9.453905 -0.216180
v -2.521139 9.480470 -0.211755
v -2.520812 9.497524 -0.206180
v -2.520700 9.503401 -0.200000
v -2.520700 9.503401 0.200000
v -2.520812 9.497524 0.206181
v -2.521139 9.480470 0.211756
v -2.521648 9.453905 0.216181
v -2.522290 9.420433 0.219022
v -2.523001 9.383329 0.220000
v -2.628199 9.381186 -0.220000
v -2.629713 9.418245 -0.219021
v -2.631078 9.451676 -0.216180
v -2.632162 9.478208 -0.211755
v -2.632858 9.495241 -0.206180
v -2.633097 9.501111 -0.200000
v -2.633097 9.501111 0.200000
v -2.632858 9.495241 0.206181
v -2.632162 9.478208 0.211756
v -2.631078 9.451676 0.216181
v -2.629713 9.418245 0.219022
v -2.628199 9.381186 0.220000
v -2.734084 9.374689 -0.220000
v -2.737109 9.411655 -0.219021
v -2.739838 9.445004 -0.216180
v -2.742004 9.471468 -0.211755
v -2.743394 9.488460 -0.206180
v -2.743873 9.494314 -0.200000
v -2.743873 9.494314 0.200000
v -2.743394 9.488460 0.206181
v -2.742004 9.471468 0.211756
v -2.739838 9.445004 0.216181
v -2.737109 9.411655 0.219022
v -2.734084 9.374689 0.220000
v -2.841095 9.363735 -0.220000
v -2.845608 9.400548 -0.219021
v -2.849679 9.433759 -0.216180
v -2.852911 9.460114 -0.211755
v -2.854985 9.477036 -0.206180
v -2.855700 9.482867 -0.200000
v -2.855700 9.482867 0.200000
v -2.854985 9.477036 0.206181
v -2.852911 9.460114 0.211756
v -2.849679 9.433759 0.216181
v -2.845608 9.400548 0.219022
v -2.841095 9.363735 0.220000
v -2.949668 9.348217 -0.220000
v -2.955623 9.384825 -0.219021
v -2.960995 9.417850 -0.216180
v -2.965258 9.444057 -0.211755
v -2.967995 9.460884 -0.206180
v -2.968938 9.466682 -0.200000
v -2.968938 9.466682 0.200000
v -2.967995 9.460884 0.206181
v -2.965258 9.444057 0.211756
v -2.960995 9.417850 0.216181
v -2.955623 9.384825 0.219022
v -2.949668 9.348217 0.220000
v -3.060241 9.328033 -0.220000
v -3.067571 9.364389 -0.219021
v -3.074183 9.397188 -0.216180
v -3.079430 9.423217 -0.211755
v -3.082799 9.439928 -0.206180
v -3.083960 9.445686 -0.200000
v -3.083960 9.445686 0.200000
v -3.082799 9.439928 0.206181
v -3.079430 9.423217 0.211756
v -3.074183 9.397188 0.216181
v -3.067571 9.364389 0.219022
v -3.060241 9.328033 0.220000
v -3.173251 9.303079 -0.220000
v -3.181873 9.339149 -0.219021
v -3.189652 9.371691 -0.216180
v -3.195825 9.397514 -0.211755
v -3.199788 9.414095 -0.206180
v -3.201154 9.419808 -0.200000
v -3.201154 9.419808 0.200000
v -3.199788 9.414095 0.206181
v -3.195825 9.397514 0.211756
v -3.189652 9.371691 0.216181
v -3.181873 9.339149 0.219022
v -3.173251 9.303079 0.220000
v -3.289136 9.273249 -0.220000
v -3.298958 9.309011 -0.219021
v -3.307819 9.341273 -0.216180
v -3.314851 9.366877 -0.211755
v -3.319365 9.383315 -0.206180
v -3.320921 9.388980 -0.200000
v -3.320921 9.388980 0.200000
v -3.319365 9.383315 0.206181
v -3.314851 9.366877 0.211756
v -3.307819 9.341273 0.216181
v -3.298958 9.309011 0.219022
v -3.289136 9.273249 0.220000
v -3.408334 9.238440 -0.220000
v -3.419256 9.273882 -0.219021
v -3.429109 9.305853 -0.216180
v -3.436929 9.331226 -0.211755
v -3.441949 9.347517 -0.206180
v -3.443679 9.353130 -0.200000
v -3.443679 9.353130 0.200000
v -3.441949 9.347517 0.206181
v -3.436929 9.331226 0.211756
v -3.429109 9.305853 0.216181
v -3.419256 9.273882 0.219022
v -3.408334 9.238440 0.220000
v -3.531282 9.198547 -0.220000
v -3.543203 9.233665 -0.219021
v -3.553957 9.265345 -0.216180
v -3.562491 9.290485 -0.211755
v -3.567970 9.306627 -0.206180
v -3.569858 9.312189 -0.200000
v -3.569858 9.312189 0.200000
v -3.567970 9.306627 0.206181
v -3.562491 9.290485 0.211756
v -3.553957 9.265345 0.216181
v -3.543203 9.233665 0.219022
v -3.531282 9.198547 0.220000
v -3.658417 9.153467 -0.220000
v -3.671237 9.188266 -0.219021
v -3.682800 9.219659 -0.216180
v -3.691978 9.244572 -0.211755
v -3.697870 9.260567 -0.206180
v -3.699900 9.266079 -0.200000
v -3.699900 9.266079 0.200000
v -3.697870 9.260567 0.206181
v -3.691978 9.244572 0.211756
v -3.682800 9.219659 0.216181
v -3.671237 9.188266 0.219022
v -3.658417 9.153467 0.220000
v -3.790178 9.103096 -0.220000
v -3.803798 9.137589 -0.219021
v -3.816085 9.168705 -0.216180
v -3.825837 9.193398 -0.211755
v -3.832098 9.209253 -0.206180
v -3.834255 9.214716 -0.200000
v -3.834255 9.214716 0.200000
v -3.832098 9.209253 0.206181
v -3.825837 9.193398 0.211756
v -3.816085 9.168705 0.216181
v -3.803798 9.137589 0.219022
v -3.790178 9.103096 0.220000
v -3.927001 9.047329 -0.220000
v -3.964083 9.072259 -0.219021
v -3.997535 9.094748 -0.216180
v -4.024083 9.112597 -0.211755
v -4.041128 9.124056 -0.206180
v -4.047001 9.128004 -0.200000
v -4.047001 9.128004 0.200000
v -4.041128 9.124056 0.206181
v -4.024083 9.112597 0.211756
v -3.997535 9.094748 0.216181
v -3.964083 9.072259 0.219022
v -3.927001 9.047329 0.220000
v -3.927001 8.417329 -0.220000
v -3.964083 8.353892 -0.219021
v -3.997535 8.296665 -0.216180
v -4.024083 8.251249 -0.211755
v -4.041128 8.222090 -0.206180
v -4.047001 8.212043 -0.200000
v -4.047001 8.212043 0.200000
v -4.041128 8.222090 0.206181
v -4.024083 8.251249 0.211756
v -3.997535 8.296665 0.216181
v -3.964083 8.353892 0.219022
v -3.927001 8.417329 0.220000
v -7.119000 5.765329 -0.220000
v -7.156082 5.802411 -0.219021
v -7.189535 5.835863 -0.216180
v -7.216083 5.862411 -0.211755
v -7.233128 5.879456 -0.206180
v -7.239000 5.885329 -0.200000
v -7.239000 5.885329 0.200000
v -7.233128 5.879456 0.206181
v -7.216083 5.862411 0.211756
v -7.189535 5.835863 0.216181
v -7.156082 5.802411 0.219021
v -7.119000 5.765329 0.220000
v -7.119000 5.237329 -0.220000
v -7.156082 5.200247 -0.219021
v -7.189535 5.166795 -0.216180
v -7.216083 5.140247 -0.211755
v -7.233128 5.123202 -0.206180
v -7.239000 5.117329 -0.200000
v -7.239000 5.117329 0.200000
v -7.233128 5.123202 0.206181
v -7.216083 5.140247 0.211756
v -7.189535 5.166795 0.216181
v -7.156082 5.200247 0.219021
v -7.119000 5.237329 0.220000
v -4.683001 5.237329 -0.220000
v -4.645918 5.200247 -0.219021
v -4.612466 5.166795 -0.216180
v -4.585918 5.140247 -0.211755
v -4.568873 5.123202 -0.206180
v -4.563001 5.117329 -0.200000
v -4.563001 5.117329 0.200000
v -4.568873 5.123202 0.206181
v -4.585918 5.140247 0.211756
v -4.612466 5.166795 0.216181
v -4.645918 5.200247 0.219021
v -4.683001 5.237329 0.220000
v -4.683001 9.329329 -0.220000
v -4.645918 9.366411 -0.219021
v -4.612466 9.399864 -0.216180
v -4.585918 9.426412 -0.211755
v -4.568873 9.443457 -0.206180
v -4.563001 9.449329 -0.200000
v -4.563001 9.449329 0.200000
v -4.568873 9.443457 0.206181
v -4.585918 9.426412 0.211756
v -4.612466 9.399864 0.216181
v -4.645918 9.366411 0.219022
v -4.683001 9.329329 0.220000
v -5.271000 9.329329 -0.220000
v -5.308083 9.366411 -0.219021
v -5.341535 9.399864 -0.216180
v -5.368082 9.426412 -0.211755
v -5.385127 9.443457 -0.206180
v -5.391000 9.449329 -0.200000
v -5.391000 9.449329 0.200000
v -5.385127 9.443457 0.206181
v -5.368082 9.426412 0.211756
v -5.341535 9.399864 0.216181
v -5.308083 9.366411 0.219022
v -5.271000 9.329329 0.220000
v -5.271000 5.765329 -0.220000
v -5.308083 5.802411 -0.219021
v -5.341535 5.835863 -0.216180
v -5.368082 5.862411 -0.211755
v -5.385127 5.879456 -0.206180
v -5.391000 5.885329 -0.200000
v -5.391000 5.885329 0.200000
v -5.385127 5.879456 0.206181
v -5.368082 5.862411 0.211756
v -5.341535 5.835863 0.216181
v -5.308083 5.802411 0.219021
v -5.271000 5.765329 0.220000
v -8.217002 8.801329 -0.220000
v -8.254084 8.764248 -0.219021
v -8.287536 8.730795 -0.216180
v -8.314084 8.704247 -0.211755
v -8.331129 8.687202 -0.206180
v -8.337002 8.681330 -0.200000
v -8.337002 8.681330 0.200000
v -8.331129 8.687202 0.206181
v -8.314084 8.704247 0.211756
v -8.287536 8.730795 0.216181
v -8.254084 8.764248 0.219022
v -8.217002 8.801329 0.220000
v -8.217002 7.565329 -0.220000
v -8.254084 7.602410 -0.219021
v -8.287536 7.635863 -0.216180
v -8.314084 7.662411 -0.211755
v -8.331129 7.679456 -0.206180
v -8.337002 7.685328 -0.200000
v -8.337002 7.685328 0.200000
v -8.331129 7.679456 0.206181
v -8.314084 7.662411 0.211756
v -8.287536 7.635863 0.216181
v -8.254084 7.602410 0.219021
v -8.217002 7.565329 0.220000
v -9.891002 7.565329 -0.220000
v -9.928083 7.602410 -0.219021
v -9.961536 7.635863 -0.216180
v -9.988085 7.662411 -0.211755
v -10.005129 7.679456 -0.206180
v -10.011002 7.685328 -0.200000
v -10.011002 7.685328 0.200000
v -10.005129 7.679456 0.206181
v -9.988085 7.662411 0.211756
v -9.961536 7.635863 0.216181
v -9.928083 7.602410 0.219021
v -9.891002 7.565329 0.220000
v -9.891002 7.037329 -0.220000
v -9.928083 7.000247 -0.219021
v -9.961536 6.966795 -0.216180
v -9.988085 6.940247 -0.211755
v -10.005129 6.923202 -0.206180
v -10.011002 6.917329 -0.200000
v -10.011002 6.917329 0.200000
v -10.005129 6.923202 0.206181
v -9.988085 6.940247 0.211756
v -9.961536 6.966795 0.216181
v -9.928083 7.000247 0.219021
v -9.891002 7.037329 0.220000
v -8.217002 7.037329 -0.220000
v -8.254084 7.000247 -0.219021
v -8.287536 6.966795 -0.216180
v -8.314084 6.940247 -0.211755
v -8.331129 6.923202 -0.206180
v -8.337002 6.917329 -0.200000
v -8.337002 6.917329 0.200000
v -8.331129 6.923202 0.206181
v -8.314084 6.940247 0.211756
v -8.287536 6.966795 0.216181
v -8.254084 7.000247 0.219021
v -8.217002 7.037329 0.220000
v -8.217002 5.765329 -0.220000
v -8.254084 5.802411 -0.219021
v -8.287536 5.835863 -0.216180
v -8.314084 5.862411 -0.211755
v -8.331129 5.879456 -0.206180
v -8.337002 5.885329 -0.200000
v -8.337002 5.885329 0.200000
v -8.331129 5.879456 0.206181
v -8.314084 5.862411 0.211756
v -8.287536 5.835863 0.216181
v -8.254084 5.802411 0.219021
v -8.217002 5.765329 0.220000
v -10.005001 5.765329 -0.220000
v -10.042084 5.802411 -0.219021
v -10.075536 5.835863 -0.216180
v -10.102084 5.862411 -0.211755
v -10.119128 5.879456 -0.206180
v -10.125002 5.885329 -0.200000
v -10.125002 5.885329 0.200000
v -10.119128 5.879456 0.206181
v -10.102084 5.862411 0.211756
v -10.075536 5.835863 0.216181
v -10.042084 5.802411 0.219021
v -10.005001 5.765329 0.220000
v -10.005001 5.237329 -0.220000
v -10.042084 5.200247 -0.219021
v -10.075536 5.166795 -0.216180
v -10.102084 5.140247 -0.211755
v -10.119128 5.123202 -0.206180
v -10.125002 5.117329 -0.200000
v -10.125002 5.117329 0.200000
v -10.119128 5.123202 0.206181
v -10.102084 5.140247 0.211756
v -10.075536 5.166795 0.216181
v -10.042084 5.200247 0.219021
v -10.005001 5.237329 0.220000
v -7.629002 5.237329 -0.220000
v -7.591920 5.200247 -0.219021
v -7.558468 5.166795 -0.216180
v -7.531919 5.140247 -0.211755
v -7.514875 5.123202 -0.206180
v -7.509002 5.117329 -0.200000
v -7.509002 5.117329 0.200000
v -7.514875 5.123202 0.206181
v -7.531919 5.140247 0.211756
v -7.558468 5.166795 0.216181
v -7.591920 5.200247 0.219021
v -7.629002 5.237329 0.220000
v -7.629002 9.329329 -0.220000
v -7.591920 9.366411 -0.219021
v -7.558468 9.399864 -0.216180
v -7.531919 9.426412 -0.211755
v -7.514875 9.443457 -0.206180
v -7.509002 9.449329 -0.200000
v -7.509002 9.449329 0.200000
v -7.514875 9.443457 0.206181
v -7.531919 9.426412 0.211756
v -7.558468 9.399864 0.216181
v -7.591920 9.366411 0.219022
v -7.629002 9.329329 0.220000
v -9.951002 9.329329 -0.220000
v -9.988084 9.366411 -0.219021
v -10.021536 9.399864 -0.216180
v -10.048084 9.426412 -0.211755
v -10.065128 9.443457 -0.206180
v -10.071002 9.449329 -0.200000
v -10.071002 9.449329 0.200000
v -10.065128 9.443457 0.206181
v -10.048084 9.426412 0.211756
v -10.021536 9.399864 0.216181
v -9.988084 9.366411 0.219022
v -9.951002 9.329329 0.220000
v -9.951002 8.801329 -0.220000
v -9.988084 8.764248 -0.219021
v -10.021536 8.730795 -0.216180
v -10.048084 8.704247 -0.211755
v -10.065128 8.687202 -0.206180
v -10.071002 8.681330 -0.200000
v -10.071002 8.681330 0.200000
v -10.065128 8.687202 0.206181
v -10.048084 8.704247 0.211756
v -10.021536 8.730795 0.216181
v -9.988084 8.764248 0.219022
v -9.951002 8.801329 0.220000
v -13.581001 5.237329 -0.220000
v -13.557085 5.200247 -0.219021
v -13.535508 5.166795 -0.216180
v -13.518387 5.140247 -0.211755
v -13.507393 5.123202 -0.206180
v -13.503605 5.117329 -0.200000
v -13.503605 5.117329 0.200000
v -13.507393 5.123202 0.206181
v -13.518387 5.140247 0.211756
v -13.535508 5.166795 0.216181
v -13.557085 5.200247 0.219021
v -13.581001 5.237329 0.220000
v -13.035002 6.443329 -0.220000
v -13.011086 6.406247 -0.219021
v -12.989510 6.372795 -0.216180
v -12.972387 6.346247 -0.211755
v -12.961393 6.329202 -0.206180
v -12.957605 6.323329 -0.200000
v -12.957605 6.323329 0.200000
v -12.961393 6.329202 0.206181
v -12.972387 6.346247 0.211756
v -12.989510 6.372795 0.216181
v -13.011086 6.406247 0.219021
v -13.035002 6.443329 0.220000
v -11.295002 6.443329 -0.220000
v -11.319469 6.406247 -0.219021
v -11.341542 6.372795 -0.216180
v -11.359059 6.346247 -0.211755
v -11.370306 6.329202 -0.206180
v -11.374182 6.323329 -0.200000
v -11.374182 6.323329 0.200000
v -11.370306 6.329202 0.206181
v -11.359059 6.346247 0.211756
v -11.341542 6.372795 0.216181
v -11.319469 6.406247 0.219021
v -11.295002 6.443329 0.220000
v -10.779002 5.237329 -0.220000
v -10.803470 5.200247 -0.219021
v -10.825542 5.166795 -0.216180
v -10.843060 5.140247 -0.211755
v -10.854306 5.123202 -0.206180
v -10.858181 5.117329 -0.200000
v -10.858181 5.117329 0.200000
v -10.854306 5.123202 0.206181
v -10.843060 5.140247 0.211756
v -10.825542 5.166795 0.216181
v -10.803470 5.200247 0.219021
v -10.779002 5.237329 0.220000
v -10.179002 5.237329 -0.220000
v -10.122841 5.200247 -0.219021
v -10.072177 5.166795 -0.216180
v -10.031970 5.140247 -0.211755
v -10.006156 5.123202 -0.206180
v -9.997261 5.117329 -0.200000
v -9.997261 5.117329 0.200000
v -10.006156 5.123202 0.206181
v -10.031970 5.140247 0.211756
v -10.072177 5.166795 0.216181
v -10.122841 5.200247 0.219021
v -10.179002 5.237329 0.220000
v -11.937002 9.353329 -0.220000
v -11.912518 9.390411 -0.219021
v -11.890429 9.423863 -0.216180
v -11.872900 9.450412 -0.211755
v -11.861646 9.467456 -0.206180
v -11.857768 9.473330 -0.200000
v -11.857768 9.473330 0.200000
v -11.861646 9.467456 0.206181
v -11.872900 9.450412 0.211756
v -11.890429 9.423863 0.216181
v -11.912518 9.390411 0.219022
v -11.937002 9.353329 0.220000
v -12.351002 9.353329 -0.220000
v -12.375097 9.390411 -0.219021
v -12.396833 9.423863 -0.216180
v -12.414083 9.450412 -0.211755
v -12.425158 9.467456 -0.206180
v -12.428974 9.473330 -0.200000
v -12.428974 9.473330 0.200000
v -12.425158 9.467456 0.206181
v -12.414083 9.450412 0.211756
v -12.396833 9.423863 0.216181
v -12.375097 9.390411 0.219022
v -12.351002 9.353329 0.220000
v -14.181002 5.237329 -0.220000
v -14.238071 5.200247 -0.219021
v -14.289554 5.166795 -0.216180
v -14.330410 5.140247 -0.211755
v -14.356642 5.123202 -0.206180
v -14.365681 5.117329 -0.200000
v -14.365681 5.117329 0.200000
v -14.356642 5.123202 0.206181
v -14.330410 5.140247 0.211756
v -14.289554 5.166795 0.216181
v -14.238071 5.200247 0.219021
v -14.181002 5.237329 0.220000
v -12.795002 6.971329 -0.220000
v -12.737895 7.008410 -0.219021
v -12.686378 7.041863 -0.216180
v -12.645494 7.068411 -0.211755
v -12.619244 7.085456 -0.206180
v -12.610199 7.091329 -0.200000
v -12.610199 7.091329 0.200000
v -12.619244 7.085456 0.206181
v -12.645494 7.068411 0.211756
v -12.686378 7.041863 0.216181
v -12.737895 7.008410 0.219021
v -12.795002 6.971329 0.220000
v -12.135002 8.453329 -0.220000
v -12.136288 8.359291 -0.219021
v -12.137447 8.274458 -0.216180
v -12.138369 8.207134 -0.211755
v -12.138960 8.163910 -0.206180
v -12.139163 8.149015 -0.200000
v -12.139163 8.149015 0.200000
v -12.138960 8.163910 0.206181
v -12.138369 8.207134 0.211756
v -12.137447 8.274458 0.216181
v -12.136288 8.359291 0.219022
v -12.135002 8.453329 0.220000
v -11.523002 6.971329 -0.220000
v -11.578435 7.008410 -0.219021
v -11.628441 7.041863 -0.216180
v -11.668126 7.068411 -0.211755
v -11.693605 7.085456 -0.206180
v -11.702386 7.091329 -0.200000
v -11.702386 7.091329 0.200000
v -11.693605 7.085456 0.206181
v -11.668126 7.068411 0.211756
v -11.628441 7.041863 0.216181
v -11.578435 7.008410 0.219021
v -11.523002 6.971329 0.220000
v -15.875384 9.320304 -0.220000
v -15.878852 9.357267 -0.219021
v -15.881979 9.390613 -0.216180
v -15.884460 9.417076 -0.211755
v -15.886055 9.434066 -0.206180
v -15.886604 9.439920 -0.200000
v -15.886604 9.439920 0.200000
v -15.886055 9.434066 0.206181
v -15.884460 9.417076 0.211756
v -15.881979 9.390613 0.216181
v -15.878852 9.357267 0.219022
v -15.875384 9.320304 0.220000
v -16.062057 9.293609 -0.220000
v -16.069271 9.330037 -0.219021
v -16.075775 9.362899 -0.216180
v -16.080938 9.388978 -0.211755
v -16.084255 9.405723 -0.206180
v -16.085396 9.411492 -0.200000
v -16.085396 9.411492 0.200000
v -16.084255 9.405723 0.206181
v -16.080938 9.388978 0.211756
v -16.075775 9.362899 0.216181
v -16.069271 9.330037 0.219022
v -16.062057 9.293609 0.220000
v -16.234314 9.249831 -0.220000
v -16.245560 9.285233 -0.219021
v -16.255707 9.317171 -0.216180
v -16.263756 9.342516 -0.211755
v -16.268927 9.358789 -0.206180
v -16.270708 9.364396 -0.200000
v -16.270708 9.364396 0.200000
v -16.268927 9.358789 0.206181
v -16.263756 9.342516 0.211756
v -16.255707 9.317171 0.216181
v -16.245560 9.285233 0.219022
v -16.234314 9.249831 0.220000
v -16.391445 9.189552 -0.220000
v -16.406952 9.223322 -0.219021
v -16.420937 9.253786 -0.216180
v -16.432037 9.277962 -0.211755
v -16.439165 9.293484 -0.206180
v -16.441620 9.298832 -0.200000
v -16.441620 9.298832 0.200000
v -16.439165 9.293484 0.206181
v -16.432037 9.277962 0.211756
v -16.420937 9.253786 0.216181
v -16.406952 9.223322 0.219022
v -16.391445 9.189552 0.220000
v -16.532745 9.113358 -0.220000
v -16.552607 9.144777 -0.219021
v -16.570526 9.173120 -0.216180
v -16.584747 9.195614 -0.211755
v -16.593876 9.210055 -0.206180
v -16.597021 9.215033 -0.200000
v -16.597021 9.215033 0.200000
v -16.593876 9.210055 0.206181
v -16.584747 9.195614 0.211756
v -16.570526 9.173120 0.216181
v -16.552607 9.144777 0.219022
v -16.532745 9.113358 0.220000
v -16.657501 9.021831 -0.220000
v -16.681633 9.050117 -0.219021
v -16.703403 9.075636 -0.216180
v -16.720680 9.095886 -0.211755
v -16.731771 9.108889 -0.206180
v -16.735594 9.113369 -0.200000
v -16.735594 9.113369 0.200000
v -16.731771 9.108889 0.206181
v -16.720680 9.095886 0.211756
v -16.703403 9.075636 0.216181
v -16.681633 9.050117 0.219022
v -16.657501 9.021831 0.220000
v -16.765007 8.915552 -0.220000
v -16.793083 8.939940 -0.219021
v -16.818411 8.961942 -0.216180
v -16.838511 8.979403 -0.211755
v -16.851416 8.990612 -0.206180
v -16.855862 8.994475 -0.200000
v -16.855862 8.994475 0.200000
v -16.851416 8.990612 0.206181
v -16.838511 8.979403 0.211756
v -16.818411 8.961942 0.216181
v -16.793083 8.939940 0.219022
v -16.765007 8.915552 0.220000
v -16.854557 8.795108 -0.220000
v -16.886009 8.814954 -0.219021
v -16.914383 8.832857 -0.216180
v -16.936901 8.847065 -0.211755
v -16.951359 8.856188 -0.206180
v -16.956339 8.859331 -0.200000
v -16.956339 8.859331 0.200000
v -16.951359 8.856188 0.206181
v -16.936901 8.847065 0.211756
v -16.914383 8.832857 0.216181
v -16.886009 8.814954 0.219022
v -16.854557 8.795108 0.220000
v -16.925438 8.661079 -0.220000
v -16.959518 8.675961 -0.219021
v -16.990259 8.689385 -0.216180
v -17.014656 8.700039 -0.211755
v -17.030321 8.706879 -0.206180
v -17.035719 8.709236 -0.200000
v -17.035719 8.709236 0.200000
v -17.030321 8.706879 0.206181
v -17.014656 8.700039 0.211756
v -16.990259 8.689385 0.216181
v -16.959518 8.675961 0.219022
v -16.925438 8.661079 0.220000
v -16.976946 8.514051 -0.220000
v -17.012817 8.523816 -0.219021
v -17.045177 8.532625 -0.216180
v -17.070858 8.539616 -0.211755
v -17.087345 8.544104 -0.206180
v -17.093025 8.545650 -0.200000
v -17.093025 8.545650 0.200000
v -17.087345 8.544104 0.206181
v -17.070858 8.539616 0.211756
v -17.045177 8.532625 0.216181
v -17.012817 8.523816 0.219022
v -16.976946 8.514051 0.220000
v -17.008369 8.354607 -0.220000
v -17.045227 8.359362 -0.219021
v -17.078478 8.363650 -0.216180
v -17.104866 8.367055 -0.211755
v -17.121807 8.369240 -0.206180
v -17.127645 8.369993 -0.200000
v -17.127645 8.369993 0.200000
v -17.121807 8.369240 0.206181
v -17.104866 8.367055 0.211756
v -17.078478 8.363650 0.216181
v -17.045227 8.359362 0.219022
v -17.008369 8.354607 0.220000
v -17.019001 8.183329 -0.220000
v -17.056133 8.183665 -0.219021
v -17.089630 8.183968 -0.216180
v -17.116215 8.184209 -0.211755
v -17.133284 8.184363 -0.206180
v -17.139164 8.184416 -0.200000
v -17.139164 8.184416 0.200000
v -17.133284 8.184363 0.206181
v -17.116215 8.184209 0.211756
v -17.089630 8.183968 0.216181
v -17.056133 8.183665 0.219021
v -17.019001 8.183329 0.220000
v -17.013906 8.067362 -0.220000
v -17.050879 8.064028 -0.219021
v -17.084230 8.061020 -0.216180
v -17.110699 8.058633 -0.211755
v -17.127693 8.057100 -0.206180
v -17.133549 8.056571 -0.200000
v -17.133549 8.056571 0.200000
v -17.127693 8.057100 0.206181
v -17.110699 8.058633 0.211756
v -17.084230 8.061020 0.216181
v -17.050879 8.064028 0.219021
v -17.013906 8.067362 0.220000
v -16.998751 7.956606 -0.220000
v -17.035246 7.949789 -0.219021
v -17.068169 7.943640 -0.216180
v -17.094296 7.938760 -0.211755
v -17.111071 7.935627 -0.206180
v -17.116852 7.934548 -0.200000
v -17.116852 7.934548 0.200000
v -17.111071 7.935627 0.206181
v -17.094296 7.938760 0.211756
v -17.068169 7.943640 0.216181
v -17.035246 7.949789 0.219021
v -16.998751 7.956606 0.220000
v -16.973721 7.851266 -0.220000
v -17.009361 7.840856 -0.219021
v -17.041513 7.831465 -0.216180
v -17.067028 7.824012 -0.211755
v -17.083412 7.819227 -0.206180
v -17.089056 7.817578 -0.200000
v -17.089056 7.817578 0.200000
v -17.083412 7.819227 0.206181
v -17.067028 7.824012 0.211756
v -17.041513 7.831465 0.216181
v -17.009361 7.840856 0.219021
v -16.973721 7.851266 0.220000
v -16.939001 7.751551 -0.220000
v -16.973379 7.737515 -0.219021
v -17.004393 7.724853 -0.216180
v -17.029005 7.714804 -0.211755
v -17.044807 7.708353 -0.206180
v -17.050251 7.706130 -0.200000
v -17.050251 7.706130 0.200000
v -17.044807 7.708353 0.206181
v -17.029005 7.714804 0.211756
v -17.004393 7.724853 0.216181
v -16.973379 7.737515 0.219021
v -16.939001 7.751551 0.220000
v -16.894783 7.657669 -0.220000
v -16.927483 7.640069 -0.219021
v -16.956982 7.624193 -0.216180
v -16.980392 7.611593 -0.211755
v -16.995422 7.603503 -0.206180
v -17.000603 7.600716 -0.200000
v -17.000603 7.600716 0.200000
v -16.995422 7.603503 0.206181
v -16.980392 7.611593 0.211756
v -16.956982 7.624193 0.216181
v -16.927483 7.640069 0.219021
v -16.894783 7.657669 0.220000
v -16.841251 7.569828 -0.220000
v -16.871878 7.548826 -0.219021
v -16.899506 7.529880 -0.216180
v -16.921432 7.514844 -0.211755
v -16.935509 7.505191 -0.206180
v -16.940361 7.501864 -0.200000
v -16.940361 7.501864 0.200000
v -16.935509 7.505191 0.206181
v -16.921432 7.514844 0.211756
v -16.899506 7.529880 0.216181
v -16.871878 7.548826 0.219021
v -16.841251 7.569828 0.220000
v -16.778595 7.488238 -0.220000
v -16.806803 7.464087 -0.219021
v -16.832249 7.442299 -0.216180
v -16.852444 7.425008 -0.211755
v -16.865410 7.413907 -0.206180
v -16.869877 7.410082 -0.200000
v -16.869877 7.410082 0.200000
v -16.865410 7.413907 0.206181
v -16.852444 7.425008 0.211756
v -16.832249 7.442299 0.216181
v -16.806803 7.464087 0.219021
v -16.778595 7.488238 0.220000
v -16.707001 7.413106 -0.220000
v -16.732517 7.386131 -0.219021
v -16.755537 7.361796 -0.216180
v -16.773806 7.342484 -0.211755
v -16.785534 7.330085 -0.206180
v -16.789576 7.325812 -0.200000
v -16.789576 7.325812 0.200000
v -16.785534 7.330085 0.206181
v -16.773806 7.342484 0.211756
v -16.755537 7.361796 0.216181
v -16.732517 7.386131 0.219021
v -16.707001 7.413106 0.220000
v -16.626657 7.344642 -0.220000
v -16.649298 7.315215 -0.219021
v -16.669722 7.288669 -0.216180
v -16.685930 7.267602 -0.211755
v -16.696339 7.254076 -0.206180
v -16.699924 7.249415 -0.200000
v -16.699924 7.249415 0.200000
v -16.696339 7.254076 0.206181
v -16.685930 7.267602 0.211756
v -16.669722 7.288669 0.216181
v -16.649298 7.315215 0.219021
v -16.626657 7.344642 0.220000
v -16.537750 7.283051 -0.220000
v -16.557417 7.251564 -0.219021
v -16.575157 7.223159 -0.216180
v -16.589237 7.200616 -0.211755
v -16.598276 7.186143 -0.206180
v -16.601391 7.181156 -0.200000
v -16.601391 7.181156 0.200000
v -16.598276 7.186143 0.206181
v -16.589237 7.200616 0.211756
v -16.575157 7.223159 0.216181
v -16.557417 7.251564 0.219021
v -16.537750 7.283051 0.220000
v -16.440470 7.228545 -0.220000
v -16.457142 7.195380 -0.219021
v -16.472183 7.165462 -0.216180
v -16.484119 7.141718 -0.211755
v -16.491781 7.126475 -0.206180
v -16.494423 7.121222 -0.200000
v -16.494423 7.121222 0.200000
v -16.491781 7.126475 0.206181
v -16.484119 7.141718 0.211756
v -16.472183 7.165462 0.216181
v -16.457142 7.195380 0.219021
v -16.440470 7.228545 0.220000
v -16.335001 7.181329 -0.220000
v -16.409250 7.173941 -0.219021
v -16.476231 7.167274 -0.216180
v -16.529388 7.161985 -0.211755
v -16.563517 7.158588 -0.206180
v -16.575275 7.157418 -0.200000
v -16.575275 7.157418 0.200000
v -16.563517 7.158588 0.206181
v -16.529388 7.161985 0.211756
v -16.476231 7.167274 0.216181
v -16.409250 7.173941 0.219021
v -16.335001 7.181329 0.220000
v -16.425133 7.117079 -0.220000
v -16.447689 7.146539 -0.219021
v -16.468039 7.173115 -0.216180
v -16.484186 7.194207 -0.211755
v -16.494555 7.207748 -0.206180
v -16.498127 7.212414 -0.200000
v -16.498127 7.212414 0.200000
v -16.494555 7.207748 0.206181
v -16.484186 7.194207 0.211756
v -16.468039 7.173115 0.216181
v -16.447689 7.146539 0.219021
v -16.425133 7.117079 0.220000
v -16.510056 7.047329 -0.220000
v -16.534510 7.075231 -0.219021
v -16.556572 7.100401 -0.216180
v -16.574078 7.120377 -0.211755
v -16.585318 7.133201 -0.206180
v -16.589191 7.137621 -0.200000
v -16.589191 7.137621 0.200000
v -16.585318 7.133201 0.206181
v -16.574078 7.120377 0.211756
v -16.556572 7.100401 0.216181
v -16.534510 7.075231 0.219021
v -16.510056 7.047329 0.220000
v -16.590563 6.972079 -0.220000
v -16.616674 6.998431 -0.219021
v -16.640228 7.022204 -0.216180
v -16.658922 7.041070 -0.211755
v -16.670925 7.053184 -0.206180
v -16.675060 7.057358 -0.200000
v -16.675060 7.057358 0.200000
v -16.670925 7.053184 0.206181
v -16.658922 7.041070 0.211756
v -16.640228 7.022204 0.216181
v -16.616674 6.998431 0.219021
v -16.590563 6.972079 0.220000
v -16.667444 6.891329 -0.220000
v -16.694958 6.916207 -0.219021
v -16.719780 6.938652 -0.216180
v -16.739477 6.956463 -0.211755
v -16.752123 6.967898 -0.206180
v -16.756481 6.971839 -0.200000
v -16.756481 6.971839 0.200000
v -16.752123 6.967898 0.206181
v -16.739477 6.956463 0.211756
v -16.719780 6.938652 0.216181
v -16.694958 6.916207 0.219021
v -16.667444 6.891329 0.220000
v -16.741493 6.805079 -0.220000
v -16.770161 6.828615 -0.219021
v -16.796021 6.849848 -0.216180
v -16.816545 6.866697 -0.211755
v -16.829721 6.877516 -0.206180
v -16.834263 6.881243 -0.200000
v -16.834263 6.881243 0.200000
v -16.829721 6.877516 0.206181
v -16.816545 6.866697 0.211756
v -16.796021 6.849848 0.216181
v -16.770161 6.828615 0.219021
v -16.741493 6.805079 0.220000
v -16.813501 6.713329 -0.220000
v -16.843088 6.735691 -0.219021
v -16.869780 6.755865 -0.216180
v -16.890963 6.771875 -0.211755
v -16.904564 6.782154 -0.206180
v -16.909248 6.785696 -0.200000
v -16.909248 6.785696 0.200000
v -16.904564 6.782154 0.206181
v -16.890963 6.771875 0.211756
v -16.869780 6.755865 0.216181
v -16.843088 6.735691 0.219021
v -16.813501 6.713329 0.220000
v -16.884258 6.616079 -0.220000
v -16.914558 6.637461 -0.219021
v -16.941895 6.656751 -0.216180
v -16.963589 6.672059 -0.211755
v -16.977516 6.681887 -0.206180
v -16.982315 6.685274 -0.200000
v -16.982315 6.685274 0.200000
v -16.977516 6.681887 0.206181
v -16.963589 6.672059 0.211756
v -16.941895 6.656751 0.216181
v -16.914558 6.637461 0.219021
v -16.884258 6.616079 0.220000
v -16.954556 6.513329 -0.220000
v -16.985392 6.533933 -0.219021
v -17.013206 6.552519 -0.216180
v -17.035280 6.567270 -0.211755
v -17.049454 6.576741 -0.206180
v -17.054337 6.580004 -0.200000
v -17.054337 6.580004 0.200000
v -17.049454 6.576741 0.206181
v -17.035280 6.567270 0.211756
v -17.013206 6.552519 0.216181
v -16.985392 6.533933 0.219021
v -16.954556 6.513329 0.220000
v -17.025188 6.405079 -0.220000
v -17.056398 6.425104 -0.219021
v -17.084557 6.443170 -0.216180
v -17.106899 6.457506 -0.211755
v -17.121246 6.466711 -0.206180
v -17.126190 6.469883 -0.200000
v -17.126190 6.469883 0.200000
v -17.121246 6.466711 0.206181
v -17.106899 6.457506 0.211756
v -17.084557 6.443170 0.216181
v -17.056398 6.425104 0.219021
v -17.025188 6.405079 0.220000
v -17.096945 6.291329 -0.220000
v -17.128401 6.310967 -0.219021
v -17.156778 6.328683 -0.216180
v -17.179296 6.342742 -0.211755
v -17.193756 6.351768 -0.206180
v -17.198738 6.354879 -0.200000
v -17.198738 6.354879 0.200000
v -17.193756 6.351768 0.206181
v -17.179296 6.342742 0.211756
v -17.156778 6.328683 0.216181
v -17.128401 6.310967 0.219021
v -17.096945 6.291329 0.220000
v -17.170620 6.172079 -0.220000
v -17.202206 6.191506 -0.219021
v -17.230700 6.209031 -0.216180
v -17.253313 6.222939 -0.211755
v -17.267832 6.231869 -0.206180
v -17.272835 6.234946 -0.200000
v -17.272835 6.234946 0.200000
v -17.267832 6.231869 0.206181
v -17.253313 6.222939 0.211756
v -17.230700 6.209031 0.216181
v -17.202206 6.191506 0.219021
v -17.170620 6.172079 0.220000
v -17.247002 6.047329 -0.220000
v -17.278557 6.066807 -0.219021
v -17.307022 6.084378 -0.216180
v -17.329613 6.098322 -0.211755
v -17.344118 6.107275 -0.206180
v -17.349115 6.110360 -0.200000
v -17.349115 6.110360 0.200000
v -17.344118 6.107275 0.206181
v -17.329613 6.098322 0.211756
v -17.307022 6.084378 0.216181
v -17.278557 6.066807 0.219021
v -17.247002 6.047329 0.220000
v -17.289146 5.979599 -0.220000
v -17.320549 5.999325 -0.219021
v -17.348873 6.017119 -0.216180
v -17.371355 6.031242 -0.211755
v -17.385788 6.040309 -0.206180
v -17.390760 6.043433 -0.200000
v -17.390760 6.043433 0.200000
v -17.385788 6.040309 0.206181
v -17.371355 6.031242 0.211756
v -17.348873 6.017119 0.216181
v -17.320549 5.999325 0.219021
v -17.289146 5.979599 0.220000
v -17.329166 5.916494 -0.220000
v -17.360386 5.936505 -0.219021
v -17.388550 5.954557 -0.216180
v -17.410902 5.968883 -0.211755
v -17.425251 5.978081 -0.206180
v -17.430197 5.981250 -0.200000
v -17.430197 5.981250 0.200000
v -17.425251 5.978081 0.206181
v -17.410902 5.968883 0.211756
v -17.388550 5.954557 0.216181
v -17.360386 5.936505 0.219021
v -17.329166 5.916494 0.220000
v -17.367939 5.856641 -0.220000
v -17.398960 5.876958 -0.219021
v -17.426945 5.895288 -0.216180
v -17.449152 5.909834 -0.211755
v -17.463411 5.919173 -0.206180
v -17.468325 5.922391 -0.200000
v -17.468325 5.922391 0.200000
v -17.463411 5.919173 0.206181
v -17.449152 5.909834 0.211756
v -17.426945 5.895288 0.216181
v -17.398960 5.876958 0.219021
v -17.367939 5.856641 0.220000
v -17.406334 5.798662 -0.220000
v -17.437149 5.819291 -0.219021
v -17.464949 5.837900 -0.216180
v -17.487011 5.852669 -0.211755
v -17.501173 5.862151 -0.206180
v -17.506054 5.865418 -0.200000
v -17.506054 5.865418 0.200000
v -17.501173 5.862151 0.206181
v -17.487011 5.852669 0.211756
v -17.464949 5.837900 0.216181
v -17.437149 5.819291 0.219021
v -17.406334 5.798662 0.220000
v -17.445230 5.741182 -0.220000
v -17.475845 5.762105 -0.219021
v -17.503468 5.780979 -0.216180
v -17.525385 5.795959 -0.211755
v -17.539459 5.805575 -0.206180
v -17.544306 5.808889 -0.200000
v -17.544306 5.808889 0.200000
v -17.539459 5.805575 0.206181
v -17.525385 5.795959 0.211756
v -17.503468 5.780979 0.216181
v -17.475845 5.762105 0.219021
v -17.445230 5.741182 0.220000
v -17.485500 5.682828 -0.220000
v -17.515940 5.704009 -0.219021
v -17.543398 5.723115 -0.216180
v -17.565189 5.738279 -0.211755
v -17.579182 5.748014 -0.206180
v -17.584002 5.751369 -0.200000
v -17.584002 5.751369 0.200000
v -17.579182 5.748014 0.206181
v -17.565189 5.738279 0.211756
v -17.543398 5.723115 0.216181
v -17.515940 5.704009 0.219021
v -17.485500 5.682828 0.220000
v -17.528021 5.622224 -0.220000
v -17.558311 5.643614 -0.219021
v -17.585640 5.662910 -0.216180
v -17.607325 5.678224 -0.211755
v -17.621250 5.688056 -0.206180
v -17.626045 5.691443 -0.200000
v -17.626045 5.691443 0.200000
v -17.621250 5.688056 0.206181
v -17.607325 5.678224 0.211756
v -17.585640 5.662910 0.216181
v -17.558311 5.643614 0.219021
v -17.528021 5.622224 0.220000
v -17.573668 5.557995 -0.220000
v -17.603848 5.579541 -0.219021
v -17.631073 5.598978 -0.216180
v -17.652681 5.614403 -0.211755
v -17.666553 5.624306 -0.206180
v -17.671333 5.627719 -0.200000
v -17.671333 5.627719 0.200000
v -17.666553 5.624306 0.206181
v -17.652681 5.614403 0.211756
v -17.631073 5.598978 0.216181
v -17.603848 5.579541 0.219021
v -17.573668 5.557995 0.220000
v -17.623314 5.488766 -0.220000
v -17.653419 5.510416 -0.219021
v -17.680578 5.529947 -0.216180
v -17.702131 5.545446 -0.211755
v -17.715969 5.555398 -0.206180
v -17.720737 5.558826 -0.200000
v -17.720737 5.558826 0.200000
v -17.715969 5.555398 0.206181
v -17.702131 5.545446 0.211756
v -17.680578 5.529947 0.216181
v -17.653419 5.510416 0.219021
v -17.623314 5.488766 0.220000
v -17.677834 5.413162 -0.220000
v -17.707897 5.434871 -0.219021
v -17.735018 5.454454 -0.216180
v -17.756542 5.469996 -0.211755
v -17.770359 5.479975 -0.206180
v -17.775122 5.483413 -0.200000
v -17.775122 5.483413 0.200000
v -17.770359 5.479975 0.206181
v -17.756542 5.469996 0.211756
v -17.735018 5.454454 0.216181
v -17.707897 5.434871 0.219021
v -17.677834 5.413162 0.220000
v -17.738106 5.329808 -0.220000
v -17.768152 5.351539 -0.219021
v -17.795258 5.371142 -0.216180
v -17.816771 5.386700 -0.211755
v -17.830582 5.396688 -0.206180
v -17.835340 5.400130 -0.200000
v -17.835340 5.400130 0.200000
v -17.830582 5.396688 0.206181
v -17.816771 5.386700 0.211756
v -17.795258 5.371142 0.216181
v -17.768152 5.351539 0.219021
v -17.738106 5.329808 0.220000
v -17.805000 5.237329 -0.220000
v -17.877592 5.200247 -0.219021
v -17.943077 5.166795 -0.216180
v -17.995047 5.140247 -0.211755
v -18.028412 5.123202 -0.206180
v -18.039909 5.117329 -0.200000
v -18.039909 5.117329 0.200000
v -18.028412 5.123202 0.206181
v -17.995047 5.140247 0.211756
v -17.943077 5.166795 0.216181
v -17.877592 5.200247 0.219021
v -17.805000 5.237329 0.220000
v -17.103001 5.237329 -0.220000
v -17.082756 5.200247 -0.219021
v -17.064493 5.166795 -0.216180
v -17.049999 5.140247 -0.211755
v -17.040693 5.123202 -0.206180
v -17.037487 5.117329 -0.200000
v -17.037487 5.117329 0.200000
v -17.040693 5.123202 0.206181
v -17.049999 5.140247 0.211756
v -17.064493 5.166795 0.216181
v -17.082756 5.200247 0.219021
v -17.103001 5.237329 0.220000
v -16.563002 6.077329 -0.220000
v -16.531946 6.057063 -0.219021
v -16.503929 6.038781 -0.216180
v -16.481697 6.024273 -0.211755
v -16.467422 6.014957 -0.206180
v -16.462503 6.011748 -0.200000
v -16.462503 6.011748 0.200000
v -16.467422 6.014957 0.206181
v -16.481697 6.024273 0.211756
v -16.503929 6.038781 0.216181
v -16.531946 6.057063 0.219021
v -16.563002 6.077329 0.220000
v -16.433924 6.272204 -0.220000
v -16.403343 6.251221 -0.219021
v -16.375755 6.232291 -0.216180
v -16.353863 6.217270 -0.211755
v -16.339808 6.207624 -0.206180
v -16.334963 6.204301 -0.200000
v -16.334963 6.204301 0.200000
v -16.339808 6.207624 0.206181
v -16.353863 6.217270 0.211756
v -16.375755 6.232291 0.216181
v -16.403343 6.251221 0.219021
v -16.433924 6.272204 0.220000
v -16.315889 6.438330 -0.220000
v -16.286106 6.416224 -0.219021
v -16.259239 6.396282 -0.216180
v -16.237915 6.380456 -0.211755
v -16.224228 6.370295 -0.206180
v -16.219509 6.366794 -0.200000
v -16.219509 6.366794 0.200000
v -16.224228 6.370295 0.206181
v -16.237915 6.380456 0.211756
v -16.259239 6.396282 0.216181
v -16.286106 6.416224 0.219021
v -16.315889 6.438330 0.220000
v -16.207687 6.577954 -0.220000
v -16.178976 6.554467 -0.219021
v -16.153076 6.533278 -0.216180
v -16.132521 6.516463 -0.211755
v -16.119322 6.505667 -0.206180
v -16.114775 6.501946 -0.200000
v -16.114775 6.501946 0.200000
v -16.119322 6.505667 0.206181
v -16.132521 6.516463 0.211756
v -16.153076 6.533278 0.216181
v -16.178976 6.554467 0.219021
v -16.207687 6.577954 0.220000
v -16.108112 6.693330 -0.220000
v -16.080849 6.668163 -0.219021
v -16.056253 6.645460 -0.216180
v -16.036736 6.627442 -0.211755
v -16.024204 6.615874 -0.206180
v -16.019888 6.611889 -0.200000
v -16.019888 6.611889 0.200000
v -16.024204 6.615874 0.206181
v -16.036736 6.627442 0.211756
v -16.056253 6.645460 0.216181
v -16.080849 6.668163 0.219021
v -16.108112 6.693330 0.220000
v -16.015953 6.786705 -0.220000
v -15.990649 6.759552 -0.219021
v -15.967824 6.735057 -0.216180
v -15.949709 6.715618 -0.211755
v -15.938080 6.703136 -0.206180
v -15.934072 6.698835 -0.200000
v -15.934072 6.698835 0.200000
v -15.938080 6.703136 0.206181
v -15.949709 6.715618 0.211756
v -15.967824 6.735057 0.216181
v -15.990649 6.759552 0.219021
v -16.015953 6.786705 0.220000
v -15.930001 6.860330 -0.220000
v -15.907316 6.830935 -0.219021
v -15.886851 6.804418 -0.216180
v -15.870611 6.783373 -0.211755
v -15.860184 6.769862 -0.206180
v -15.856590 6.765205 -0.200000
v -15.856590 6.765205 0.200000
v -15.860184 6.769862 0.206181
v -15.870611 6.783373 0.211756
v -15.886851 6.804418 0.216181
v -15.907316 6.830935 0.219021
v -15.930001 6.860330 0.220000
v -15.849051 6.916454 -0.220000
v -15.829739 6.884721 -0.219021
v -15.812317 6.856093 -0.216180
v -15.798491 6.833375 -0.211755
v -15.789616 6.818789 -0.206180
v -15.786555 6.813762 -0.200000
v -15.786555 6.813762 0.200000
v -15.789616 6.818789 0.206181
v -15.798491 6.833375 0.211756
v -15.812317 6.856093 0.216181
v -15.829739 6.884721 0.219021
v -15.849051 6.916454 0.220000
v -15.771890 6.957329 -0.220000
v -15.756655 6.923436 -0.219021
v -15.742912 6.892860 -0.216180
v -15.732006 6.868595 -0.211755
v -15.725003 6.853016 -0.206180
v -15.722589 6.847648 -0.200000
v -15.722589 6.847648 0.200000
v -15.725003 6.853016 0.206181
v -15.732006 6.868595 0.211756
v -15.742912 6.892860 0.216181
v -15.756655 6.923436 0.219021
v -15.771890 6.957329 0.220000
v -15.697313 6.985204 -0.220000
v -15.686554 6.949638 -0.219021
v -15.676847 6.917553 -0.216180
v -15.669146 6.892091 -0.211755
v -15.664201 6.875742 -0.206180
v -15.662496 6.870110 -0.200000
v -15.662496 6.870110 0.200000
v -15.664201 6.875742 0.206181
v -15.669146 6.892091 0.211756
v -15.676847 6.917553 0.216181
v -15.686554 6.949638 0.219021
v -15.697313 6.985204 0.220000
v -15.624112 7.002329 -0.220000
v -15.617693 6.965747 -0.219021
v -15.611904 6.932746 -0.216180
v -15.607309 6.906557 -0.211755
v -15.604359 6.889742 -0.206180
v -15.603342 6.883947 -0.200000
v -15.603342 6.883947 0.200000
v -15.604359 6.889742 0.206181
v -15.607309 6.906557 0.211756
v -15.611904 6.932746 0.216181
v -15.617693 6.965747 0.219021
v -15.624112 7.002329 0.220000
v -15.551077 7.010954 -0.220000
v -15.548304 6.973942 -0.219021
v -15.545801 6.940553 -0.216180
v -15.543816 6.914055 -0.211755
v -15.542542 6.897042 -0.206180
v -15.542101 6.891180 -0.200000
v -15.542101 6.891180 0.200000
v -15.542542 6.897042 0.206181
v -15.543816 6.914055 0.211756
v -15.545801 6.940553 0.216181
v -15.548304 6.973942 0.219021
v -15.551077 7.010954 0.220000
v -15.477001 7.013329 -0.220000
v -15.476408 6.976247 -0.219021
v -15.475871 6.942794 -0.216180
v -15.475447 6.916246 -0.211755
v -15.475173 6.899201 -0.206180
v -15.475079 6.893329 -0.200000
v -15.475079 6.893329 0.200000
v -15.475173 6.899201 0.206181
v -15.475447 6.916246 0.211756
v -15.475871 6.942794 0.216181
v -15.476408 6.976247 0.219021
v -15.477001 7.013329 0.220000
v -15.231001 7.013329 -0.220000
v -15.268082 6.976247 -0.219021
v -15.301535 6.942794 -0.216180
v -15.328082 6.916246 -0.211755
v -15.345127 6.899201 -0.206180
v -15.351000 6.893329 -0.200000
v -15.351000 6.893329 0.200000
v -15.345127 6.899201 0.206181
v -15.328082 6.916246 0.211756
v -15.301535 6.942794 0.216181
v -15.268082 6.976247 0.219021
v -15.231001 7.013329 0.220000
v -15.231001 5.237329 -0.220000
v -15.268082 5.200247 -0.219021
v -15.301535 5.166795 -0.216180
v -15.328082 5.140247 -0.211755
v -15.345127 5.123202 -0.206180
v -15.351000 5.117329 -0.200000
v -15.351000 5.117329 0.200000
v -15.345127 5.123202 0.206181
v -15.328082 5.140247 0.211756
v -15.301535 5.166795 0.216181
v -15.268082 5.200247 0.219021
v -15.231001 5.237329 0.220000
v -14.643000 5.237329 -0.220000
v -14.605919 5.200247 -0.219021
v -14.572466 5.166795 -0.216180
v -14.545918 5.140247 -0.211755
v -14.528873 5.123202 -0.206180
v -14.523001 5.117329 -0.200000
v -14.523001 5.117329 0.200000
v -14.528873 5.123202 0.206181
v -14.545918 5.140247 0.211756
v -14.572466 5.166795 0.216181
v -14.605919 5.200247 0.219021
v -14.643000 5.237329 0.220000
v -14.643000 9.329329 -0.220000
v -14.605919 9.366411 -0.219021
v -14.572466 9.399864 -0.216180
v -14.545918 9.426412 -0.211755
v -14.528873 9.443457 -0.206180
v -14.523001 9.449329 -0.200000
v -14.523001 9.449329 0.200000
v -14.528873 9.443457 0.206181
v -14.545918 9.426412 0.211756
v -14.572466 9.399864 0.216181
v -14.605919 9.366411 0.219022
v -14.643000 9.329329 0.220000
v -15.675001 9.329329 -0.220000
v -15.675837 9.366411 -0.219021
v -15.676589 9.399864 -0.216180
v -15.677187 9.426412 -0.211755
v -15.677570 9.443457 -0.206180
v -15.677702 9.449329 -0.200000
v -15.677702 9.449329 0.200000
v -15.677570 9.443457 0.206181
v -15.677187 9.426412 0.211756
v -15.676589 9.399864 0.216181
v -15.675837 9.366411 0.219022
v -15.675001 9.329329 0.220000
v -15.609000 7.541329 -0.220000
v -15.608179 7.578411 -0.219021
v -15.607438 7.611863 -0.216180
v -15.606850 7.638412 -0.211755
v -15.606472 7.655456 -0.206180
v -15.606342 7.661329 -0.200000
v -15.606342 7.661329 0.200000
v -15.606472 7.655456 0.206181
v -15.606850 7.638412 0.211756
v -15.607438 7.611863 0.216181
v -15.608179 7.578411 0.219021
v -15.609000 7.541329 0.220000
v -15.757277 7.547901 -0.220000
v -15.753774 7.584865 -0.219021
v -15.750612 7.618210 -0.216180
v -15.748104 7.644672 -0.211755
v -15.746494 7.661662 -0.206180
v -15.745939 7.667517 -0.200000
v -15.745939 7.667517 0.200000
v -15.746494 7.661662 0.206181
v -15.748104 7.644672 0.211756
v -15.750612 7.618210 0.216181
v -15.753774 7.584865 0.219021
v -15.757277 7.547901 0.220000
v -15.887721 7.566912 -0.220000
v -15.880228 7.603293 -0.219021
v -15.873468 7.636115 -0.216180
v -15.868105 7.662161 -0.211755
v -15.864660 7.678884 -0.206180
v -15.863472 7.684646 -0.200000
v -15.863472 7.684646 0.200000
v -15.864660 7.678884 0.206181
v -15.868105 7.662161 0.211756
v -15.873468 7.636115 0.216181
v -15.880228 7.603293 0.219021
v -15.887721 7.566912 0.220000
v -16.001249 7.597298 -0.220000
v -15.989262 7.632477 -0.219021
v -15.978447 7.664212 -0.216180
v -15.969866 7.689397 -0.211755
v -15.964355 7.705566 -0.206180
v -15.962457 7.711139 -0.200000
v -15.962457 7.711139 0.200000
v -15.964355 7.705566 0.206181
v -15.969866 7.689397 0.211756
v -15.978447 7.664212 0.216181
v -15.989262 7.632477 0.219021
v -16.001249 7.597298 0.220000
v -16.098778 7.637996 -0.220000
v -16.081936 7.671149 -0.219021
v -16.066744 7.701057 -0.216180
v -16.054686 7.724792 -0.211755
v -16.046946 7.740031 -0.206180
v -16.044277 7.745283 -0.200000
v -16.044277 7.745283 0.200000
v -16.046946 7.740031 0.206181
v -16.054686 7.724792 0.211756
v -16.066744 7.701057 0.216181
v -16.081936 7.671149 0.219021
v -16.098778 7.637996 0.220000
v -16.181221 7.687943 -0.220000
v -16.159454 7.718112 -0.219021
v -16.139818 7.745328 -0.216180
v -16.124235 7.766927 -0.211755
v -16.114229 7.780794 -0.206180
v -16.110783 7.785573 -0.200000
v -16.110783 7.785573 0.200000
v -16.114229 7.780794 0.206181
v -16.124235 7.766927 0.211756
v -16.139818 7.745328 0.216181
v -16.159454 7.718112 0.219021
v -16.181221 7.687943 0.220000
v -16.249500 7.746078 -0.220000
v -16.223127 7.772326 -0.219021
v -16.199335 7.796003 -0.216180
v -16.180454 7.814795 -0.211755
v -16.168331 7.826859 -0.206180
v -16.164154 7.831016 -0.200000
v -16.164154 7.831016 0.200000
v -16.168331 7.826859 0.206181
v -16.180454 7.814795 0.211756
v -16.199335 7.796003 0.216181
v -16.223127 7.772326 0.219021
v -16.249500 7.746078 0.220000
v -16.304527 7.811339 -0.220000
v -16.274248 7.832954 -0.219021
v -16.246933 7.852454 -0.216180
v -16.225256 7.867929 -0.211755
v -16.211338 7.877864 -0.206180
v -16.206543 7.881287 -0.200000
v -16.206543 7.881287 0.200000
v -16.211338 7.877864 0.206181
v -16.225256 7.867929 0.211756
v -16.246933 7.852454 0.216181
v -16.274248 7.832954 0.219021
v -16.304527 7.811339 0.220000
v -16.347223 7.882663 -0.220000
v -16.313971 7.899311 -0.219021
v -16.283974 7.914329 -0.216180
v -16.260166 7.926248 -0.211755
v -16.244881 7.933900 -0.206180
v -16.239616 7.936536 -0.200000
v -16.239616 7.936536 0.200000
v -16.244881 7.933900 0.206181
v -16.260166 7.926248 0.211756
v -16.283974 7.914329 0.216181
v -16.313971 7.899311 0.219021
v -16.347223 7.882663 0.220000
v -16.378502 7.958985 -0.220000
v -16.343233 7.970717 -0.219021
v -16.311419 7.981300 -0.216180
v -16.286171 7.989699 -0.211755
v -16.269958 7.995091 -0.206180
v -16.264374 7.996950 -0.200000
v -16.264374 7.996950 0.200000
v -16.269958 7.995091 0.206181
v -16.286171 7.989699 0.211756
v -16.311419 7.981300 0.216181
v -16.343233 7.970717 0.219021
v -16.378502 7.958985 0.220000
v -16.399279 8.039246 -0.220000
v -16.362825 8.046391 -0.219021
v -16.329939 8.052839 -0.216180
v -16.303841 8.057955 -0.211755
v -16.287085 8.061239 -0.206180
v -16.281311 8.062372 -0.200000
v -16.281311 8.062372 0.200000
v -16.287085 8.061239 0.206181
v -16.303841 8.057955 0.211756
v -16.329939 8.052839 0.216181
v -16.362825 8.046391 0.219021
v -16.399279 8.039246 0.220000
v -16.410473 8.122381 -0.220000
v -16.373465 8.125416 -0.219021
v -16.340078 8.128152 -0.216180
v -16.313583 8.130324 -0.211755
v -16.296574 8.131718 -0.206180
v -16.290712 8.132198 -0.200000
v -16.290712 8.132198 0.200000
v -16.296574 8.131718 0.206181
v -16.313583 8.130324 0.211756
v -16.340078 8.128152 0.216181
v -16.373465 8.125416 0.219021
v -16.410473 8.122381 0.220000
v -16.413000 8.207329 -0.220000
v -16.375881 8.206644 -0.219021
v -16.342396 8.206027 -0.216180
v -16.315823 8.205536 -0.211755
v -16.298759 8.205221 -0.206180
v -16.292881 8.205112 -0.200000
v -16.292881 8.205112 0.200000
v -16.298759 8.205221 0.206181
v -16.315823 8.205536 0.211756
v -16.342396 8.206027 0.216181
v -16.375881 8.206644 0.219021
v -16.413000 8.207329 0.220000
v -16.406805 8.300155 -0.220000
v -16.369947 8.295552 -0.219021
v -16.336699 8.291401 -0.216180
v -16.310310 8.288106 -0.211755
v -16.293369 8.285990 -0.206180
v -16.287533 8.285261 -0.200000
v -16.287533 8.285261 0.200000
v -16.293369 8.285990 0.206181
v -16.310310 8.288106 0.211756
v -16.336699 8.291401 0.216181
v -16.369947 8.295552 0.219021
v -16.406805 8.300155 0.220000
v -16.390944 8.386439 -0.220000
v -16.354921 8.377291 -0.219021
v -16.322426 8.369038 -0.216180
v -16.296637 8.362489 -0.211755
v -16.280081 8.358284 -0.206180
v -16.274376 8.356834 -0.200000
v -16.274376 8.356834 0.200000
v -16.280081 8.358284 0.206181
v -16.296637 8.362489 0.211756
v -16.322426 8.369038 0.216181
v -16.354921 8.377291 0.219022
v -16.390944 8.386439 0.220000
v -16.365000 8.465891 -0.220000
v -16.330620 8.451712 -0.219021
v -16.299606 8.438920 -0.216180
v -16.274994 8.428768 -0.211755
v -16.259192 8.422251 -0.206180
v -16.253748 8.420005 -0.200000
v -16.253748 8.420005 0.200000
v -16.259192 8.422251 0.206181
v -16.274994 8.428768 0.211756
v -16.299606 8.438920 0.216181
v -16.330620 8.451712 0.219022
v -16.365000 8.465891 0.220000
v -16.328554 8.538218 -0.220000
v -16.296806 8.518816 -0.219021
v -16.268167 8.501314 -0.216180
v -16.245440 8.487423 -0.211755
v -16.230846 8.478506 -0.206180
v -16.225819 8.475433 -0.200000
v -16.225819 8.475433 0.200000
v -16.230846 8.478506 0.206181
v -16.245440 8.487423 0.211756
v -16.268167 8.501314 0.216181
v -16.296806 8.518816 0.219022
v -16.328554 8.538218 0.220000
v -16.281193 8.603127 -0.220000
v -16.253077 8.578749 -0.219021
v -16.227715 8.556757 -0.216180
v -16.207584 8.539304 -0.211755
v -16.194660 8.528098 -0.206180
v -16.190207 8.524237 -0.200000
v -16.190207 8.524237 0.200000
v -16.194660 8.528098 0.206181
v -16.207584 8.539304 0.211756
v -16.227715 8.556757 0.216181
v -16.253077 8.578749 0.219022
v -16.281193 8.603127 0.220000
v -16.222500 8.660328 -0.220000
v -16.198786 8.631660 -0.219021
v -16.177393 8.605798 -0.216180
v -16.160416 8.585274 -0.211755
v -16.149515 8.572096 -0.206180
v -16.145758 8.567555 -0.200000
v -16.145758 8.567555 0.200000
v -16.149515 8.572096 0.206181
v -16.160416 8.585274 0.211756
v -16.177393 8.605798 0.216181
v -16.198786 8.631660 0.219022
v -16.222500 8.660328 0.220000
v -16.152056 8.709530 -0.220000
v -16.133104 8.677535 -0.219021
v -16.116009 8.648671 -0.216180
v -16.102440 8.625765 -0.211755
v -16.093731 8.611059 -0.206180
v -16.090729 8.605991 -0.200000
v -16.090729 8.605991 0.200000
v -16.093731 8.611059 0.206181
v -16.102440 8.625765 0.211756
v -16.116009 8.648671 0.216181
v -16.133104 8.677535 0.219022
v -16.152056 8.709530 0.220000
v -16.069445 8.750440 -0.220000
v -16.055193 8.716117 -0.219021
v -16.042336 8.685155 -0.216180
v -16.032131 8.660583 -0.211755
v -16.025581 8.644808 -0.206180
v -16.023323 8.639372 -0.200000
v -16.023323 8.639372 0.200000
v -16.025581 8.644808 0.206181
v -16.032131 8.660583 0.211756
v -16.042336 8.685155 0.216181
v -16.055193 8.716117 0.219022
v -16.069445 8.750440 0.220000
v -15.974250 8.782766 -0.220000
v -15.964328 8.746973 -0.219021
v -15.955379 8.714684 -0.216180
v -15.948275 8.689060 -0.211755
v -15.943714 8.672608 -0.206180
v -15.942143 8.666939 -0.200000
v -15.942143 8.666939 0.200000
v -15.943714 8.672608 0.206181
v -15.948275 8.689060 0.211756
v -15.955379 8.714684 0.216181
v -15.964328 8.746973 0.219022
v -15.974250 8.782766 0.220000
v -15.866056 8.806217 -0.220000
v -15.859951 8.769598 -0.219021
v -15.854445 8.736562 -0.216180
v -15.850073 8.710345 -0.211755
v -15.847267 8.693513 -0.206180
v -15.846300 8.687713 -0.200000
v -15.846300 8.687713 0.200000
v -15.847267 8.693513 0.206181
v -15.850073 8.710345 0.211756
v -15.854445 8.736562 0.216181
v -15.859951 8.769598 0.219022
v -15.866056 8.806217 0.220000
v -15.744446 8.820502 -0.220000
v -15.741617 8.783498 -0.219021
v -15.739067 8.750114 -0.216180
v -15.737041 8.723622 -0.211755
v -15.735743 8.706614 -0.206180
v -15.735294 8.700752 -0.200000
v -15.735294 8.700752 0.200000
v -15.735743 8.706614 0.206181
v -15.737041 8.723622 0.211756
v -15.739067 8.750114 0.216181
v -15.741617 8.783498 0.219022
v -15.744446 8.820502 0.220000
v -15.609000 8.825329 -0.220000
v -15.608339 8.788247 -0.219021
v -15.607744 8.754795 -0.216180
v -15.607271 8.728247 -0.211755
v -15.606968 8.711202 -0.206180
v -15.606863 8.705329 -0.200000
v -15.606863 8.705329 0.200000
v -15.606968 8.711202 0.206181
v -15.607271 8.728247 0.211756
v -15.607744 8.754795 0.216181
v -15.608339 8.788247 0.219022
v -15.609000 8.825329 0.220000
v -15.231001 8.825329 -0.220000
v -15.268082 8.788247 -0.219021
v -15.301535 8.754795 -0.216180
v -15.328082 8.728247 -0.211755
v -15.345127 8.711202 -0.206180
v -15.351000 8.705329 -0.200000
v -15.351000 8.705329 0.200000
v -15.345127 8.711202 0.206181
v -15.328082 8.728247 0.211756
v -15.301535 8.754795 0.216181
v -15.268082 8.788247 0.219022
v -15.231001 8.825329 0.220000
v -15.231001 7.541329 -0.220000
v -15.268082 7.578411 -0.219021
v -15.301535 7.611863 -0.216180
v -15.328082 7.638412 -0.211755
v -15.345127 7.655456 -0.206180
v -15.351000 7.661329 -0.200000
v -15.351000 7.661329 0.200000
v -15.345127 7.655456 0.206181
v -15.328082 7.638412 0.211756
v -15.301535 7.611863 0.216181
v -15.268082 7.578411 0.219021
v -15.231001 7.541329 0.220000
vn -0.0000 -0.0000 1.0000
vn -0.0000 -0.0000 -1.0000
vn -0.0205 -0.0503 -0.9985
vn -0.0190 -0.0509 -0.9985
vn -0.0092 -0.0247 -0.9997
vn -0.0100 -0.0244 -0.9997
vn -0.0454 -0.1116 -0.9927
vn -0.0421 -0.1129 -0.9927
vn -0.0845 -0.2074 -0.9746
vn -0.0782 -0.2099 -0.9746
vn -0.1723 -0.4232 -0.8895
vn -0.1595 -0.4282 -0.8895
vn -0.3411 -0.8376 -0.4268
vn -0.3157 -0.8475 -0.4268
vn -0.3411 -0.8376 0.4268
vn -0.3157 -0.8475 0.4268
vn -0.1723 -0.4232 0.8895
vn -0.1595 -0.4282 0.8895
vn -0.0845 -0.2074 0.9746
vn -0.0782 -0.2099 0.9746
vn -0.0454 -0.1116 0.9927
vn -0.0421 -0.1129 0.9927
vn -0.0205 -0.0503 0.9985
vn -0.0190 -0.0509 0.9985
vn -0.0100 -0.0244 0.9997
vn -0.0092 -0.0247 0.9997
vn -0.0173 -0.0515 -0.9985
vn -0.0084 -0.0250 -0.9997
vn -0.0383 -0.1143 -0.9927
vn -0.0712 -0.2124 -0.9746
vn -0.1453 -0.4333 -0.8895
vn -0.2876 -0.8574 -0.4268
vn -0.2876 -0.8574 0.4268
vn -0.1453 -0.4333 0.8895
vn -0.0712 -0.2124 0.9746
vn -0.0383 -0.1143 0.9927
vn -0.0173 -0.0515 0.9985
vn -0.0084 -0.0250 0.9997
vn -0.0155 -0.0521 -0.9985
vn -0.0075 -0.0253 -0.9997
vn -0.0343 -0.1156 -0.9927
vn -0.0637 -0.2148 -0.9746
vn -0.1299 -0.4382 -0.8895
vn -0.2570 -0.8671 -0.4268
vn -0.2570 -0.8671 0.4268
vn -0.1299 -0.4382 0.8895
vn -0.0637 -0.2148 0.9746
vn -0.0343 -0.1156 0.9927
vn -0.0155 -0.0521 0.9985
vn -0.0075 -0.0253 0.9997
vn -0.0135 -0.0527 -0.9985
vn -0.0065 -0.0256 -0.9997
vn -0.0299 -0.1168 -0.9927
vn -0.0556 -0.2170 -0.9746
vn -0.1134 -0.4428 -0.8894
vn -0.2244 -0.8761 -0.4267
vn -0.2244 -0.8761 0.4267
vn -0.1134 -0.4428 0.8894
vn -0.0556 -0.2170 0.9746
vn -0.0299 -0.1168 0.9927
vn -0.0135 -0.0527 0.9985
vn -0.0065 -0.0256 0.9997
vn -0.0115 -0.0532 -0.9985
vn -0.0056 -0.0258 -0.9997
vn -0.0254 -0.1179 -0.9927
vn -0.0472 -0.2190 -0.9746
vn -0.0963 -0.4468 -0.8894
vn -0.1905 -0.8841 -0.4267
vn -0.1905 -0.8841 0.4267
vn -0.0963 -0.4468 0.8894
vn -0.0472 -0.2190 0.9746
vn -0.0254 -0.1179 0.9927
vn -0.0115 -0.0532 0.9985
vn -0.0056 -0.0258 0.9997
vn -0.0094 -0.0536 -0.9985
vn -0.0046 -0.0260 -0.9997
vn -0.0208 -0.1188 -0.9927
vn -0.0387 -0.2207 -0.9746
vn -0.0788 -0.4502 -0.8894
vn -0.1560 -0.8908 -0.4267
vn -0.1560 -0.8908 0.4267
vn -0.0788 -0.4502 0.8894
vn -0.0387 -0.2207 0.9746
vn -0.0208 -0.1188 0.9927
vn -0.0094 -0.0536 0.9985
vn -0.0046 -0.0260 0.9997
vn -0.0073 -0.0539 -0.9985
vn -0.0035 -0.0261 -0.9997
vn -0.0162 -0.1195 -0.9927
vn -0.0301 -0.2220 -0.9746
vn -0.0615 -0.4529 -0.8894
vn -0.1217 -0.8962 -0.4267
vn -0.1217 -0.8962 0.4267
vn -0.0615 -0.4529 0.8894
vn -0.0301 -0.2220 0.9746
vn -0.0162 -0.1195 0.9927
vn -0.0073 -0.0539 0.9985
vn -0.0035 -0.0261 0.9997
vn -0.0053 -0.0541 -0.9985
vn -0.0026 -0.0263 -0.9997
vn -0.0118 -0.1200 -0.9927
vn -0.0219 -0.2230 -0.9746
vn -0.0446 -0.4549 -0.8894
vn -0.0883 -0.9001 -0.4267
vn -0.0883 -0.9001 0.4267
vn -0.0446 -0.4549 0.8894
vn -0.0219 -0.2230 0.9746
vn -0.0118 -0.1200 0.9927
vn -0.0053 -0.0541 0.9985
vn -0.0026 -0.0263 0.9997
vn -0.0034 -0.0543 -0.9985
vn -0.0017 -0.0263 -0.9997
vn -0.0075 -0.1203 -0.9927
vn -0.0140 -0.2236 -0.9746
vn -0.0286 -0.4561 -0.8895
vn -0.0566 -0.9026 -0.4267
vn -0.0566 -0.9026 0.4267
vn -0.0286 -0.4561 0.8895
vn -0.0140 -0.2236 0.9746
vn -0.0075 -0.1203 0.9927
vn -0.0034 -0.0543 0.9985
vn -0.0017 -0.0263 0.9997
vn -0.0016 -0.0543 -0.9985
vn -0.0008 -0.0264 -0.9997
vn -0.0036 -0.1205 -0.9927
vn -0.0067 -0.2239 -0.9746
vn -0.0137 -0.4567 -0.8895
vn -0.0272 -0.9040 -0.4267
vn -0.0272 -0.9040 0.4267
vn -0.0137 -0.4567 0.8895
vn -0.0067 -0.2239 0.9746
vn -0.0036 -0.1205 0.9927
vn -0.0016 -0.0543 0.9985
vn -0.0008 -0.0264 0.9997
vn 0.0012 -0.0547 -0.9985
vn 0.0006 -0.0264 -0.9997
vn 0.0027 -0.1208 -0.9927
vn 0.0049 -0.2243 -0.9745
vn 0.0101 -0.4574 -0.8892
vn 0.0199 -0.9042 -0.4265
vn 0.0199 -0.9042 0.4265
vn 0.0101 -0.4574 0.8892
vn 0.0049 -0.2243 0.9745
vn 0.0027 -0.1208 0.9927
vn 0.0012 -0.0547 0.9985
vn 0.0006 -0.0264 0.9997
vn 0.0065 -0.0546 -0.9985
vn 0.0031 -0.0262 -0.9997
vn 0.0144 -0.1204 -0.9926
vn 0.0266 -0.2232 -0.9744
vn 0.0542 -0.4548 -0.8889
vn 0.1071 -0.8981 -0.4266
vn 0.1071 -0.8981 0.4266
vn 0.0542 -0.4548 0.8889
vn 0.0266 -0.2232 0.9744
vn 0.0143 -0.1204 0.9926
vn 0.0065 -0.0546 0.9985
vn 0.0031 -0.0262 0.9997
vn 0.0131 -0.0535 -0.9985
vn 0.0063 -0.0256 -0.9997
vn 0.0289 -0.1177 -0.9926
vn 0.0536 -0.2183 -0.9744
vn 0.1093 -0.4449 -0.8889
vn 0.2157 -0.8783 -0.4266
vn 0.2157 -0.8783 0.4266
vn 0.1093 -0.4449 0.8889
vn 0.0536 -0.2183 0.9744
vn 0.0289 -0.1177 0.9926
vn 0.0131 -0.0535 0.9985
vn 0.0063 -0.0256 0.9997
vn 0.0197 -0.0514 -0.9985
vn 0.0094 -0.0246 -0.9997
vn 0.0435 -0.1132 -0.9926
vn 0.0806 -0.2099 -0.9744
vn 0.1642 -0.4277 -0.8889
vn 0.3241 -0.8444 -0.4266
vn 0.3241 -0.8444 0.4266
vn 0.1642 -0.4277 0.8889
vn 0.0806 -0.2099 0.9744
vn 0.0435 -0.1132 0.9926
vn 0.0197 -0.0514 0.9985
vn 0.0094 -0.0246 0.9997
vn 0.0262 -0.0485 -0.9985
vn 0.0125 -0.0232 -0.9997
vn 0.0576 -0.1067 -0.9926
vn 0.1069 -0.1978 -0.9744
vn 0.2178 -0.4031 -0.8889
vn 0.4299 -0.7957 -0.4266
vn 0.4299 -0.7957 0.4266
vn 0.2178 -0.4031 0.8889
vn 0.1069 -0.1978 0.9744
vn 0.0576 -0.1067 0.9926
vn 0.0262 -0.0485 0.9985
vn 0.0125 -0.0232 0.9997
vn 0.0323 -0.0446 -0.9985
vn 0.0154 -0.0213 -0.9997
vn 0.0712 -0.0982 -0.9926
vn 0.1319 -0.1821 -0.9744
vn 0.2688 -0.3710 -0.8889
vn 0.5306 -0.7324 -0.4266
vn 0.5306 -0.7324 0.4266
vn 0.2688 -0.3710 0.8889
vn 0.1319 -0.1821 0.9744
vn 0.0712 -0.0982 0.9926
vn 0.0323 -0.0446 0.9985
vn 0.0154 -0.0213 0.9997
vn 0.0380 -0.0399 -0.9985
vn 0.0182 -0.0191 -0.9997
vn 0.0836 -0.0879 -0.9926
vn 0.1551 -0.1629 -0.9744
vn 0.3159 -0.3318 -0.8889
vn 0.6237 -0.6550 -0.4266
vn 0.6237 -0.6550 0.4266
vn 0.3159 -0.3318 0.8889
vn 0.1551 -0.1629 0.9744
vn 0.0836 -0.0879 0.9926
vn 0.0380 -0.0399 0.9985
vn 0.0182 -0.0191 0.9997
vn 0.0431 -0.0344 -0.9985
vn 0.0206 -0.0164 -0.9997
vn 0.0948 -0.0757 -0.9926
vn 0.1757 -0.1404 -0.9744
vn 0.3579 -0.2860 -0.8889
vn 0.7066 -0.5646 -0.4266
vn 0.7066 -0.5646 0.4266
vn 0.3579 -0.2860 0.8889
vn 0.1757 -0.1404 0.9744
vn 0.0948 -0.0757 0.9926
vn 0.0431 -0.0344 0.9985
vn 0.0206 -0.0164 0.9997
vn 0.0474 -0.0282 -0.9985
vn 0.0226 -0.0135 -0.9997
vn 0.1042 -0.0621 -0.9926
vn 0.1932 -0.1151 -0.9744
vn 0.3936 -0.2345 -0.8889
vn 0.7770 -0.4630 -0.4266
vn 0.7770 -0.4630 0.4266
vn 0.3936 -0.2345 0.8889
vn 0.1932 -0.1151 0.9744
vn 0.1042 -0.0621 0.9926
vn 0.0474 -0.0282 0.9985
vn 0.0226 -0.0135 0.9997
vn 0.0508 -0.0215 -0.9985
vn 0.0242 -0.0103 -0.9997
vn 0.1117 -0.0473 -0.9926
vn 0.2071 -0.0877 -0.9744
vn 0.4219 -0.1786 -0.8889
vn 0.8329 -0.3526 -0.4266
vn 0.8329 -0.3526 0.4266
vn 0.4219 -0.1786 0.8889
vn 0.2071 -0.0877 0.9744
vn 0.1117 -0.0473 0.9926
vn 0.0508 -0.0215 0.9985
vn 0.0242 -0.0103 0.9997
vn 0.0532 -0.0144 -0.9985
vn 0.0254 -0.0069 -0.9997
vn 0.1171 -0.0317 -0.9926
vn 0.2171 -0.0588 -0.9744
vn 0.4422 -0.1198 -0.8889
vn 0.8730 -0.2364 -0.4266
vn 0.8730 -0.2364 0.4266
vn 0.4422 -0.1198 0.8889
vn 0.2171 -0.0588 0.9744
vn 0.1171 -0.0317 0.9926
vn 0.0532 -0.0144 0.9985
vn 0.0254 -0.0069 0.9997
vn 0.0546 -0.0072 -0.9985
vn 0.0261 -0.0034 -0.9997
vn 0.1203 -0.0158 -0.9926
vn 0.2230 -0.0293 -0.9744
vn 0.4542 -0.0597 -0.8889
vn 0.8967 -0.1178 -0.4266
vn 0.8967 -0.1178 0.4266
vn 0.4542 -0.0597 0.8889
vn 0.2230 -0.0293 0.9744
vn 0.1203 -0.0158 0.9926
vn 0.0546 -0.0072 0.9985
vn 0.0261 -0.0034 0.9997
vn 0.0551 -0.0000 -0.9985
vn 0.0263 -0.0000 -0.9997
vn 0.1213 0.0001 -0.9926
vn 0.2249 0.0001 -0.9744
vn 0.4581 0.0003 -0.8889
vn 0.9044 0.0005 -0.4266
vn 0.9044 0.0005 0.4266
vn 0.4581 0.0003 0.8889
vn 0.2249 0.0001 0.9744
vn 0.1213 0.0001 0.9926
vn 0.0551 -0.0000 0.9985
vn 0.0263 -0.0000 0.9997
vn 0.0546 0.0073 -0.9985
vn 0.0261 0.0035 -0.9997
vn 0.1202 0.0160 -0.9926
vn 0.2229 0.0296 -0.9744
vn 0.4542 0.0604 -0.8889
vn 0.8965 0.1192 -0.4266
vn 0.8965 0.1192 0.4266
vn 0.4542 0.0604 0.8889
vn 0.2229 0.0296 0.9744
vn 0.1202 0.0160 0.9926
vn 0.0546 0.0073 0.9985
vn 0.0261 0.0035 0.9997
vn 0.0532 0.0145 -0.9985
vn 0.0254 0.0069 -0.9997
vn 0.1170 0.0319 -0.9926
vn 0.2170 0.0591 -0.9744
vn 0.4420 0.1205 -0.8889
vn 0.8726 0.2379 -0.4266
vn 0.8726 0.2379 0.4266
vn 0.4420 0.1205 0.8889
vn 0.2170 0.0591 0.9744
vn 0.1170 0.0319 0.9926
vn 0.0532 0.0145 0.9985
vn 0.0254 0.0069 0.9997
vn 0.0508 0.0215 -0.9985
vn 0.0242 0.0103 -0.9997
vn 0.1117 0.0473 -0.9926
vn 0.2071 0.0877 -0.9744
vn 0.4218 0.1787 -0.8889
vn 0.8328 0.3528 -0.4266
vn 0.8328 0.3528 0.4266
vn 0.4218 0.1787 0.8889
vn 0.2071 0.0877 0.9744
vn 0.1117 0.0473 0.9926
vn 0.0508 0.0215 0.9985
vn 0.0242 0.0103 0.9997
vn 0.0474 0.0281 -0.9985
vn 0.0226 0.0134 -0.9997
vn 0.1043 0.0619 -0.9926
vn 0.1934 0.1147 -0.9744
vn 0.3941 0.2337 -0.8889
vn 0.7780 0.4613 -0.4266
vn 0.7780 0.4613 0.4266
vn 0.3941 0.2337 0.8889
vn 0.1934 0.1147 0.9744
vn 0.1043 0.0619 0.9926
vn 0.0474 0.0281 0.9985
vn 0.0226 0.0134 0.9997
vn 0.0432 0.0342 -0.9985
vn 0.0207 0.0163 -0.9997
vn 0.0952 0.0752 -0.9926
vn 0.1764 0.1395 -0.9744
vn 0.3594 0.2841 -0.8889
vn 0.7095 0.5609 -0.4266
vn 0.7095 0.5609 0.4266
vn 0.3594 0.2841 0.8889
vn 0.1764 0.1395 0.9744
vn 0.0952 0.0752 0.9926
vn 0.0432 0.0342 0.9985
vn 0.0207 0.0163 0.9997
vn 0.0383 0.0396 -0.9985
vn 0.0183 0.0189 -0.9997
vn 0.0843 0.0872 -0.9926
vn 0.1564 0.1616 -0.9744
vn 0.3186 0.3292 -0.8889
vn 0.6290 0.6499 -0.4266
vn 0.6290 0.6499 0.4266
vn 0.3186 0.3292 0.8889
vn 0.1564 0.1616 0.9744
vn 0.0843 0.0872 0.9926
vn 0.0383 0.0396 0.9985
vn 0.0183 0.0189 0.9997
vn 0.0328 0.0443 -0.9985
vn 0.0157 0.0212 -0.9997
vn 0.0722 0.0975 -0.9926
vn 0.1338 0.1807 -0.9744
vn 0.2726 0.3682 -0.8889
vn 0.5382 0.7268 -0.4266
vn 0.5382 0.7268 0.4266
vn 0.2726 0.3682 0.8889
vn 0.1338 0.1807 0.9744
vn 0.0722 0.0975 0.9926
vn 0.0328 0.0443 0.9985
vn 0.0157 0.0212 0.9997
vn 0.0267 0.0482 -0.9985
vn 0.0128 0.0230 -0.9997
vn 0.0589 0.1060 -0.9926
vn 0.1092 0.1966 -0.9744
vn 0.2224 0.4005 -0.8889
vn 0.4391 0.7907 -0.4266
vn 0.4391 0.7907 0.4266
vn 0.2224 0.4005 0.8889
vn 0.1092 0.1966 0.9744
vn 0.0589 0.1060 0.9926
vn 0.0267 0.0482 0.9985
vn 0.0128 0.0230 0.9997
vn 0.0203 0.0512 -0.9985
vn 0.0097 0.0245 -0.9997
vn 0.0447 0.1127 -0.9926
vn 0.0829 0.2090 -0.9744
vn 0.1690 0.4258 -0.8889
vn 0.3336 0.8407 -0.4266
vn 0.3336 0.8407 0.4266
vn 0.1690 0.4258 0.8889
vn 0.0829 0.2090 0.9744
vn 0.0447 0.1127 0.9926
vn 0.0203 0.0512 0.9985
vn 0.0097 0.0245 0.9997
vn 0.0136 0.0534 -0.9985
vn 0.0065 0.0255 -0.9997
vn 0.0300 0.1175 -0.9926
vn 0.0556 0.2178 -0.9744
vn 0.1133 0.4439 -0.8889
vn 0.2237 0.8763 -0.4266
vn 0.2237 0.8763 0.4266
vn 0.1133 0.4439 0.8889
vn 0.0556 0.2178 0.9744
vn 0.0300 0.1175 0.9926
vn 0.0136 0.0534 0.9985
vn 0.0065 0.0255 0.9997
vn 0.0068 0.0546 -0.9985
vn 0.0033 0.0261 -0.9997
vn 0.0150 0.1203 -0.9926
vn 0.0278 0.2231 -0.9744
vn 0.0566 0.4546 -0.8889
vn 0.1118 0.8975 -0.4266
vn 0.1118 0.8975 0.4266
vn 0.0566 0.4546 0.8889
vn 0.0278 0.2231 0.9744
vn 0.0150 0.1203 0.9926
vn 0.0068 0.0546 0.9985
vn 0.0033 0.0261 0.9997
vn 0.0013 0.0547 -0.9985
vn 0.0006 0.0264 -0.9997
vn 0.0028 0.1209 -0.9927
vn 0.0053 0.2244 -0.9745
vn 0.0107 0.4575 -0.8892
vn 0.0212 0.9042 -0.4266
vn 0.0212 0.9042 0.4266
vn 0.0107 0.4575 0.8892
vn 0.0053 0.2244 0.9745
vn 0.0028 0.1209 0.9927
vn 0.0013 0.0547 0.9985
vn 0.0006 0.0264 0.9997
vn -0.0017 0.0543 -0.9985
vn -0.0008 0.0264 -0.9997
vn -0.0037 0.1205 -0.9927
vn -0.0069 0.2239 -0.9746
vn -0.0141 0.4568 -0.8895
vn -0.0279 0.9039 -0.4268
vn -0.0279 0.9039 0.4268
vn -0.0141 0.4568 0.8895
vn -0.0069 0.2239 0.9746
vn -0.0037 0.1205 0.9927
vn -0.0017 0.0543 0.9985
vn -0.0008 0.0264 0.9997
vn -0.0036 0.0543 -0.9985
vn -0.0017 0.0263 -0.9997
vn -0.0080 0.1203 -0.9927
vn -0.0148 0.2236 -0.9746
vn -0.0302 0.4561 -0.8894
vn -0.0598 0.9024 -0.4267
vn -0.0598 0.9024 0.4267
vn -0.0302 0.4561 0.8894
vn -0.0148 0.2236 0.9746
vn -0.0080 0.1203 0.9927
vn -0.0036 0.0543 0.9985
vn -0.0017 0.0263 0.9997
vn -0.0057 0.0541 -0.9985
vn -0.0028 0.0262 -0.9997
vn -0.0127 0.1199 -0.9927
vn -0.0237 0.2228 -0.9746
vn -0.0483 0.4546 -0.8894
vn -0.0955 0.8994 -0.4267
vn -0.0955 0.8994 0.4267
vn -0.0483 0.4546 0.8894
vn -0.0237 0.2228 0.9746
vn -0.0127 0.1199 0.9927
vn -0.0057 0.0541 0.9985
vn -0.0028 0.0262 0.9997
vn -0.0080 0.0538 -0.9985
vn -0.0039 0.0261 -0.9997
vn -0.0178 0.1193 -0.9927
vn -0.0331 0.2217 -0.9746
vn -0.0674 0.4521 -0.8894
vn -0.1334 0.8945 -0.4267
vn -0.1334 0.8945 0.4267
vn -0.0674 0.4521 0.8894
vn -0.0331 0.2217 0.9746
vn -0.0178 0.1193 0.9927
vn -0.0080 0.0538 0.9985
vn -0.0039 0.0261 0.9997
vn -0.0103 0.0534 -0.9985
vn -0.0050 0.0259 -0.9997
vn -0.0229 0.1184 -0.9927
vn -0.0426 0.2200 -0.9746
vn -0.0868 0.4488 -0.8894
vn -0.1717 0.8879 -0.4267
vn -0.1717 0.8879 0.4267
vn -0.0868 0.4488 0.8894
vn -0.0426 0.2200 0.9746
vn -0.0229 0.1184 0.9927
vn -0.0103 0.0534 0.9985
vn -0.0050 0.0259 0.9997
vn -0.0126 0.0529 -0.9985
vn -0.0061 0.0257 -0.9997
vn -0.0278 0.1173 -0.9927
vn -0.0517 0.2180 -0.9746
vn -0.1054 0.4448 -0.8894
vn -0.2086 0.8800 -0.4267
vn -0.2086 0.8800 0.4267
vn -0.1054 0.4448 0.8894
vn -0.0517 0.2180 0.9746
vn -0.0278 0.1173 0.9927
vn -0.0126 0.0529 0.9985
vn -0.0061 0.0257 0.9997
vn -0.0146 0.0524 -0.9985
vn -0.0071 0.0254 -0.9997
vn -0.0323 0.1161 -0.9927
vn -0.0601 0.2158 -0.9746
vn -0.1226 0.4403 -0.8894
vn -0.2426 0.8712 -0.4267
vn -0.2426 0.8712 0.4267
vn -0.1226 0.4403 0.8894
vn -0.0601 0.2158 0.9746
vn -0.0323 0.1161 0.9927
vn -0.0146 0.0524 0.9985
vn -0.0071 0.0254 0.9997
vn -0.0164 0.0518 -0.9985
vn -0.0080 0.0252 -0.9997
vn -0.0363 0.1149 -0.9927
vn -0.0675 0.2136 -0.9746
vn -0.1378 0.4357 -0.8895
vn -0.2727 0.8623 -0.4268
vn -0.2727 0.8623 0.4268
vn -0.1378 0.4357 0.8895
vn -0.0675 0.2136 0.9746
vn -0.0363 0.1149 0.9927
vn -0.0164 0.0518 0.9985
vn -0.0080 0.0252 0.9997
vn -0.0179 0.0513 -0.9985
vn -0.0087 0.0249 -0.9997
vn -0.0397 0.1137 -0.9927
vn -0.0739 0.2114 -0.9746
vn -0.1507 0.4313 -0.8895
vn -0.2984 0.8537 -0.4268
vn -0.2984 0.8537 0.4268
vn -0.1507 0.4313 0.8895
vn -0.0739 0.2114 0.9746
vn -0.0397 0.1137 0.9927
vn -0.0179 0.0513 0.9985
vn -0.0087 0.0249 0.9997
vn -0.0192 0.0508 -0.9985
vn -0.0093 0.0247 -0.9997
vn -0.0426 0.1127 -0.9927
vn -0.0791 0.2094 -0.9746
vn -0.1615 0.4273 -0.8896
vn -0.3196 0.8460 -0.4268
vn -0.3196 0.8460 0.4268
vn -0.1615 0.4273 0.8896
vn -0.0791 0.2094 0.9746
vn -0.0426 0.1127 0.9927
vn -0.0192 0.0508 0.9985
vn -0.0093 0.0247 0.9997
vn -0.0202 0.0503 -0.9985
vn -0.0098 0.0245 -0.9997
vn -0.0448 0.1117 -0.9927
vn -0.0833 0.2077 -0.9746
vn -0.1701 0.4239 -0.8896
vn -0.3367 0.8393 -0.4269
vn -0.3367 0.8393 0.4269
vn -0.1701 0.4239 0.8896
vn -0.0833 0.2077 0.9746
vn -0.0448 0.1117 0.9927
vn -0.0202 0.0503 0.9985
vn -0.0098 0.0245 0.9997
vn -0.0448 0.0300 -0.9985
vn -0.0182 0.0122 -0.9998
vn -0.0923 0.0618 -0.9938
vn -0.1685 0.1129 -0.9792
vn -0.3469 0.2323 -0.9087
vn -0.7284 0.4878 -0.4810
vn -0.7284 0.4878 0.4810
vn -0.3469 0.2323 0.9087
vn -0.1685 0.1129 0.9792
vn -0.0923 0.0618 0.9938
vn -0.0448 0.0300 0.9985
vn -0.0182 0.0122 0.9998
vn -0.0197 -0.0326 -0.9993
vn -0.0070 -0.0117 -0.9999
vn -0.0393 -0.0650 -0.9971
vn -0.0724 -0.1200 -0.9901
vn -0.1578 -0.2614 -0.9523
vn -0.3971 -0.6578 -0.6401
vn -0.3971 -0.6578 0.6401
vn -0.1578 -0.2614 0.9523
vn -0.0724 -0.1200 0.9901
vn -0.0393 -0.0650 0.9971
vn -0.0197 -0.0326 0.9993
vn -0.0070 -0.0117 0.9999
vn 0.0241 -0.0480 -0.9986
vn 0.0119 -0.0236 -0.9997
vn 0.0538 -0.1070 -0.9928
vn 0.1002 -0.1993 -0.9748
vn 0.2047 -0.4071 -0.8902
vn 0.4062 -0.8077 -0.4274
vn 0.4062 -0.8077 0.4274
vn 0.2047 -0.4071 0.8902
vn 0.1002 -0.1993 0.9748
vn 0.0538 -0.1070 0.9928
vn 0.0241 -0.0480 0.9986
vn 0.0119 -0.0236 0.9997
vn 0.0223 -0.0489 -0.9986
vn 0.0110 -0.0240 -0.9997
vn 0.0498 -0.1090 -0.9928
vn 0.0926 -0.2029 -0.9748
vn 0.1892 -0.4145 -0.8902
vn 0.3755 -0.8224 -0.4274
vn 0.3755 -0.8224 0.4274
vn 0.1892 -0.4145 0.8902
vn 0.0926 -0.2029 0.9748
vn 0.0498 -0.1090 0.9928
vn 0.0223 -0.0489 0.9986
vn 0.0110 -0.0240 0.9997
vn 0.0204 -0.0497 -0.9986
vn 0.0100 -0.0244 -0.9997
vn 0.0455 -0.1108 -0.9928
vn 0.0847 -0.2063 -0.9748
vn 0.1731 -0.4215 -0.8902
vn 0.3434 -0.8363 -0.4274
vn 0.3434 -0.8363 0.4274
vn 0.1731 -0.4215 0.8902
vn 0.0847 -0.2063 0.9748
vn 0.0455 -0.1108 0.9928
vn 0.0204 -0.0497 0.9986
vn 0.0100 -0.0244 0.9997
vn 0.0184 -0.0505 -0.9986
vn 0.0090 -0.0248 -0.9997
vn 0.0411 -0.1125 -0.9928
vn 0.0765 -0.2095 -0.9748
vn 0.1562 -0.4280 -0.8902
vn 0.3100 -0.8492 -0.4274
vn 0.3100 -0.8492 0.4274
vn 0.1562 -0.4280 0.8902
vn 0.0765 -0.2095 0.9748
vn 0.0411 -0.1125 0.9928
vn 0.0184 -0.0505 0.9986
vn 0.0090 -0.0248 0.9997
vn 0.0163 -0.0512 -0.9986
vn 0.0080 -0.0251 -0.9997
vn 0.0365 -0.1141 -0.9928
vn 0.0679 -0.2124 -0.9748
vn 0.1387 -0.4339 -0.8902
vn 0.2752 -0.8611 -0.4275
vn 0.2752 -0.8611 0.4275
vn 0.1387 -0.4339 0.8902
vn 0.0679 -0.2124 0.9748
vn 0.0365 -0.1141 0.9928
vn 0.0163 -0.0512 0.9986
vn 0.0080 -0.0251 0.9997
vn 0.0142 -0.0518 -0.9986
vn 0.0070 -0.0254 -0.9997
vn 0.0317 -0.1155 -0.9928
vn 0.0590 -0.2151 -0.9748
vn 0.1205 -0.4393 -0.8902
vn 0.2391 -0.8719 -0.4274
vn 0.2391 -0.8719 0.4274
vn 0.1205 -0.4393 0.8902
vn 0.0590 -0.2151 0.9748
vn 0.0317 -0.1155 0.9928
vn 0.0142 -0.0518 0.9986
vn 0.0070 -0.0254 0.9997
vn 0.0120 -0.0523 -0.9986
vn 0.0059 -0.0257 -0.9997
vn 0.0267 -0.1167 -0.9928
vn 0.0498 -0.2174 -0.9748
vn 0.1017 -0.4440 -0.8902
vn 0.2018 -0.8812 -0.4274
vn 0.2018 -0.8812 0.4274
vn 0.1017 -0.4440 0.8902
vn 0.0498 -0.2174 0.9748
vn 0.0267 -0.1167 0.9928
vn 0.0120 -0.0523 0.9986
vn 0.0059 -0.0257 0.9997
vn 0.0097 -0.0528 -0.9986
vn 0.0048 -0.0259 -0.9997
vn 0.0216 -0.1178 -0.9928
vn 0.0403 -0.2193 -0.9748
vn 0.0823 -0.4480 -0.8902
vn 0.1633 -0.8892 -0.4275
vn 0.1633 -0.8892 0.4275
vn 0.0823 -0.4480 0.8902
vn 0.0403 -0.2193 0.9748
vn 0.0216 -0.1178 0.9928
vn 0.0097 -0.0528 0.9986
vn 0.0048 -0.0259 0.9997
vn 0.0073 -0.0532 -0.9986
vn 0.0036 -0.0261 -0.9997
vn 0.0164 -0.1186 -0.9928
vn 0.0305 -0.2209 -0.9748
vn 0.0623 -0.4512 -0.8902
vn 0.1237 -0.8955 -0.4275
vn 0.1237 -0.8955 0.4275
vn 0.0623 -0.4512 0.8902
vn 0.0305 -0.2209 0.9748
vn 0.0164 -0.1186 0.9928
vn 0.0073 -0.0532 0.9986
vn 0.0036 -0.0261 0.9997
vn 0.0049 -0.0534 -0.9986
vn 0.0024 -0.0263 -0.9997
vn 0.0110 -0.1192 -0.9928
vn 0.0205 -0.2220 -0.9748
vn 0.0419 -0.4535 -0.8903
vn 0.0832 -0.9002 -0.4275
vn 0.0832 -0.9002 0.4275
vn 0.0419 -0.4535 0.8903
vn 0.0205 -0.2220 0.9748
vn 0.0110 -0.1192 0.9928
vn 0.0049 -0.0534 0.9986
vn 0.0024 -0.0263 0.9997
vn 0.0025 -0.0536 -0.9986
vn 0.0012 -0.0264 -0.9997
vn 0.0056 -0.1196 -0.9928
vn 0.0103 -0.2227 -0.9748
vn 0.0211 -0.4550 -0.8903
vn 0.0419 -0.9030 -0.4275
vn 0.0419 -0.9030 0.4275
vn 0.0211 -0.4550 0.8903
vn 0.0103 -0.2227 0.9748
vn 0.0056 -0.1196 0.9928
vn 0.0025 -0.0536 0.9986
vn 0.0012 -0.0264 0.9997
vn -0.0011 -0.0533 -0.9986
vn -0.0005 -0.0264 -0.9997
vn -0.0024 -0.1192 -0.9929
vn -0.0045 -0.2222 -0.9750
vn -0.0092 -0.4543 -0.8908
vn -0.0182 -0.9035 -0.4281
vn -0.0182 -0.9035 0.4281
vn -0.0092 -0.4543 0.8908
vn -0.0045 -0.2222 0.9750
vn -0.0024 -0.1192 0.9929
vn -0.0011 -0.0533 0.9986
vn -0.0005 -0.0264 0.9997
vn -0.0067 -0.0524 -0.9986
vn -0.0034 -0.0261 -0.9997
vn -0.0152 -0.1177 -0.9929
vn -0.0283 -0.2197 -0.9752
vn -0.0579 -0.4495 -0.8914
vn -0.1154 -0.8960 -0.4288
vn -0.1154 -0.8960 0.4288
vn -0.0579 -0.4495 0.8914
vn -0.0283 -0.2197 0.9752
vn -0.0152 -0.1177 0.9929
vn -0.0067 -0.0524 0.9986
vn -0.0034 -0.0261 0.9997
vn -0.0135 -0.0511 -0.9986
vn -0.0067 -0.0255 -0.9997
vn -0.0302 -0.1148 -0.9929
vn -0.0564 -0.2142 -0.9752
vn -0.1154 -0.4383 -0.8914
vn -0.2301 -0.8736 -0.4288
vn -0.2301 -0.8736 0.4288
vn -0.1154 -0.4383 0.8914
vn -0.0564 -0.2142 0.9752
vn -0.0302 -0.1148 0.9929
vn -0.0135 -0.0511 0.9986
vn -0.0067 -0.0255 0.9997
vn -0.0200 -0.0489 -0.9986
vn -0.0449 -0.1099 -0.9929
vn -0.0837 -0.2050 -0.9752
vn -0.1713 -0.4196 -0.8914
vn -0.3415 -0.8363 -0.4288
vn -0.3415 -0.8363 0.4288
vn -0.1713 -0.4196 0.8914
vn -0.0837 -0.2050 0.9752
vn -0.0449 -0.1099 0.9929
vn -0.0200 -0.0489 0.9986
vn -0.0262 -0.0459 -0.9986
vn -0.0130 -0.0229 -0.9997
vn -0.0588 -0.1031 -0.9929
vn -0.1097 -0.1924 -0.9752
vn -0.2245 -0.3937 -0.8914
vn -0.4475 -0.7847 -0.4289
vn -0.4475 -0.7847 0.4289
vn -0.2245 -0.3937 0.8914
vn -0.1097 -0.1924 0.9752
vn -0.0588 -0.1031 0.9929
vn -0.0262 -0.0459 0.9986
vn -0.0130 -0.0229 0.9997
vn -0.0319 -0.0421 -0.9986
vn -0.0159 -0.0210 -0.9997
vn -0.0717 -0.0945 -0.9929
vn -0.1338 -0.1764 -0.9752
vn -0.2739 -0.3610 -0.8914
vn -0.5460 -0.7197 -0.4289
vn -0.5460 -0.7197 0.4289
vn -0.2739 -0.3610 0.8914
vn -0.1338 -0.1764 0.9752
vn -0.0717 -0.0945 0.9929
vn -0.0319 -0.0421 0.9986
vn -0.0159 -0.0210 0.9997
vn -0.0372 -0.0375 -0.9986
vn -0.0185 -0.0187 -0.9997
vn -0.0835 -0.0843 -0.9929
vn -0.1558 -0.1574 -0.9752
vn -0.3187 -0.3221 -0.8914
vn -0.6354 -0.6421 -0.4289
vn -0.6354 -0.6421 0.4289
vn -0.3187 -0.3221 0.8914
vn -0.1558 -0.1574 0.9752
vn -0.0835 -0.0843 0.9929
vn -0.0372 -0.0375 0.9986
vn -0.0185 -0.0187 0.9997
vn -0.0418 -0.0323 -0.9986
vn -0.0208 -0.0161 -0.9997
vn -0.0938 -0.0727 -0.9929
vn -0.1750 -0.1356 -0.9752
vn -0.3582 -0.2775 -0.8914
vn -0.7141 -0.5533 -0.4289
vn -0.7141 -0.5533 0.4289
vn -0.3582 -0.2775 0.8914
vn -0.1750 -0.1356 0.9752
vn -0.0938 -0.0727 0.9929
vn -0.0418 -0.0323 0.9986
vn -0.0208 -0.0161 0.9997
vn -0.0456 -0.0266 -0.9986
vn -0.0228 -0.0132 -0.9997
vn -0.1025 -0.0597 -0.9929
vn -0.1914 -0.1114 -0.9752
vn -0.3916 -0.2280 -0.8914
vn -0.7807 -0.4545 -0.4289
vn -0.7807 -0.4545 0.4289
vn -0.3916 -0.2280 0.8914
vn -0.1914 -0.1114 0.9752
vn -0.1025 -0.0597 0.9929
vn -0.0456 -0.0266 0.9986
vn -0.0228 -0.0132 0.9997
vn -0.0487 -0.0203 -0.9986
vn -0.0243 -0.0101 -0.9997
vn -0.1095 -0.0456 -0.9929
vn -0.2044 -0.0852 -0.9752
vn -0.4183 -0.1743 -0.8914
vn -0.8339 -0.3474 -0.4289
vn -0.8339 -0.3474 0.4289
vn -0.4183 -0.1743 0.8914
vn -0.2044 -0.0852 0.9752
vn -0.1095 -0.0456 0.9929
vn -0.0487 -0.0203 0.9986
vn -0.0243 -0.0101 0.9997
vn -0.0510 -0.0137 -0.9986
vn -0.0254 -0.0068 -0.9997
vn -0.1146 -0.0308 -0.9929
vn -0.2138 -0.0574 -0.9752
vn -0.4376 -0.1175 -0.8914
vn -0.8724 -0.2343 -0.4289
vn -0.8724 -0.2343 0.4289
vn -0.4376 -0.1175 0.8914
vn -0.2138 -0.0574 0.9752
vn -0.1146 -0.0308 0.9929
vn -0.0510 -0.0137 0.9986
vn -0.0254 -0.0068 0.9997
vn -0.0524 -0.0069 -0.9986
vn -0.0261 -0.0034 -0.9997
vn -0.1176 -0.0154 -0.9929
vn -0.2196 -0.0288 -0.9752
vn -0.4493 -0.0589 -0.8914
vn -0.8957 -0.1175 -0.4289
vn -0.8957 -0.1175 0.4289
vn -0.4493 -0.0589 0.8914
vn -0.2196 -0.0288 0.9752
vn -0.1176 -0.0154 0.9929
vn -0.0524 -0.0069 0.9986
vn -0.0261 -0.0034 0.9997
vn -0.0529 -0.0000 -0.9986
vn -0.0263 -0.0000 -0.9997
vn -0.1187 -0.0001 -0.9929
vn -0.2215 -0.0002 -0.9752
vn -0.4533 -0.0004 -0.8914
vn -0.9034 -0.0008 -0.4288
vn -0.9034 -0.0008 0.4288
vn -0.4533 -0.0004 0.8914
vn -0.2215 -0.0002 0.9752
vn -0.1187 -0.0001 0.9929
vn -0.0529 -0.0000 0.9986
vn -0.0263 -0.0000 0.9997
vn -0.0524 0.0068 -0.9986
vn -0.0261 0.0034 -0.9997
vn -0.1177 0.0152 -0.9929
vn -0.2196 0.0284 -0.9752
vn -0.4495 0.0580 -0.8914
vn -0.8959 0.1157 -0.4289
vn -0.8959 0.1157 0.4289
vn -0.4495 0.0580 0.8914
vn -0.2196 0.0284 0.9752
vn -0.1177 0.0152 0.9929
vn -0.0524 0.0068 0.9986
vn -0.0261 0.0034 0.9997
vn -0.0510 0.0136 -0.9986
vn -0.0254 0.0068 -0.9997
vn -0.1146 0.0307 -0.9929
vn -0.2138 0.0572 -0.9752
vn -0.4376 0.1171 -0.8915
vn -0.8726 0.2336 -0.4290
vn -0.8726 0.2336 0.4290
vn -0.4376 0.1171 0.8915
vn -0.2138 0.0572 0.9752
vn -0.1146 0.0307 0.9929
vn -0.0510 0.0136 0.9986
vn -0.0254 0.0068 0.9997
vn -0.0486 0.0205 -0.9986
vn -0.0243 0.0102 -0.9997
vn -0.1093 0.0460 -0.9929
vn -0.2039 0.0859 -0.9752
vn -0.4174 0.1758 -0.8915
vn -0.8325 0.3505 -0.4291
vn -0.8325 0.3505 0.4291
vn -0.4174 0.1758 0.8915
vn -0.2039 0.0859 0.9752
vn -0.1093 0.0460 0.9929
vn -0.0486 0.0205 0.9986
vn -0.0243 0.0102 0.9997
vn -0.0453 0.0270 -0.9986
vn -0.0226 0.0135 -0.9997
vn -0.1018 0.0607 -0.9930
vn -0.1900 0.1133 -0.9752
vn -0.3890 0.2320 -0.8916
vn -0.7757 0.4627 -0.4291
vn -0.7757 0.4627 0.4291
vn -0.3890 0.2320 0.8916
vn -0.1900 0.1133 0.9752
vn -0.1018 0.0607 0.9930
vn -0.0453 0.0270 0.9986
vn -0.0226 0.0135 0.9997
vn -0.0411 0.0331 -0.9986
vn -0.0205 0.0165 -0.9997
vn -0.0923 0.0743 -0.9930
vn -0.1724 0.1388 -0.9752
vn -0.3528 0.2840 -0.8916
vn -0.7036 0.5664 -0.4291
vn -0.7036 0.5664 0.4291
vn -0.3528 0.2840 0.8916
vn -0.1724 0.1388 0.9752
vn -0.0923 0.0743 0.9929
vn -0.0411 0.0331 0.9986
vn -0.0205 0.0165 0.9997
vn -0.0361 0.0385 -0.9986
vn -0.0180 0.0192 -0.9997
vn -0.0812 0.0864 -0.9929
vn -0.1515 0.1613 -0.9752
vn -0.3101 0.3302 -0.8915
vn -0.6183 0.6585 -0.4290
vn -0.6183 0.6585 0.4290
vn -0.3101 0.3302 0.8915
vn -0.1515 0.1613 0.9752
vn -0.0812 0.0864 0.9929
vn -0.0361 0.0385 0.9986
vn -0.0180 0.0192 0.9997
vn -0.0306 0.0430 -0.9986
vn -0.0152 0.0215 -0.9997
vn -0.0687 0.0967 -0.9929
vn -0.1281 0.1805 -0.9752
vn -0.2622 0.3694 -0.8915
vn -0.5229 0.7366 -0.4290
vn -0.5229 0.7366 0.4290
vn -0.2622 0.3694 0.8915
vn -0.1281 0.1805 0.9752
vn -0.0687 0.0967 0.9929
vn -0.0306 0.0430 0.9986
vn -0.0152 0.0215 0.9997
vn -0.0246 0.0468 -0.9986
vn -0.0123 0.0233 -0.9997
vn -0.0552 0.1050 -0.9929
vn -0.1031 0.1960 -0.9752
vn -0.2109 0.4011 -0.8914
vn -0.4205 0.7995 -0.4289
vn -0.4205 0.7995 0.4289
vn -0.2109 0.4011 0.8914
vn -0.1031 0.1960 0.9752
vn -0.0552 0.1050 0.9929
vn -0.0246 0.0468 0.9986
vn -0.0123 0.0233 0.9997
vn -0.0184 0.0496 -0.9986
vn -0.0092 0.0247 -0.9997
vn -0.0413 0.1113 -0.9929
vn -0.0771 0.2077 -0.9752
vn -0.1578 0.4250 -0.8913
vn -0.3144 0.8469 -0.4288
vn -0.3144 0.8469 0.4288
vn -0.1578 0.4250 0.8913
vn -0.0771 0.2077 0.9752
vn -0.0413 0.1113 0.9929
vn -0.0184 0.0496 0.9986
vn -0.0092 0.0247 0.9997
vn -0.0122 0.0515 -0.9986
vn -0.0060 0.0256 -0.9997
vn -0.0273 0.1156 -0.9929
vn -0.0509 0.2157 -0.9751
vn -0.1041 0.4414 -0.8913
vn -0.2075 0.8793 -0.4287
vn -0.2075 0.8793 0.4287
vn -0.1041 0.4414 0.8913
vn -0.0509 0.2157 0.9751
vn -0.0273 0.1156 0.9929
vn -0.0122 0.0515 0.9986
vn -0.0060 0.0256 0.9997
vn -0.0060 0.0526 -0.9986
vn -0.0030 0.0262 -0.9997
vn -0.0134 0.1181 -0.9929
vn -0.0251 0.2203 -0.9751
vn -0.0513 0.4507 -0.8912
vn -0.1022 0.8977 -0.4286
vn -0.1022 0.8977 0.4286
vn -0.0513 0.4507 0.8912
vn -0.0251 0.2203 0.9751
vn -0.0134 0.1181 0.9929
vn -0.0060 0.0526 0.9986
vn -0.0030 0.0262 0.9997
vn -0.0010 0.0534 -0.9986
vn -0.0005 0.0264 -0.9997
vn -0.0022 0.1194 -0.9928
vn -0.0041 0.2224 -0.9749
vn -0.0084 0.4547 -0.8906
vn -0.0167 0.9037 -0.4279
vn -0.0167 0.9037 0.4279
vn -0.0084 0.4547 0.8906
vn -0.0041 0.2224 0.9749
vn -0.0022 0.1194 0.9928
vn -0.0010 0.0534 0.9986
vn -0.0005 0.0264 0.9997
vn 0.0020 0.0537 -0.9986
vn 0.0010 0.0264 -0.9997
vn 0.0044 0.1197 -0.9928
vn 0.0082 0.2229 -0.9748
vn 0.0168 0.4553 -0.8902
vn 0.0333 0.9035 -0.4274
vn 0.0333 0.9035 0.4274
vn 0.0168 0.4553 0.8902
vn 0.0082 0.2229 0.9748
vn 0.0044 0.1197 0.9928
vn 0.0020 0.0537 0.9986
vn 0.0010 0.0264 0.9997
vn 0.0039 0.0536 -0.9986
vn 0.0019 0.0263 -0.9997
vn 0.0087 0.1195 -0.9928
vn 0.0161 0.2225 -0.9748
vn 0.0330 0.4545 -0.8901
vn 0.0654 0.9017 -0.4273
vn 0.0654 0.9017 0.4273
vn 0.0330 0.4545 0.8901
vn 0.0161 0.2225 0.9748
vn 0.0087 0.1195 0.9928
vn 0.0039 0.0536 0.9986
vn 0.0019 0.0263 0.9997
vn 0.0057 0.0535 -0.9986
vn 0.0028 0.0262 -0.9997
vn 0.0127 0.1192 -0.9928
vn 0.0237 0.2219 -0.9748
vn 0.0484 0.4532 -0.8901
vn 0.0960 0.8990 -0.4273
vn 0.0960 0.8990 0.4273
vn 0.0484 0.4532 0.8901
vn 0.0237 0.2219 0.9748
vn 0.0127 0.1192 0.9928
vn 0.0057 0.0535 0.9986
vn 0.0028 0.0262 0.9997
vn 0.0074 0.0533 -0.9986
vn 0.0036 0.0261 -0.9997
vn 0.0165 0.1187 -0.9928
vn 0.0308 0.2210 -0.9748
vn 0.0629 0.4514 -0.8901
vn 0.1247 0.8955 -0.4273
vn 0.1247 0.8955 0.4273
vn 0.0629 0.4514 0.8901
vn 0.0308 0.2210 0.9748
vn 0.0165 0.1187 0.9928
vn 0.0074 0.0533 0.9986
vn 0.0036 0.0261 0.9997
vn 0.0090 0.0531 -0.9986
vn 0.0044 0.0260 -0.9997
vn 0.0201 0.1182 -0.9928
vn 0.0374 0.2200 -0.9748
vn 0.0764 0.4494 -0.8901
vn 0.1515 0.8913 -0.4273
vn 0.1515 0.8913 0.4273
vn 0.0764 0.4494 0.8901
vn 0.0374 0.2200 0.9748
vn 0.0201 0.1182 0.9928
vn 0.0090 0.0531 0.9986
vn 0.0044 0.0260 0.9997
vn 0.0105 0.0528 -0.9985
vn 0.0051 0.0259 -0.9997
vn 0.0234 0.1176 -0.9928
vn 0.0435 0.2190 -0.9748
vn 0.0888 0.4471 -0.8900
vn 0.1761 0.8868 -0.4273
vn 0.1761 0.8868 0.4273
vn 0.0888 0.4471 0.8900
vn 0.0435 0.2190 0.9748
vn 0.0234 0.1176 0.9928
vn 0.0105 0.0528 0.9985
vn 0.0051 0.0259 0.9997
vn 0.0118 0.0525 -0.9985
vn 0.0058 0.0257 -0.9997
vn 0.0263 0.1170 -0.9928
vn 0.0490 0.2178 -0.9748
vn 0.1001 0.4448 -0.8900
vn 0.1984 0.8821 -0.4272
vn 0.1984 0.8821 0.4272
vn 0.1001 0.4448 0.8900
vn 0.0490 0.2178 0.9748
vn 0.0263 0.1170 0.9928
vn 0.0118 0.0525 0.9985
vn 0.0058 0.0257 0.9997
vn 0.0130 0.0523 -0.9985
vn 0.0064 0.0256 -0.9997
vn 0.0290 0.1164 -0.9928
vn 0.0539 0.2167 -0.9748
vn 0.1102 0.4425 -0.8900
vn 0.2184 0.8774 -0.4272
vn 0.2184 0.8774 0.4272
vn 0.1102 0.4425 0.8900
vn 0.0539 0.2167 0.9748
vn 0.0290 0.1164 0.9928
vn 0.0130 0.0523 0.9985
vn 0.0064 0.0256 0.9997
vn 0.0141 0.0520 -0.9985
vn 0.0069 0.0255 -0.9997
vn 0.0313 0.1159 -0.9928
vn 0.0583 0.2156 -0.9747
vn 0.1191 0.4402 -0.8900
vn 0.2361 0.8728 -0.4272
vn 0.2361 0.8728 0.4272
vn 0.1191 0.4402 0.8900
vn 0.0583 0.2156 0.9747
vn 0.0313 0.1159 0.9928
vn 0.0141 0.0520 0.9985
vn 0.0069 0.0255 0.9997
vn 0.0150 0.0518 -0.9985
vn 0.0073 0.0253 -0.9997
vn 0.0334 0.1153 -0.9928
vn 0.0621 0.2146 -0.9747
vn 0.1268 0.4381 -0.8899
vn 0.2513 0.8686 -0.4272
vn 0.2513 0.8686 0.4272
vn 0.1268 0.4381 0.8899
vn 0.0621 0.2146 0.9747
vn 0.0334 0.1153 0.9928
vn 0.0150 0.0518 0.9985
vn 0.0073 0.0253 0.9997
vn 0.0158 0.0516 -0.9985
vn 0.0077 0.0252 -0.9997
vn 0.0351 0.1148 -0.9928
vn 0.0467 0.1576 -0.9864
vn -0.8641 0.3440 -0.3675
vn -0.9397 0.3386 -0.0477
vn -0.9398 0.3386 0.0458
vn -0.8637 0.3435 0.3689
vn 0.0467 0.1576 0.9864
vn 0.0351 0.1148 0.9928
vn 0.0158 0.0516 0.9985
vn 0.0077 0.0252 0.9997
vn 0.0281 0.0207 -0.9994
vn 0.0171 0.0126 -0.9998
vn 0.0701 0.0515 -0.9962
vn 0.1513 0.0183 -0.9883
vn 0.5994 -0.6920 -0.4023
vn 0.6301 -0.7744 -0.0580
vn 0.6301 -0.7744 0.0579
vn 0.5994 -0.6920 0.4023
vn 0.1513 0.0183 0.9883
vn 0.0701 0.0515 0.9962
vn 0.0281 0.0207 0.9994
vn 0.0171 0.0126 0.9998
vn 0.0203 -0.0203 -0.9996
vn 0.0132 -0.0132 -0.9998
vn 0.0525 -0.0525 -0.9972
vn 0.1024 -0.1024 -0.9895
vn 0.2228 -0.2228 -0.9491
vn 0.5794 -0.5794 -0.5732
vn 0.5794 -0.5794 0.5732
vn 0.2228 -0.2228 0.9491
vn 0.1024 -0.1024 0.9895
vn 0.0525 -0.0525 0.9972
vn 0.0203 -0.0203 0.9996
vn 0.0132 -0.0132 0.9998
vn 0.0343 -0.0343 -0.9988
vn 0.0696 -0.0696 -0.9951
vn 0.1272 -0.1272 -0.9837
vn 0.2664 -0.2664 -0.9263
vn 0.5975 -0.5975 -0.5348
vn 0.5975 -0.5975 0.5348
vn 0.2664 -0.2664 0.9263
vn 0.1272 -0.1272 0.9837
vn 0.0696 -0.0696 0.9951
vn 0.0343 -0.0343 0.9988
vn 0.0343 0.0343 -0.9988
vn 0.0132 0.0132 -0.9998
vn 0.0696 0.0696 -0.9951
vn 0.1272 0.1272 -0.9837
vn 0.2664 0.2664 -0.9263
vn 0.5975 0.5975 -0.5348
vn 0.5975 0.5975 0.5348
vn 0.2664 0.2664 0.9263
vn 0.1272 0.1272 0.9837
vn 0.0696 0.0696 0.9951
vn 0.0343 0.0343 0.9988
vn 0.0132 0.0132 0.9998
vn -0.0343 0.0343 -0.9988
vn -0.0132 0.0132 -0.9998
vn -0.0696 0.0696 -0.9951
vn -0.1272 0.1272 -0.9837
vn -0.2664 0.2664 -0.9263
vn -0.5975 0.5975 -0.5348
vn -0.5975 0.5975 0.5348
vn -0.2664 0.2664 0.9263
vn -0.1272 0.1272 0.9837
vn -0.0696 0.0696 0.9951
vn -0.0343 0.0343 0.9988
vn -0.0132 0.0132 0.9998
vn -0.0450 -0.0298 -0.9985
vn -0.0183 -0.0121 -0.9998
vn -0.0929 -0.0615 -0.9938
vn -0.1695 -0.1123 -0.9791
vn -0.3489 -0.2310 -0.9083
vn -0.7315 -0.4844 -0.4799
vn -0.7315 -0.4844 0.4799
vn -0.3489 -0.2310 0.9083
vn -0.1695 -0.1123 0.9791
vn -0.0929 -0.0615 0.9938
vn -0.0450 -0.0298 0.9985
vn -0.0183 -0.0121 0.9998
vn 0.0294 -0.0456 -0.9985
vn 0.0202 -0.0313 -0.9993
vn 0.0120 -0.0186 -0.9998
vn 0.0607 -0.0941 -0.9937
vn 0.0497 -0.0771 -0.9958
vn 0.1108 -0.1718 -0.9789
vn 0.0957 -0.1485 -0.9843
vn 0.2279 -0.3533 -0.9073
vn 0.2037 -0.3159 -0.9267
vn 0.4763 -0.7385 -0.4773
vn 0.4690 -0.7271 -0.5013
vn 0.4763 -0.7385 0.4773
vn 0.4690 -0.7271 0.5013
vn 0.2279 -0.3533 0.9073
vn 0.2037 -0.3159 0.9267
vn 0.1108 -0.1718 0.9789
vn 0.0957 -0.1485 0.9843
vn 0.0607 -0.0941 0.9937
vn 0.0497 -0.0771 0.9958
vn 0.0294 -0.0456 0.9985
vn 0.0202 -0.0313 0.9993
vn 0.0120 -0.0186 0.9998
vn -0.0203 -0.0308 -0.9993
vn -0.0121 -0.0184 -0.9998
vn -0.0501 -0.0759 -0.9959
vn -0.0965 -0.1463 -0.9845
vn -0.2056 -0.3116 -0.9277
vn -0.4756 -0.7208 -0.5042
vn -0.4756 -0.7208 0.5042
vn -0.2056 -0.3116 0.9277
vn -0.0965 -0.1463 0.9845
vn -0.0501 -0.0759 0.9959
vn -0.0203 -0.0308 0.9993
vn -0.0121 -0.0184 0.9998
vn -0.0297 -0.0451 -0.9985
vn -0.0614 -0.0930 -0.9938
vn -0.1121 -0.1698 -0.9791
vn -0.2306 -0.3495 -0.9081
vn -0.4833 -0.7324 -0.4795
vn -0.4833 -0.7324 0.4795
vn -0.2306 -0.3495 0.9081
vn -0.1121 -0.1698 0.9791
vn -0.0614 -0.0930 0.9938
vn -0.0297 -0.0451 0.9985
vn 0.0335 -0.0221 -0.9992
vn 0.0121 -0.0080 -0.9999
vn 0.0670 -0.0442 -0.9968
vn 0.1232 -0.0814 -0.9890
vn 0.2661 -0.1757 -0.9478
vn 0.6554 -0.4328 -0.6190
vn 0.6554 -0.4328 0.6190
vn 0.2661 -0.1757 0.9478
vn 0.1232 -0.0814 0.9890
vn 0.0670 -0.0442 0.9968
vn 0.0335 -0.0221 0.9992
vn 0.0121 -0.0080 0.9999
vn 0.0298 0.0451 -0.9985
vn 0.0121 0.0184 -0.9998
vn 0.0614 0.0930 -0.9938
vn 0.1121 0.1698 -0.9791
vn 0.2307 0.3494 -0.9081
vn 0.4835 0.7323 -0.4796
vn 0.4835 0.7323 0.4796
vn 0.2307 0.3494 0.9081
vn 0.1121 0.1698 0.9791
vn 0.0614 0.0930 0.9938
vn 0.0298 0.0451 0.9985
vn 0.0121 0.0184 0.9998
vn -0.0295 0.0454 -0.9985
vn -0.0121 0.0186 -0.9998
vn -0.0609 0.0938 -0.9937
vn -0.1112 0.1712 -0.9789
vn -0.2288 0.3521 -0.9076
vn -0.4786 0.7365 -0.4780
vn -0.4786 0.7365 0.4780
vn -0.2288 0.3521 0.9076
vn -0.1112 0.1712 0.9789
vn -0.0609 0.0938 0.9937
vn -0.0295 0.0454 0.9985
vn -0.0121 0.0186 0.9998
vn -0.0333 -0.0216 -0.9992
vn -0.0121 -0.0078 -0.9999
vn -0.0666 -0.0433 -0.9968
vn -0.1227 -0.0797 -0.9892
vn -0.2653 -0.1724 -0.9486
vn -0.6561 -0.4263 -0.6227
vn -0.6561 -0.4263 0.6227
vn -0.2653 -0.1724 0.9486
vn -0.1227 -0.0797 0.9892
vn -0.0666 -0.0433 0.9968
vn -0.0333 -0.0216 0.9992
vn -0.0121 -0.0078 0.9999
vn 0.0169 0.0110 -0.9998
vn -0.0002 -0.0134 -0.9999
vn -0.0001 -0.0104 -0.9999
vn 0.0121 0.0078 -0.9999
vn 0.0458 0.0298 -0.9985
vn -0.0005 -0.0379 -0.9993
vn 0.0906 0.0588 -0.9942
vn -0.0010 -0.0755 -0.9971
vn 0.2010 0.1305 -0.9708
vn -0.0023 -0.1694 -0.9856
vn 0.6147 0.3992 -0.6803
vn -0.0083 -0.6043 -0.7967
vn 0.6147 0.3992 0.6803
vn -0.0083 -0.6043 0.7967
vn 0.2010 0.1305 0.9708
vn -0.0023 -0.1694 0.9856
vn 0.0906 0.0588 0.9942
vn -0.0010 -0.0755 0.9971
vn 0.0458 0.0298 0.9985
vn -0.0005 -0.0379 0.9993
vn 0.0169 0.0110 0.9998
vn -0.0002 -0.0134 0.9999
vn 0.0121 0.0078 0.9999
vn -0.0001 -0.0104 0.9999
vn -0.0172 0.0115 -0.9998
vn -0.0122 0.0082 -0.9999
vn -0.0465 0.0311 -0.9984
vn -0.0919 0.0615 -0.9939
vn -0.2037 0.1362 -0.9695
vn -0.6155 0.4117 -0.6720
vn -0.6155 0.4117 0.6720
vn -0.2037 0.1362 0.9695
vn -0.0919 0.0615 0.9939
vn -0.0465 0.0311 0.9984
vn -0.0172 0.0115 0.9998
vn -0.0122 0.0082 0.9999
vn 0.3734 0.5810 -0.7232
vn 0.7071 0.7071 -0.0003
vn 0.4727 0.5304 -0.7037
vn 0.5596 0.5354 -0.6326
vn 0.6830 0.5856 -0.4365
vn 0.7393 0.6701 -0.0657
vn 0.7393 0.6701 0.0658
vn 0.6830 0.5856 0.4365
vn 0.5596 0.5354 0.6326
vn 0.4727 0.5304 0.7037
vn 0.3734 0.5810 0.7232
vn 0.7071 0.7071 0.0003
vn -0.5221 0.4332 -0.7346
vn -0.9007 0.4344 -0.0003
vn -0.6262 0.3454 -0.6989
vn -0.7352 0.3249 -0.5949
vn -0.8663 0.3329 -0.3726
vn -0.9198 0.3890 -0.0518
vn -0.9198 0.3890 0.0519
vn -0.8662 0.3329 0.3727
vn -0.7352 0.3249 0.5949
vn -0.6262 0.3454 0.6989
vn -0.5221 0.4332 0.7346
vn -0.9007 0.4345 0.0004
vn -0.0243 -0.0504 -0.9984
vn -0.0103 -0.0214 -0.9997
vn -0.0509 -0.1056 -0.9931
vn -0.0931 -0.1931 -0.9767
vn -0.1903 -0.3946 -0.8989
vn -0.3868 -0.8020 -0.4552
vn -0.3868 -0.8020 0.4552
vn -0.1903 -0.3946 0.8989
vn -0.0931 -0.1931 0.9767
vn -0.0509 -0.1056 0.9931
vn -0.0243 -0.0504 0.9984
vn -0.0103 -0.0214 0.9997
vn 0.0243 -0.0504 -0.9984
vn 0.0103 -0.0214 -0.9997
vn 0.0509 -0.1056 -0.9931
vn 0.0931 -0.1931 -0.9767
vn 0.1903 -0.3946 -0.8989
vn 0.3868 -0.8020 -0.4552
vn 0.3868 -0.8020 0.4552
vn 0.1903 -0.3946 0.8989
vn 0.0931 -0.1931 0.9767
vn 0.0509 -0.1056 0.9931
vn 0.0243 -0.0504 0.9984
vn 0.0103 -0.0214 0.9997
vn 0.5221 0.4332 -0.7346
vn 0.9007 0.4345 0.0002
vn 0.6262 0.3454 -0.6990
vn 0.7352 0.3249 -0.5949
vn 0.8663 0.3329 -0.3726
vn 0.9198 0.3890 -0.0519
vn 0.9198 0.3890 0.0519
vn 0.8662 0.3329 0.3726
vn 0.7352 0.3249 0.5949
vn 0.6262 0.3454 0.6990
vn 0.5221 0.4332 0.7346
vn 0.9007 0.4345 -0.0002
vn -0.3734 0.5810 -0.7232
vn -0.7071 0.7071 -0.0000
vn -0.4727 0.5304 -0.7037
vn -0.5596 0.5354 -0.6326
vn -0.6830 0.5856 -0.4365
vn -0.7393 0.6701 -0.0657
vn -0.7393 0.6701 0.0657
vn -0.6830 0.5856 0.4365
vn -0.5596 0.5354 0.6326
vn -0.4727 0.5304 0.7037
vn -0.3734 0.5810 0.7232
vn -0.0343 -0.0343 -0.9988
vn -0.0132 -0.0132 -0.9998
vn -0.0696 -0.0696 -0.9951
vn -0.1272 -0.1272 -0.9837
vn -0.2664 -0.2664 -0.9263
vn -0.5975 -0.5975 -0.5348
vn -0.5975 -0.5975 0.5348
vn -0.2664 -0.2664 0.9263
vn -0.1272 -0.1272 0.9837
vn -0.0696 -0.0696 0.9951
vn -0.0343 -0.0343 0.9988
vn -0.0132 -0.0132 0.9998
vn -0.0242 0.0506 -0.9984
vn -0.0103 0.0215 -0.9997
vn -0.0506 0.1059 -0.9931
vn -0.0926 0.1936 -0.9767
vn -0.1891 0.3956 -0.8987
vn -0.3841 0.8036 -0.4547
vn -0.3841 0.8036 0.4547
vn -0.1891 0.3956 0.8987
vn -0.0926 0.1936 0.9767
vn -0.0506 0.1059 0.9931
vn -0.0242 0.0506 0.9984
vn -0.0103 0.0215 0.9997
vn -0.0000 0.0244 -0.9997
vn -0.0000 0.0166 -0.9999
vn -0.0001 0.0646 -0.9979
vn -0.0001 0.1269 -0.9919
vn -0.0003 0.2790 -0.9603
vn -0.0008 0.7831 -0.6219
vn -0.0008 0.7831 0.6219
vn -0.0003 0.2790 0.9603
vn -0.0001 0.1269 0.9919
vn -0.0001 0.0646 0.9979
vn -0.0000 0.0244 0.9997
vn -0.0000 0.0166 0.9999
vn 0.0241 0.0506 -0.9984
vn 0.0102 0.0215 -0.9997
vn 0.0505 0.1059 -0.9931
vn 0.0924 0.1938 -0.9767
vn 0.1887 0.3960 -0.8987
vn 0.3832 0.8041 -0.4546
vn 0.3832 0.8041 0.4546
vn 0.1887 0.3960 0.8987
vn 0.0924 0.1938 0.9767
vn 0.0505 0.1059 0.9931
vn 0.0241 0.0506 0.9984
vn 0.0102 0.0215 0.9997
vn -0.0203 -0.0203 -0.9996
vn -0.0203 0.0203 -0.9996
vn -0.0525 -0.0525 -0.9972
vn -0.0525 0.0525 -0.9972
vn -0.1024 -0.1024 -0.9895
vn -0.1024 0.1024 -0.9895
vn -0.2228 -0.2228 -0.9491
vn -0.2228 0.2228 -0.9491
vn -0.5794 -0.5794 -0.5731
vn -0.5795 0.5795 -0.5731
vn -0.5794 -0.5794 0.5731
vn -0.5795 0.5795 0.5731
vn -0.2228 -0.2228 0.9491
vn -0.2228 0.2228 0.9491
vn -0.1024 -0.1024 0.9895
vn -0.1024 0.1024 0.9895
vn -0.0525 -0.0525 0.9972
vn -0.0525 0.0525 0.9972
vn -0.0203 -0.0203 0.9996
vn -0.0203 0.0203 0.9996
vn -0.5795 -0.5795 -0.5731
vn -0.5795 -0.5795 0.5731
vn 0.0256 -0.0473 -0.9986
vn 0.0240 -0.0481 -0.9986
vn 0.0118 -0.0236 -0.9997
vn 0.0126 -0.0232 -0.9997
vn 0.0571 -0.1054 -0.9928
vn 0.0534 -0.1073 -0.9928
vn 0.1063 -0.1962 -0.9748
vn 0.0994 -0.1997 -0.9748
vn 0.2171 -0.4007 -0.8901
vn 0.2031 -0.4079 -0.8902
vn 0.4306 -0.7950 -0.4273
vn 0.4030 -0.8093 -0.4274
vn 0.4306 -0.7950 0.4273
vn 0.4030 -0.8093 0.4274
vn 0.2171 -0.4007 0.8901
vn 0.2031 -0.4079 0.8902
vn 0.1063 -0.1962 0.9748
vn 0.0994 -0.1997 0.9748
vn 0.0571 -0.1054 0.9928
vn 0.0534 -0.1073 0.9928
vn 0.0256 -0.0473 0.9986
vn 0.0240 -0.0481 0.9986
vn 0.0126 -0.0232 0.9997
vn 0.0118 -0.0236 0.9997
vn 0.0221 -0.0490 -0.9986
vn 0.0109 -0.0240 -0.9997
vn 0.0493 -0.1092 -0.9928
vn 0.0918 -0.2033 -0.9748
vn 0.1876 -0.4152 -0.8902
vn 0.3722 -0.8239 -0.4274
vn 0.3722 -0.8239 0.4274
vn 0.1876 -0.4152 0.8902
vn 0.0918 -0.2033 0.9748
vn 0.0493 -0.1092 0.9928
vn 0.0221 -0.0490 0.9986
vn 0.0109 -0.0240 0.9997
vn 0.0201 -0.0498 -0.9986
vn 0.0099 -0.0245 -0.9997
vn 0.0448 -0.1111 -0.9928
vn 0.0834 -0.2068 -0.9748
vn 0.1705 -0.4224 -0.8902
vn 0.3383 -0.8383 -0.4275
vn 0.3383 -0.8383 0.4275
vn 0.1705 -0.4224 0.8902
vn 0.0834 -0.2068 0.9748
vn 0.0448 -0.1111 0.9928
vn 0.0201 -0.0498 0.9986
vn 0.0099 -0.0245 0.9997
vn 0.0179 -0.0506 -0.9986
vn 0.0088 -0.0249 -0.9997
vn 0.0399 -0.1129 -0.9928
vn 0.0743 -0.2102 -0.9748
vn 0.1519 -0.4294 -0.8903
vn 0.3014 -0.8523 -0.4275
vn 0.3014 -0.8523 0.4275
vn 0.1519 -0.4294 0.8903
vn 0.0743 -0.2102 0.9748
vn 0.0399 -0.1129 0.9928
vn 0.0179 -0.0506 0.9986
vn 0.0088 -0.0249 0.9997
vn 0.0155 -0.0513 -0.9986
vn 0.0076 -0.0253 -0.9997
vn 0.0347 -0.1146 -0.9928
vn 0.0646 -0.2134 -0.9748
vn 0.1319 -0.4359 -0.8903
vn 0.2619 -0.8653 -0.4275
vn 0.2619 -0.8653 0.4275
vn 0.1319 -0.4359 0.8903
vn 0.0646 -0.2134 0.9748
vn 0.0347 -0.1146 0.9928
vn 0.0155 -0.0514 0.9986
vn 0.0076 -0.0253 0.9997
vn 0.0131 -0.0520 -0.9986
vn 0.0064 -0.0256 -0.9997
vn 0.0291 -0.1161 -0.9928
vn 0.0542 -0.2162 -0.9748
vn 0.1108 -0.4417 -0.8903
vn 0.2200 -0.8768 -0.4275
vn 0.2200 -0.8768 0.4275
vn 0.1108 -0.4417 0.8903
vn 0.0542 -0.2162 0.9748
vn 0.0291 -0.1161 0.9928
vn 0.0131 -0.0520 0.9986
vn 0.0064 -0.0256 0.9997
vn 0.0105 -0.0526 -0.9986
vn 0.0052 -0.0259 -0.9997
vn 0.0234 -0.1174 -0.9928
vn 0.0435 -0.2186 -0.9748
vn 0.0889 -0.4466 -0.8903
vn 0.1765 -0.8866 -0.4276
vn 0.1765 -0.8866 0.4276
vn 0.0889 -0.4466 0.8903
vn 0.0435 -0.2186 0.9748
vn 0.0234 -0.1174 0.9928
vn 0.0105 -0.0526 0.9986
vn 0.0052 -0.0259 0.9997
vn 0.0078 -0.0530 -0.9986
vn 0.0039 -0.0261 -0.9997
vn 0.0175 -0.1184 -0.9928
vn 0.0325 -0.2205 -0.9748
vn 0.0665 -0.4505 -0.8903
vn 0.1320 -0.8943 -0.4276
vn 0.1320 -0.8943 0.4276
vn 0.0665 -0.4505 0.8903
vn 0.0325 -0.2205 0.9748
vn 0.0175 -0.1184 0.9928
vn 0.0078 -0.0530 0.9986
vn 0.0039 -0.0261 0.9997
vn 0.0052 -0.0534 -0.9986
vn 0.0025 -0.0263 -0.9997
vn 0.0115 -0.1191 -0.9928
vn 0.0215 -0.2218 -0.9748
vn 0.0439 -0.4532 -0.8903
vn 0.0872 -0.8998 -0.4276
vn 0.0872 -0.8998 0.4276
vn 0.0439 -0.4532 0.8903
vn 0.0215 -0.2218 0.9748
vn 0.0115 -0.1191 0.9928
vn 0.0052 -0.0534 0.9986
vn 0.0025 -0.0263 0.9997
vn 0.0026 -0.0536 -0.9986
vn 0.0013 -0.0264 -0.9997
vn 0.0057 -0.1196 -0.9928
vn 0.0106 -0.2226 -0.9748
vn 0.0217 -0.4549 -0.8903
vn 0.0431 -0.9030 -0.4275
vn 0.0431 -0.9030 0.4275
vn 0.0217 -0.4549 0.8903
vn 0.0106 -0.2226 0.9748
vn 0.0057 -0.1196 0.9928
vn 0.0026 -0.0536 0.9986
vn 0.0013 -0.0264 0.9997
vn -0.0010 -0.0533 -0.9986
vn -0.0021 -0.1193 -0.9929
vn -0.0040 -0.2223 -0.9750
vn -0.0082 -0.4545 -0.8907
vn -0.0163 -0.9036 -0.4280
vn -0.0163 -0.9036 0.4280
vn -0.0082 -0.4545 0.8907
vn -0.0040 -0.2223 0.9750
vn -0.0021 -0.1193 0.9929
vn -0.0010 -0.0533 0.9986
vn -0.0064 -0.0525 -0.9986
vn -0.0032 -0.0261 -0.9997
vn -0.0143 -0.1179 -0.9929
vn -0.0267 -0.2200 -0.9751
vn -0.0545 -0.4502 -0.8913
vn -0.1086 -0.8969 -0.4287
vn -0.1086 -0.8969 0.4287
vn -0.0545 -0.4502 0.8913
vn -0.0267 -0.2200 0.9751
vn -0.0143 -0.1179 0.9929
vn -0.0064 -0.0525 0.9986
vn -0.0032 -0.0261 0.9997
vn -0.0128 -0.0513 -0.9986
vn -0.0064 -0.0256 -0.9997
vn -0.0287 -0.1152 -0.9929
vn -0.0536 -0.2150 -0.9751
vn -0.1096 -0.4399 -0.8913
vn -0.2184 -0.8766 -0.4288
vn -0.2184 -0.8766 0.4288
vn -0.1096 -0.4399 0.8913
vn -0.0536 -0.2150 0.9751
vn -0.0287 -0.1152 0.9929
vn -0.0128 -0.0513 0.9986
vn -0.0064 -0.0256 0.9997
vn -0.0192 -0.0493 -0.9986
vn -0.0095 -0.0245 -0.9997
vn -0.0430 -0.1106 -0.9929
vn -0.0803 -0.2064 -0.9752
vn -0.1642 -0.4225 -0.8914
vn -0.3273 -0.8420 -0.4289
vn -0.3273 -0.8420 0.4289
vn -0.1642 -0.4225 0.8914
vn -0.0803 -0.2064 0.9752
vn -0.0430 -0.1106 0.9929
vn -0.0192 -0.0493 0.9986
vn -0.0095 -0.0245 0.9997
vn -0.0253 -0.0464 -0.9986
vn -0.0126 -0.0231 -0.9997
vn -0.0569 -0.1041 -0.9929
vn -0.1062 -0.1944 -0.9752
vn -0.2172 -0.3977 -0.8914
vn -0.4330 -0.7928 -0.4289
vn -0.4330 -0.7928 0.4289
vn -0.2172 -0.3977 0.8914
vn -0.1062 -0.1944 0.9752
vn -0.0569 -0.1041 0.9929
vn -0.0253 -0.0464 0.9986
vn -0.0126 -0.0231 0.9997
vn -0.0312 -0.0426 -0.9986
vn -0.0155 -0.0213 -0.9997
vn -0.0700 -0.0958 -0.9929
vn -0.1307 -0.1787 -0.9752
vn -0.2674 -0.3658 -0.8914
vn -0.5331 -0.7293 -0.4289
vn -0.5331 -0.7293 0.4289
vn -0.2674 -0.3658 0.8914
vn -0.1307 -0.1787 0.9752
vn -0.0700 -0.0958 0.9929
vn -0.0312 -0.0426 0.9986
vn -0.0155 -0.0213 0.9997
vn -0.0365 -0.0381 -0.9986
vn -0.0182 -0.0190 -0.9997
vn -0.0821 -0.0856 -0.9929
vn -0.1532 -0.1598 -0.9752
vn -0.3136 -0.3270 -0.8915
vn -0.6253 -0.6519 -0.4290
vn -0.6253 -0.6519 0.4290
vn -0.3136 -0.3270 0.8915
vn -0.1532 -0.1598 0.9752
vn -0.0821 -0.0856 0.9929
vn -0.0365 -0.0381 0.9986
vn -0.0182 -0.0190 0.9997
vn -0.0413 -0.0328 -0.9986
vn -0.0206 -0.0164 -0.9997
vn -0.0928 -0.0738 -0.9929
vn -0.1733 -0.1377 -0.9752
vn -0.3547 -0.2819 -0.8915
vn -0.7072 -0.5620 -0.4290
vn -0.7072 -0.5620 0.4290
vn -0.3547 -0.2819 0.8915
vn -0.1733 -0.1377 0.9752
vn -0.0928 -0.0738 0.9929
vn -0.0413 -0.0328 0.9986
vn -0.0206 -0.0164 0.9997
vn -0.0454 -0.0269 -0.9986
vn -0.0226 -0.0134 -0.9997
vn -0.1020 -0.0605 -0.9929
vn -0.1903 -0.1130 -0.9752
vn -0.3895 -0.2313 -0.8915
vn -0.7767 -0.4611 -0.4290
vn -0.7767 -0.4611 0.4290
vn -0.3895 -0.2313 0.8915
vn -0.1903 -0.1130 0.9752
vn -0.1020 -0.0605 0.9929
vn -0.0454 -0.0269 0.9986
vn -0.0226 -0.0134 0.9997
vn -0.0486 -0.0205 -0.9986
vn -0.0243 -0.0102 -0.9997
vn -0.1092 -0.0462 -0.9929
vn -0.2039 -0.0861 -0.9752
vn -0.4173 -0.1763 -0.8915
vn -0.8321 -0.3516 -0.4290
vn -0.8321 -0.3516 0.4290
vn -0.4173 -0.1763 0.8915
vn -0.2039 -0.0861 0.9752
vn -0.1092 -0.0462 0.9929
vn -0.0486 -0.0205 0.9986
vn -0.0243 -0.0102 0.9997
vn -0.0510 -0.0138 -0.9986
vn -0.0254 -0.0069 -0.9997
vn -0.1145 -0.0310 -0.9929
vn -0.2137 -0.0579 -0.9752
vn -0.4373 -0.1184 -0.8915
vn -0.8719 -0.2361 -0.4290
vn -0.8719 -0.2361 0.4290
vn -0.4373 -0.1184 0.8915
vn -0.2137 -0.0579 0.9752
vn -0.1145 -0.0310 0.9929
vn -0.0510 -0.0138 0.9986
vn -0.0254 -0.0069 0.9997
vn -0.1176 -0.0155 -0.9929
vn -0.2195 -0.0289 -0.9752
vn -0.4493 -0.0591 -0.8914
vn -0.8956 -0.1179 -0.4289
vn -0.8956 -0.1179 0.4289
vn -0.4493 -0.0591 0.8914
vn -0.2195 -0.0289 0.9752
vn -0.1176 -0.0155 0.9929
vn -0.0529 -0.0001 -0.9986
vn -0.1187 -0.0002 -0.9929
vn -0.2215 -0.0003 -0.9752
vn -0.4533 -0.0007 -0.8913
vn -0.9034 -0.0014 -0.4288
vn -0.9034 -0.0014 0.4288
vn -0.4533 -0.0007 0.8913
vn -0.2215 -0.0003 0.9752
vn -0.1187 -0.0002 0.9929
vn -0.0529 -0.0001 0.9986
vn -0.0524 0.0066 -0.9986
vn -0.0261 0.0033 -0.9997
vn -0.1177 0.0149 -0.9929
vn -0.2197 0.0278 -0.9752
vn -0.4497 0.0570 -0.8914
vn -0.8962 0.1135 -0.4288
vn -0.8962 0.1135 0.4288
vn -0.4497 0.0570 0.8914
vn -0.2197 0.0278 0.9752
vn -0.1177 0.0149 0.9929
vn -0.0524 0.0066 0.9986
vn -0.0261 0.0033 0.9997
vn -0.0511 0.0134 -0.9986
vn -0.0255 0.0067 -0.9997
vn -0.1147 0.0302 -0.9929
vn -0.2141 0.0564 -0.9752
vn -0.4381 0.1154 -0.8915
vn -0.8735 0.2300 -0.4290
vn -0.8735 0.2300 0.4290
vn -0.4381 0.1154 0.8915
vn -0.2141 0.0564 0.9752
vn -0.1147 0.0302 0.9929
vn -0.0511 0.0134 0.9986
vn -0.0255 0.0067 0.9997
vn -0.0487 0.0202 -0.9986
vn -0.0243 0.0101 -0.9997
vn -0.1095 0.0455 -0.9929
vn -0.2043 0.0849 -0.9752
vn -0.4183 0.1738 -0.8915
vn -0.8341 0.3467 -0.4290
vn -0.8341 0.3467 0.4290
vn -0.4183 0.1738 0.8915
vn -0.2043 0.0849 0.9752
vn -0.1095 0.0455 0.9929
vn -0.0487 0.0202 0.9986
vn -0.0243 0.0101 0.9997
vn -0.0454 0.0268 -0.9986
vn -0.0227 0.0134 -0.9997
vn -0.1020 0.0603 -0.9930
vn -0.1905 0.1125 -0.9752
vn -0.3899 0.2304 -0.8916
vn -0.7777 0.4595 -0.4291
vn -0.7777 0.4595 0.4291
vn -0.3899 0.2304 0.8916
vn -0.1905 0.1125 0.9752
vn -0.1020 0.0603 0.9930
vn -0.0454 0.0268 0.9986
vn -0.0227 0.0134 0.9997
vn -0.0412 0.0329 -0.9986
vn -0.0206 0.0164 -0.9997
vn -0.0925 0.0740 -0.9930
vn -0.1727 0.1382 -0.9752
vn -0.3536 0.2829 -0.8916
vn -0.7052 0.5644 -0.4291
vn -0.7052 0.5644 0.4291
vn -0.3536 0.2829 0.8916
vn -0.1727 0.1382 0.9752
vn -0.0925 0.0740 0.9930
vn -0.0412 0.0329 0.9986
vn -0.0206 0.0164 0.9997
vn -0.0361 0.0384 -0.9986
vn -0.0812 0.0863 -0.9930
vn -0.1517 0.1611 -0.9752
vn -0.3104 0.3298 -0.8916
vn -0.6191 0.6577 -0.4291
vn -0.6191 0.6577 0.4291
vn -0.3104 0.3298 0.8916
vn -0.1517 0.1611 0.9752
vn -0.0812 0.0863 0.9930
vn -0.0361 0.0384 0.9986
vn -0.0305 0.0430 -0.9986
vn -0.0686 0.0967 -0.9929
vn -0.1280 0.1806 -0.9752
vn -0.2620 0.3696 -0.8915
vn -0.5224 0.7369 -0.4290
vn -0.5224 0.7369 0.4290
vn -0.2620 0.3696 0.8915
vn -0.1280 0.1806 0.9752
vn -0.0686 0.0967 0.9929
vn -0.0305 0.0430 0.9986
vn -0.0245 0.0468 -0.9986
vn -0.0122 0.0233 -0.9997
vn -0.0550 0.1051 -0.9929
vn -0.1027 0.1962 -0.9752
vn -0.2101 0.4015 -0.8914
vn -0.4189 0.8004 -0.4289
vn -0.4189 0.8004 0.4289
vn -0.2101 0.4015 0.8914
vn -0.1027 0.1962 0.9752
vn -0.0550 0.1051 0.9929
vn -0.0245 0.0468 0.9986
vn -0.0122 0.0233 0.9997
vn -0.0183 0.0496 -0.9986
vn -0.0091 0.0247 -0.9997
vn -0.0410 0.1114 -0.9929
vn -0.0765 0.2079 -0.9752
vn -0.1566 0.4254 -0.8914
vn -0.3120 0.8478 -0.4288
vn -0.3120 0.8478 0.4288
vn -0.1566 0.4254 0.8914
vn -0.0765 0.2079 0.9752
vn -0.0410 0.1114 0.9929
vn -0.0183 0.0496 0.9986
vn -0.0091 0.0247 0.9997
vn -0.0120 0.0516 -0.9986
vn -0.0060 0.0257 -0.9997
vn -0.0270 0.1157 -0.9929
vn -0.0503 0.2159 -0.9751
vn -0.1029 0.4417 -0.8913
vn -0.2050 0.8799 -0.4287
vn -0.2050 0.8799 0.4287
vn -0.1029 0.4417 0.8913
vn -0.0503 0.2159 0.9751
vn -0.0270 0.1157 0.9929
vn -0.0120 0.0516 0.9986
vn -0.0060 0.0257 0.9997
vn -0.0059 0.0527 -0.9986
vn -0.0029 0.0262 -0.9997
vn -0.0132 0.1181 -0.9929
vn -0.0247 0.2204 -0.9751
vn -0.0505 0.4509 -0.8912
vn -0.1006 0.8979 -0.4286
vn -0.1006 0.8979 0.4286
vn -0.0505 0.4509 0.8912
vn -0.0247 0.2204 0.9751
vn -0.0132 0.1181 0.9929
vn -0.0059 0.0527 0.9986
vn -0.0029 0.0262 0.9997
vn -0.0007 0.0533 -0.9986
vn -0.0003 0.0264 -0.9997
vn -0.0015 0.1193 -0.9929
vn -0.0028 0.2223 -0.9750
vn -0.0058 0.4545 -0.8907
vn -0.0116 0.9037 -0.4281
vn -0.0116 0.9037 0.4281
vn -0.0058 0.4545 0.8907
vn -0.0028 0.2223 0.9750
vn -0.0015 0.1193 0.9929
vn -0.0007 0.0533 0.9986
vn -0.0003 0.0264 0.9997
vn 0.0030 0.0535 -0.9986
vn 0.0015 0.0263 -0.9997
vn 0.0068 0.1194 -0.9928
vn 0.0127 0.2224 -0.9749
vn 0.0259 0.4545 -0.8904
vn 0.0514 0.9025 -0.4276
vn 0.0514 0.9025 0.4276
vn 0.0259 0.4545 0.8904
vn 0.0127 0.2224 0.9749
vn 0.0068 0.1194 0.9928
vn 0.0030 0.0535 0.9986
vn 0.0015 0.0263 0.9997
vn 0.0060 0.0533 -0.9986
vn 0.0029 0.0262 -0.9997
vn 0.0134 0.1189 -0.9928
vn 0.0249 0.2214 -0.9749
vn 0.0508 0.4524 -0.8904
vn 0.1009 0.8983 -0.4276
vn 0.1009 0.8983 0.4276
vn 0.0508 0.4524 0.8904
vn 0.0249 0.2214 0.9749
vn 0.0134 0.1189 0.9928
vn 0.0060 0.0533 0.9986
vn 0.0029 0.0262 0.9997
vn 0.0088 0.0529 -0.9986
vn 0.0043 0.0260 -0.9997
vn 0.0196 0.1180 -0.9928
vn 0.0365 0.2198 -0.9749
vn 0.0746 0.4491 -0.8903
vn 0.1482 0.8918 -0.4276
vn 0.1482 0.8918 0.4276
vn 0.0746 0.4491 0.8903
vn 0.0365 0.2198 0.9749
vn 0.0196 0.1180 0.9928
vn 0.0088 0.0529 0.9986
vn 0.0043 0.0260 0.9997
vn 0.0115 0.0524 -0.9986
vn 0.0056 0.0258 -0.9997
vn 0.0256 0.1169 -0.9928
vn 0.0477 0.2177 -0.9748
vn 0.0974 0.4448 -0.8903
vn 0.1933 0.8831 -0.4275
vn 0.1933 0.8831 0.4275
vn 0.0974 0.4448 0.8903
vn 0.0477 0.2177 0.9748
vn 0.0256 0.1169 0.9928
vn 0.0115 0.0524 0.9986
vn 0.0056 0.0258 0.9997
vn 0.0140 0.0518 -0.9986
vn 0.0313 0.1155 -0.9928
vn 0.0583 0.2151 -0.9748
vn 0.1191 0.4395 -0.8903
vn 0.2365 0.8725 -0.4275
vn 0.2365 0.8725 0.4275
vn 0.1191 0.4395 0.8903
vn 0.0583 0.2151 0.9748
vn 0.0313 0.1155 0.9928
vn 0.0140 0.0518 0.9986
vn 0.0165 0.0511 -0.9986
vn 0.0081 0.0251 -0.9997
vn 0.0368 0.1139 -0.9928
vn 0.0685 0.2121 -0.9748
vn 0.1399 0.4334 -0.8903
vn 0.2777 0.8603 -0.4275
vn 0.2777 0.8603 0.4275
vn 0.1399 0.4334 0.8903
vn 0.0685 0.2121 0.9748
vn 0.0368 0.1139 0.9928
vn 0.0165 0.0511 0.9986
vn 0.0081 0.0251 0.9997
vn 0.0188 0.0503 -0.9986
vn 0.0093 0.0247 -0.9997
vn 0.0420 0.1121 -0.9928
vn 0.0782 0.2088 -0.9748
vn 0.1598 0.4265 -0.8903
vn 0.3172 0.8466 -0.4275
vn 0.3172 0.8466 0.4275
vn 0.1598 0.4265 0.8903
vn 0.0782 0.2088 0.9748
vn 0.0420 0.1121 0.9928
vn 0.0188 0.0503 0.9986
vn 0.0093 0.0247 0.9997
vn 0.0211 0.0494 -0.9986
vn 0.0104 0.0243 -0.9997
vn 0.0470 0.1101 -0.9928
vn 0.0876 0.2050 -0.9748
vn 0.1789 0.4189 -0.8902
vn 0.3551 0.8314 -0.4275
vn 0.3551 0.8314 0.4275
vn 0.1789 0.4189 0.8902
vn 0.0876 0.2050 0.9748
vn 0.0470 0.1101 0.9928
vn 0.0211 0.0494 0.9986
vn 0.0104 0.0243 0.9997
vn 0.0232 0.0484 -0.9986
vn 0.0114 0.0238 -0.9997
vn 0.0518 0.1079 -0.9928
vn 0.0965 0.2010 -0.9748
vn 0.1972 0.4106 -0.8902
vn 0.3914 0.8149 -0.4275
vn 0.3914 0.8149 0.4275
vn 0.1972 0.4106 0.8902
vn 0.0965 0.2010 0.9748
vn 0.0518 0.1079 0.9928
vn 0.0232 0.0484 0.9986
vn 0.0114 0.0238 0.9997
vn 0.0253 0.0473 -0.9986
vn 0.0124 0.0233 -0.9997
vn 0.0565 0.1056 -0.9928
vn 0.1052 0.1966 -0.9748
vn 0.2148 0.4017 -0.8902
vn 0.4263 0.7972 -0.4275
vn 0.4263 0.7972 0.4275
vn 0.2148 0.4017 0.8902
vn 0.1052 0.1966 0.9748
vn 0.0565 0.1056 0.9928
vn 0.0253 0.0473 0.9986
vn 0.0124 0.0233 0.9997
vn 0.0273 0.0462 -0.9986
vn 0.0134 0.0227 -0.9997
vn 0.0609 0.1031 -0.9928
vn 0.1134 0.1920 -0.9748
vn 0.2318 0.3922 -0.8902
vn 0.4599 0.7783 -0.4274
vn 0.4599 0.7783 0.4274
vn 0.2318 0.3922 0.8902
vn 0.1134 0.1920 0.9748
vn 0.0609 0.1031 0.9928
vn 0.0273 0.0462 0.9986
vn 0.0134 0.0227 0.9997
vn -0.0176 0.0316 -0.9993
vn -0.0062 0.0112 -0.9999
vn -0.0351 0.0630 -0.9974
vn -0.0648 0.1165 -0.9911
vn -0.1425 0.2560 -0.9561
vn -0.3656 0.6567 -0.6596
vn -0.3656 0.6567 0.6596
vn -0.1425 0.2560 0.9561
vn -0.0648 0.1165 0.9911
vn -0.0351 0.0630 0.9974
vn -0.0176 0.0316 0.9993
vn -0.0062 0.0112 0.9999
vn -0.0465 -0.0286 -0.9985
vn -0.0191 -0.0118 -0.9997
vn -0.0963 -0.0592 -0.9936
vn -0.1758 -0.1082 -0.9785
vn -0.3610 -0.2221 -0.9057
vn -0.7504 -0.4617 -0.4730
vn -0.7504 -0.4617 0.4730
vn -0.3610 -0.2221 0.9057
vn -0.1758 -0.1082 0.9785
vn -0.0963 -0.0592 0.9936
vn -0.0465 -0.0286 0.9985
vn -0.0191 -0.0118 0.9997
vn -0.0238 -0.0489 -0.9985
vn -0.0115 -0.0237 -0.9997
vn -0.0527 -0.1084 -0.9927
vn -0.0980 -0.2014 -0.9746
vn -0.1998 -0.4109 -0.8895
vn -0.3955 -0.8133 -0.4268
vn -0.3955 -0.8133 0.4268
vn -0.1998 -0.4109 0.8895
vn -0.0980 -0.2014 0.9746
vn -0.0527 -0.1084 0.9927
vn -0.0238 -0.0489 0.9985
vn -0.0115 -0.0237 0.9997
vn -0.0222 -0.0496 -0.9985
vn -0.0108 -0.0241 -0.9997
vn -0.0492 -0.1100 -0.9927
vn -0.0914 -0.2045 -0.9746
vn -0.1865 -0.4172 -0.8895
vn -0.3691 -0.8256 -0.4267
vn -0.3691 -0.8256 0.4267
vn -0.1865 -0.4172 0.8895
vn -0.0914 -0.2045 0.9746
vn -0.0492 -0.1100 0.9927
vn -0.0222 -0.0496 0.9985
vn -0.0108 -0.0241 0.9997
vn -0.0204 -0.0504 -0.9985
vn -0.0099 -0.0245 -0.9997
vn -0.0452 -0.1118 -0.9927
vn -0.0840 -0.2077 -0.9746
vn -0.1713 -0.4237 -0.8894
vn -0.3390 -0.8384 -0.4267
vn -0.3390 -0.8384 0.4267
vn -0.1713 -0.4237 0.8894
vn -0.0840 -0.2077 0.9746
vn -0.0452 -0.1118 0.9927
vn -0.0204 -0.0504 0.9985
vn -0.0099 -0.0245 0.9997
vn -0.0184 -0.0512 -0.9985
vn -0.0089 -0.0248 -0.9997
vn -0.0408 -0.1135 -0.9927
vn -0.0758 -0.2109 -0.9746
vn -0.1546 -0.4302 -0.8894
vn -0.3058 -0.8511 -0.4267
vn -0.3058 -0.8511 0.4267
vn -0.1546 -0.4302 0.8894
vn -0.0758 -0.2109 0.9746
vn -0.0408 -0.1135 0.9927
vn -0.0184 -0.0512 0.9985
vn -0.0089 -0.0248 0.9997
vn -0.0162 -0.0520 -0.9985
vn -0.0079 -0.0252 -0.9997
vn -0.0360 -0.1151 -0.9927
vn -0.0669 -0.2139 -0.9746
vn -0.1364 -0.4363 -0.8894
vn -0.2699 -0.8632 -0.4267
vn -0.2699 -0.8632 0.4267
vn -0.1364 -0.4363 0.8894
vn -0.0669 -0.2139 0.9746
vn -0.0360 -0.1151 0.9927
vn -0.0162 -0.0520 0.9985
vn -0.0079 -0.0252 0.9997
vn -0.0140 -0.0526 -0.9985
vn -0.0068 -0.0255 -0.9997
vn -0.0309 -0.1166 -0.9927
vn -0.0575 -0.2166 -0.9746
vn -0.1172 -0.4419 -0.8894
vn -0.2319 -0.8741 -0.4267
vn -0.2319 -0.8741 0.4267
vn -0.1172 -0.4419 0.8894
vn -0.0575 -0.2166 0.9746
vn -0.0309 -0.1166 0.9927
vn -0.0140 -0.0526 0.9985
vn -0.0068 -0.0255 0.9997
vn -0.0116 -0.0532 -0.9985
vn -0.0257 -0.1179 -0.9927
vn -0.0478 -0.2190 -0.9746
vn -0.0974 -0.4467 -0.8894
vn -0.1927 -0.8836 -0.4267
vn -0.1927 -0.8836 0.4267
vn -0.0974 -0.4467 0.8894
vn -0.0478 -0.2190 0.9746
vn -0.0257 -0.1179 0.9927
vn -0.0116 -0.0532 0.9985
vn -0.0092 -0.0537 -0.9985
vn -0.0045 -0.0260 -0.9997
vn -0.0204 -0.1189 -0.9927
vn -0.0379 -0.2209 -0.9746
vn -0.0773 -0.4506 -0.8894
vn -0.1528 -0.8914 -0.4267
vn -0.1528 -0.8914 0.4267
vn -0.0773 -0.4506 0.8894
vn -0.0379 -0.2209 0.9746
vn -0.0204 -0.1189 0.9927
vn -0.0092 -0.0537 0.9985
vn -0.0045 -0.0260 0.9997
vn -0.0068 -0.0540 -0.9985
vn -0.0033 -0.0262 -0.9997
vn -0.0151 -0.1197 -0.9927
vn -0.0280 -0.2224 -0.9746
vn -0.0572 -0.4536 -0.8894
vn -0.1131 -0.8973 -0.4267
vn -0.1131 -0.8973 0.4267
vn -0.0572 -0.4536 0.8894
vn -0.0280 -0.2224 0.9746
vn -0.0151 -0.1197 0.9927
vn -0.0068 -0.0540 0.9985
vn -0.0033 -0.0262 0.9997
vn -0.0045 -0.0543 -0.9985
vn -0.0022 -0.0263 -0.9997
vn -0.0099 -0.1202 -0.9927
vn -0.0184 -0.2233 -0.9746
vn -0.0374 -0.4556 -0.8894
vn -0.0741 -0.9014 -0.4267
vn -0.0741 -0.9014 0.4267
vn -0.0374 -0.4556 0.8894
vn -0.0184 -0.2233 0.9746
vn -0.0099 -0.1202 0.9927
vn -0.0045 -0.0543 0.9985
vn -0.0022 -0.0263 0.9997
vn -0.0022 -0.0544 -0.9985
vn -0.0011 -0.0264 -0.9997
vn -0.0048 -0.1205 -0.9927
vn -0.0090 -0.2239 -0.9746
vn -0.0183 -0.4567 -0.8894
vn -0.0363 -0.9037 -0.4267
vn -0.0363 -0.9037 0.4267
vn -0.0183 -0.4567 0.8894
vn -0.0090 -0.2239 0.9746
vn -0.0048 -0.1205 0.9927
vn -0.0022 -0.0544 0.9985
vn -0.0011 -0.0264 0.9997
vn 0.0027 -0.1209 -0.9927
vn 0.0051 -0.2245 -0.9745
vn 0.0103 -0.4576 -0.8891
vn 0.0204 -0.9042 -0.4266
vn 0.0204 -0.9042 0.4266
vn 0.0103 -0.4576 0.8891
vn 0.0051 -0.2245 0.9745
vn 0.0027 -0.1209 0.9927
vn 0.0073 -0.0547 -0.9985
vn 0.0035 -0.0261 -0.9997
vn 0.0161 -0.1202 -0.9926
vn 0.0299 -0.2229 -0.9744
vn 0.0610 -0.4541 -0.8889
vn 0.1203 -0.8964 -0.4266
vn 0.1203 -0.8964 0.4266
vn 0.0610 -0.4541 0.8889
vn 0.0299 -0.2229 0.9744
vn 0.0161 -0.1202 0.9926
vn 0.0073 -0.0547 0.9985
vn 0.0035 -0.0261 0.9997
vn 0.0149 -0.0531 -0.9985
vn 0.0071 -0.0253 -0.9997
vn 0.0328 -0.1168 -0.9926
vn 0.0608 -0.2166 -0.9744
vn 0.1239 -0.4412 -0.8888
vn 0.2445 -0.8708 -0.4266
vn 0.2445 -0.8708 0.4266
vn 0.1239 -0.4412 0.8888
vn 0.0608 -0.2166 0.9744
vn 0.0328 -0.1168 0.9926
vn 0.0149 -0.0531 0.9985
vn 0.0071 -0.0253 0.9997
vn 0.0224 -0.0504 -0.9985
vn 0.0107 -0.0241 -0.9997
vn 0.0493 -0.1109 -0.9926
vn 0.0914 -0.2056 -0.9744
vn 0.1861 -0.4187 -0.8888
vn 0.3673 -0.8265 -0.4266
vn 0.3673 -0.8265 0.4266
vn 0.1861 -0.4187 0.8888
vn 0.0914 -0.2056 0.9744
vn 0.0493 -0.1109 0.9926
vn 0.0224 -0.0504 0.9985
vn 0.0107 -0.0241 0.9997
vn 0.0294 -0.0467 -0.9985
vn 0.0140 -0.0223 -0.9997
vn 0.0648 -0.1026 -0.9926
vn 0.1200 -0.1902 -0.9744
vn 0.2445 -0.3875 -0.8888
vn 0.4826 -0.7649 -0.4266
vn 0.4826 -0.7649 0.4266
vn 0.2445 -0.3875 0.8888
vn 0.1200 -0.1902 0.9744
vn 0.0648 -0.1026 0.9926
vn 0.0294 -0.0467 0.9985
vn 0.0140 -0.0223 0.9997
vn 0.0357 -0.0420 -0.9985
vn 0.0170 -0.0201 -0.9997
vn 0.0786 -0.0925 -0.9926
vn 0.1456 -0.1714 -0.9744
vn 0.2966 -0.3492 -0.8889
vn 0.5856 -0.6893 -0.4266
vn 0.5856 -0.6893 0.4266
vn 0.2966 -0.3492 0.8889
vn 0.1456 -0.1714 0.9744
vn 0.0786 -0.0925 0.9926
vn 0.0357 -0.0420 0.9985
vn 0.0170 -0.0201 0.9997
vn 0.0410 -0.0368 -0.9985
vn 0.0196 -0.0176 -0.9997
vn 0.0903 -0.0810 -0.9926
vn 0.1674 -0.1501 -0.9744
vn 0.3411 -0.3058 -0.8889
vn 0.6734 -0.6037 -0.4266
vn 0.6734 -0.6037 0.4266
vn 0.3411 -0.3058 0.8889
vn 0.1674 -0.1501 0.9744
vn 0.0903 -0.0810 0.9926
vn 0.0410 -0.0368 0.9985
vn 0.0196 -0.0176 0.9997
vn 0.0454 -0.0312 -0.9985
vn 0.0217 -0.0149 -0.9997
vn 0.0999 -0.0686 -0.9926
vn 0.1853 -0.1273 -0.9744
vn 0.3776 -0.2593 -0.8889
vn 0.7456 -0.5120 -0.4266
vn 0.7456 -0.5120 0.4266
vn 0.3776 -0.2593 0.8889
vn 0.1853 -0.1273 0.9744
vn 0.0999 -0.0686 0.9926
vn 0.0454 -0.0312 0.9985
vn 0.0217 -0.0149 0.9997
vn 0.0488 -0.0253 -0.9985
vn 0.0234 -0.0121 -0.9997
vn 0.1076 -0.0558 -0.9926
vn 0.1995 -0.1036 -0.9744
vn 0.4065 -0.2110 -0.8889
vn 0.8028 -0.4166 -0.4266
vn 0.8028 -0.4166 0.4266
vn 0.4065 -0.2110 0.8889
vn 0.1995 -0.1036 0.9744
vn 0.1076 -0.0558 0.9926
vn 0.0488 -0.0253 0.9985
vn 0.0234 -0.0121 0.9997
vn 0.0515 -0.0194 -0.9985
vn 0.0247 -0.0093 -0.9997
vn 0.1134 -0.0427 -0.9926
vn 0.2103 -0.0792 -0.9744
vn 0.4286 -0.1614 -0.8889
vn 0.8464 -0.3188 -0.4266
vn 0.8464 -0.3188 0.4266
vn 0.4286 -0.1614 0.8889
vn 0.2103 -0.0792 0.9744
vn 0.1134 -0.0427 0.9926
vn 0.0515 -0.0194 0.9985
vn 0.0247 -0.0093 0.9997
vn 0.0534 -0.0133 -0.9985
vn 0.0256 -0.0063 -0.9997
vn 0.1176 -0.0292 -0.9926
vn 0.2181 -0.0542 -0.9744
vn 0.4445 -0.1104 -0.8889
vn 0.8778 -0.2179 -0.4266
vn 0.8778 -0.2179 0.4266
vn 0.4445 -0.1104 0.8889
vn 0.2181 -0.0542 0.9744
vn 0.1176 -0.0292 0.9926
vn 0.0534 -0.0133 0.9985
vn 0.0256 -0.0063 0.9997
vn 0.0546 -0.0068 -0.9985
vn 0.0261 -0.0033 -0.9997
vn 0.1203 -0.0150 -0.9926
vn 0.2231 -0.0279 -0.9744
vn 0.4545 -0.0569 -0.8889
vn 0.8975 -0.1123 -0.4266
vn 0.8975 -0.1123 0.4266
vn 0.4545 -0.0569 0.8889
vn 0.2231 -0.0279 0.9744
vn 0.1203 -0.0150 0.9926
vn 0.0546 -0.0068 0.9985
vn 0.0261 -0.0033 0.9997
vn 0.1213 -0.0000 -0.9926
vn 0.2248 -0.0001 -0.9744
vn 0.4581 -0.0002 -0.8889
vn 0.9044 -0.0003 -0.4266
vn 0.9044 -0.0003 0.4266
vn 0.4581 -0.0002 0.8889
vn 0.2248 -0.0001 0.9744
vn 0.1213 -0.0000 0.9926
vn 0.0546 0.0070 -0.9985
vn 0.0261 0.0034 -0.9997
vn 0.1203 0.0155 -0.9926
vn 0.2230 0.0288 -0.9744
vn 0.4544 0.0586 -0.8889
vn 0.8970 0.1157 -0.4266
vn 0.8970 0.1157 0.4266
vn 0.4544 0.0586 0.8889
vn 0.2230 0.0288 0.9744
vn 0.1203 0.0155 0.9926
vn 0.0546 0.0070 0.9985
vn 0.0261 0.0034 0.9997
vn 0.0533 0.0142 -0.9985
vn 0.0254 0.0068 -0.9997
vn 0.1172 0.0312 -0.9926
vn 0.2173 0.0578 -0.9744
vn 0.4427 0.1178 -0.8889
vn 0.8740 0.2326 -0.4266
vn 0.8740 0.2326 0.4266
vn 0.4427 0.1178 0.8889
vn 0.2173 0.0578 0.9744
vn 0.1172 0.0312 0.9926
vn 0.0533 0.0142 0.9985
vn 0.0254 0.0068 0.9997
vn 0.0509 0.0212 -0.9985
vn 0.0243 0.0101 -0.9997
vn 0.1120 0.0466 -0.9926
vn 0.2076 0.0864 -0.9744
vn 0.4230 0.1761 -0.8889
vn 0.8350 0.3476 -0.4266
vn 0.8350 0.3476 0.4266
vn 0.4230 0.1761 0.8889
vn 0.2076 0.0864 0.9744
vn 0.1120 0.0466 0.9926
vn 0.0509 0.0212 0.9985
vn 0.0243 0.0101 0.9997
vn 0.0476 0.0279 -0.9985
vn 0.0227 0.0133 -0.9997
vn 0.1046 0.0614 -0.9926
vn 0.1940 0.1138 -0.9744
vn 0.3952 0.2319 -0.8889
vn 0.7801 0.4577 -0.4266
vn 0.7801 0.4577 0.4266
vn 0.3952 0.2319 0.8889
vn 0.1940 0.1138 0.9744
vn 0.1046 0.0614 0.9926
vn 0.0476 0.0279 0.9985
vn 0.0227 0.0133 0.9997
vn 0.0433 0.0341 -0.9985
vn 0.0953 0.0751 -0.9926
vn 0.1767 0.1392 -0.9744
vn 0.3599 0.2835 -0.8889
vn 0.7105 0.5597 -0.4266
vn 0.7105 0.5597 0.4266
vn 0.3599 0.2835 0.8889
vn 0.1767 0.1392 0.9744
vn 0.0953 0.0751 0.9926
vn 0.0433 0.0341 0.9985
vn 0.0383 0.0397 -0.9985
vn 0.0842 0.0873 -0.9926
vn 0.1561 0.1619 -0.9744
vn 0.3181 0.3298 -0.8889
vn 0.6279 0.6510 -0.4266
vn 0.6279 0.6510 0.4266
vn 0.3181 0.3298 0.8889
vn 0.1561 0.1619 0.9744
vn 0.0842 0.0873 0.9926
vn 0.0383 0.0397 0.9985
vn 0.0326 0.0445 -0.9985
vn 0.0156 0.0212 -0.9997
vn 0.0717 0.0978 -0.9926
vn 0.1329 0.1814 -0.9744
vn 0.2708 0.3695 -0.8889
vn 0.5346 0.7295 -0.4266
vn 0.5346 0.7295 0.4266
vn 0.2708 0.3695 0.8889
vn 0.1329 0.1814 0.9744
vn 0.0717 0.0978 0.9926
vn 0.0326 0.0445 0.9985
vn 0.0156 0.0212 0.9997
vn 0.0264 0.0484 -0.9985
vn 0.0126 0.0231 -0.9997
vn 0.0581 0.1065 -0.9926
vn 0.1077 0.1974 -0.9744
vn 0.2195 0.4022 -0.8889
vn 0.4333 0.7939 -0.4266
vn 0.4333 0.7939 0.4266
vn 0.2195 0.4022 0.8889
vn 0.1077 0.1974 0.9744
vn 0.0581 0.1065 0.9926
vn 0.0264 0.0484 0.9985
vn 0.0126 0.0231 0.9997
vn 0.0199 0.0514 -0.9985
vn 0.0095 0.0246 -0.9997
vn 0.0438 0.1131 -0.9926
vn 0.0812 0.2097 -0.9744
vn 0.1654 0.4272 -0.8889
vn 0.3266 0.8435 -0.4265
vn 0.3266 0.8435 0.4265
vn 0.1654 0.4272 0.8889
vn 0.0812 0.2097 0.9744
vn 0.0438 0.1131 0.9926
vn 0.0199 0.0514 0.9985
vn 0.0095 0.0246 0.9997
vn 0.0132 0.0534 -0.9985
vn 0.0063 0.0256 -0.9997
vn 0.0291 0.1177 -0.9926
vn 0.0540 0.2182 -0.9744
vn 0.1100 0.4447 -0.8889
vn 0.2171 0.8780 -0.4266
vn 0.2171 0.8780 0.4266
vn 0.1100 0.4447 0.8889
vn 0.0540 0.2182 0.9744
vn 0.0291 0.1177 0.9926
vn 0.0132 0.0534 0.9985
vn 0.0063 0.0256 0.9997
vn 0.0065 0.0546 -0.9985
vn 0.0031 0.0262 -0.9997
vn 0.0144 0.1204 -0.9926
vn 0.0268 0.2232 -0.9744
vn 0.0545 0.4548 -0.8889
vn 0.1076 0.8980 -0.4266
vn 0.1076 0.8980 0.4266
vn 0.0545 0.4548 0.8889
vn 0.0268 0.2232 0.9744
vn 0.0144 0.1204 0.9926
vn 0.0065 0.0546 0.9985
vn 0.0031 0.0262 0.9997
vn 0.0010 0.0547 -0.9985
vn 0.0005 0.0264 -0.9997
vn 0.0023 0.1209 -0.9927
vn 0.0043 0.2244 -0.9745
vn 0.0088 0.4575 -0.8891
vn 0.0173 0.9043 -0.4266
vn 0.0173 0.9043 0.4266
vn 0.0088 0.4575 0.8891
vn 0.0043 0.2244 0.9745
vn 0.0023 0.1209 0.9927
vn 0.0010 0.0547 0.9985
vn 0.0005 0.0264 0.9997
vn -0.0022 0.0544 -0.9985
vn -0.0011 0.0264 -0.9997
vn -0.0049 0.1205 -0.9927
vn -0.0091 0.2239 -0.9746
vn -0.0187 0.4567 -0.8894
vn -0.0369 0.9036 -0.4267
vn -0.0369 0.9036 0.4267
vn -0.0187 0.4567 0.8894
vn -0.0091 0.2239 0.9746
vn -0.0049 0.1205 0.9927
vn -0.0022 0.0544 0.9985
vn -0.0011 0.0264 0.9997
vn -0.0044 0.0542 -0.9985
vn -0.0022 0.0263 -0.9997
vn -0.0098 0.1202 -0.9927
vn -0.0183 0.2233 -0.9746
vn -0.0373 0.4556 -0.8894
vn -0.0738 0.9014 -0.4267
vn -0.0738 0.9014 0.4267
vn -0.0373 0.4556 0.8894
vn -0.0183 0.2233 0.9746
vn -0.0098 0.1202 0.9927
vn -0.0044 0.0542 0.9985
vn -0.0022 0.0263 0.9997
vn -0.0066 0.0540 -0.9985
vn -0.0032 0.0262 -0.9997
vn -0.0147 0.1197 -0.9927
vn -0.0273 0.2224 -0.9746
vn -0.0556 0.4537 -0.8894
vn -0.1101 0.8977 -0.4267
vn -0.1101 0.8977 0.4267
vn -0.0556 0.4537 0.8894
vn -0.0273 0.2224 0.9746
vn -0.0147 0.1197 0.9927
vn -0.0066 0.0540 0.9985
vn -0.0032 0.0262 0.9997
vn -0.0087 0.0537 -0.9985
vn -0.0042 0.0260 -0.9997
vn -0.0194 0.1190 -0.9927
vn -0.0360 0.2211 -0.9746
vn -0.0734 0.4511 -0.8894
vn -0.1452 0.8927 -0.4267
vn -0.1452 0.8927 0.4267
vn -0.0734 0.4511 0.8894
vn -0.0360 0.2211 0.9746
vn -0.0194 0.1190 0.9927
vn -0.0087 0.0537 0.9985
vn -0.0042 0.0260 0.9997
vn -0.0107 0.0533 -0.9985
vn -0.0052 0.0259 -0.9997
vn -0.0238 0.1182 -0.9927
vn -0.0443 0.2196 -0.9746
vn -0.0903 0.4480 -0.8894
vn -0.1787 0.8865 -0.4267
vn -0.1787 0.8865 0.4267
vn -0.0903 0.4480 0.8894
vn -0.0443 0.2196 0.9746
vn -0.0238 0.1182 0.9927
vn -0.0107 0.0533 0.9985
vn -0.0052 0.0259 0.9997
vn -0.0280 0.1172 -0.9927
vn -0.0521 0.2179 -0.9746
vn -0.1062 0.4445 -0.8895
vn -0.2103 0.8796 -0.4267
vn -0.2103 0.8796 0.4268
vn -0.1062 0.4445 0.8895
vn -0.0521 0.2179 0.9746
vn -0.0280 0.1172 0.9927
vn -0.0144 0.0524 -0.9985
vn -0.0070 0.0254 -0.9997
vn -0.0319 0.1162 -0.9927
vn -0.0593 0.2160 -0.9746
vn -0.1210 0.4407 -0.8895
vn -0.2395 0.8721 -0.4268
vn -0.2395 0.8721 0.4268
vn -0.1210 0.4406 0.8895
vn -0.0593 0.2160 0.9746
vn -0.0319 0.1162 0.9927
vn -0.0144 0.0524 0.9985
vn -0.0070 0.0254 0.9997
vn -0.0160 0.0519 -0.9985
vn -0.0078 0.0252 -0.9997
vn -0.0355 0.1152 -0.9927
vn -0.0660 0.2140 -0.9746
vn -0.1346 0.4367 -0.8895
vn -0.2663 0.8642 -0.4268
vn -0.2663 0.8642 0.4268
vn -0.1346 0.4367 0.8895
vn -0.0660 0.2140 0.9746
vn -0.0355 0.1152 0.9927
vn -0.0160 0.0519 0.9985
vn -0.0078 0.0252 0.9997
vn -0.0175 0.0514 -0.9985
vn -0.0085 0.0250 -0.9997
vn -0.0387 0.1141 -0.9927
vn -0.0720 0.2120 -0.9746
vn -0.1469 0.4326 -0.8895
vn -0.2907 0.8564 -0.4268
vn -0.2907 0.8564 0.4268
vn -0.1469 0.4326 0.8895
vn -0.0720 0.2120 0.9746
vn -0.0387 0.1141 0.9927
vn -0.0175 0.0514 0.9985
vn -0.0085 0.0250 0.9997
vn -0.0188 0.0509 -0.9985
vn -0.0091 0.0248 -0.9997
vn -0.0416 0.1130 -0.9927
vn -0.0774 0.2101 -0.9746
vn -0.1579 0.4287 -0.8895
vn -0.3126 0.8486 -0.4268
vn -0.3126 0.8486 0.4268
vn -0.1579 0.4287 0.8895
vn -0.0774 0.2101 0.9746
vn -0.0416 0.1130 0.9927
vn -0.0188 0.0509 0.9985
vn -0.0091 0.0248 0.9997
vn -0.0199 0.0505 -0.9985
vn -0.0097 0.0245 -0.9997
vn -0.0442 0.1120 -0.9927
vn -0.0822 0.2082 -0.9746
vn -0.1678 0.4249 -0.8896
vn -0.3322 0.8411 -0.4268
vn -0.3322 0.8411 0.4268
vn -0.1678 0.4249 0.8896
vn -0.0822 0.2082 0.9746
vn -0.0442 0.1120 0.9927
vn -0.0199 0.0505 0.9985
vn -0.0097 0.0245 0.9997
vn -0.0447 0.0300 -0.9985
vn -0.0921 0.0619 -0.9938
vn -0.1682 0.1131 -0.9793
vn -0.3463 0.2328 -0.9088
vn -0.7274 0.4890 -0.4814
vn -0.7274 0.4890 0.4814
vn -0.3463 0.2328 0.9088
vn -0.1682 0.1131 0.9793
vn -0.0921 0.0619 0.9938
vn -0.0447 0.0300 0.9985
vn -0.0188 -0.0322 -0.9993
vn -0.0067 -0.0115 -0.9999
vn -0.0376 -0.0642 -0.9972
vn -0.0693 -0.1186 -0.9905
vn -0.1516 -0.2593 -0.9538
vn -0.3845 -0.6577 -0.6478
vn -0.3845 -0.6577 0.6478
vn -0.1516 -0.2593 0.9538
vn -0.0693 -0.1186 0.9905
vn -0.0376 -0.0642 0.9972
vn -0.0188 -0.0322 0.9993
vn -0.0067 -0.0115 0.9999
vn -0.5794 0.5794 -0.5731
vn -0.5794 0.5794 0.5731
vn 0.4763 -0.7384 -0.4773
vn 0.4690 -0.7271 -0.5014
vn 0.4763 -0.7384 0.4773
vn 0.4690 -0.7271 0.5014
vn -0.0083 -0.6042 -0.7968
vn -0.0083 -0.6042 0.7968
vn -0.0051 0.0546 -0.9985
vn -0.0107 0.0539 -0.9985
vn -0.0051 0.0258 -0.9997
vn -0.0025 0.0262 -0.9997
vn -0.0113 0.1205 -0.9926
vn -0.0235 0.1188 -0.9926
vn -0.0210 0.2236 -0.9744
vn -0.0436 0.2204 -0.9744
vn -0.0428 0.4558 -0.8890
vn -0.0889 0.4492 -0.8890
vn -0.0845 0.9005 -0.4266
vn -0.1757 0.8872 -0.4266
vn -0.0845 0.9005 0.4266
vn -0.1757 0.8872 0.4266
vn -0.0428 0.4558 0.8890
vn -0.0889 0.4492 0.8890
vn -0.0210 0.2236 0.9744
vn -0.0436 0.2204 0.9744
vn -0.0113 0.1205 0.9926
vn -0.0235 0.1188 0.9926
vn -0.0051 0.0546 0.9985
vn -0.0107 0.0539 0.9985
vn -0.0025 0.0262 0.9997
vn -0.0051 0.0258 0.9997
vn -0.0167 0.0524 -0.9985
vn -0.0080 0.0251 -0.9997
vn -0.0367 0.1155 -0.9926
vn -0.0681 0.2142 -0.9744
vn -0.1387 0.4365 -0.8889
vn -0.2738 0.8620 -0.4266
vn -0.2738 0.8620 0.4266
vn -0.1387 0.4365 0.8889
vn -0.0681 0.2142 0.9744
vn -0.0367 0.1155 0.9926
vn -0.0167 0.0524 0.9985
vn -0.0080 0.0251 0.9997
vn -0.0230 0.0501 -0.9985
vn -0.0110 0.0239 -0.9997
vn -0.0506 0.1102 -0.9926
vn -0.0938 0.2043 -0.9744
vn -0.1912 0.4163 -0.8889
vn -0.3774 0.8220 -0.4265
vn -0.3774 0.8220 0.4265
vn -0.1912 0.4163 0.8889
vn -0.0938 0.2043 0.9744
vn -0.0506 0.1102 0.9926
vn -0.0230 0.0501 0.9985
vn -0.0110 0.0239 0.9997
vn -0.0295 0.0466 -0.9985
vn -0.0141 0.0223 -0.9997
vn -0.0648 0.1026 -0.9926
vn -0.1202 0.1901 -0.9744
vn -0.2448 0.3873 -0.8889
vn -0.4833 0.7645 -0.4266
vn -0.4833 0.7645 0.4266
vn -0.2448 0.3873 0.8889
vn -0.1202 0.1901 0.9744
vn -0.0648 0.1026 0.9926
vn -0.0295 0.0466 0.9985
vn -0.0141 0.0223 0.9997
vn -0.0358 0.0420 -0.9985
vn -0.0171 0.0200 -0.9997
vn -0.0788 0.0923 -0.9926
vn -0.1460 0.1711 -0.9744
vn -0.2974 0.3486 -0.8888
vn -0.5870 0.6881 -0.4267
vn -0.5870 0.6881 0.4267
vn -0.2974 0.3486 0.8888
vn -0.1460 0.1711 0.9744
vn -0.0788 0.0923 0.9926
vn -0.0358 0.0420 0.9985
vn -0.0171 0.0200 0.9997
vn -0.0417 0.0362 -0.9985
vn -0.0199 0.0173 -0.9997
vn -0.0917 0.0796 -0.9926
vn -0.1698 0.1475 -0.9744
vn -0.3460 0.3005 -0.8888
vn -0.6828 0.5931 -0.4267
vn -0.6828 0.5931 0.4267
vn -0.3460 0.3005 0.8888
vn -0.1698 0.1475 0.9744
vn -0.0917 0.0796 0.9926
vn -0.0417 0.0362 0.9985
vn -0.0199 0.0173 0.9997
vn -0.0467 0.0295 -0.9985
vn -0.0223 0.0140 -0.9997
vn -0.1027 0.0648 -0.9926
vn -0.1903 0.1201 -0.9744
vn -0.3876 0.2445 -0.8888
vn -0.7649 0.4826 -0.4267
vn -0.7649 0.4826 0.4267
vn -0.3876 0.2445 0.8888
vn -0.1903 0.1201 0.9744
vn -0.1027 0.0648 0.9926
vn -0.0467 0.0295 0.9985
vn -0.0223 0.0140 0.9997
vn -0.0506 0.0221 -0.9985
vn -0.0241 0.0105 -0.9997
vn -0.1112 0.0486 -0.9926
vn -0.2062 0.0900 -0.9744
vn -0.4200 0.1834 -0.8888
vn -0.8288 0.3619 -0.4267
vn -0.8288 0.3619 0.4267
vn -0.4200 0.1834 0.8888
vn -0.2062 0.0900 0.9744
vn -0.1112 0.0486 0.9926
vn -0.0506 0.0221 0.9985
vn -0.0241 0.0105 0.9997
vn -0.0532 0.0145 -0.9985
vn -0.0254 0.0069 -0.9997
vn -0.1171 0.0319 -0.9926
vn -0.2170 0.0591 -0.9744
vn -0.4421 0.1204 -0.8888
vn -0.8727 0.2376 -0.4266
vn -0.8727 0.2376 0.4266
vn -0.4421 0.1204 0.8888
vn -0.2170 0.0591 0.9744
vn -0.1171 0.0319 0.9926
vn -0.0532 0.0145 0.9985
vn -0.0254 0.0069 0.9997
vn -0.0547 0.0071 -0.9985
vn -0.1203 0.0155 -0.9926
vn -0.2230 0.0288 -0.9744
vn -0.4544 0.0586 -0.8889
vn -0.8970 0.1157 -0.4266
vn -0.8970 0.1157 0.4266
vn -0.4544 0.0586 0.8889
vn -0.2230 0.0288 0.9744
vn -0.1203 0.0155 0.9926
vn -0.0547 0.0071 0.9985
vn -0.0549 0.0005 -0.9985
vn -0.0263 0.0002 -0.9997
vn -0.1211 0.0011 -0.9926
vn -0.2247 0.0020 -0.9744
vn -0.4579 0.0041 -0.8890
vn -0.9044 0.0082 -0.4266
vn -0.9044 0.0082 0.4266
vn -0.4579 0.0041 0.8890
vn -0.2247 0.0020 0.9744
vn -0.1211 0.0011 0.9926
vn -0.0549 0.0005 0.9985
vn -0.0263 0.0002 0.9997
vn -0.0546 -0.0049 -0.9985
vn -0.0263 -0.0024 -0.9997
vn -0.1205 -0.0109 -0.9927
vn -0.2237 -0.0202 -0.9745
vn -0.4559 -0.0411 -0.8891
vn -0.9008 -0.0812 -0.4266
vn -0.9008 -0.0812 0.4266
vn -0.4559 -0.0411 0.8891
vn -0.2237 -0.0202 0.9745
vn -0.1205 -0.0109 0.9927
vn -0.0546 -0.0049 0.9985
vn -0.0263 -0.0024 0.9997
vn -0.0539 -0.0101 -0.9985
vn -0.0259 -0.0048 -0.9997
vn -0.1190 -0.0222 -0.9926
vn -0.2208 -0.0412 -0.9744
vn -0.4500 -0.0841 -0.8890
vn -0.8891 -0.1661 -0.4266
vn -0.8891 -0.1661 0.4266
vn -0.4500 -0.0841 0.8890
vn -0.2208 -0.0412 0.9744
vn -0.1190 -0.0222 0.9926
vn -0.0539 -0.0101 0.9985
vn -0.0259 -0.0048 0.9997
vn -0.0527 -0.0154 -0.9985
vn -0.0253 -0.0074 -0.9997
vn -0.1162 -0.0339 -0.9926
vn -0.2156 -0.0630 -0.9744
vn -0.4395 -0.1284 -0.8890
vn -0.8682 -0.2536 -0.4266
vn -0.8682 -0.2536 0.4265
vn -0.4395 -0.1284 0.8890
vn -0.2156 -0.0630 0.9744
vn -0.1162 -0.0339 0.9926
vn -0.0527 -0.0154 0.9985
vn -0.0253 -0.0074 0.9997
vn -0.0508 -0.0208 -0.9985
vn -0.0244 -0.0100 -0.9997
vn -0.1121 -0.0458 -0.9926
vn -0.2080 -0.0849 -0.9744
vn -0.4239 -0.1731 -0.8890
vn -0.8374 -0.3419 -0.4265
vn -0.8374 -0.3419 0.4265
vn -0.4239 -0.1731 0.8890
vn -0.2080 -0.0849 0.9744
vn -0.1121 -0.0458 0.9926
vn -0.0508 -0.0208 0.9985
vn -0.0244 -0.0100 0.9997
vn -0.0484 -0.0260 -0.9985
vn -0.0232 -0.0125 -0.9997
vn -0.1067 -0.0574 -0.9926
vn -0.1979 -0.1065 -0.9744
vn -0.4032 -0.2170 -0.8890
vn -0.7964 -0.4287 -0.4265
vn -0.7964 -0.4287 0.4265
vn -0.4032 -0.2170 0.8890
vn -0.1979 -0.1065 0.9744
vn -0.1067 -0.0574 0.9926
vn -0.0484 -0.0260 0.9985
vn -0.0232 -0.0125 0.9997
vn -0.0453 -0.0311 -0.9985
vn -0.0217 -0.0149 -0.9997
vn -0.0999 -0.0685 -0.9926
vn -0.1853 -0.1271 -0.9744
vn -0.3777 -0.2590 -0.8890
vn -0.7459 -0.5115 -0.4266
vn -0.7459 -0.5115 0.4266
vn -0.3777 -0.2590 0.8890
vn -0.1853 -0.1271 0.9744
vn -0.0999 -0.0685 0.9926
vn -0.0453 -0.0311 0.9985
vn -0.0217 -0.0149 0.9997
vn -0.0417 -0.0357 -0.9985
vn -0.0200 -0.0171 -0.9997
vn -0.0920 -0.0788 -0.9926
vn -0.1707 -0.1461 -0.9744
vn -0.3478 -0.2978 -0.8890
vn -0.6870 -0.5882 -0.4266
vn -0.6870 -0.5882 0.4266
vn -0.3478 -0.2978 0.8890
vn -0.1707 -0.1461 0.9744
vn -0.0920 -0.0788 0.9926
vn -0.0417 -0.0357 0.9985
vn -0.0200 -0.0171 0.9997
vn -0.0377 -0.0399 -0.9985
vn -0.0181 -0.0191 -0.9997
vn -0.0832 -0.0880 -0.9926
vn -0.1544 -0.1632 -0.9744
vn -0.3147 -0.3326 -0.8890
vn -0.6215 -0.6571 -0.4266
vn -0.6215 -0.6571 0.4266
vn -0.3147 -0.3326 0.8890
vn -0.1544 -0.1632 0.9744
vn -0.0832 -0.0880 0.9926
vn -0.0377 -0.0399 0.9985
vn -0.0181 -0.0191 0.9997
vn -0.0335 -0.0435 -0.9985
vn -0.0161 -0.0209 -0.9997
vn -0.0738 -0.0960 -0.9926
vn -0.1370 -0.1780 -0.9744
vn -0.2792 -0.3629 -0.8890
vn -0.5515 -0.7168 -0.4266
vn -0.5515 -0.7168 0.4266
vn -0.2792 -0.3629 0.8890
vn -0.1370 -0.1780 0.9744
vn -0.0738 -0.0960 0.9926
vn -0.0335 -0.0435 0.9985
vn -0.0161 -0.0209 0.9997
vn -0.0291 -0.0465 -0.9985
vn -0.0140 -0.0224 -0.9997
vn -0.0641 -0.1027 -0.9926
vn -0.1190 -0.1905 -0.9745
vn -0.2425 -0.3883 -0.8890
vn -0.4791 -0.7671 -0.4265
vn -0.4791 -0.7671 0.4265
vn -0.2425 -0.3883 0.8890
vn -0.1190 -0.1905 0.9745
vn -0.0641 -0.1027 0.9926
vn -0.0291 -0.0465 0.9985
vn -0.0140 -0.0224 0.9997
vn -0.0246 -0.0490 -0.9985
vn -0.0118 -0.0236 -0.9997
vn -0.0437 -0.0741 -0.9963
vn -0.7173 0.3957 0.5735
vn -0.8000 0.4907 0.3451
vn -0.8693 0.4922 0.0463
vn -0.8692 0.4922 -0.0470
vn -0.7998 0.4905 -0.3461
vn -0.7172 0.3956 -0.5737
vn -0.0437 -0.0741 0.9963
vn -0.0246 -0.0490 0.9985
vn -0.0118 -0.0236 0.9997
vn -0.0178 -0.0018 -0.9998
vn -0.0131 -0.0013 -0.9999
vn 0.0987 0.0098 0.9951
vn 0.1350 0.0134 0.9908
vn 0.2958 0.0294 0.9548
vn 0.7539 0.0750 0.6527
vn 0.7539 0.0750 -0.6527
vn 0.2958 0.0294 -0.9548
vn 0.1350 0.0134 -0.9908
vn 0.0987 0.0098 -0.9951
vn -0.0178 -0.0018 0.9998
vn -0.0131 -0.0013 0.9999
vn -0.0332 0.0434 -0.9985
vn -0.0160 0.0209 -0.9997
vn -0.0555 0.0653 -0.9963
vn -0.6303 -0.5214 0.5752
vn -0.6947 -0.6316 0.3443
vn -0.7622 -0.6457 0.0457
vn -0.7622 -0.6458 -0.0453
vn -0.6948 -0.6317 -0.3439
vn -0.6304 -0.5217 -0.5748
vn -0.0555 0.0653 0.9963
vn -0.0332 0.0434 0.9985
vn -0.0160 0.0209 0.9997
vn -0.0360 0.0411 -0.9985
vn -0.0174 0.0198 -0.9997
vn -0.0796 0.0908 -0.9927
vn -0.1479 0.1687 -0.9745
vn -0.3015 0.3440 -0.8892
vn -0.5961 0.6802 -0.4267
vn -0.5961 0.6802 0.4267
vn -0.3015 0.3440 0.8892
vn -0.1479 0.1687 0.9745
vn -0.0796 0.0908 0.9927
vn -0.0360 0.0411 0.9985
vn -0.0174 0.0198 0.9997
vn -0.0384 0.0388 -0.9985
vn -0.0186 0.0187 -0.9997
vn -0.0850 0.0858 -0.9927
vn -0.1578 0.1593 -0.9745
vn -0.3219 0.3249 -0.8893
vn -0.6366 0.6424 -0.4267
vn -0.6366 0.6424 0.4267
vn -0.3219 0.3249 0.8893
vn -0.1578 0.1593 0.9745
vn -0.0850 0.0858 0.9927
vn -0.0384 0.0388 0.9985
vn -0.0186 0.0187 0.9997
vn -0.0404 0.0366 -0.9985
vn -0.0196 0.0177 -0.9997
vn -0.0895 0.0809 -0.9927
vn -0.1663 0.1504 -0.9745
vn -0.3392 0.3067 -0.8893
vn -0.6708 0.6066 -0.4267
vn -0.6708 0.6066 0.4267
vn -0.3392 0.3067 0.8893
vn -0.1663 0.1504 0.9745
vn -0.0895 0.0809 0.9927
vn -0.0404 0.0366 0.9985
vn -0.0196 0.0177 0.9997
vn -0.0421 0.0345 -0.9985
vn -0.0204 0.0167 -0.9997
vn -0.0932 0.0765 -0.9927
vn -0.1732 0.1422 -0.9746
vn -0.3533 0.2901 -0.8894
vn -0.6990 0.5739 -0.4267
vn -0.6990 0.5739 0.4267
vn -0.3533 0.2901 0.8894
vn -0.1732 0.1422 0.9746
vn -0.0932 0.0765 0.9927
vn -0.0421 0.0345 0.9985
vn -0.0204 0.0167 0.9997
vn -0.0434 0.0328 -0.9985
vn -0.0210 0.0159 -0.9997
vn -0.0962 0.0727 -0.9927
vn -0.1787 0.1351 -0.9746
vn -0.3646 0.2756 -0.8894
vn -0.7215 0.5453 -0.4267
vn -0.7215 0.5453 0.4267
vn -0.3646 0.2756 0.8894
vn -0.1787 0.1351 0.9746
vn -0.0962 0.0727 0.9927
vn -0.0434 0.0328 0.9985
vn -0.0210 0.0159 0.9997
vn -0.0444 0.0313 -0.9985
vn -0.0216 0.0152 -0.9997
vn -0.0984 0.0695 -0.9927
vn -0.1830 0.1291 -0.9746
vn -0.3733 0.2634 -0.8895
vn -0.7389 0.5214 -0.4268
vn -0.7389 0.5214 0.4268
vn -0.3733 0.2634 0.8895
vn -0.1830 0.1291 0.9746
vn -0.0984 0.0695 0.9927
vn -0.0444 0.0313 0.9985
vn -0.0216 0.0152 0.9997
vn -0.0451 0.0301 -0.9985
vn -0.0219 0.0147 -0.9997
vn -0.1001 0.0669 -0.9927
vn -0.1861 0.1244 -0.9746
vn -0.3798 0.2538 -0.8896
vn -0.7519 0.5024 -0.4268
vn -0.7519 0.5024 0.4268
vn -0.3798 0.2538 0.8896
vn -0.1861 0.1244 0.9746
vn -0.1001 0.0669 0.9927
vn -0.0451 0.0301 0.9985
vn -0.0219 0.0147 0.9997
vn -0.0456 0.0293 -0.9985
vn -0.0222 0.0142 -0.9997
vn -0.1013 0.0650 -0.9927
vn -0.1883 0.1208 -0.9746
vn -0.3844 0.2466 -0.8896
vn -0.7611 0.4883 -0.4268
vn -0.7611 0.4883 0.4268
vn -0.3844 0.2466 0.8896
vn -0.1883 0.1208 0.9746
vn -0.1013 0.0650 0.9927
vn -0.0456 0.0293 0.9985
vn -0.0222 0.0142 0.9997
vn -0.0459 0.0287 -0.9985
vn -0.0224 0.0140 -0.9997
vn -0.1021 0.0637 -0.9927
vn -0.1898 0.1185 -0.9747
vn -0.3873 0.2418 -0.8897
vn -0.7671 0.4789 -0.4269
vn -0.7671 0.4789 0.4269
vn -0.3873 0.2418 0.8897
vn -0.1898 0.1185 0.9747
vn -0.1021 0.0637 0.9927
vn -0.0459 0.0287 0.9985
vn -0.0224 0.0140 0.9997
vn -0.0461 0.0283 -0.9985
vn -0.0225 0.0138 -0.9997
vn -0.1024 0.0630 -0.9927
vn -0.1905 0.1172 -0.9747
vn -0.3888 0.2391 -0.8897
vn -0.7702 0.4737 -0.4270
vn -0.7702 0.4737 0.4270
vn -0.3888 0.2391 0.8897
vn -0.1905 0.1172 0.9747
vn -0.1024 0.0630 0.9927
vn -0.0461 0.0283 0.9985
vn -0.0225 0.0138 0.9997
vn -0.0460 0.0284 -0.9985
vn -0.0225 0.0139 -0.9997
vn -0.1022 0.0631 -0.9928
vn -0.1902 0.1174 -0.9747
vn -0.3883 0.2397 -0.8898
vn -0.7694 0.4749 -0.4271
vn -0.7694 0.4749 0.4271
vn -0.3883 0.2397 0.8898
vn -0.1902 0.1174 0.9747
vn -0.1022 0.0631 0.9928
vn -0.0460 0.0284 0.9985
vn -0.0225 0.0139 0.9997
vn -0.0457 0.0287 -0.9985
vn -0.1017 0.0639 -0.9928
vn -0.1892 0.1189 -0.9747
vn -0.3863 0.2427 -0.8899
vn -0.7657 0.4810 -0.4271
vn -0.7657 0.4810 0.4271
vn -0.3863 0.2427 0.8899
vn -0.1892 0.1189 0.9747
vn -0.1017 0.0639 0.9928
vn -0.0457 0.0287 0.9985
vn -0.0455 0.0291 -0.9985
vn -0.1011 0.0648 -0.9928
vn -0.1881 0.1206 -0.9747
vn -0.3841 0.2462 -0.8899
vn -0.7613 0.4879 -0.4271
vn -0.7613 0.4879 0.4271
vn -0.3841 0.2462 0.8899
vn -0.1881 0.1206 0.9747
vn -0.1011 0.0648 0.9928
vn -0.0455 0.0291 0.9985
vn -0.0452 0.0296 -0.9985
vn -0.0221 0.0145 -0.9997
vn -0.1005 0.0658 -0.9928
vn -0.1869 0.1224 -0.9747
vn -0.3816 0.2500 -0.8899
vn -0.7564 0.4954 -0.4271
vn -0.7564 0.4954 0.4271
vn -0.3816 0.2500 0.8899
vn -0.1869 0.1224 0.9747
vn -0.1005 0.0658 0.9928
vn -0.0452 0.0296 0.9985
vn -0.0221 0.0145 0.9997
vn -0.0449 0.0300 -0.9985
vn -0.0998 0.0668 -0.9928
vn -0.1857 0.1243 -0.9747
vn -0.3791 0.2538 -0.8899
vn -0.7514 0.5030 -0.4271
vn -0.7514 0.5030 0.4271
vn -0.3791 0.2538 0.8899
vn -0.1857 0.1243 0.9747
vn -0.0998 0.0668 0.9928
vn -0.0449 0.0300 0.9985
vn -0.0446 0.0305 -0.9985
vn -0.0218 0.0149 -0.9997
vn -0.0992 0.0678 -0.9928
vn -0.1845 0.1261 -0.9747
vn -0.3767 0.2574 -0.8899
vn -0.7466 0.5102 -0.4270
vn -0.7466 0.5102 0.4270
vn -0.3767 0.2574 0.8899
vn -0.1845 0.1261 0.9747
vn -0.0992 0.0678 0.9928
vn -0.0446 0.0305 0.9985
vn -0.0218 0.0149 0.9997
vn -0.0443 0.0308 -0.9985
vn -0.0217 0.0151 -0.9997
vn -0.0986 0.0686 -0.9928
vn -0.1834 0.1276 -0.9747
vn -0.3745 0.2606 -0.8899
vn -0.7422 0.5165 -0.4270
vn -0.7422 0.5165 0.4270
vn -0.3745 0.2606 0.8899
vn -0.1834 0.1276 0.9747
vn -0.0986 0.0686 0.9928
vn -0.0443 0.0308 0.9985
vn -0.0217 0.0151 0.9997
vn -0.0441 0.0312 -0.9985
vn -0.0981 0.0693 -0.9928
vn -0.1826 0.1289 -0.9747
vn -0.3727 0.2632 -0.8898
vn -0.7386 0.5216 -0.4270
vn -0.7386 0.5216 0.4270
vn -0.3727 0.2632 0.8898
vn -0.1826 0.1289 0.9747
vn -0.0981 0.0693 0.9928
vn -0.0441 0.0312 0.9985
vn -0.0440 0.0314 -0.9985
vn -0.0215 0.0153 -0.9997
vn -0.0978 0.0698 -0.9928
vn -0.1819 0.1299 -0.9747
vn -0.3714 0.2651 -0.8898
vn -0.7359 0.5254 -0.4271
vn -0.7359 0.5254 0.4270
vn -0.3714 0.2651 0.8898
vn -0.1819 0.1299 0.9747
vn -0.0978 0.0698 0.9928
vn -0.0440 0.0314 0.9985
vn -0.0215 0.0153 0.9997
vn -0.0439 0.0316 -0.9985
vn -0.0214 0.0154 -0.9997
vn -0.0976 0.0702 -0.9928
vn -0.1815 0.1305 -0.9747
vn -0.3705 0.2664 -0.8898
vn -0.7341 0.5279 -0.4271
vn -0.7341 0.5279 0.4271
vn -0.3705 0.2664 0.8898
vn -0.1815 0.1305 0.9747
vn -0.0976 0.0702 0.9928
vn -0.0439 0.0316 0.9985
vn -0.0214 0.0154 0.9997
vn -0.0438 0.0317 -0.9985
vn -0.0974 0.0704 -0.9927
vn -0.1813 0.1309 -0.9747
vn -0.3700 0.2672 -0.8898
vn -0.7331 0.5294 -0.4270
vn -0.7331 0.5294 0.4270
vn -0.3700 0.2672 0.8898
vn -0.1813 0.1309 0.9747
vn -0.0974 0.0704 0.9927
vn -0.0438 0.0317 0.9985
vn -0.0214 0.0155 -0.9997
vn -0.1812 0.1310 -0.9747
vn -0.3698 0.2675 -0.8898
vn -0.7327 0.5299 -0.4270
vn -0.7327 0.5299 0.4270
vn -0.3698 0.2675 0.8898
vn -0.1812 0.1310 0.9747
vn -0.0214 0.0155 0.9997
vn -0.0304 -0.0155 -0.9994
vn -0.0107 -0.0055 -0.9999
vn -0.0605 -0.0309 -0.9977
vn -0.1123 -0.0573 -0.9920
vn -0.2492 -0.1273 -0.9600
vn -0.6525 -0.3333 -0.6806
vn -0.6525 -0.3333 0.6806
vn -0.2492 -0.1273 0.9600
vn -0.1123 -0.0573 0.9920
vn -0.0605 -0.0309 0.9977
vn -0.0304 -0.0155 0.9994
vn -0.0107 -0.0055 0.9999
vn 0.0265 -0.0486 -0.9985
vn 0.0111 -0.0203 -0.9997
vn 0.0553 -0.1012 -0.9933
vn 0.1010 -0.1850 -0.9775
vn 0.2068 -0.3788 -0.9021
vn 0.4246 -0.7778 -0.4634
vn 0.4246 -0.7778 0.4634
vn 0.2068 -0.3788 0.9021
vn 0.1010 -0.1850 0.9775
vn 0.0553 -0.1012 0.9933
vn 0.0265 -0.0486 0.9985
vn 0.0111 -0.0203 0.9997
vn 0.0452 -0.0295 -0.9985
vn 0.0221 -0.0144 -0.9997
vn 0.1006 -0.0656 -0.9928
vn 0.1871 -0.1221 -0.9747
vn 0.3820 -0.2493 -0.8899
vn 0.7572 -0.4941 -0.4271
vn 0.7572 -0.4941 0.4271
vn 0.3820 -0.2493 0.8899
vn 0.1871 -0.1221 0.9747
vn 0.1006 -0.0656 0.9928
vn 0.0452 -0.0295 0.9985
vn 0.0221 -0.0144 0.9997
vn 0.0443 -0.0304 -0.9986
vn 0.0218 -0.0149 -0.9997
vn 0.0988 -0.0678 -0.9928
vn 0.1840 -0.1262 -0.9748
vn 0.3758 -0.2579 -0.8901
vn 0.7455 -0.5115 -0.4273
vn 0.7455 -0.5115 0.4273
vn 0.3758 -0.2579 0.8901
vn 0.1840 -0.1262 0.9748
vn 0.0988 -0.0678 0.9928
vn 0.0443 -0.0304 0.9986
vn 0.0218 -0.0149 0.9997
vn 0.0431 -0.0320 -0.9986
vn 0.0212 -0.0157 -0.9997
vn 0.0962 -0.0714 -0.9928
vn 0.1791 -0.1329 -0.9748
vn 0.3658 -0.2715 -0.8902
vn 0.7259 -0.5388 -0.4274
vn 0.7259 -0.5388 0.4274
vn 0.3658 -0.2715 0.8902
vn 0.1791 -0.1329 0.9748
vn 0.0962 -0.0714 0.9928
vn 0.0431 -0.0320 0.9986
vn 0.0212 -0.0157 0.9997
vn 0.0415 -0.0339 -0.9986
vn 0.0204 -0.0167 -0.9997
vn 0.0926 -0.0758 -0.9928
vn 0.1725 -0.1411 -0.9749
vn 0.3524 -0.2883 -0.8903
vn 0.6997 -0.5724 -0.4276
vn 0.6997 -0.5724 0.4276
vn 0.3524 -0.2883 0.8903
vn 0.1725 -0.1411 0.9749
vn 0.0926 -0.0758 0.9928
vn 0.0415 -0.0339 0.9986
vn 0.0204 -0.0167 0.9997
vn 0.0393 -0.0363 -0.9986
vn 0.0194 -0.0179 -0.9997
vn 0.0878 -0.0810 -0.9928
vn 0.1636 -0.1510 -0.9749
vn 0.3343 -0.3086 -0.8905
vn 0.6642 -0.6131 -0.4278
vn 0.6642 -0.6131 0.4278
vn 0.3343 -0.3086 0.8905
vn 0.1636 -0.1510 0.9749
vn 0.0878 -0.0810 0.9928
vn 0.0393 -0.0363 0.9986
vn 0.0194 -0.0179 0.9997
vn 0.0363 -0.0390 -0.9986
vn 0.0180 -0.0193 -0.9997
vn 0.0813 -0.0873 -0.9929
vn 0.1516 -0.1626 -0.9750
vn 0.3099 -0.3325 -0.8907
vn 0.6161 -0.6612 -0.4280
vn 0.6161 -0.6612 0.4280
vn 0.3099 -0.3325 0.8907
vn 0.1516 -0.1626 0.9750
vn 0.0813 -0.0873 0.9929
vn 0.0363 -0.0390 0.9986
vn 0.0180 -0.0193 0.9997
vn 0.0325 -0.0421 -0.9986
vn 0.0161 -0.0209 -0.9997
vn 0.0727 -0.0942 -0.9929
vn 0.1356 -0.1757 -0.9750
vn 0.2774 -0.3594 -0.8910
vn 0.5521 -0.7153 -0.4284
vn 0.5521 -0.7153 0.4284
vn 0.2774 -0.3594 0.8910
vn 0.1356 -0.1757 0.9750
vn 0.0727 -0.0942 0.9929
vn 0.0325 -0.0421 0.9986
vn 0.0161 -0.0209 0.9997
vn 0.0275 -0.0452 -0.9986
vn 0.0137 -0.0225 -0.9997
vn 0.0618 -0.1015 -0.9929
vn 0.1152 -0.1894 -0.9751
vn 0.2358 -0.3874 -0.8912
vn 0.4697 -0.7718 -0.4287
vn 0.4697 -0.7718 0.4287
vn 0.2358 -0.3874 0.8912
vn 0.1152 -0.1894 0.9751
vn 0.0618 -0.1015 0.9929
vn 0.0275 -0.0452 0.9986
vn 0.0137 -0.0225 0.9997
vn 0.0217 -0.0482 -0.9986
vn 0.0108 -0.0240 -0.9997
vn 0.0487 -0.1082 -0.9929
vn 0.0908 -0.2020 -0.9752
vn 0.1858 -0.4134 -0.8914
vn 0.3704 -0.8240 -0.4289
vn 0.3704 -0.8240 0.4289
vn 0.1858 -0.4134 0.8914
vn 0.0908 -0.2020 0.9752
vn 0.0487 -0.1082 0.9929
vn 0.0217 -0.0482 0.9986
vn 0.0108 -0.0240 0.9997
vn 0.0153 -0.0506 -0.9986
vn 0.0076 -0.0252 -0.9997
vn 0.0344 -0.1136 -0.9929
vn 0.0641 -0.2120 -0.9752
vn 0.1312 -0.4339 -0.8914
vn 0.2616 -0.8647 -0.4288
vn 0.2616 -0.8647 0.4288
vn 0.1312 -0.4339 0.8914
vn 0.0641 -0.2120 0.9752
vn 0.0344 -0.1136 0.9929
vn 0.0153 -0.0506 0.9986
vn 0.0076 -0.0252 0.9997
vn 0.0092 -0.0522 -0.9986
vn 0.0046 -0.0260 -0.9997
vn 0.0205 -0.1171 -0.9929
vn 0.0383 -0.2185 -0.9751
vn 0.0784 -0.4469 -0.8911
vn 0.1561 -0.8899 -0.4285
vn 0.1561 -0.8899 0.4285
vn 0.0784 -0.4469 0.8911
vn 0.0383 -0.2185 0.9751
vn 0.0205 -0.1171 0.9929
vn 0.0092 -0.0522 0.9986
vn 0.0046 -0.0260 0.9997
vn 0.0040 -0.0531 -0.9986
vn 0.0020 -0.0263 -0.9997
vn 0.0089 -0.1189 -0.9929
vn 0.0166 -0.2217 -0.9750
vn 0.0340 -0.4532 -0.8908
vn 0.0675 -0.9012 -0.4281
vn 0.0675 -0.9012 0.4281
vn 0.0340 -0.4532 0.8908
vn 0.0166 -0.2217 0.9750
vn 0.0089 -0.1189 0.9929
vn 0.0040 -0.0531 0.9986
vn 0.0020 -0.0263 0.9997
vn 0.0009 -0.0538 -0.9986
vn 0.0004 -0.0264 -0.9997
vn 0.0019 -0.1199 -0.9928
vn 0.0036 -0.2231 -0.9748
vn 0.0073 -0.4557 -0.8901
vn 0.0145 -0.9040 -0.4273
vn 0.0145 -0.9040 0.4273
vn 0.0073 -0.4557 0.8901
vn 0.0036 -0.2231 0.9748
vn 0.0019 -0.1199 0.9928
vn 0.0009 -0.0538 0.9986
vn 0.0004 -0.0264 0.9997
vn -0.5794 -0.5794 -0.5732
vn -0.5794 -0.5794 0.5732
vn -0.0012 0.0544 -0.9985
vn -0.0006 0.0264 -0.9997
vn -0.0027 0.1206 -0.9927
vn -0.0050 0.2241 -0.9746
vn -0.0103 0.4571 -0.8894
vn -0.0204 0.9042 -0.4267
vn -0.0204 0.9042 0.4267
vn -0.0103 0.4571 0.8894
vn -0.0050 0.2241 0.9746
vn -0.0027 0.1206 0.9927
vn -0.0012 0.0544 0.9985
vn -0.0006 0.0264 0.9997
vn 0.0012 0.0537 -0.9986
vn 0.0050 0.0529 -0.9986
vn 0.0025 0.0262 -0.9997
vn 0.0027 0.1197 -0.9928
vn 0.0112 0.1185 -0.9929
vn 0.0049 0.2229 -0.9748
vn 0.0210 0.2210 -0.9750
vn 0.0101 0.4554 -0.8902
vn 0.0428 0.4520 -0.8910
vn 0.0200 0.9038 -0.4275
vn 0.0853 0.8996 -0.4283
vn 0.0200 0.9038 0.4275
vn 0.0853 0.8996 0.4283
vn 0.0101 0.4554 0.8902
vn 0.0428 0.4520 0.8910
vn 0.0049 0.2229 0.9748
vn 0.0210 0.2210 0.9750
vn 0.0027 0.1197 0.9928
vn 0.0112 0.1185 0.9929
vn 0.0012 0.0537 0.9986
vn 0.0050 0.0529 0.9986
vn 0.0025 0.0262 0.9997
vn 0.0107 0.0519 -0.9986
vn 0.0053 0.0258 -0.9997
vn 0.0240 0.1164 -0.9929
vn 0.0447 0.2172 -0.9751
vn 0.0915 0.4443 -0.8912
vn 0.1823 0.8849 -0.4287
vn 0.1823 0.8849 0.4287
vn 0.0915 0.4443 0.8912
vn 0.0447 0.2172 0.9751
vn 0.0240 0.1164 0.9929
vn 0.0107 0.0519 0.9986
vn 0.0053 0.0258 0.9997
vn 0.0170 0.0500 -0.9986
vn 0.0085 0.0249 -0.9997
vn 0.0383 0.1123 -0.9929
vn 0.0714 0.2096 -0.9752
vn 0.1461 0.4289 -0.8915
vn 0.2914 0.8550 -0.4290
vn 0.2914 0.8550 0.4290
vn 0.1461 0.4289 0.8915
vn 0.0714 0.2096 0.9752
vn 0.0383 0.1123 0.9929
vn 0.0170 0.0500 0.9986
vn 0.0085 0.0249 0.9997
vn 0.0238 0.0469 -0.9986
vn 0.0119 0.0235 -0.9997
vn 0.0536 0.1056 -0.9930
vn 0.1001 0.1971 -0.9753
vn 0.2050 0.4035 -0.8917
vn 0.4090 0.8052 -0.4293
vn 0.4090 0.8052 0.4293
vn 0.2050 0.4035 0.8917
vn 0.1001 0.1971 0.9753
vn 0.0536 0.1056 0.9930
vn 0.0238 0.0469 0.9986
vn 0.0119 0.0235 0.9997
vn 0.0307 0.0426 -0.9986
vn 0.0154 0.0213 -0.9997
vn 0.0692 0.0959 -0.9930
vn 0.1292 0.1791 -0.9753
vn 0.2646 0.3667 -0.8919
vn 0.5284 0.7323 -0.4295
vn 0.5284 0.7323 0.4295
vn 0.2646 0.3667 0.8919
vn 0.1292 0.1791 0.9753
vn 0.0692 0.0959 0.9930
vn 0.0307 0.0426 0.9986
vn 0.0154 0.0213 0.9997
vn 0.0372 0.0370 -0.9986
vn 0.0186 0.0186 -0.9997
vn 0.0838 0.0834 -0.9930
vn 0.1565 0.1557 -0.9753
vn 0.3205 0.3189 -0.8920
vn 0.6400 0.6370 -0.4297
vn 0.6400 0.6370 0.4297
vn 0.3204 0.3189 0.8920
vn 0.1565 0.1557 0.9753
vn 0.0838 0.0834 0.9930
vn 0.0372 0.0370 0.9986
vn 0.0186 0.0186 0.9997
vn 0.0427 0.0305 -0.9986
vn 0.0214 0.0153 -0.9997
vn 0.0962 0.0687 -0.9930
vn 0.1797 0.1283 -0.9753
vn 0.3681 0.2627 -0.8919
vn 0.7350 0.5247 -0.4296
vn 0.7350 0.5247 0.4296
vn 0.3681 0.2627 0.8919
vn 0.1797 0.1283 0.9753
vn 0.0962 0.0687 0.9930
vn 0.0427 0.0305 0.9986
vn 0.0214 0.0153 0.9997
vn 0.0471 0.0236 -0.9986
vn 0.0235 0.0118 -0.9997
vn 0.1059 0.0530 -0.9930
vn 0.1977 0.0990 -0.9753
vn 0.4047 0.2026 -0.8917
vn 0.8076 0.4043 -0.4293
vn 0.8076 0.4043 0.4293
vn 0.4047 0.2026 0.8917
vn 0.1977 0.0990 0.9753
vn 0.1059 0.0530 0.9930
vn 0.0471 0.0236 0.9986
vn 0.0235 0.0118 0.9997
vn 0.0501 0.0167 -0.9986
vn 0.0250 0.0083 -0.9997
vn 0.1125 0.0374 -0.9929
vn 0.2100 0.0699 -0.9752
vn 0.4299 0.1430 -0.8915
vn 0.8571 0.2851 -0.4290
vn 0.8571 0.2851 0.4290
vn 0.4299 0.1430 0.8915
vn 0.2100 0.0699 0.9752
vn 0.1125 0.0374 0.9929
vn 0.0501 0.0167 0.9986
vn 0.0250 0.0083 0.9997
vn 0.0520 0.0102 -0.9986
vn 0.0258 0.0051 -0.9997
vn 0.1166 0.0229 -0.9929
vn 0.2175 0.0426 -0.9751
vn 0.4451 0.0872 -0.8912
vn 0.8866 0.1738 -0.4287
vn 0.8866 0.1738 0.4287
vn 0.4451 0.0872 0.8912
vn 0.2175 0.0426 0.9751
vn 0.1166 0.0229 0.9929
vn 0.0520 0.0102 0.9986
vn 0.0258 0.0051 0.9997
vn 0.0529 0.0043 -0.9986
vn 0.0263 0.0022 -0.9997
vn 0.1186 0.0097 -0.9929
vn 0.2212 0.0181 -0.9751
vn 0.4525 0.0371 -0.8910
vn 0.9006 0.0738 -0.4283
vn 0.9006 0.0738 0.4283
vn 0.4525 0.0371 0.8910
vn 0.2212 0.0181 0.9751
vn 0.1186 0.0097 0.9929
vn 0.0529 0.0043 0.9986
vn 0.0263 0.0022 0.9997
vn 0.0532 -0.0010 -0.9986
vn 0.0264 -0.0005 -0.9997
vn 0.1191 -0.0022 -0.9929
vn 0.2221 -0.0041 -0.9750
vn 0.4541 -0.0084 -0.8909
vn 0.9035 -0.0167 -0.4282
vn 0.9035 -0.0167 0.4282
vn 0.4541 -0.0084 0.8909
vn 0.2221 -0.0041 0.9750
vn 0.1191 -0.0022 0.9929
vn 0.0532 -0.0010 0.9986
vn 0.0264 -0.0005 0.9997
vn 0.0526 -0.0066 -0.9986
vn 0.1180 -0.0147 -0.9929
vn 0.2200 -0.0275 -0.9751
vn 0.4502 -0.0562 -0.8912
vn 0.8965 -0.1119 -0.4286
vn 0.8965 -0.1119 0.4286
vn 0.4502 -0.0562 0.8912
vn 0.2200 -0.0275 0.9751
vn 0.1180 -0.0147 0.9929
vn 0.0526 -0.0066 0.9986
vn 0.0512 -0.0130 -0.9986
vn 0.0255 -0.0065 -0.9997
vn 0.1150 -0.0292 -0.9929
vn 0.2146 -0.0545 -0.9752
vn 0.4392 -0.1115 -0.8915
vn 0.8755 -0.2224 -0.4289
vn 0.8755 -0.2224 0.4289
vn 0.4392 -0.1115 0.8915
vn 0.2146 -0.0545 0.9752
vn 0.1150 -0.0292 0.9929
vn 0.0512 -0.0130 0.9986
vn 0.0255 -0.0065 0.9997
vn 0.0486 -0.0201 -0.9986
vn 0.0243 -0.0100 -0.9997
vn 0.1094 -0.0451 -0.9930
vn 0.2043 -0.0843 -0.9753
vn 0.4184 -0.1726 -0.8917
vn 0.8349 -0.3444 -0.4293
vn 0.8349 -0.3444 0.4293
vn 0.4184 -0.1726 0.8917
vn 0.2043 -0.0843 0.9753
vn 0.1094 -0.0451 0.9930
vn 0.0486 -0.0201 0.9986
vn 0.0243 -0.0100 0.9997
vn 0.0448 -0.0274 -0.9986
vn 0.0224 -0.0137 -0.9997
vn 0.1009 -0.0616 -0.9930
vn 0.1884 -0.1151 -0.9753
vn 0.3858 -0.2358 -0.8920
vn 0.7705 -0.4709 -0.4296
vn 0.7705 -0.4709 0.4296
vn 0.3858 -0.2358 0.8919
vn 0.1884 -0.1151 0.9753
vn 0.1009 -0.0616 0.9930
vn 0.0448 -0.0274 0.9986
vn 0.0224 -0.0137 0.9997
vn 0.0396 -0.0344 -0.9986
vn 0.0199 -0.0172 -0.9997
vn 0.0893 -0.0774 -0.9930
vn 0.1667 -0.1446 -0.9753
vn 0.3415 -0.2961 -0.8920
vn 0.6822 -0.5915 -0.4297
vn 0.6822 -0.5915 0.4297
vn 0.3415 -0.2961 0.8920
vn 0.1667 -0.1446 0.9753
vn 0.0893 -0.0774 0.9930
vn 0.0396 -0.0344 0.9986
vn 0.0199 -0.0172 0.9997
vn 0.0335 -0.0404 -0.9986
vn 0.0168 -0.0203 -0.9997
vn 0.0753 -0.0911 -0.9930
vn 0.1407 -0.1701 -0.9753
vn 0.2882 -0.3484 -0.8919
vn 0.5756 -0.6958 -0.4296
vn 0.5756 -0.6958 0.4296
vn 0.2882 -0.3484 0.8919
vn 0.1407 -0.1701 0.9753
vn 0.0753 -0.0911 0.9930
vn 0.0335 -0.0404 0.9986
vn 0.0168 -0.0203 0.9997
vn 0.0268 -0.0453 -0.9986
vn 0.0134 -0.0226 -0.9997
vn 0.0603 -0.1019 -0.9930
vn 0.1127 -0.1902 -0.9753
vn 0.2307 -0.3894 -0.8917
vn 0.4603 -0.7771 -0.4293
vn 0.4603 -0.7771 0.4293
vn 0.2306 -0.3894 0.8917
vn 0.1127 -0.1902 0.9753
vn 0.0603 -0.1019 0.9930
vn 0.0268 -0.0453 0.9986
vn 0.0134 -0.0226 0.9997
vn 0.0203 -0.0488 -0.9986
vn 0.0101 -0.0243 -0.9997
vn 0.0455 -0.1096 -0.9929
vn 0.0849 -0.2045 -0.9752
vn 0.1738 -0.4185 -0.8914
vn 0.3464 -0.8343 -0.4289
vn 0.3464 -0.8343 0.4289
vn 0.1738 -0.4185 0.8914
vn 0.0849 -0.2045 0.9752
vn 0.0455 -0.1096 0.9929
vn 0.0203 -0.0488 0.9986
vn 0.0101 -0.0243 0.9997
vn 0.0142 -0.0511 -0.9986
vn 0.0318 -0.1146 -0.9929
vn 0.0592 -0.2137 -0.9751
vn 0.1212 -0.4372 -0.8912
vn 0.2414 -0.8707 -0.4285
vn 0.2414 -0.8707 0.4285
vn 0.1212 -0.4372 0.8912
vn 0.0592 -0.2137 0.9751
vn 0.0318 -0.1146 0.9929
vn 0.0142 -0.0511 0.9986
vn 0.0087 -0.0525 -0.9986
vn 0.0043 -0.0260 -0.9997
vn 0.0196 -0.1175 -0.9929
vn 0.0365 -0.2191 -0.9750
vn 0.0747 -0.4480 -0.8909
vn 0.1486 -0.8914 -0.4282
vn 0.1486 -0.8914 0.4282
vn 0.0747 -0.4480 0.8909
vn 0.0365 -0.2191 0.9750
vn 0.0196 -0.1175 0.9929
vn 0.0087 -0.0525 0.9986
vn 0.0043 -0.0260 0.9997
vn 0.0041 -0.0532 -0.9986
vn 0.0091 -0.1190 -0.9929
vn 0.0169 -0.2217 -0.9750
vn 0.0346 -0.4533 -0.8907
vn 0.0689 -0.9011 -0.4280
vn 0.0689 -0.9011 0.4280
vn 0.0346 -0.4533 0.8907
vn 0.0169 -0.2217 0.9750
vn 0.0091 -0.1190 0.9929
vn 0.0041 -0.0532 0.9986
vn 0.0010 -0.0537 -0.9986
vn 0.0005 -0.0264 -0.9997
vn 0.0021 -0.1198 -0.9928
vn 0.0040 -0.2231 -0.9748
vn 0.0081 -0.4556 -0.8901
vn 0.0161 -0.9039 -0.4274
vn 0.0161 -0.9039 0.4274
vn 0.0081 -0.4556 0.8901
vn 0.0040 -0.2231 0.9748
vn 0.0021 -0.1198 0.9928
vn 0.0010 -0.0537 0.9986
vn 0.0005 -0.0264 0.9997
vn -0.5794 -0.5795 -0.5731
vn -0.5794 0.5794 -0.5732
vn -0.5794 0.5794 0.5732
vt 0.688172 0.000000
vt 0.989247 0.000000
vt 0.698925 0.000000
vt 0.709677 0.000000
vt 0.000000 0.000000
vt 0.010753 0.000000
vt 0.021505 0.000000
vt 0.032258 0.000000
vt 0.043011 0.000000
vt 0.053763 0.000000
vt 0.064516 0.000000
vt 0.978495 0.000000
vt 0.075269 0.000000
vt 1.000000 0.000000
vt 0.967742 0.000000
vt 0.956989 0.000000
vt 0.946237 0.000000
vt 0.086022 0.000000
vt 0.935484 0.000000
vt 0.924731 0.000000
vt 0.913979 0.000000
vt 0.096774 0.000000
vt 0.903226 0.000000
vt 0.892473 0.000000
vt 0.881720 0.000000
vt 0.107527 0.000000
vt 0.870968 0.000000
vt 0.860215 0.000000
vt 0.118280 0.000000
vt 0.849462 0.000000
vt 0.838710 0.000000
vt 0.129032 0.000000
vt 0.827957 0.000000
vt 0.139785 0.000000
vt 0.817204 0.000000
vt 0.806452 0.000000
vt 0.150538 0.000000
vt 0.795699 0.000000
vt 0.161290 0.000000
vt 0.784946 0.000000
vt 0.172043 0.000000
vt 0.774194 0.000000
vt 0.763441 0.000000
vt 0.182796 0.000000
vt 0.752688 0.000000
vt 0.741935 0.000000
vt 0.193548 0.000000
vt 0.731183 0.000000
vt 0.720430 0.000000
vt 0.666667 0.000000
vt 0.204301 0.000000
vt 0.215054 0.000000
vt 0.225806 0.000000
vt 0.236559 0.000000
vt 0.247312 0.000000
vt 0.258065 0.000000
vt 0.268817 0.000000
vt 0.655914 0.000000
vt 0.645161 0.000000
vt 0.279570 0.000000
vt 0.677419 0.000000
vt 0.634409 0.000000
vt 0.623656 0.000000
vt 0.612903 0.000000
vt 0.290323 0.000000
vt 0.602151 0.000000
vt 0.591398 0.000000
vt 0.301075 0.000000
vt 0.580645 0.000000
vt 0.311828 0.000000
vt 0.569892 0.000000
vt 0.322581 0.000000
vt 0.559140 0.000000
vt 0.333333 0.000000
vt 0.548387 0.000000
vt 0.344086 0.000000
vt 0.537634 0.000000
vt 0.354839 0.000000
vt 0.365591 0.000000
vt 0.526882 0.000000
vt 0.376344 0.000000
vt 0.516129 0.000000
vt 0.387097 0.000000
vt 0.397849 0.000000
vt 0.408602 0.000000
vt 0.419355 0.000000
vt 0.430108 0.000000
vt 0.440860 0.000000
vt 0.451613 0.000000
vt 0.462366 0.000000
vt 0.473118 0.000000
vt 0.483871 0.000000
vt 0.494624 0.000000
vt 0.505376 0.000000
vt 0.400000 0.000000
vt 0.600000 0.000000
vt 0.500000 0.000000
vt 0.900000 0.000000
vt 0.700000 0.000000
vt 0.800000 0.000000
vt 0.200000 0.000000
vt 0.100000 0.000000
vt 0.300000 0.000000
vt 0.727273 0.000000
vt 0.818182 0.000000
vt 0.909091 0.000000
vt 0.090909 0.000000
vt 0.363636 0.000000
vt 0.181818 0.000000
vt 0.272727 0.000000
vt 0.454545 0.000000
vt 0.545455 0.000000
vt 0.636364 0.000000
vt 0.855670 0.000000
vt 0.876289 0.000000
vt 0.865979 0.000000
vt 0.886598 0.000000
vt 0.896907 0.000000
vt 0.845361 0.000000
vt 0.907216 0.000000
vt 0.917526 0.000000
vt 0.927835 0.000000
vt 0.835052 0.000000
vt 0.938144 0.000000
vt 0.948454 0.000000
vt 0.958763 0.000000
vt 0.824742 0.000000
vt 0.969072 0.000000
vt 0.979381 0.000000
vt 0.989691 0.000000
vt 0.814433 0.000000
vt 0.092784 0.000000
vt 0.082474 0.000000
vt 0.072165 0.000000
vt 0.061856 0.000000
vt 0.051546 0.000000
vt 0.041237 0.000000
vt 0.030928 0.000000
vt 0.020619 0.000000
vt 0.010309 0.000000
vt 0.804124 0.000000
vt 0.113402 0.000000
vt 0.103093 0.000000
vt 0.123711 0.000000
vt 0.134021 0.000000
vt 0.144330 0.000000
vt 0.793814 0.000000
vt 0.154639 0.000000
vt 0.164948 0.000000
vt 0.783505 0.000000
vt 0.175258 0.000000
vt 0.185567 0.000000
vt 0.773196 0.000000
vt 0.195876 0.000000
vt 0.762887 0.000000
vt 0.206186 0.000000
vt 0.216495 0.000000
vt 0.752577 0.000000
vt 0.226804 0.000000
vt 0.742268 0.000000
vt 0.237113 0.000000
vt 0.247423 0.000000
vt 0.731959 0.000000
vt 0.257732 0.000000
vt 0.721649 0.000000
vt 0.268041 0.000000
vt 0.711340 0.000000
vt 0.278351 0.000000
vt 0.701031 0.000000
vt 0.288660 0.000000
vt 0.690722 0.000000
vt 0.298969 0.000000
vt 0.474227 0.000000
vt 0.494845 0.000000
vt 0.484536 0.000000
vt 0.309278 0.000000
vt 0.463918 0.000000
vt 0.680412 0.000000
vt 0.453608 0.000000
vt 0.319588 0.000000
vt 0.443299 0.000000
vt 0.432990 0.000000
vt 0.329897 0.000000
vt 0.422680 0.000000
vt 0.670103 0.000000
vt 0.412371 0.000000
vt 0.340206 0.000000
vt 0.402062 0.000000
vt 0.391753 0.000000
vt 0.350515 0.000000
vt 0.381443 0.000000
vt 0.371134 0.000000
vt 0.360825 0.000000
vt 0.659794 0.000000
vt 0.505155 0.000000
vt 0.649485 0.000000
vt 0.515464 0.000000
vt 0.525773 0.000000
vt 0.536082 0.000000
vt 0.639175 0.000000
vt 0.546392 0.000000
vt 0.556701 0.000000
vt 0.567010 0.000000
vt 0.628866 0.000000
vt 0.577320 0.000000
vt 0.587629 0.000000
vt 0.597938 0.000000
vt 0.618557 0.000000
vt 0.608247 0.000000
vt 0.571429 0.000000
vt 0.714286 0.000000
vt 0.642857 0.000000
vt 0.428571 0.000000
vt 0.357143 0.000000
vt 0.785714 0.000000
vt 0.928571 0.000000
vt 0.857143 0.000000
vt 0.142857 0.000000
vt 0.071429 0.000000
vt 0.285714 0.000000
vt 0.214286 0.000000
vt 0.336634 0.000000
vt 0.356436 0.000000
vt 0.346535 0.000000
vt 0.366337 0.000000
vt 0.376238 0.000000
vt 0.386139 0.000000
vt 0.326733 0.000000
vt 0.396040 0.000000
vt 0.405941 0.000000
vt 0.415842 0.000000
vt 0.316832 0.000000
vt 0.425743 0.000000
vt 0.435644 0.000000
vt 0.306931 0.000000
vt 0.445545 0.000000
vt 0.455446 0.000000
vt 0.297030 0.000000
vt 0.465347 0.000000
vt 0.574257 0.000000
vt 0.564356 0.000000
vt 0.554455 0.000000
vt 0.544554 0.000000
vt 0.534653 0.000000
vt 0.524752 0.000000
vt 0.514852 0.000000
vt 0.504951 0.000000
vt 0.495050 0.000000
vt 0.485149 0.000000
vt 0.475248 0.000000
vt 0.287129 0.000000
vt 0.594059 0.000000
vt 0.584158 0.000000
vt 0.603960 0.000000
vt 0.613861 0.000000
vt 0.623762 0.000000
vt 0.277228 0.000000
vt 0.633663 0.000000
vt 0.643564 0.000000
vt 0.267327 0.000000
vt 0.653465 0.000000
vt 0.663366 0.000000
vt 0.257426 0.000000
vt 0.673267 0.000000
vt 0.247525 0.000000
vt 0.683168 0.000000
vt 0.693069 0.000000
vt 0.237624 0.000000
vt 0.702970 0.000000
vt 0.227723 0.000000
vt 0.712871 0.000000
vt 0.722772 0.000000
vt 0.217822 0.000000
vt 0.970297 0.000000
vt 0.990099 0.000000
vt 0.980198 0.000000
vt 0.960396 0.000000
vt 0.732673 0.000000
vt 0.207921 0.000000
vt 0.742574 0.000000
vt 0.950495 0.000000
vt 0.198020 0.000000
vt 0.752475 0.000000
vt 0.762376 0.000000
vt 0.188119 0.000000
vt 0.772277 0.000000
vt 0.178218 0.000000
vt 0.782178 0.000000
vt 0.792079 0.000000
vt 0.168317 0.000000
vt 0.801980 0.000000
vt 0.940594 0.000000
vt 0.930693 0.000000
vt 0.920792 0.000000
vt 0.811881 0.000000
vt 0.910891 0.000000
vt 0.900990 0.000000
vt 0.891089 0.000000
vt 0.821782 0.000000
vt 0.158416 0.000000
vt 0.881188 0.000000
vt 0.871287 0.000000
vt 0.861386 0.000000
vt 0.831683 0.000000
vt 0.851485 0.000000
vt 0.841584 0.000000
vt 0.148515 0.000000
vt 0.009901 0.000000
vt 0.138614 0.000000
vt 0.019802 0.000000
vt 0.029703 0.000000
vt 0.128713 0.000000
vt 0.039604 0.000000
vt 0.049505 0.000000
vt 0.059406 0.000000
vt 0.118812 0.000000
vt 0.069307 0.000000
vt 0.079208 0.000000
vt 0.089109 0.000000
vt 0.108911 0.000000
vt 0.099010 0.000000
vt 0.000000 0.090909
vt 0.009804 0.090909
vt 0.009804 0.000000
vt 0.000000 0.181818
vt 0.009804 0.181818
vt 0.000000 0.272727
vt 0.009804 0.272727
vt 0.000000 0.363636
vt 0.009804 0.363636
vt 0.000000 0.454545
vt 0.009804 0.454545
vt 0.000000 0.545455
vt 0.009804 0.545455
vt 0.000000 0.636364
vt 0.009804 0.636364
vt 0.000000 0.727273
vt 0.009804 0.727273
vt 0.000000 0.818182
vt 0.009804 0.818182
vt 0.000000 0.909091
vt 0.009804 0.909091
vt 0.000000 1.000000
vt 0.009804 1.000000
vt 0.019608 0.090909
vt 0.019608 0.000000
vt 0.019608 0.181818
vt 0.019608 0.272727
vt 0.019608 0.363636
vt 0.019608 0.454545
vt 0.019608 0.545455
vt 0.019608 0.636364
vt 0.019608 0.727273
vt 0.019608 0.818182
vt 0.019608 0.909091
vt 0.019608 1.000000
vt 0.029412 0.090909
vt 0.029412 0.000000
vt 0.029412 0.181818
vt 0.029412 0.272727
vt 0.029412 0.363636
vt 0.029412 0.454545
vt 0.029412 0.545455
vt 0.029412 0.636364
vt 0.029412 0.727273
vt 0.029412 0.818182
vt 0.029412 0.909091
vt 0.029412 1.000000
vt 0.039216 0.090909
vt 0.039216 0.000000
vt 0.039216 0.181818
vt 0.039216 0.272727
vt 0.039216 0.363636
vt 0.039216 0.454545
vt 0.039216 0.545455
vt 0.039216 0.636364
vt 0.039216 0.727273
vt 0.039216 0.818182
vt 0.039216 0.909091
vt 0.039216 1.000000
vt 0.049020 0.090909
vt 0.049020 0.000000
vt 0.049020 0.181818
vt 0.049020 0.272727
vt 0.049020 0.363636
vt 0.049020 0.454545
vt 0.049020 0.545455
vt 0.049020 0.636364
vt 0.049020 0.727273
vt 0.049020 0.818182
vt 0.049020 0.909091
vt 0.049020 1.000000
vt 0.058824 0.090909
vt 0.058824 0.000000
vt 0.058824 0.181818
vt 0.058824 0.272727
vt 0.058824 0.363636
vt 0.058824 0.454545
vt 0.058824 0.545455
vt 0.058824 0.636364
vt 0.058824 0.727273
vt 0.058824 0.818182
vt 0.058824 0.909091
vt 0.058824 1.000000
vt 0.068627 0.090909
vt 0.068627 0.000000
vt 0.068627 0.181818
vt 0.068627 0.272727
vt 0.068627 0.363636
vt 0.068627 0.454545
vt 0.068627 0.545455
vt 0.068627 0.636364
vt 0.068627 0.727273
vt 0.068627 0.818182
vt 0.068627 0.909091
vt 0.068627 1.000000
vt 0.078431 0.090909
vt 0.078431 0.000000
vt 0.078431 0.181818
vt 0.078431 0.272727
vt 0.078431 0.363636
vt 0.078431 0.454545
vt 0.078431 0.545455
vt 0.078431 0.636364
vt 0.078431 0.727273
vt 0.078431 0.818182
vt 0.078431 0.909091
vt 0.078431 1.000000
vt 0.088235 0.090909
vt 0.088235 0.000000
vt 0.088235 0.181818
vt 0.088235 0.272727
vt 0.088235 0.363636
vt 0.088235 0.454545
vt 0.088235 0.545455
vt 0.088235 0.636364
vt 0.088235 0.727273
vt 0.088235 0.818182
vt 0.088235 0.909091
vt 0.088235 1.000000
vt 0.098039 0.090909
vt 0.098039 0.000000
vt 0.098039 0.181818
vt 0.098039 0.272727
vt 0.098039 0.363636
vt 0.098039 0.454545
vt 0.098039 0.545455
vt 0.098039 0.636364
vt 0.098039 0.727273
vt 0.098039 0.818182
vt 0.098039 0.909091
vt 0.098039 1.000000
vt 0.107843 0.090909
vt 0.107843 0.000000
vt 0.107843 0.181818
vt 0.107843 0.272727
vt 0.107843 0.363636
vt 0.107843 0.454545
vt 0.107843 0.545455
vt 0.107843 0.636364
vt 0.107843 0.727273
vt 0.107843 0.818182
vt 0.107843 0.909091
vt 0.107843 1.000000
vt 0.117647 0.090909
vt 0.117647 0.000000
vt 0.117647 0.181818
vt 0.117647 0.272727
vt 0.117647 0.363636
vt 0.117647 0.454545
vt 0.117647 0.545455
vt 0.117647 0.636364
vt 0.117647 0.727273
vt 0.117647 0.818182
vt 0.117647 0.909091
vt 0.117647 1.000000
vt 0.127451 0.090909
vt 0.127451 0.000000
vt 0.127451 0.181818
vt 0.127451 0.272727
vt 0.127451 0.363636
vt 0.127451 0.454545
vt 0.127451 0.545455
vt 0.127451 0.636364
vt 0.127451 0.727273
vt 0.127451 0.818182
vt 0.127451 0.909091
vt 0.127451 1.000000
vt 0.137255 0.090909
vt 0.137255 0.000000
vt 0.137255 0.181818
vt 0.137255 0.272727
vt 0.137255 0.363636
vt 0.137255 0.454545
vt 0.137255 0.545455
vt 0.137255 0.636364
vt 0.137255 0.727273
vt 0.137255 0.818182
vt 0.137255 0.909091
vt 0.137255 1.000000
vt 0.147059 0.090909
vt 0.147059 0.000000
vt 0.147059 0.181818
vt 0.147059 0.272727
vt 0.147059 0.363636
vt 0.147059 0.454545
vt 0.147059 0.545455
vt 0.147059 0.636364
vt 0.147059 0.727273
vt 0.147059 0.818182
vt 0.147059 0.909091
vt 0.147059 1.000000
vt 0.156863 0.090909
vt 0.156863 0.000000
vt 0.156863 0.181818
vt 0.156863 0.272727
vt 0.156863 0.363636
vt 0.156863 0.454545
vt 0.156863 0.545455
vt 0.156863 0.636364
vt 0.156863 0.727273
vt 0.156863 0.818182
vt 0.156863 0.909091
vt 0.156863 1.000000
vt 0.166667 0.090909
vt 0.166667 0.000000
vt 0.166667 0.181818
vt 0.166667 0.272727
vt 0.166667 0.363636
vt 0.166667 0.454545
vt 0.166667 0.545455
vt 0.166667 0.636364
vt 0.166667 0.727273
vt 0.166667 0.818182
vt 0.166667 0.909091
vt 0.166667 1.000000
vt 0.176471 0.090909
vt 0.176471 0.000000
vt 0.176471 0.181818
vt 0.176471 0.272727
vt 0.176471 0.363636
vt 0.176471 0.454545
vt 0.176471 0.545455
vt 0.176471 0.636364
vt 0.176471 0.727273
vt 0.176471 0.818182
vt 0.176471 0.909091
vt 0.176471 1.000000
vt 0.186275 0.090909
vt 0.186275 0.000000
vt 0.186275 0.181818
vt 0.186275 0.272727
vt 0.186275 0.363636
vt 0.186275 0.454545
vt 0.186275 0.545455
vt 0.186275 0.636364
vt 0.186275 0.727273
vt 0.186275 0.818182
vt 0.186275 0.909091
vt 0.186275 1.000000
vt 0.196078 0.090909
vt 0.196078 0.000000
vt 0.196078 0.181818
vt 0.196078 0.272727
vt 0.196078 0.363636
vt 0.196078 0.454545
vt 0.196078 0.545455
vt 0.196078 0.636364
vt 0.196078 0.727273
vt 0.196078 0.818182
vt 0.196078 0.909091
vt 0.196078 1.000000
vt 0.205882 0.090909
vt 0.205882 0.000000
vt 0.205882 0.181818
vt 0.205882 0.272727
vt 0.205882 0.363636
vt 0.205882 0.454545
vt 0.205882 0.545455
vt 0.205882 0.636364
vt 0.205882 0.727273
vt 0.205882 0.818182
vt 0.205882 0.909091
vt 0.205882 1.000000
vt 0.215686 0.090909
vt 0.215686 0.000000
vt 0.215686 0.181818
vt 0.215686 0.272727
vt 0.215686 0.363636
vt 0.215686 0.454545
vt 0.215686 0.545455
vt 0.215686 0.636364
vt 0.215686 0.727273
vt 0.215686 0.818182
vt 0.215686 0.909091
vt 0.215686 1.000000
vt 0.225490 0.090909
vt 0.225490 0.000000
vt 0.225490 0.181818
vt 0.225490 0.272727
vt 0.225490 0.363636
vt 0.225490 0.454545
vt 0.225490 0.545455
vt 0.225490 0.636364
vt 0.225490 0.727273
vt 0.225490 0.818182
vt 0.225490 0.909091
vt 0.225490 1.000000
vt 0.235294 0.090909
vt 0.235294 0.000000
vt 0.235294 0.181818
vt 0.235294 0.272727
vt 0.235294 0.363636
vt 0.235294 0.454545
vt 0.235294 0.545455
vt 0.235294 0.636364
vt 0.235294 0.727273
vt 0.235294 0.818182
vt 0.235294 0.909091
vt 0.235294 1.000000
vt 0.245098 0.090909
vt 0.245098 0.000000
vt 0.245098 0.181818
vt 0.245098 0.272727
vt 0.245098 0.363636
vt 0.245098 0.454545
vt 0.245098 0.545455
vt 0.245098 0.636364
vt 0.245098 0.727273
vt 0.245098 0.818182
vt 0.245098 0.909091
vt 0.245098 1.000000
vt 0.254902 0.090909
vt 0.254902 0.000000
vt 0.254902 0.181818
vt 0.254902 0.272727
vt 0.254902 0.363636
vt 0.254902 0.454545
vt 0.254902 0.545455
vt 0.254902 0.636364
vt 0.254902 0.727273
vt 0.254902 0.818182
vt 0.254902 0.909091
vt 0.254902 1.000000
vt 0.264706 0.090909
vt 0.264706 0.000000
vt 0.264706 0.181818
vt 0.264706 0.272727
vt 0.264706 0.363636
vt 0.264706 0.454545
vt 0.264706 0.545455
vt 0.264706 0.636364
vt 0.264706 0.727273
vt 0.264706 0.818182
vt 0.264706 0.909091
vt 0.264706 1.000000
vt 0.274510 0.090909
vt 0.274510 0.000000
vt 0.274510 0.181818
vt 0.274510 0.272727
vt 0.274510 0.363636
vt 0.274510 0.454545
vt 0.274510 0.545455
vt 0.274510 0.636364
vt 0.274510 0.727273
vt 0.274510 0.818182
vt 0.274510 0.909091
vt 0.274510 1.000000
vt 0.284314 0.090909
vt 0.284314 0.000000
vt 0.284314 0.181818
vt 0.284314 0.272727
vt 0.284314 0.363636
vt 0.284314 0.454545
vt 0.284314 0.545455
vt 0.284314 0.636364
vt 0.284314 0.727273
vt 0.284314 0.818182
vt 0.284314 0.909091
vt 0.284314 1.000000
vt 0.294118 0.090909
vt 0.294118 0.000000
vt 0.294118 0.181818
vt 0.294118 0.272727
vt 0.294118 0.363636
vt 0.294118 0.454545
vt 0.294118 0.545455
vt 0.294118 0.636364
vt 0.294118 0.727273
vt 0.294118 0.818182
vt 0.294118 0.909091
vt 0.294118 1.000000
vt 0.303922 0.090909
vt 0.303922 0.000000
vt 0.303922 0.181818
vt 0.303922 0.272727
vt 0.303922 0.363636
vt 0.303922 0.454545
vt 0.303922 0.545455
vt 0.303922 0.636364
vt 0.303922 0.727273
vt 0.303922 0.818182
vt 0.303922 0.909091
vt 0.303922 1.000000
vt 0.313726 0.090909
vt 0.313726 0.000000
vt 0.313726 0.181818
vt 0.313726 0.272727
vt 0.313726 0.363636
vt 0.313726 0.454545
vt 0.313726 0.545455
vt 0.313726 0.636364
vt 0.313726 0.727273
vt 0.313726 0.818182
vt 0.313726 0.909091
vt 0.313726 1.000000
vt 0.323529 0.090909
vt 0.323529 0.000000
vt 0.323529 0.181818
vt 0.323529 0.272727
vt 0.323529 0.363636
vt 0.323529 0.454545
vt 0.323529 0.545455
vt 0.323529 0.636364
vt 0.323529 0.727273
vt 0.323529 0.818182
vt 0.323529 0.909091
vt 0.323529 1.000000
vt 0.333333 0.090909
vt 0.333333 0.181818
vt 0.333333 0.272727
vt 0.333333 0.363636
vt 0.333333 0.454545
vt 0.333333 0.545455
vt 0.333333 0.636364
vt 0.333333 0.727273
vt 0.333333 0.818182
vt 0.333333 0.909091
vt 0.333333 1.000000
vt 0.343137 0.090909
vt 0.343137 0.000000
vt 0.343137 0.181818
vt 0.343137 0.272727
vt 0.343137 0.363636
vt 0.343137 0.454545
vt 0.343137 0.545455
vt 0.343137 0.636364
vt 0.343137 0.727273
vt 0.343137 0.818182
vt 0.343137 0.909091
vt 0.343137 1.000000
vt 0.352941 0.090909
vt 0.352941 0.000000
vt 0.352941 0.181818
vt 0.352941 0.272727
vt 0.352941 0.363636
vt 0.352941 0.454545
vt 0.352941 0.545455
vt 0.352941 0.636364
vt 0.352941 0.727273
vt 0.352941 0.818182
vt 0.352941 0.909091
vt 0.352941 1.000000
vt 0.362745 0.090909
vt 0.362745 0.000000
vt 0.362745 0.181818
vt 0.362745 0.272727
vt 0.362745 0.363636
vt 0.362745 0.454545
vt 0.362745 0.545455
vt 0.362745 0.636364
vt 0.362745 0.727273
vt 0.362745 0.818182
vt 0.362745 0.909091
vt 0.362745 1.000000
vt 0.372549 0.090909
vt 0.372549 0.000000
vt 0.372549 0.181818
vt 0.372549 0.272727
vt 0.372549 0.363636
vt 0.372549 0.454545
vt 0.372549 0.545455
vt 0.372549 0.636364
vt 0.372549 0.727273
vt 0.372549 0.818182
vt 0.372549 0.909091
vt 0.372549 1.000000
vt 0.382353 0.090909
vt 0.382353 0.000000
vt 0.382353 0.181818
vt 0.382353 0.272727
vt 0.382353 0.363636
vt 0.382353 0.454545
vt 0.382353 0.545455
vt 0.382353 0.636364
vt 0.382353 0.727273
vt 0.382353 0.818182
vt 0.382353 0.909091
vt 0.382353 1.000000
vt 0.392157 0.090909
vt 0.392157 0.000000
vt 0.392157 0.181818
vt 0.392157 0.272727
vt 0.392157 0.363636
vt 0.392157 0.454545
vt 0.392157 0.545455
vt 0.392157 0.636364
vt 0.392157 0.727273
vt 0.392157 0.818182
vt 0.392157 0.909091
vt 0.392157 1.000000
vt 0.401961 0.090909
vt 0.401961 0.000000
vt 0.401961 0.181818
vt 0.401961 0.272727
vt 0.401961 0.363636
vt 0.401961 0.454545
vt 0.401961 0.545455
vt 0.401961 0.636364
vt 0.401961 0.727273
vt 0.401961 0.818182
vt 0.401961 0.909091
vt 0.401961 1.000000
vt 0.411765 0.090909
vt 0.411765 0.000000
vt 0.411765 0.181818
vt 0.411765 0.272727
vt 0.411765 0.363636
vt 0.411765 0.454545
vt 0.411765 0.545455
vt 0.411765 0.636364
vt 0.411765 0.727273
vt 0.411765 0.818182
vt 0.411765 0.909091
vt 0.411765 1.000000
vt 0.421569 0.090909
vt 0.421569 0.000000
vt 0.421569 0.181818
vt 0.421569 0.272727
vt 0.421569 0.363636
vt 0.421569 0.454545
vt 0.421569 0.545455
vt 0.421569 0.636364
vt 0.421569 0.727273
vt 0.421569 0.818182
vt 0.421569 0.909091
vt 0.421569 1.000000
vt 0.431373 0.090909
vt 0.431373 0.000000
vt 0.431373 0.181818
vt 0.431373 0.272727
vt 0.431373 0.363636
vt 0.431373 0.454545
vt 0.431373 0.545455
vt 0.431373 0.636364
vt 0.431373 0.727273
vt 0.431373 0.818182
vt 0.431373 0.909091
vt 0.431373 1.000000
vt 0.441176 0.090909
vt 0.441176 0.000000
vt 0.441176 0.181818
vt 0.441176 0.272727
vt 0.441176 0.363636
vt 0.441176 0.454545
vt 0.441176 0.545455
vt 0.441176 0.636364
vt 0.441176 0.727273
vt 0.441176 0.818182
vt 0.441176 0.909091
vt 0.441176 1.000000
vt 0.450980 0.090909
vt 0.450980 0.000000
vt 0.450980 0.181818
vt 0.450980 0.272727
vt 0.450980 0.363636
vt 0.450980 0.454545
vt 0.450980 0.545455
vt 0.450980 0.636364
vt 0.450980 0.727273
vt 0.450980 0.818182
vt 0.450980 0.909091
vt 0.450980 1.000000
vt 0.460784 0.090909
vt 0.460784 0.000000
vt 0.460784 0.181818
vt 0.460784 0.272727
vt 0.460784 0.363636
vt 0.460784 0.454545
vt 0.460784 0.545455
vt 0.460784 0.636364
vt 0.460784 0.727273
vt 0.460784 0.818182
vt 0.460784 0.909091
vt 0.460784 1.000000
vt 0.470588 0.090909
vt 0.470588 0.000000
vt 0.470588 0.181818
vt 0.470588 0.272727
vt 0.470588 0.363636
vt 0.470588 0.454545
vt 0.470588 0.545455
vt 0.470588 0.636364
vt 0.470588 0.727273
vt 0.470588 0.818182
vt 0.470588 0.909091
vt 0.470588 1.000000
vt 0.480392 0.090909
vt 0.480392 0.000000
vt 0.480392 0.181818
vt 0.480392 0.272727
vt 0.480392 0.363636
vt 0.480392 0.454545
vt 0.480392 0.545455
vt 0.480392 0.636364
vt 0.480392 0.727273
vt 0.480392 0.818182
vt 0.480392 0.909091
vt 0.480392 1.000000
vt 0.490196 0.090909
vt 0.490196 0.000000
vt 0.490196 0.181818
vt 0.490196 0.272727
vt 0.490196 0.363636
vt 0.490196 0.454545
vt 0.490196 0.545455
vt 0.490196 0.636364
vt 0.490196 0.727273
vt 0.490196 0.818182
vt 0.490196 0.909091
vt 0.490196 1.000000
vt 0.500000 0.090909
vt 0.500000 0.181818
vt 0.500000 0.272727
vt 0.500000 0.363636
vt 0.500000 0.454545
vt 0.500000 0.545455
vt 0.500000 0.636364
vt 0.500000 0.727273
vt 0.500000 0.818182
vt 0.500000 0.909091
vt 0.500000 1.000000
vt 0.509804 0.090909
vt 0.509804 0.000000
vt 0.509804 0.181818
vt 0.509804 0.272727
vt 0.509804 0.363636
vt 0.509804 0.454545
vt 0.509804 0.545455
vt 0.509804 0.636364
vt 0.509804 0.727273
vt 0.509804 0.818182
vt 0.509804 0.909091
vt 0.509804 1.000000
vt 0.519608 0.090909
vt 0.519608 0.000000
vt 0.519608 0.181818
vt 0.519608 0.272727
vt 0.519608 0.363636
vt 0.519608 0.454545
vt 0.519608 0.545455
vt 0.519608 0.636364
vt 0.519608 0.727273
vt 0.519608 0.818182
vt 0.519608 0.909091
vt 0.519608 1.000000
vt 0.529412 0.090909
vt 0.529412 0.000000
vt 0.529412 0.181818
vt 0.529412 0.272727
vt 0.529412 0.363636
vt 0.529412 0.454545
vt 0.529412 0.545455
vt 0.529412 0.636364
vt 0.529412 0.727273
vt 0.529412 0.818182
vt 0.529412 0.909091
vt 0.529412 1.000000
vt 0.539216 0.090909
vt 0.539216 0.000000
vt 0.539216 0.181818
vt 0.539216 0.272727
vt 0.539216 0.363636
vt 0.539216 0.454545
vt 0.539216 0.545455
vt 0.539216 0.636364
vt 0.539216 0.727273
vt 0.539216 0.818182
vt 0.539216 0.909091
vt 0.539216 1.000000
vt 0.549020 0.090909
vt 0.549020 0.000000
vt 0.549020 0.181818
vt 0.549020 0.272727
vt 0.549020 0.363636
vt 0.549020 0.454545
vt 0.549020 0.545455
vt 0.549020 0.636364
vt 0.549020 0.727273
vt 0.549020 0.818182
vt 0.549020 0.909091
vt 0.549020 1.000000
vt 0.558824 0.090909
vt 0.558824 0.000000
vt 0.558824 0.181818
vt 0.558824 0.272727
vt 0.558824 0.363636
vt 0.558824 0.454545
vt 0.558824 0.545455
vt 0.558824 0.636364
vt 0.558824 0.727273
vt 0.558824 0.818182
vt 0.558824 0.909091
vt 0.558824 1.000000
vt 0.568627 0.090909
vt 0.568627 0.000000
vt 0.568627 0.181818
vt 0.568627 0.272727
vt 0.568627 0.363636
vt 0.568627 0.454545
vt 0.568627 0.545455
vt 0.568627 0.636364
vt 0.568627 0.727273
vt 0.568627 0.818182
vt 0.568627 0.909091
vt 0.568627 1.000000
vt 0.578431 0.090909
vt 0.578431 0.000000
vt 0.578431 0.181818
vt 0.578431 0.272727
vt 0.578431 0.363636
vt 0.578431 0.454545
vt 0.578431 0.545455
vt 0.578431 0.636364
vt 0.578431 0.727273
vt 0.578431 0.818182
vt 0.578431 0.909091
vt 0.578431 1.000000
vt 0.588235 0.090909
vt 0.588235 0.000000
vt 0.588235 0.181818
vt 0.588235 0.272727
vt 0.588235 0.363636
vt 0.588235 0.454545
vt 0.588235 0.545455
vt 0.588235 0.636364
vt 0.588235 0.727273
vt 0.588235 0.818182
vt 0.588235 0.909091
vt 0.588235 1.000000
vt 0.598039 0.090909
vt 0.598039 0.000000
vt 0.598039 0.181818
vt 0.598039 0.272727
vt 0.598039 0.363636
vt 0.598039 0.454545
vt 0.598039 0.545455
vt 0.598039 0.636364
vt 0.598039 0.727273
vt 0.598039 0.818182
vt 0.598039 0.909091
vt 0.598039 1.000000
vt 0.607843 0.090909
vt 0.607843 0.000000
vt 0.607843 0.181818
vt 0.607843 0.272727
vt 0.607843 0.363636
vt 0.607843 0.454545
vt 0.607843 0.545455
vt 0.607843 0.636364
vt 0.607843 0.727273
vt 0.607843 0.818182
vt 0.607843 0.909091
vt 0.607843 1.000000
vt 0.617647 0.090909
vt 0.617647 0.000000
vt 0.617647 0.181818
vt 0.617647 0.272727
vt 0.617647 0.363636
vt 0.617647 0.454545
vt 0.617647 0.545455
vt 0.617647 0.636364
vt 0.617647 0.727273
vt 0.617647 0.818182
vt 0.617647 0.909091
vt 0.617647 1.000000
vt 0.627451 0.090909
vt 0.627451 0.000000
vt 0.627451 0.181818
vt 0.627451 0.272727
vt 0.627451 0.363636
vt 0.627451 0.454545
vt 0.627451 0.545455
vt 0.627451 0.636364
vt 0.627451 0.727273
vt 0.627451 0.818182
vt 0.627451 0.909091
vt 0.627451 1.000000
vt 0.637255 0.090909
vt 0.637255 0.000000
vt 0.637255 0.181818
vt 0.637255 0.272727
vt 0.637255 0.363636
vt 0.637255 0.454545
vt 0.637255 0.545455
vt 0.637255 0.636364
vt 0.637255 0.727273
vt 0.637255 0.818182
vt 0.637255 0.909091
vt 0.637255 1.000000
vt 0.647059 0.090909
vt 0.647059 0.000000
vt 0.647059 0.181818
vt 0.647059 0.272727
vt 0.647059 0.363636
vt 0.647059 0.454545
vt 0.647059 0.545455
vt 0.647059 0.636364
vt 0.647059 0.727273
vt 0.647059 0.818182
vt 0.647059 0.909091
vt 0.647059 1.000000
vt 0.656863 0.090909
vt 0.656863 0.000000
vt 0.656863 0.181818
vt 0.656863 0.272727
vt 0.656863 0.363636
vt 0.656863 0.454545
vt 0.656863 0.545455
vt 0.656863 0.636364
vt 0.656863 0.727273
vt 0.656863 0.818182
vt 0.656863 0.909091
vt 0.656863 1.000000
vt 0.666667 0.090909
vt 0.666667 0.181818
vt 0.666667 0.272727
vt 0.666667 0.363636
vt 0.666667 0.454545
vt 0.666667 0.545455
vt 0.666667 0.636364
vt 0.666667 0.727273
vt 0.666667 0.818182
vt 0.666667 0.909091
vt 0.666667 1.000000
vt 0.676471 0.090909
vt 0.676471 0.000000
vt 0.676471 0.181818
vt 0.676471 0.272727
vt 0.676471 0.363636
vt 0.676471 0.454545
vt 0.676471 0.545455
vt 0.676471 0.636364
vt 0.676471 0.727273
vt 0.676471 0.818182
vt 0.676471 0.909091
vt 0.676471 1.000000
vt 0.686275 0.090909
vt 0.686275 0.000000
vt 0.686275 0.181818
vt 0.686275 0.272727
vt 0.686275 0.363636
vt 0.686275 0.454545
vt 0.686275 0.545455
vt 0.686275 0.636364
vt 0.686275 0.727273
vt 0.686275 0.818182
vt 0.686275 0.909091
vt 0.686275 1.000000
vt 0.696078 0.090909
vt 0.696078 0.000000
vt 0.696078 0.181818
vt 0.696078 0.272727
vt 0.696078 0.363636
vt 0.696078 0.454545
vt 0.696078 0.545455
vt 0.696078 0.636364
vt 0.696078 0.727273
vt 0.696078 0.818182
vt 0.696078 0.909091
vt 0.696078 1.000000
vt 0.705882 0.090909
vt 0.705882 0.000000
vt 0.705882 0.181818
vt 0.705882 0.272727
vt 0.705882 0.363636
vt 0.705882 0.454545
vt 0.705882 0.545455
vt 0.705882 0.636364
vt 0.705882 0.727273
vt 0.705882 0.818182
vt 0.705882 0.909091
vt 0.705882 1.000000
vt 0.715686 0.090909
vt 0.715686 0.000000
vt 0.715686 0.181818
vt 0.715686 0.272727
vt 0.715686 0.363636
vt 0.715686 0.454545
vt 0.715686 0.545455
vt 0.715686 0.636364
vt 0.715686 0.727273
vt 0.715686 0.818182
vt 0.715686 0.909091
vt 0.715686 1.000000
vt 0.725490 0.090909
vt 0.725490 0.000000
vt 0.725490 0.181818
vt 0.725490 0.272727
vt 0.725490 0.363636
vt 0.725490 0.454545
vt 0.725490 0.545455
vt 0.725490 0.636364
vt 0.725490 0.727273
vt 0.725490 0.818182
vt 0.725490 0.909091
vt 0.725490 1.000000
vt 0.735294 0.090909
vt 0.735294 0.000000
vt 0.735294 0.181818
vt 0.735294 0.272727
vt 0.735294 0.363636
vt 0.735294 0.454545
vt 0.735294 0.545455
vt 0.735294 0.636364
vt 0.735294 0.727273
vt 0.735294 0.818182
vt 0.735294 0.909091
vt 0.735294 1.000000
vt 0.745098 0.090909
vt 0.745098 0.000000
vt 0.745098 0.181818
vt 0.745098 0.272727
vt 0.745098 0.363636
vt 0.745098 0.454545
vt 0.745098 0.545455
vt 0.745098 0.636364
vt 0.745098 0.727273
vt 0.745098 0.818182
vt 0.745098 0.909091
vt 0.745098 1.000000
vt 0.754902 0.090909
vt 0.754902 0.000000
vt 0.754902 0.181818
vt 0.754902 0.272727
vt 0.754902 0.363636
vt 0.754902 0.454545
vt 0.754902 0.545455
vt 0.754902 0.636364
vt 0.754902 0.727273
vt 0.754902 0.818182
vt 0.754902 0.909091
vt 0.754902 1.000000
vt 0.764706 0.090909
vt 0.764706 0.000000
vt 0.764706 0.181818
vt 0.764706 0.272727
vt 0.764706 0.363636
vt 0.764706 0.454545
vt 0.764706 0.545455
vt 0.764706 0.636364
vt 0.764706 0.727273
vt 0.764706 0.818182
vt 0.764706 0.909091
vt 0.764706 1.000000
vt 0.774510 0.090909
vt 0.774510 0.000000
vt 0.774510 0.181818
vt 0.774510 0.272727
vt 0.774510 0.363636
vt 0.774510 0.454545
vt 0.774510 0.545455
vt 0.774510 0.636364
vt 0.774510 0.727273
vt 0.774510 0.818182
vt 0.774510 0.909091
vt 0.774510 1.000000
vt 0.784314 0.090909
vt 0.784314 0.000000
vt 0.784314 0.181818
vt 0.784314 0.272727
vt 0.784314 0.363636
vt 0.784314 0.454545
vt 0.784314 0.545455
vt 0.784314 0.636364
vt 0.784314 0.727273
vt 0.784314 0.818182
vt 0.784314 0.909091
vt 0.784314 1.000000
vt 0.794118 0.090909
vt 0.794118 0.000000
vt 0.794118 0.181818
vt 0.794118 0.272727
vt 0.794118 0.363636
vt 0.794118 0.454545
vt 0.794118 0.545455
vt 0.794118 0.636364
vt 0.794118 0.727273
vt 0.794118 0.818182
vt 0.794118 0.909091
vt 0.794118 1.000000
vt 0.803922 0.090909
vt 0.803922 0.000000
vt 0.803922 0.181818
vt 0.803922 0.272727
vt 0.803922 0.363636
vt 0.803922 0.454545
vt 0.803922 0.545455
vt 0.803922 0.636364
vt 0.803922 0.727273
vt 0.803922 0.818182
vt 0.803922 0.909091
vt 0.803922 1.000000
vt 0.813725 0.090909
vt 0.813725 0.000000
vt 0.813725 0.181818
vt 0.813725 0.272727
vt 0.813725 0.363636
vt 0.813725 0.454545
vt 0.813725 0.545455
vt 0.813725 0.636364
vt 0.813725 0.727273
vt 0.813725 0.818182
vt 0.813725 0.909091
vt 0.813725 1.000000
vt 0.823529 0.090909
vt 0.823529 0.000000
vt 0.823529 0.181818
vt 0.823529 0.272727
vt 0.823529 0.363636
vt 0.823529 0.454545
vt 0.823529 0.545455
vt 0.823529 0.636364
vt 0.823529 0.727273
vt 0.823529 0.818182
vt 0.823529 0.909091
vt 0.823529 1.000000
vt 0.833333 0.090909
vt 0.833333 0.000000
vt 0.833333 0.181818
vt 0.833333 0.272727
vt 0.833333 0.363636
vt 0.833333 0.454545
vt 0.833333 0.545455
vt 0.833333 0.636364
vt 0.833333 0.727273
vt 0.833333 0.818182
vt 0.833333 0.909091
vt 0.833333 1.000000
vt 0.843137 0.090909
vt 0.843137 0.000000
vt 0.843137 0.181818
vt 0.843137 0.272727
vt 0.843137 0.363636
vt 0.843137 0.454545
vt 0.843137 0.545455
vt 0.843137 0.636364
vt 0.843137 0.727273
vt 0.843137 0.818182
vt 0.843137 0.909091
vt 0.843137 1.000000
vt 0.852941 0.090909
vt 0.852941 0.000000
vt 0.852941 0.181818
vt 0.852941 0.272727
vt 0.852941 0.363636
vt 0.852941 0.454545
vt 0.852941 0.545455
vt 0.852941 0.636364
vt 0.852941 0.727273
vt 0.852941 0.818182
vt 0.852941 0.909091
vt 0.852941 1.000000
vt 0.862745 0.090909
vt 0.862745 0.000000
vt 0.862745 0.181818
vt 0.862745 0.272727
vt 0.862745 0.363636
vt 0.862745 0.454545
vt 0.862745 0.545455
vt 0.862745 0.636364
vt 0.862745 0.727273
vt 0.862745 0.818182
vt 0.862745 0.909091
vt 0.862745 1.000000
vt 0.872549 0.090909
vt 0.872549 0.000000
vt 0.872549 0.181818
vt 0.872549 0.272727
vt 0.872549 0.363636
vt 0.872549 0.454545
vt 0.872549 0.545455
vt 0.872549 0.636364
vt 0.872549 0.727273
vt 0.872549 0.818182
vt 0.872549 0.909091
vt 0.872549 1.000000
vt 0.882353 0.090909
vt 0.882353 0.000000
vt 0.882353 0.181818
vt 0.882353 0.272727
vt 0.882353 0.363636
vt 0.882353 0.454545
vt 0.882353 0.545455
vt 0.882353 0.636364
vt 0.882353 0.727273
vt 0.882353 0.818182
vt 0.882353 0.909091
vt 0.882353 1.000000
vt 0.892157 0.090909
vt 0.892157 0.000000
vt 0.892157 0.181818
vt 0.892157 0.272727
vt 0.892157 0.363636
vt 0.892157 0.454545
vt 0.892157 0.545455
vt 0.892157 0.636364
vt 0.892157 0.727273
vt 0.892157 0.818182
vt 0.892157 0.909091
vt 0.892157 1.000000
vt 0.901961 0.090909
vt 0.901961 0.000000
vt 0.901961 0.181818
vt 0.901961 0.272727
vt 0.901961 0.363636
vt 0.901961 0.454545
vt 0.901961 0.545455
vt 0.901961 0.636364
vt 0.901961 0.727273
vt 0.901961 0.818182
vt 0.901961 0.909091
vt 0.901961 1.000000
vt 0.911765 0.090909
vt 0.911765 0.000000
vt 0.911765 0.181818
vt 0.911765 0.272727
vt 0.911765 0.363636
vt 0.911765 0.454545
vt 0.911765 0.545455
vt 0.911765 0.636364
vt 0.911765 0.727273
vt 0.911765 0.818182
vt 0.911765 0.909091
vt 0.911765 1.000000
vt 0.921569 0.090909
vt 0.921569 0.000000
vt 0.921569 0.181818
vt 0.921569 0.272727
vt 0.921569 0.363636
vt 0.921569 0.454545
vt 0.921569 0.545455
vt 0.921569 0.636364
vt 0.921569 0.727273
vt 0.921569 0.818182
vt 0.921569 0.909091
vt 0.921569 1.000000
vt 0.931373 0.090909
vt 0.931373 0.000000
vt 0.931373 0.181818
vt 0.931373 0.272727
vt 0.931373 0.363636
vt 0.931373 0.454545
vt 0.931373 0.545455
vt 0.931373 0.636364
vt 0.931373 0.727273
vt 0.931373 0.818182
vt 0.931373 0.909091
vt 0.931373 1.000000
vt 0.941176 0.090909
vt 0.941176 0.000000
vt 0.941176 0.181818
vt 0.941176 0.272727
vt 0.941176 0.363636
vt 0.941176 0.454545
vt 0.941176 0.545455
vt 0.941176 0.636364
vt 0.941176 0.727273
vt 0.941176 0.818182
vt 0.941176 0.909091
vt 0.941176 1.000000
vt 0.950980 0.090909
vt 0.950980 0.000000
vt 0.950980 0.181818
vt 0.950980 0.272727
vt 0.950980 0.363636
vt 0.950980 0.454545
vt 0.950980 0.545455
vt 0.950980 0.636364
vt 0.950980 0.727273
vt 0.950980 0.818182
vt 0.950980 0.909091
vt 0.950980 1.000000
vt 0.960784 0.090909
vt 0.960784 0.000000
vt 0.960784 0.181818
vt 0.960784 0.272727
vt 0.960784 0.363636
vt 0.960784 0.454545
vt 0.960784 0.545455
vt 0.960784 0.636364
vt 0.960784 0.727273
vt 0.960784 0.818182
vt 0.960784 0.909091
vt 0.960784 1.000000
vt 0.970588 0.090909
vt 0.970588 0.000000
vt 0.970588 0.181818
vt 0.970588 0.272727
vt 0.970588 0.363636
vt 0.970588 0.454545
vt 0.970588 0.545455
vt 0.970588 0.636364
vt 0.970588 0.727273
vt 0.970588 0.818182
vt 0.970588 0.909091
vt 0.970588 1.000000
vt 0.980392 0.090909
vt 0.980392 0.000000
vt 0.980392 0.181818
vt 0.980392 0.272727
vt 0.980392 0.363636
vt 0.980392 0.454545
vt 0.980392 0.545455
vt 0.980392 0.636364
vt 0.980392 0.727273
vt 0.980392 0.818182
vt 0.980392 0.909091
vt 0.980392 1.000000
vt 0.990196 0.090909
vt 0.990196 0.000000
vt 0.990196 0.181818
vt 0.990196 0.272727
vt 0.990196 0.363636
vt 0.990196 0.454545
vt 0.990196 0.545455
vt 0.990196 0.636364
vt 0.990196 0.727273
vt 0.990196 0.818182
vt 0.990196 0.909091
vt 0.990196 1.000000
vt 1.000000 0.090909
vt 1.000000 0.181818
vt 1.000000 0.272727
vt 1.000000 0.363636
vt 1.000000 0.454545
vt 1.000000 0.545455
vt 1.000000 0.636364
vt 1.000000 0.727273
vt 1.000000 0.818182
vt 1.000000 0.909091
vt 1.000000 1.000000
vt 0.125000 0.090909
vt 0.125000 0.000000
vt 0.125000 0.181818
vt 0.125000 0.272727
vt 0.125000 0.363636
vt 0.125000 0.454545
vt 0.125000 0.545455
vt 0.125000 0.636364
vt 0.125000 0.727273
vt 0.125000 0.818182
vt 0.125000 0.909091
vt 0.125000 1.000000
vt 0.250000 0.090909
vt 0.250000 0.000000
vt 0.250000 0.181818
vt 0.250000 0.272727
vt 0.250000 0.363636
vt 0.250000 0.454545
vt 0.250000 0.545455
vt 0.250000 0.636364
vt 0.250000 0.727273
vt 0.250000 0.818182
vt 0.250000 0.909091
vt 0.250000 1.000000
vt 0.375000 0.090909
vt 0.375000 0.000000
vt 0.375000 0.181818
vt 0.375000 0.272727
vt 0.375000 0.363636
vt 0.375000 0.454545
vt 0.375000 0.545455
vt 0.375000 0.636364
vt 0.375000 0.727273
vt 0.375000 0.818182
vt 0.375000 0.909091
vt 0.375000 1.000000
vt 0.625000 0.090909
vt 0.625000 0.000000
vt 0.625000 0.181818
vt 0.625000 0.272727
vt 0.625000 0.363636
vt 0.625000 0.454545
vt 0.625000 0.545455
vt 0.625000 0.636364
vt 0.625000 0.727273
vt 0.625000 0.818182
vt 0.625000 0.909091
vt 0.625000 1.000000
vt 0.750000 0.090909
vt 0.750000 0.000000
vt 0.750000 0.181818
vt 0.750000 0.272727
vt 0.750000 0.363636
vt 0.750000 0.454545
vt 0.750000 0.545455
vt 0.750000 0.636364
vt 0.750000 0.727273
vt 0.750000 0.818182
vt 0.750000 0.909091
vt 0.750000 1.000000
vt 0.875000 0.090909
vt 0.875000 0.000000
vt 0.875000 0.181818
vt 0.875000 0.272727
vt 0.875000 0.363636
vt 0.875000 0.454545
vt 0.875000 0.545455
vt 0.875000 0.636364
vt 0.875000 0.727273
vt 0.875000 0.818182
vt 0.875000 0.909091
vt 0.875000 1.000000
vt 0.066667 0.090909
vt 0.066667 0.000000
vt 0.066667 0.181818
vt 0.066667 0.272727
vt 0.066667 0.363636
vt 0.066667 0.454545
vt 0.066667 0.545455
vt 0.066667 0.636364
vt 0.066667 0.727273
vt 0.066667 0.818182
vt 0.066667 0.909091
vt 0.066667 1.000000
vt 0.133333 0.090909
vt 0.133333 0.000000
vt 0.133333 0.181818
vt 0.133333 0.272727
vt 0.133333 0.363636
vt 0.133333 0.454545
vt 0.133333 0.545455
vt 0.133333 0.636364
vt 0.133333 0.727273
vt 0.133333 0.818182
vt 0.133333 0.909091
vt 0.133333 1.000000
vt 0.200000 0.090909
vt 0.200000 0.181818
vt 0.200000 0.272727
vt 0.200000 0.363636
vt 0.200000 0.454545
vt 0.200000 0.545455
vt 0.200000 0.636364
vt 0.200000 0.727273
vt 0.200000 0.818182
vt 0.200000 0.909091
vt 0.200000 1.000000
vt 0.266667 0.090909
vt 0.266667 0.000000
vt 0.266667 0.181818
vt 0.266667 0.272727
vt 0.266667 0.363636
vt 0.266667 0.454545
vt 0.266667 0.545455
vt 0.266667 0.636364
vt 0.266667 0.727273
vt 0.266667 0.818182
vt 0.266667 0.909091
vt 0.266667 1.000000
vt 0.400000 0.090909
vt 0.400000 0.181818
vt 0.400000 0.272727
vt 0.400000 0.363636
vt 0.400000 0.454545
vt 0.400000 0.545455
vt 0.400000 0.636364
vt 0.400000 0.727273
vt 0.400000 0.818182
vt 0.400000 0.909091
vt 0.400000 1.000000
vt 0.466667 0.090909
vt 0.466667 0.000000
vt 0.466667 0.181818
vt 0.466667 0.272727
vt 0.466667 0.363636
vt 0.466667 0.454545
vt 0.466667 0.545455
vt 0.466667 0.636364
vt 0.466667 0.727273
vt 0.466667 0.818182
vt 0.466667 0.909091
vt 0.466667 1.000000
vt 0.533333 0.090909
vt 0.533333 0.000000
vt 0.533333 0.181818
vt 0.533333 0.272727
vt 0.533333 0.363636
vt 0.533333 0.454545
vt 0.533333 0.545455
vt 0.533333 0.636364
vt 0.533333 0.727273
vt 0.533333 0.818182
vt 0.533333 0.909091
vt 0.533333 1.000000
vt 0.600000 0.090909
vt 0.600000 0.181818
vt 0.600000 0.272727
vt 0.600000 0.363636
vt 0.600000 0.454545
vt 0.600000 0.545455
vt 0.600000 0.636364
vt 0.600000 0.727273
vt 0.600000 0.818182
vt 0.600000 0.909091
vt 0.600000 1.000000
vt 0.733333 0.090909
vt 0.733333 0.000000
vt 0.733333 0.181818
vt 0.733333 0.272727
vt 0.733333 0.363636
vt 0.733333 0.454545
vt 0.733333 0.545455
vt 0.733333 0.636364
vt 0.733333 0.727273
vt 0.733333 0.818182
vt 0.733333 0.909091
vt 0.733333 1.000000
vt 0.800000 0.090909
vt 0.800000 0.181818
vt 0.800000 0.272727
vt 0.800000 0.363636
vt 0.800000 0.454545
vt 0.800000 0.545455
vt 0.800000 0.636364
vt 0.800000 0.727273
vt 0.800000 0.818182
vt 0.800000 0.909091
vt 0.800000 1.000000
vt 0.866667 0.090909
vt 0.866667 0.000000
vt 0.866667 0.181818
vt 0.866667 0.272727
vt 0.866667 0.363636
vt 0.866667 0.454545
vt 0.866667 0.545455
vt 0.866667 0.636364
vt 0.866667 0.727273
vt 0.866667 0.818182
vt 0.866667 0.909091
vt 0.866667 1.000000
vt 0.933333 0.090909
vt 0.933333 0.000000
vt 0.933333 0.181818
vt 0.933333 0.272727
vt 0.933333 0.363636
vt 0.933333 0.454545
vt 0.933333 0.545455
vt 0.933333 0.636364
vt 0.933333 0.727273
vt 0.933333 0.818182
vt 0.933333 0.909091
vt 0.933333 1.000000
vt 0.083333 0.090909
vt 0.083333 0.000000
vt 0.083333 0.181818
vt 0.083333 0.272727
vt 0.083333 0.363636
vt 0.083333 0.454545
vt 0.083333 0.545455
vt 0.083333 0.636364
vt 0.083333 0.727273
vt 0.083333 0.818182
vt 0.083333 0.909091
vt 0.083333 1.000000
vt 0.416667 0.090909
vt 0.416667 0.000000
vt 0.416667 0.181818
vt 0.416667 0.272727
vt 0.416667 0.363636
vt 0.416667 0.454545
vt 0.416667 0.545455
vt 0.416667 0.636364
vt 0.416667 0.727273
vt 0.416667 0.818182
vt 0.416667 0.909091
vt 0.416667 1.000000
vt 0.583333 0.090909
vt 0.583333 0.000000
vt 0.583333 0.181818
vt 0.583333 0.272727
vt 0.583333 0.363636
vt 0.583333 0.454545
vt 0.583333 0.545455
vt 0.583333 0.636364
vt 0.583333 0.727273
vt 0.583333 0.818182
vt 0.583333 0.909091
vt 0.583333 1.000000
vt 0.916667 0.090909
vt 0.916667 0.000000
vt 0.916667 0.181818
vt 0.916667 0.272727
vt 0.916667 0.363636
vt 0.916667 0.454545
vt 0.916667 0.545455
vt 0.916667 0.636364
vt 0.916667 0.727273
vt 0.916667 0.818182
vt 0.916667 0.909091
vt 0.916667 1.000000
vt 0.010204 0.090909
vt 0.010204 0.000000
vt 0.010204 0.181818
vt 0.010204 0.272727
vt 0.010204 0.363636
vt 0.010204 0.454545
vt 0.010204 0.545455
vt 0.010204 0.636364
vt 0.010204 0.727273
vt 0.010204 0.818182
vt 0.010204 0.909091
vt 0.010204 1.000000
vt 0.020408 0.090909
vt 0.020408 0.000000
vt 0.020408 0.181818
vt 0.020408 0.272727
vt 0.020408 0.363636
vt 0.020408 0.454545
vt 0.020408 0.545455
vt 0.020408 0.636364
vt 0.020408 0.727273
vt 0.020408 0.818182
vt 0.020408 0.909091
vt 0.020408 1.000000
vt 0.030612 0.090909
vt 0.030612 0.000000
vt 0.030612 0.181818
vt 0.030612 0.272727
vt 0.030612 0.363636
vt 0.030612 0.454545
vt 0.030612 0.545455
vt 0.030612 0.636364
vt 0.030612 0.727273
vt 0.030612 0.818182
vt 0.030612 0.909091
vt 0.030612 1.000000
vt 0.040816 0.090909
vt 0.040816 0.000000
vt 0.040816 0.181818
vt 0.040816 0.272727
vt 0.040816 0.363636
vt 0.040816 0.454545
vt 0.040816 0.545455
vt 0.040816 0.636364
vt 0.040816 0.727273
vt 0.040816 0.818182
vt 0.040816 0.909091
vt 0.040816 1.000000
vt 0.051020 0.090909
vt 0.051020 0.000000
vt 0.051020 0.181818
vt 0.051020 0.272727
vt 0.051020 0.363636
vt 0.051020 0.454545
vt 0.051020 0.545455
vt 0.051020 0.636364
vt 0.051020 0.727273
vt 0.051020 0.818182
vt 0.051020 0.909091
vt 0.051020 1.000000
vt 0.061224 0.090909
vt 0.061224 0.000000
vt 0.061224 0.181818
vt 0.061224 0.272727
vt 0.061224 0.363636
vt 0.061224 0.454545
vt 0.061224 0.545455
vt 0.061224 0.636364
vt 0.061224 0.727273
vt 0.061224 0.818182
vt 0.061224 0.909091
vt 0.061224 1.000000
vt 0.071429 0.090909
vt 0.071429 0.181818
vt 0.071429 0.272727
vt 0.071429 0.363636
vt 0.071429 0.454545
vt 0.071429 0.545455
vt 0.071429 0.636364
vt 0.071429 0.727273
vt 0.071429 0.818182
vt 0.071429 0.909091
vt 0.071429 1.000000
vt 0.081633 0.090909
vt 0.081633 0.000000
vt 0.081633 0.181818
vt 0.081633 0.272727
vt 0.081633 0.363636
vt 0.081633 0.454545
vt 0.081633 0.545455
vt 0.081633 0.636364
vt 0.081633 0.727273
vt 0.081633 0.818182
vt 0.081633 0.909091
vt 0.081633 1.000000
vt 0.091837 0.090909
vt 0.091837 0.000000
vt 0.091837 0.181818
vt 0.091837 0.272727
vt 0.091837 0.363636
vt 0.091837 0.454545
vt 0.091837 0.545455
vt 0.091837 0.636364
vt 0.091837 0.727273
vt 0.091837 0.818182
vt 0.091837 0.909091
vt 0.091837 1.000000
vt 0.102041 0.090909
vt 0.102041 0.000000
vt 0.102041 0.181818
vt 0.102041 0.272727
vt 0.102041 0.363636
vt 0.102041 0.454545
vt 0.102041 0.545455
vt 0.102041 0.636364
vt 0.102041 0.727273
vt 0.102041 0.818182
vt 0.102041 0.909091
vt 0.102041 1.000000
vt 0.112245 0.090909
vt 0.112245 0.000000
vt 0.112245 0.181818
vt 0.112245 0.272727
vt 0.112245 0.363636
vt 0.112245 0.454545
vt 0.112245 0.545455
vt 0.112245 0.636364
vt 0.112245 0.727273
vt 0.112245 0.818182
vt 0.112245 0.909091
vt 0.112245 1.000000
vt 0.122449 0.090909
vt 0.122449 0.000000
vt 0.122449 0.181818
vt 0.122449 0.272727
vt 0.122449 0.363636
vt 0.122449 0.454545
vt 0.122449 0.545455
vt 0.122449 0.636364
vt 0.122449 0.727273
vt 0.122449 0.818182
vt 0.122449 0.909091
vt 0.122449 1.000000
vt 0.132653 0.090909
vt 0.132653 0.000000
vt 0.132653 0.181818
vt 0.132653 0.272727
vt 0.132653 0.363636
vt 0.132653 0.454545
vt 0.132653 0.545455
vt 0.132653 0.636364
vt 0.132653 0.727273
vt 0.132653 0.818182
vt 0.132653 0.909091
vt 0.132653 1.000000
vt 0.142857 0.090909
vt 0.142857 0.181818
vt 0.142857 0.272727
vt 0.142857 0.363636
vt 0.142857 0.454545
vt 0.142857 0.545455
vt 0.142857 0.636364
vt 0.142857 0.727273
vt 0.142857 0.818182
vt 0.142857 0.909091
vt 0.142857 1.000000
vt 0.153061 0.090909
vt 0.153061 0.000000
vt 0.153061 0.181818
vt 0.153061 0.272727
vt 0.153061 0.363636
vt 0.153061 0.454545
vt 0.153061 0.545455
vt 0.153061 0.636364
vt 0.153061 0.727273
vt 0.153061 0.818182
vt 0.153061 0.909091
vt 0.153061 1.000000
vt 0.163265 0.090909
vt 0.163265 0.000000
vt 0.163265 0.181818
vt 0.163265 0.272727
vt 0.163265 0.363636
vt 0.163265 0.454545
vt 0.163265 0.545455
vt 0.163265 0.636364
vt 0.163265 0.727273
vt 0.163265 0.818182
vt 0.163265 0.909091
vt 0.163265 1.000000
vt 0.173469 0.090909
vt 0.173469 0.000000
vt 0.173469 0.181818
vt 0.173469 0.272727
vt 0.173469 0.363636
vt 0.173469 0.454545
vt 0.173469 0.545455
vt 0.173469 0.636364
vt 0.173469 0.727273
vt 0.173469 0.818182
vt 0.173469 0.909091
vt 0.173469 1.000000
vt 0.183673 0.090909
vt 0.183673 0.000000
vt 0.183673 0.181818
vt 0.183673 0.272727
vt 0.183673 0.363636
vt 0.183673 0.454545
vt 0.183673 0.545455
vt 0.183673 0.636364
vt 0.183673 0.727273
vt 0.183673 0.818182
vt 0.183673 0.909091
vt 0.183673 1.000000
vt 0.193878 0.090909
vt 0.193878 0.000000
vt 0.193878 0.181818
vt 0.193878 0.272727
vt 0.193878 0.363636
vt 0.193878 0.454545
vt 0.193878 0.545455
vt 0.193878 0.636364
vt 0.193878 0.727273
vt 0.193878 0.818182
vt 0.193878 0.909091
vt 0.193878 1.000000
vt 0.204082 0.090909
vt 0.204082 0.000000
vt 0.204082 0.181818
vt 0.204082 0.272727
vt 0.204082 0.363636
vt 0.204082 0.454545
vt 0.204082 0.545455
vt 0.204082 0.636364
vt 0.204082 0.727273
vt 0.204082 0.818182
vt 0.204082 0.909091
vt 0.204082 1.000000
vt 0.214286 0.090909
vt 0.214286 0.181818
vt 0.214286 0.272727
vt 0.214286 0.363636
vt 0.214286 0.454545
vt 0.214286 0.545455
vt 0.214286 0.636364
vt 0.214286 0.727273
vt 0.214286 0.818182
vt 0.214286 0.909091
vt 0.214286 1.000000
vt 0.224490 0.090909
vt 0.224490 0.000000
vt 0.224490 0.181818
vt 0.224490 0.272727
vt 0.224490 0.363636
vt 0.224490 0.454545
vt 0.224490 0.545455
vt 0.224490 0.636364
vt 0.224490 0.727273
vt 0.224490 0.818182
vt 0.224490 0.909091
vt 0.224490 1.000000
vt 0.234694 0.090909
vt 0.234694 0.000000
vt 0.234694 0.181818
vt 0.234694 0.272727
vt 0.234694 0.363636
vt 0.234694 0.454545
vt 0.234694 0.545455
vt 0.234694 0.636364
vt 0.234694 0.727273
vt 0.234694 0.818182
vt 0.234694 0.909091
vt 0.234694 1.000000
vt 0.244898 0.090909
vt 0.244898 0.000000
vt 0.244898 0.181818
vt 0.244898 0.272727
vt 0.244898 0.363636
vt 0.244898 0.454545
vt 0.244898 0.545455
vt 0.244898 0.636364
vt 0.244898 0.727273
vt 0.244898 0.818182
vt 0.244898 0.909091
vt 0.244898 1.000000
vt 0.255102 0.090909
vt 0.255102 0.000000
vt 0.255102 0.181818
vt 0.255102 0.272727
vt 0.255102 0.363636
vt 0.255102 0.454545
vt 0.255102 0.545455
vt 0.255102 0.636364
vt 0.255102 0.727273
vt 0.255102 0.818182
vt 0.255102 0.909091
vt 0.255102 1.000000
vt 0.265306 0.090909
vt 0.265306 0.000000
vt 0.265306 0.181818
vt 0.265306 0.272727
vt 0.265306 0.363636
vt 0.265306 0.454545
vt 0.265306 0.545455
vt 0.265306 0.636364
vt 0.265306 0.727273
vt 0.265306 0.818182
vt 0.265306 0.909091
vt 0.265306 1.000000
vt 0.275510 0.090909
vt 0.275510 0.000000
vt 0.275510 0.181818
vt 0.275510 0.272727
vt 0.275510 0.363636
vt 0.275510 0.454545
vt 0.275510 0.545455
vt 0.275510 0.636364
vt 0.275510 0.727273
vt 0.275510 0.818182
vt 0.275510 0.909091
vt 0.275510 1.000000
vt 0.285714 0.090909
vt 0.285714 0.181818
vt 0.285714 0.272727
vt 0.285714 0.363636
vt 0.285714 0.454545
vt 0.285714 0.545455
vt 0.285714 0.636364
vt 0.285714 0.727273
vt 0.285714 0.818182
vt 0.285714 0.909091
vt 0.285714 1.000000
vt 0.295918 0.090909
vt 0.295918 0.000000
vt 0.295918 0.181818
vt 0.295918 0.272727
vt 0.295918 0.363636
vt 0.295918 0.454545
vt 0.295918 0.545455
vt 0.295918 0.636364
vt 0.295918 0.727273
vt 0.295918 0.818182
vt 0.295918 0.909091
vt 0.295918 1.000000
vt 0.306122 0.090909
vt 0.306122 0.000000
vt 0.306122 0.181818
vt 0.306122 0.272727
vt 0.306122 0.363636
vt 0.306122 0.454545
vt 0.306122 0.545455
vt 0.306122 0.636364
vt 0.306122 0.727273
vt 0.306122 0.818182
vt 0.306122 0.909091
vt 0.306122 1.000000
vt 0.316327 0.090909
vt 0.316327 0.000000
vt 0.316327 0.181818
vt 0.316327 0.272727
vt 0.316327 0.363636
vt 0.316327 0.454545
vt 0.316327 0.545455
vt 0.316327 0.636364
vt 0.316327 0.727273
vt 0.316327 0.818182
vt 0.316327 0.909091
vt 0.316327 1.000000
vt 0.326531 0.090909
vt 0.326531 0.000000
vt 0.326531 0.181818
vt 0.326531 0.272727
vt 0.326531 0.363636
vt 0.326531 0.454545
vt 0.326531 0.545455
vt 0.326531 0.636364
vt 0.326531 0.727273
vt 0.326531 0.818182
vt 0.326531 0.909091
vt 0.326531 1.000000
vt 0.336735 0.090909
vt 0.336735 0.000000
vt 0.336735 0.181818
vt 0.336735 0.272727
vt 0.336735 0.363636
vt 0.336735 0.454545
vt 0.336735 0.545455
vt 0.336735 0.636364
vt 0.336735 0.727273
vt 0.336735 0.818182
vt 0.336735 0.909091
vt 0.336735 1.000000
vt 0.346939 0.090909
vt 0.346939 0.000000
vt 0.346939 0.181818
vt 0.346939 0.272727
vt 0.346939 0.363636
vt 0.346939 0.454545
vt 0.346939 0.545455
vt 0.346939 0.636364
vt 0.346939 0.727273
vt 0.346939 0.818182
vt 0.346939 0.909091
vt 0.346939 1.000000
vt 0.357143 0.090909
vt 0.357143 0.181818
vt 0.357143 0.272727
vt 0.357143 0.363636
vt 0.357143 0.454545
vt 0.357143 0.545455
vt 0.357143 0.636364
vt 0.357143 0.727273
vt 0.357143 0.818182
vt 0.357143 0.909091
vt 0.357143 1.000000
vt 0.367347 0.090909
vt 0.367347 0.000000
vt 0.367347 0.181818
vt 0.367347 0.272727
vt 0.367347 0.363636
vt 0.367347 0.454545
vt 0.367347 0.545455
vt 0.367347 0.636364
vt 0.367347 0.727273
vt 0.367347 0.818182
vt 0.367347 0.909091
vt 0.367347 1.000000
vt 0.377551 0.090909
vt 0.377551 0.000000
vt 0.377551 0.181818
vt 0.377551 0.272727
vt 0.377551 0.363636
vt 0.377551 0.454545
vt 0.377551 0.545455
vt 0.377551 0.636364
vt 0.377551 0.727273
vt 0.377551 0.818182
vt 0.377551 0.909091
vt 0.377551 1.000000
vt 0.387755 0.090909
vt 0.387755 0.000000
vt 0.387755 0.181818
vt 0.387755 0.272727
vt 0.387755 0.363636
vt 0.387755 0.454545
vt 0.387755 0.545455
vt 0.387755 0.636364
vt 0.387755 0.727273
vt 0.387755 0.818182
vt 0.387755 0.909091
vt 0.387755 1.000000
vt 0.397959 0.090909
vt 0.397959 0.000000
vt 0.397959 0.181818
vt 0.397959 0.272727
vt 0.397959 0.363636
vt 0.397959 0.454545
vt 0.397959 0.545455
vt 0.397959 0.636364
vt 0.397959 0.727273
vt 0.397959 0.818182
vt 0.397959 0.909091
vt 0.397959 1.000000
vt 0.408163 0.090909
vt 0.408163 0.000000
vt 0.408163 0.181818
vt 0.408163 0.272727
vt 0.408163 0.363636
vt 0.408163 0.454545
vt 0.408163 0.545455
vt 0.408163 0.636364
vt 0.408163 0.727273
vt 0.408163 0.818182
vt 0.408163 0.909091
vt 0.408163 1.000000
vt 0.418367 0.090909
vt 0.418367 0.000000
vt 0.418367 0.181818
vt 0.418367 0.272727
vt 0.418367 0.363636
vt 0.418367 0.454545
vt 0.418367 0.545455
vt 0.418367 0.636364
vt 0.418367 0.727273
vt 0.418367 0.818182
vt 0.418367 0.909091
vt 0.418367 1.000000
vt 0.428571 0.090909
vt 0.428571 0.181818
vt 0.428571 0.272727
vt 0.428571 0.363636
vt 0.428571 0.454545
vt 0.428571 0.545455
vt 0.428571 0.636364
vt 0.428571 0.727273
vt 0.428571 0.818182
vt 0.428571 0.909091
vt 0.428571 1.000000
vt 0.438776 0.090909
vt 0.438776 0.000000
vt 0.438776 0.181818
vt 0.438776 0.272727
vt 0.438776 0.363636
vt 0.438776 0.454545
vt 0.438776 0.545455
vt 0.438776 0.636364
vt 0.438776 0.727273
vt 0.438776 0.818182
vt 0.438776 0.909091
vt 0.438776 1.000000
vt 0.448980 0.090909
vt 0.448980 0.000000
vt 0.448980 0.181818
vt 0.448980 0.272727
vt 0.448980 0.363636
vt 0.448980 0.454545
vt 0.448980 0.545455
vt 0.448980 0.636364
vt 0.448980 0.727273
vt 0.448980 0.818182
vt 0.448980 0.909091
vt 0.448980 1.000000
vt 0.459184 0.090909
vt 0.459184 0.000000
vt 0.459184 0.181818
vt 0.459184 0.272727
vt 0.459184 0.363636
vt 0.459184 0.454545
vt 0.459184 0.545455
vt 0.459184 0.636364
vt 0.459184 0.727273
vt 0.459184 0.818182
vt 0.459184 0.909091
vt 0.459184 1.000000
vt 0.469388 0.090909
vt 0.469388 0.000000
vt 0.469388 0.181818
vt 0.469388 0.272727
vt 0.469388 0.363636
vt 0.469388 0.454545
vt 0.469388 0.545455
vt 0.469388 0.636364
vt 0.469388 0.727273
vt 0.469388 0.818182
vt 0.469388 0.909091
vt 0.469388 1.000000
vt 0.479592 0.090909
vt 0.479592 0.000000
vt 0.479592 0.181818
vt 0.479592 0.272727
vt 0.479592 0.363636
vt 0.479592 0.454545
vt 0.479592 0.545455
vt 0.479592 0.636364
vt 0.479592 0.727273
vt 0.479592 0.818182
vt 0.479592 0.909091
vt 0.479592 1.000000
vt 0.489796 0.090909
vt 0.489796 0.000000
vt 0.489796 0.181818
vt 0.489796 0.272727
vt 0.489796 0.363636
vt 0.489796 0.454545
vt 0.489796 0.545455
vt 0.489796 0.636364
vt 0.489796 0.727273
vt 0.489796 0.818182
vt 0.489796 0.909091
vt 0.489796 1.000000
vt 0.510204 0.090909
vt 0.510204 0.000000
vt 0.510204 0.181818
vt 0.510204 0.272727
vt 0.510204 0.363636
vt 0.510204 0.454545
vt 0.510204 0.545455
vt 0.510204 0.636364
vt 0.510204 0.727273
vt 0.510204 0.818182
vt 0.510204 0.909091
vt 0.510204 1.000000
vt 0.520408 0.090909
vt 0.520408 0.000000
vt 0.520408 0.181818
vt 0.520408 0.272727
vt 0.520408 0.363636
vt 0.520408 0.454545
vt 0.520408 0.545455
vt 0.520408 0.636364
vt 0.520408 0.727273
vt 0.520408 0.818182
vt 0.520408 0.909091
vt 0.520408 1.000000
vt 0.530612 0.090909
vt 0.530612 0.000000
vt 0.530612 0.181818
vt 0.530612 0.272727
vt 0.530612 0.363636
vt 0.530612 0.454545
vt 0.530612 0.545455
vt 0.530612 0.636364
vt 0.530612 0.727273
vt 0.530612 0.818182
vt 0.530612 0.909091
vt 0.530612 1.000000
vt 0.540816 0.090909
vt 0.540816 0.000000
vt 0.540816 0.181818
vt 0.540816 0.272727
vt 0.540816 0.363636
vt 0.540816 0.454545
vt 0.540816 0.545455
vt 0.540816 0.636364
vt 0.540816 0.727273
vt 0.540816 0.818182
vt 0.540816 0.909091
vt 0.540816 1.000000
vt 0.551020 0.090909
vt 0.551020 0.000000
vt 0.551020 0.181818
vt 0.551020 0.272727
vt 0.551020 0.363636
vt 0.551020 0.454545
vt 0.551020 0.545455
vt 0.551020 0.636364
vt 0.551020 0.727273
vt 0.551020 0.818182
vt 0.551020 0.909091
vt 0.551020 1.000000
vt 0.561224 0.090909
vt 0.561224 0.000000
vt 0.561224 0.181818
vt 0.561224 0.272727
vt 0.561224 0.363636
vt 0.561224 0.454545
vt 0.561224 0.545455
vt 0.561224 0.636364
vt 0.561224 0.727273
vt 0.561224 0.818182
vt 0.561224 0.909091
vt 0.561224 1.000000
vt 0.571429 0.090909
vt 0.571429 0.181818
vt 0.571429 0.272727
vt 0.571429 0.363636
vt 0.571429 0.454545
vt 0.571429 0.545455
vt 0.571429 0.636364
vt 0.571429 0.727273
vt 0.571429 0.818182
vt 0.571429 0.909091
vt 0.571429 1.000000
vt 0.581633 0.090909
vt 0.581633 0.000000
vt 0.581633 0.181818
vt 0.581633 0.272727
vt 0.581633 0.363636
vt 0.581633 0.454545
vt 0.581633 0.545455
vt 0.581633 0.636364
vt 0.581633 0.727273
vt 0.581633 0.818182
vt 0.581633 0.909091
vt 0.581633 1.000000
vt 0.591837 0.090909
vt 0.591837 0.000000
vt 0.591837 0.181818
vt 0.591837 0.272727
vt 0.591837 0.363636
vt 0.591837 0.454545
vt 0.591837 0.545455
vt 0.591837 0.636364
vt 0.591837 0.727273
vt 0.591837 0.818182
vt 0.591837 0.909091
vt 0.591837 1.000000
vt 0.602041 0.090909
vt 0.602041 0.000000
vt 0.602041 0.181818
vt 0.602041 0.272727
vt 0.602041 0.363636
vt 0.602041 0.454545
vt 0.602041 0.545455
vt 0.602041 0.636364
vt 0.602041 0.727273
vt 0.602041 0.818182
vt 0.602041 0.909091
vt 0.602041 1.000000
vt 0.612245 0.090909
vt 0.612245 0.000000
vt 0.612245 0.181818
vt 0.612245 0.272727
vt 0.612245 0.363636
vt 0.612245 0.454545
vt 0.612245 0.545455
vt 0.612245 0.636364
vt 0.612245 0.727273
vt 0.612245 0.818182
vt 0.612245 0.909091
vt 0.612245 1.000000
vt 0.622449 0.090909
vt 0.622449 0.000000
vt 0.622449 0.181818
vt 0.622449 0.272727
vt 0.622449 0.363636
vt 0.622449 0.454545
vt 0.622449 0.545455
vt 0.622449 0.636364
vt 0.622449 0.727273
vt 0.622449 0.818182
vt 0.622449 0.909091
vt 0.622449 1.000000
vt 0.632653 0.090909
vt 0.632653 0.000000
vt 0.632653 0.181818
vt 0.632653 0.272727
vt 0.632653 0.363636
vt 0.632653 0.454545
vt 0.632653 0.545455
vt 0.632653 0.636364
vt 0.632653 0.727273
vt 0.632653 0.818182
vt 0.632653 0.909091
vt 0.632653 1.000000
vt 0.642857 0.090909
vt 0.642857 0.181818
vt 0.642857 0.272727
vt 0.642857 0.363636
vt 0.642857 0.454545
vt 0.642857 0.545455
vt 0.642857 0.636364
vt 0.642857 0.727273
vt 0.642857 0.818182
vt 0.642857 0.909091
vt 0.642857 1.000000
vt 0.653061 0.090909
vt 0.653061 0.000000
vt 0.653061 0.181818
vt 0.653061 0.272727
vt 0.653061 0.363636
vt 0.653061 0.454545
vt 0.653061 0.545455
vt 0.653061 0.636364
vt 0.653061 0.727273
vt 0.653061 0.818182
vt 0.653061 0.909091
vt 0.653061 1.000000
vt 0.663265 0.090909
vt 0.663265 0.000000
vt 0.663265 0.181818
vt 0.663265 0.272727
vt 0.663265 0.363636
vt 0.663265 0.454545
vt 0.663265 0.545455
vt 0.663265 0.636364
vt 0.663265 0.727273
vt 0.663265 0.818182
vt 0.663265 0.909091
vt 0.663265 1.000000
vt 0.673469 0.090909
vt 0.673469 0.000000
vt 0.673469 0.181818
vt 0.673469 0.272727
vt 0.673469 0.363636
vt 0.673469 0.454545
vt 0.673469 0.545455
vt 0.673469 0.636364
vt 0.673469 0.727273
vt 0.673469 0.818182
vt 0.673469 0.909091
vt 0.673469 1.000000
vt 0.683673 0.090909
vt 0.683673 0.000000
vt 0.683673 0.181818
vt 0.683673 0.272727
vt 0.683673 0.363636
vt 0.683673 0.454545
vt 0.683673 0.545455
vt 0.683673 0.636364
vt 0.683673 0.727273
vt 0.683673 0.818182
vt 0.683673 0.909091
vt 0.683673 1.000000
vt 0.693878 0.090909
vt 0.693878 0.000000
vt 0.693878 0.181818
vt 0.693878 0.272727
vt 0.693878 0.363636
vt 0.693878 0.454545
vt 0.693878 0.545455
vt 0.693878 0.636364
vt 0.693878 0.727273
vt 0.693878 0.818182
vt 0.693878 0.909091
vt 0.693878 1.000000
vt 0.704082 0.090909
vt 0.704082 0.000000
vt 0.704082 0.181818
vt 0.704082 0.272727
vt 0.704082 0.363636
vt 0.704082 0.454545
vt 0.704082 0.545455
vt 0.704082 0.636364
vt 0.704082 0.727273
vt 0.704082 0.818182
vt 0.704082 0.909091
vt 0.704082 1.000000
vt 0.714286 0.090909
vt 0.714286 0.181818
vt 0.714286 0.272727
vt 0.714286 0.363636
vt 0.714286 0.454545
vt 0.714286 0.545455
vt 0.714286 0.636364
vt 0.714286 0.727273
vt 0.714286 0.818182
vt 0.714286 0.909091
vt 0.714286 1.000000
vt 0.724490 0.090909
vt 0.724490 0.000000
vt 0.724490 0.181818
vt 0.724490 0.272727
vt 0.724490 0.363636
vt 0.724490 0.454545
vt 0.724490 0.545455
vt 0.724490 0.636364
vt 0.724490 0.727273
vt 0.724490 0.818182
vt 0.724490 0.909091
vt 0.724490 1.000000
vt 0.734694 0.090909
vt 0.734694 0.000000
vt 0.734694 0.181818
vt 0.734694 0.272727
vt 0.734694 0.363636
vt 0.734694 0.454545
vt 0.734694 0.545455
vt 0.734694 0.636364
vt 0.734694 0.727273
vt 0.734694 0.818182
vt 0.734694 0.909091
vt 0.734694 1.000000
vt 0.744898 0.090909
vt 0.744898 0.000000
vt 0.744898 0.181818
vt 0.744898 0.272727
vt 0.744898 0.363636
vt 0.744898 0.454545
vt 0.744898 0.545455
vt 0.744898 0.636364
vt 0.744898 0.727273
vt 0.744898 0.818182
vt 0.744898 0.909091
vt 0.744898 1.000000
vt 0.755102 0.090909
vt 0.755102 0.000000
vt 0.755102 0.181818
vt 0.755102 0.272727
vt 0.755102 0.363636
vt 0.755102 0.454545
vt 0.755102 0.545455
vt 0.755102 0.636364
vt 0.755102 0.727273
vt 0.755102 0.818182
vt 0.755102 0.909091
vt 0.755102 1.000000
vt 0.765306 0.090909
vt 0.765306 0.000000
vt 0.765306 0.181818
vt 0.765306 0.272727
vt 0.765306 0.363636
vt 0.765306 0.454545
vt 0.765306 0.545455
vt 0.765306 0.636364
vt 0.765306 0.727273
vt 0.765306 0.818182
vt 0.765306 0.909091
vt 0.765306 1.000000
vt 0.775510 0.090909
vt 0.775510 0.000000
vt 0.775510 0.181818
vt 0.775510 0.272727
vt 0.775510 0.363636
vt 0.775510 0.454545
vt 0.775510 0.545455
vt 0.775510 0.636364
vt 0.775510 0.727273
vt 0.775510 0.818182
vt 0.775510 0.909091
vt 0.775510 1.000000
vt 0.785714 0.090909
vt 0.785714 0.181818
vt 0.785714 0.272727
vt 0.785714 0.363636
vt 0.785714 0.454545
vt 0.785714 0.545455
vt 0.785714 0.636364
vt 0.785714 0.727273
vt 0.785714 0.818182
vt 0.785714 0.909091
vt 0.785714 1.000000
vt 0.795918 0.090909
vt 0.795918 0.000000
vt 0.795918 0.181818
vt 0.795918 0.272727
vt 0.795918 0.363636
vt 0.795918 0.454545
vt 0.795918 0.545455
vt 0.795918 0.636364
vt 0.795918 0.727273
vt 0.795918 0.818182
vt 0.795918 0.909091
vt 0.795918 1.000000
vt 0.806122 0.090909
vt 0.806122 0.000000
vt 0.806122 0.181818
vt 0.806122 0.272727
vt 0.806122 0.363636
vt 0.806122 0.454545
vt 0.806122 0.545455
vt 0.806122 0.636364
vt 0.806122 0.727273
vt 0.806122 0.818182
vt 0.806122 0.909091
vt 0.806122 1.000000
vt 0.816327 0.090909
vt 0.816327 0.000000
vt 0.816327 0.181818
vt 0.816327 0.272727
vt 0.816327 0.363636
vt 0.816327 0.454545
vt 0.816327 0.545455
vt 0.816327 0.636364
vt 0.816327 0.727273
vt 0.816327 0.818182
vt 0.816327 0.909091
vt 0.816327 1.000000
vt 0.826531 0.090909
vt 0.826531 0.000000
vt 0.826531 0.181818
vt 0.826531 0.272727
vt 0.826531 0.363636
vt 0.826531 0.454545
vt 0.826531 0.545455
vt 0.826531 0.636364
vt 0.826531 0.727273
vt 0.826531 0.818182
vt 0.826531 0.909091
vt 0.826531 1.000000
vt 0.836735 0.090909
vt 0.836735 0.000000
vt 0.836735 0.181818
vt 0.836735 0.272727
vt 0.836735 0.363636
vt 0.836735 0.454545
vt 0.836735 0.545455
vt 0.836735 0.636364
vt 0.836735 0.727273
vt 0.836735 0.818182
vt 0.836735 0.909091
vt 0.836735 1.000000
vt 0.846939 0.090909
vt 0.846939 0.000000
vt 0.846939 0.181818
vt 0.846939 0.272727
vt 0.846939 0.363636
vt 0.846939 0.454545
vt 0.846939 0.545455
vt 0.846939 0.636364
vt 0.846939 0.727273
vt 0.846939 0.818182
vt 0.846939 0.909091
vt 0.846939 1.000000
vt 0.857143 0.090909
vt 0.857143 0.181818
vt 0.857143 0.272727
vt 0.857143 0.363636
vt 0.857143 0.454545
vt 0.857143 0.545455
vt 0.857143 0.636364
vt 0.857143 0.727273
vt 0.857143 0.818182
vt 0.857143 0.909091
vt 0.857143 1.000000
vt 0.867347 0.090909
vt 0.867347 0.000000
vt 0.867347 0.181818
vt 0.867347 0.272727
vt 0.867347 0.363636
vt 0.867347 0.454545
vt 0.867347 0.545455
vt 0.867347 0.636364
vt 0.867347 0.727273
vt 0.867347 0.818182
vt 0.867347 0.909091
vt 0.867347 1.000000
vt 0.877551 0.090909
vt 0.877551 0.000000
vt 0.877551 0.181818
vt 0.877551 0.272727
vt 0.877551 0.363636
vt 0.877551 0.454545
vt 0.877551 0.545455
vt 0.877551 0.636364
vt 0.877551 0.727273
vt 0.877551 0.818182
vt 0.877551 0.909091
vt 0.877551 1.000000
vt 0.887755 0.090909
vt 0.887755 0.000000
vt 0.887755 0.181818
vt 0.887755 0.272727
vt 0.887755 0.363636
vt 0.887755 0.454545
vt 0.887755 0.545455
vt 0.887755 0.636364
vt 0.887755 0.727273
vt 0.887755 0.818182
vt 0.887755 0.909091
vt 0.887755 1.000000
vt 0.897959 0.090909
vt 0.897959 0.000000
vt 0.897959 0.181818
vt 0.897959 0.272727
vt 0.897959 0.363636
vt 0.897959 0.454545
vt 0.897959 0.545455
vt 0.897959 0.636364
vt 0.897959 0.727273
vt 0.897959 0.818182
vt 0.897959 0.909091
vt 0.897959 1.000000
vt 0.908163 0.090909
vt 0.908163 0.000000
vt 0.908163 0.181818
vt 0.908163 0.272727
vt 0.908163 0.363636
vt 0.908163 0.454545
vt 0.908163 0.545455
vt 0.908163 0.636364
vt 0.908163 0.727273
vt 0.908163 0.818182
vt 0.908163 0.909091
vt 0.908163 1.000000
vt 0.918367 0.090909
vt 0.918367 0.000000
vt 0.918367 0.181818
vt 0.918367 0.272727
vt 0.918367 0.363636
vt 0.918367 0.454545
vt 0.918367 0.545455
vt 0.918367 0.636364
vt 0.918367 0.727273
vt 0.918367 0.818182
vt 0.918367 0.909091
vt 0.918367 1.000000
vt 0.928571 0.090909
vt 0.928571 0.181818
vt 0.928571 0.272727
vt 0.928571 0.363636
vt 0.928571 0.454545
vt 0.928571 0.545455
vt 0.928571 0.636364
vt 0.928571 0.727273
vt 0.928571 0.818182
vt 0.928571 0.909091
vt 0.928571 1.000000
vt 0.938776 0.090909
vt 0.938776 0.000000
vt 0.938776 0.181818
vt 0.938776 0.272727
vt 0.938776 0.363636
vt 0.938776 0.454545
vt 0.938776 0.545455
vt 0.938776 0.636364
vt 0.938776 0.727273
vt 0.938776 0.818182
vt 0.938776 0.909091
vt 0.938776 1.000000
vt 0.948980 0.090909
vt 0.948980 0.000000
vt 0.948980 0.181818
vt 0.948980 0.272727
vt 0.948980 0.363636
vt 0.948980 0.454545
vt 0.948980 0.545455
vt 0.948980 0.636364
vt 0.948980 0.727273
vt 0.948980 0.818182
vt 0.948980 0.909091
vt 0.948980 1.000000
vt 0.959184 0.090909
vt 0.959184 0.000000
vt 0.959184 0.181818
vt 0.959184 0.272727
vt 0.959184 0.363636
vt 0.959184 0.454545
vt 0.959184 0.545455
vt 0.959184 0.636364
vt 0.959184 0.727273
vt 0.959184 0.818182
vt 0.959184 0.909091
vt 0.959184 1.000000
vt 0.969388 0.090909
vt 0.969388 0.000000
vt 0.969388 0.181818
vt 0.969388 0.272727
vt 0.969388 0.363636
vt 0.969388 0.454545
vt 0.969388 0.545455
vt 0.969388 0.636364
vt 0.969388 0.727273
vt 0.969388 0.818182
vt 0.969388 0.909091
vt 0.969388 1.000000
vt 0.979592 0.090909
vt 0.979592 0.000000
vt 0.979592 0.181818
vt 0.979592 0.272727
vt 0.979592 0.363636
vt 0.979592 0.454545
vt 0.979592 0.545455
vt 0.979592 0.636364
vt 0.979592 0.727273
vt 0.979592 0.818182
vt 0.979592 0.909091
vt 0.979592 1.000000
vt 0.989796 0.090909
vt 0.989796 0.000000
vt 0.989796 0.181818
vt 0.989796 0.272727
vt 0.989796 0.363636
vt 0.989796 0.454545
vt 0.989796 0.545455
vt 0.989796 0.636364
vt 0.989796 0.727273
vt 0.989796 0.818182
vt 0.989796 0.909091
vt 0.989796 1.000000
vt 0.014925 0.090909
vt 0.014925 0.000000
vt 0.014925 0.181818
vt 0.014925 0.272727
vt 0.014925 0.363636
vt 0.014925 0.454545
vt 0.014925 0.545455
vt 0.014925 0.636364
vt 0.014925 0.727273
vt 0.014925 0.818182
vt 0.014925 0.909091
vt 0.014925 1.000000
vt 0.029851 0.090909
vt 0.029851 0.000000
vt 0.029851 0.181818
vt 0.029851 0.272727
vt 0.029851 0.363636
vt 0.029851 0.454545
vt 0.029851 0.545455
vt 0.029851 0.636364
vt 0.029851 0.727273
vt 0.029851 0.818182
vt 0.029851 0.909091
vt 0.029851 1.000000
vt 0.044776 0.090909
vt 0.044776 0.000000
vt 0.044776 0.181818
vt 0.044776 0.272727
vt 0.044776 0.363636
vt 0.044776 0.454545
vt 0.044776 0.545455
vt 0.044776 0.636364
vt 0.044776 0.727273
vt 0.044776 0.818182
vt 0.044776 0.909091
vt 0.044776 1.000000
vt 0.059701 0.090909
vt 0.059701 0.000000
vt 0.059701 0.181818
vt 0.059701 0.272727
vt 0.059701 0.363636
vt 0.059701 0.454545
vt 0.059701 0.545455
vt 0.059701 0.636364
vt 0.059701 0.727273
vt 0.059701 0.818182
vt 0.059701 0.909091
vt 0.059701 1.000000
vt 0.074627 0.090909
vt 0.074627 0.000000
vt 0.074627 0.181818
vt 0.074627 0.272727
vt 0.074627 0.363636
vt 0.074627 0.454545
vt 0.074627 0.545455
vt 0.074627 0.636364
vt 0.074627 0.727273
vt 0.074627 0.818182
vt 0.074627 0.909091
vt 0.074627 1.000000
vt 0.089552 0.090909
vt 0.089552 0.000000
vt 0.089552 0.181818
vt 0.089552 0.272727
vt 0.089552 0.363636
vt 0.089552 0.454545
vt 0.089552 0.545455
vt 0.089552 0.636364
vt 0.089552 0.727273
vt 0.089552 0.818182
vt 0.089552 0.909091
vt 0.089552 1.000000
vt 0.104478 0.090909
vt 0.104478 0.000000
vt 0.104478 0.181818
vt 0.104478 0.272727
vt 0.104478 0.363636
vt 0.104478 0.454545
vt 0.104478 0.545455
vt 0.104478 0.636364
vt 0.104478 0.727273
vt 0.104478 0.818182
vt 0.104478 0.909091
vt 0.104478 1.000000
vt 0.119403 0.090909
vt 0.119403 0.000000
vt 0.119403 0.181818
vt 0.119403 0.272727
vt 0.119403 0.363636
vt 0.119403 0.454545
vt 0.119403 0.545455
vt 0.119403 0.636364
vt 0.119403 0.727273
vt 0.119403 0.818182
vt 0.119403 0.909091
vt 0.119403 1.000000
vt 0.134328 0.090909
vt 0.134328 0.000000
vt 0.134328 0.181818
vt 0.134328 0.272727
vt 0.134328 0.363636
vt 0.134328 0.454545
vt 0.134328 0.545455
vt 0.134328 0.636364
vt 0.134328 0.727273
vt 0.134328 0.818182
vt 0.134328 0.909091
vt 0.134328 1.000000
vt 0.149254 0.090909
vt 0.149254 0.000000
vt 0.149254 0.181818
vt 0.149254 0.272727
vt 0.149254 0.363636
vt 0.149254 0.454545
vt 0.149254 0.545455
vt 0.149254 0.636364
vt 0.149254 0.727273
vt 0.149254 0.818182
vt 0.149254 0.909091
vt 0.149254 1.000000
vt 0.164179 0.090909
vt 0.164179 0.000000
vt 0.164179 0.181818
vt 0.164179 0.272727
vt 0.164179 0.363636
vt 0.164179 0.454545
vt 0.164179 0.545455
vt 0.164179 0.636364
vt 0.164179 0.727273
vt 0.164179 0.818182
vt 0.164179 0.909091
vt 0.164179 1.000000
vt 0.179104 0.090909
vt 0.179104 0.000000
vt 0.179104 0.181818
vt 0.179104 0.272727
vt 0.179104 0.363636
vt 0.179104 0.454545
vt 0.179104 0.545455
vt 0.179104 0.636364
vt 0.179104 0.727273
vt 0.179104 0.818182
vt 0.179104 0.909091
vt 0.179104 1.000000
vt 0.194030 0.090909
vt 0.194030 0.000000
vt 0.194030 0.181818
vt 0.194030 0.272727
vt 0.194030 0.363636
vt 0.194030 0.454545
vt 0.194030 0.545455
vt 0.194030 0.636364
vt 0.194030 0.727273
vt 0.194030 0.818182
vt 0.194030 0.909091
vt 0.194030 1.000000
vt 0.208955 0.090909
vt 0.208955 0.000000
vt 0.208955 0.181818
vt 0.208955 0.272727
vt 0.208955 0.363636
vt 0.208955 0.454545
vt 0.208955 0.545455
vt 0.208955 0.636364
vt 0.208955 0.727273
vt 0.208955 0.818182
vt 0.208955 0.909091
vt 0.208955 1.000000
vt 0.223881 0.090909
vt 0.223881 0.000000
vt 0.223881 0.181818
vt 0.223881 0.272727
vt 0.223881 0.363636
vt 0.223881 0.454545
vt 0.223881 0.545455
vt 0.223881 0.636364
vt 0.223881 0.727273
vt 0.223881 0.818182
vt 0.223881 0.909091
vt 0.223881 1.000000
vt 0.238806 0.090909
vt 0.238806 0.000000
vt 0.238806 0.181818
vt 0.238806 0.272727
vt 0.238806 0.363636
vt 0.238806 0.454545
vt 0.238806 0.545455
vt 0.238806 0.636364
vt 0.238806 0.727273
vt 0.238806 0.818182
vt 0.238806 0.909091
vt 0.238806 1.000000
vt 0.253731 0.090909
vt 0.253731 0.000000
vt 0.253731 0.181818
vt 0.253731 0.272727
vt 0.253731 0.363636
vt 0.253731 0.454545
vt 0.253731 0.545455
vt 0.253731 0.636364
vt 0.253731 0.727273
vt 0.253731 0.818182
vt 0.253731 0.909091
vt 0.253731 1.000000
vt 0.268657 0.090909
vt 0.268657 0.000000
vt 0.268657 0.181818
vt 0.268657 0.272727
vt 0.268657 0.363636
vt 0.268657 0.454545
vt 0.268657 0.545455
vt 0.268657 0.636364
vt 0.268657 0.727273
vt 0.268657 0.818182
vt 0.268657 0.909091
vt 0.268657 1.000000
vt 0.283582 0.090909
vt 0.283582 0.000000
vt 0.283582 0.181818
vt 0.283582 0.272727
vt 0.283582 0.363636
vt 0.283582 0.454545
vt 0.283582 0.545455
vt 0.283582 0.636364
vt 0.283582 0.727273
vt 0.283582 0.818182
vt 0.283582 0.909091
vt 0.283582 1.000000
vt 0.298507 0.090909
vt 0.298507 0.000000
vt 0.298507 0.181818
vt 0.298507 0.272727
vt 0.298507 0.363636
vt 0.298507 0.454545
vt 0.298507 0.545455
vt 0.298507 0.636364
vt 0.298507 0.727273
vt 0.298507 0.818182
vt 0.298507 0.909091
vt 0.298507 1.000000
vt 0.313433 0.090909
vt 0.313433 0.000000
vt 0.313433 0.181818
vt 0.313433 0.272727
vt 0.313433 0.363636
vt 0.313433 0.454545
vt 0.313433 0.545455
vt 0.313433 0.636364
vt 0.313433 0.727273
vt 0.313433 0.818182
vt 0.313433 0.909091
vt 0.313433 1.000000
vt 0.328358 0.090909
vt 0.328358 0.000000
vt 0.328358 0.181818
vt 0.328358 0.272727
vt 0.328358 0.363636
vt 0.328358 0.454545
vt 0.328358 0.545455
vt 0.328358 0.636364
vt 0.328358 0.727273
vt 0.328358 0.818182
vt 0.328358 0.909091
vt 0.328358 1.000000
vt 0.343284 0.090909
vt 0.343284 0.000000
vt 0.343284 0.181818
vt 0.343284 0.272727
vt 0.343284 0.363636
vt 0.343284 0.454545
vt 0.343284 0.545455
vt 0.343284 0.636364
vt 0.343284 0.727273
vt 0.343284 0.818182
vt 0.343284 0.909091
vt 0.343284 1.000000
vt 0.358209 0.090909
vt 0.358209 0.000000
vt 0.358209 0.181818
vt 0.358209 0.272727
vt 0.358209 0.363636
vt 0.358209 0.454545
vt 0.358209 0.545455
vt 0.358209 0.636364
vt 0.358209 0.727273
vt 0.358209 0.818182
vt 0.358209 0.909091
vt 0.358209 1.000000
vt 0.373134 0.090909
vt 0.373134 0.000000
vt 0.373134 0.181818
vt 0.373134 0.272727
vt 0.373134 0.363636
vt 0.373134 0.454545
vt 0.373134 0.545455
vt 0.373134 0.636364
vt 0.373134 0.727273
vt 0.373134 0.818182
vt 0.373134 0.909091
vt 0.373134 1.000000
vt 0.388060 0.090909
vt 0.388060 0.000000
vt 0.388060 0.181818
vt 0.388060 0.272727
vt 0.388060 0.363636
vt 0.388060 0.454545
vt 0.388060 0.545455
vt 0.388060 0.636364
vt 0.388060 0.727273
vt 0.388060 0.818182
vt 0.388060 0.909091
vt 0.388060 1.000000
vt 0.402985 0.090909
vt 0.402985 0.000000
vt 0.402985 0.181818
vt 0.402985 0.272727
vt 0.402985 0.363636
vt 0.402985 0.454545
vt 0.402985 0.545455
vt 0.402985 0.636364
vt 0.402985 0.727273
vt 0.402985 0.818182
vt 0.402985 0.909091
vt 0.402985 1.000000
vt 0.417910 0.090909
vt 0.417910 0.000000
vt 0.417910 0.181818
vt 0.417910 0.272727
vt 0.417910 0.363636
vt 0.417910 0.454545
vt 0.417910 0.545455
vt 0.417910 0.636364
vt 0.417910 0.727273
vt 0.417910 0.818182
vt 0.417910 0.909091
vt 0.417910 1.000000
vt 0.432836 0.090909
vt 0.432836 0.000000
vt 0.432836 0.181818
vt 0.432836 0.272727
vt 0.432836 0.363636
vt 0.432836 0.454545
vt 0.432836 0.545455
vt 0.432836 0.636364
vt 0.432836 0.727273
vt 0.432836 0.818182
vt 0.432836 0.909091
vt 0.432836 1.000000
vt 0.447761 0.090909
vt 0.447761 0.000000
vt 0.447761 0.181818
vt 0.447761 0.272727
vt 0.447761 0.363636
vt 0.447761 0.454545
vt 0.447761 0.545455
vt 0.447761 0.636364
vt 0.447761 0.727273
vt 0.447761 0.818182
vt 0.447761 0.909091
vt 0.447761 1.000000
vt 0.462687 0.090909
vt 0.462687 0.000000
vt 0.462687 0.181818
vt 0.462687 0.272727
vt 0.462687 0.363636
vt 0.462687 0.454545
vt 0.462687 0.545455
vt 0.462687 0.636364
vt 0.462687 0.727273
vt 0.462687 0.818182
vt 0.462687 0.909091
vt 0.462687 1.000000
vt 0.477612 0.090909
vt 0.477612 0.000000
vt 0.477612 0.181818
vt 0.477612 0.272727
vt 0.477612 0.363636
vt 0.477612 0.454545
vt 0.477612 0.545455
vt 0.477612 0.636364
vt 0.477612 0.727273
vt 0.477612 0.818182
vt 0.477612 0.909091
vt 0.477612 1.000000
vt 0.492537 0.090909
vt 0.492537 0.000000
vt 0.492537 0.181818
vt 0.492537 0.272727
vt 0.492537 0.363636
vt 0.492537 0.454545
vt 0.492537 0.545455
vt 0.492537 0.636364
vt 0.492537 0.727273
vt 0.492537 0.818182
vt 0.492537 0.909091
vt 0.492537 1.000000
vt 0.507463 0.090909
vt 0.507463 0.000000
vt 0.507463 0.181818
vt 0.507463 0.272727
vt 0.507463 0.363636
vt 0.507463 0.454545
vt 0.507463 0.545455
vt 0.507463 0.636364
vt 0.507463 0.727273
vt 0.507463 0.818182
vt 0.507463 0.909091
vt 0.507463 1.000000
vt 0.522388 0.090909
vt 0.522388 0.000000
vt 0.522388 0.181818
vt 0.522388 0.272727
vt 0.522388 0.363636
vt 0.522388 0.454545
vt 0.522388 0.545455
vt 0.522388 0.636364
vt 0.522388 0.727273
vt 0.522388 0.818182
vt 0.522388 0.909091
vt 0.522388 1.000000
vt 0.537313 0.090909
vt 0.537313 0.000000
vt 0.537313 0.181818
vt 0.537313 0.272727
vt 0.537313 0.363636
vt 0.537313 0.454545
vt 0.537313 0.545455
vt 0.537313 0.636364
vt 0.537313 0.727273
vt 0.537313 0.818182
vt 0.537313 0.909091
vt 0.537313 1.000000
vt 0.552239 0.090909
vt 0.552239 0.000000
vt 0.552239 0.181818
vt 0.552239 0.272727
vt 0.552239 0.363636
vt 0.552239 0.454545
vt 0.552239 0.545455
vt 0.552239 0.636364
vt 0.552239 0.727273
vt 0.552239 0.818182
vt 0.552239 0.909091
vt 0.552239 1.000000
vt 0.567164 0.090909
vt 0.567164 0.000000
vt 0.567164 0.181818
vt 0.567164 0.272727
vt 0.567164 0.363636
vt 0.567164 0.454545
vt 0.567164 0.545455
vt 0.567164 0.636364
vt 0.567164 0.727273
vt 0.567164 0.818182
vt 0.567164 0.909091
vt 0.567164 1.000000
vt 0.582090 0.090909
vt 0.582090 0.000000
vt 0.582090 0.181818
vt 0.582090 0.272727
vt 0.582090 0.363636
vt 0.582090 0.454545
vt 0.582090 0.545455
vt 0.582090 0.636364
vt 0.582090 0.727273
vt 0.582090 0.818182
vt 0.582090 0.909091
vt 0.582090 1.000000
vt 0.597015 0.090909
vt 0.597015 0.000000
vt 0.597015 0.181818
vt 0.597015 0.272727
vt 0.597015 0.363636
vt 0.597015 0.454545
vt 0.597015 0.545455
vt 0.597015 0.636364
vt 0.597015 0.727273
vt 0.597015 0.818182
vt 0.597015 0.909091
vt 0.597015 1.000000
vt 0.611940 0.090909
vt 0.611940 0.000000
vt 0.611940 0.181818
vt 0.611940 0.272727
vt 0.611940 0.363636
vt 0.611940 0.454545
vt 0.611940 0.545455
vt 0.611940 0.636364
vt 0.611940 0.727273
vt 0.611940 0.818182
vt 0.611940 0.909091
vt 0.611940 1.000000
vt 0.626866 0.090909
vt 0.626866 0.000000
vt 0.626866 0.181818
vt 0.626866 0.272727
vt 0.626866 0.363636
vt 0.626866 0.454545
vt 0.626866 0.545455
vt 0.626866 0.636364
vt 0.626866 0.727273
vt 0.626866 0.818182
vt 0.626866 0.909091
vt 0.626866 1.000000
vt 0.641791 0.090909
vt 0.641791 0.000000
vt 0.641791 0.181818
vt 0.641791 0.272727
vt 0.641791 0.363636
vt 0.641791 0.454545
vt 0.641791 0.545455
vt 0.641791 0.636364
vt 0.641791 0.727273
vt 0.641791 0.818182
vt 0.641791 0.909091
vt 0.641791 1.000000
vt 0.656716 0.090909
vt 0.656716 0.000000
vt 0.656716 0.181818
vt 0.656716 0.272727
vt 0.656716 0.363636
vt 0.656716 0.454545
vt 0.656716 0.545455
vt 0.656716 0.636364
vt 0.656716 0.727273
vt 0.656716 0.818182
vt 0.656716 0.909091
vt 0.656716 1.000000
vt 0.671642 0.090909
vt 0.671642 0.000000
vt 0.671642 0.181818
vt 0.671642 0.272727
vt 0.671642 0.363636
vt 0.671642 0.454545
vt 0.671642 0.545455
vt 0.671642 0.636364
vt 0.671642 0.727273
vt 0.671642 0.818182
vt 0.671642 0.909091
vt 0.671642 1.000000
vt 0.686567 0.090909
vt 0.686567 0.000000
vt 0.686567 0.181818
vt 0.686567 0.272727
vt 0.686567 0.363636
vt 0.686567 0.454545
vt 0.686567 0.545455
vt 0.686567 0.636364
vt 0.686567 0.727273
vt 0.686567 0.818182
vt 0.686567 0.909091
vt 0.686567 1.000000
vt 0.701493 0.090909
vt 0.701493 0.000000
vt 0.701493 0.181818
vt 0.701493 0.272727
vt 0.701493 0.363636
vt 0.701493 0.454545
vt 0.701493 0.545455
vt 0.701493 0.636364
vt 0.701493 0.727273
vt 0.701493 0.818182
vt 0.701493 0.909091
vt 0.701493 1.000000
vt 0.716418 0.090909
vt 0.716418 0.000000
vt 0.716418 0.181818
vt 0.716418 0.272727
vt 0.716418 0.363636
vt 0.716418 0.454545
vt 0.716418 0.545455
vt 0.716418 0.636364
vt 0.716418 0.727273
vt 0.716418 0.818182
vt 0.716418 0.909091
vt 0.716418 1.000000
vt 0.731343 0.090909
vt 0.731343 0.000000
vt 0.731343 0.181818
vt 0.731343 0.272727
vt 0.731343 0.363636
vt 0.731343 0.454545
vt 0.731343 0.545455
vt 0.731343 0.636364
vt 0.731343 0.727273
vt 0.731343 0.818182
vt 0.731343 0.909091
vt 0.731343 1.000000
vt 0.746269 0.090909
vt 0.746269 0.000000
vt 0.746269 0.181818
vt 0.746269 0.272727
vt 0.746269 0.363636
vt 0.746269 0.454545
vt 0.746269 0.545455
vt 0.746269 0.636364
vt 0.746269 0.727273
vt 0.746269 0.818182
vt 0.746269 0.909091
vt 0.746269 1.000000
vt 0.761194 0.090909
vt 0.761194 0.000000
vt 0.761194 0.181818
vt 0.761194 0.272727
vt 0.761194 0.363636
vt 0.761194 0.454545
vt 0.761194 0.545455
vt 0.761194 0.636364
vt 0.761194 0.727273
vt 0.761194 0.818182
vt 0.761194 0.909091
vt 0.761194 1.000000
vt 0.776119 0.090909
vt 0.776119 0.000000
vt 0.776119 0.181818
vt 0.776119 0.272727
vt 0.776119 0.363636
vt 0.776119 0.454545
vt 0.776119 0.545455
vt 0.776119 0.636364
vt 0.776119 0.727273
vt 0.776119 0.818182
vt 0.776119 0.909091
vt 0.776119 1.000000
vt 0.791045 0.090909
vt 0.791045 0.000000
vt 0.791045 0.181818
vt 0.791045 0.272727
vt 0.791045 0.363636
vt 0.791045 0.454545
vt 0.791045 0.545455
vt 0.791045 0.636364
vt 0.791045 0.727273
vt 0.791045 0.818182
vt 0.791045 0.909091
vt 0.791045 1.000000
vt 0.805970 0.090909
vt 0.805970 0.000000
vt 0.805970 0.181818
vt 0.805970 0.272727
vt 0.805970 0.363636
vt 0.805970 0.454545
vt 0.805970 0.545455
vt 0.805970 0.636364
vt 0.805970 0.727273
vt 0.805970 0.818182
vt 0.805970 0.909091
vt 0.805970 1.000000
vt 0.820895 0.090909
vt 0.820895 0.000000
vt 0.820895 0.181818
vt 0.820895 0.272727
vt 0.820895 0.363636
vt 0.820895 0.454545
vt 0.820895 0.545455
vt 0.820895 0.636364
vt 0.820895 0.727273
vt 0.820895 0.818182
vt 0.820895 0.909091
vt 0.820895 1.000000
vt 0.835821 0.090909
vt 0.835821 0.000000
vt 0.835821 0.181818
vt 0.835821 0.272727
vt 0.835821 0.363636
vt 0.835821 0.454545
vt 0.835821 0.545455
vt 0.835821 0.636364
vt 0.835821 0.727273
vt 0.835821 0.818182
vt 0.835821 0.909091
vt 0.835821 1.000000
vt 0.850746 0.090909
vt 0.850746 0.000000
vt 0.850746 0.181818
vt 0.850746 0.272727
vt 0.850746 0.363636
vt 0.850746 0.454545
vt 0.850746 0.545455
vt 0.850746 0.636364
vt 0.850746 0.727273
vt 0.850746 0.818182
vt 0.850746 0.909091
vt 0.850746 1.000000
vt 0.865672 0.090909
vt 0.865672 0.000000
vt 0.865672 0.181818
vt 0.865672 0.272727
vt 0.865672 0.363636
vt 0.865672 0.454545
vt 0.865672 0.545455
vt 0.865672 0.636364
vt 0.865672 0.727273
vt 0.865672 0.818182
vt 0.865672 0.909091
vt 0.865672 1.000000
vt 0.880597 0.090909
vt 0.880597 0.000000
vt 0.880597 0.181818
vt 0.880597 0.272727
vt 0.880597 0.363636
vt 0.880597 0.454545
vt 0.880597 0.545455
vt 0.880597 0.636364
vt 0.880597 0.727273
vt 0.880597 0.818182
vt 0.880597 0.909091
vt 0.880597 1.000000
vt 0.895522 0.090909
vt 0.895522 0.000000
vt 0.895522 0.181818
vt 0.895522 0.272727
vt 0.895522 0.363636
vt 0.895522 0.454545
vt 0.895522 0.545455
vt 0.895522 0.636364
vt 0.895522 0.727273
vt 0.895522 0.818182
vt 0.895522 0.909091
vt 0.895522 1.000000
vt 0.910448 0.090909
vt 0.910448 0.000000
vt 0.910448 0.181818
vt 0.910448 0.272727
vt 0.910448 0.363636
vt 0.910448 0.454545
vt 0.910448 0.545455
vt 0.910448 0.636364
vt 0.910448 0.727273
vt 0.910448 0.818182
vt 0.910448 0.909091
vt 0.910448 1.000000
vt 0.925373 0.090909
vt 0.925373 0.000000
vt 0.925373 0.181818
vt 0.925373 0.272727
vt 0.925373 0.363636
vt 0.925373 0.454545
vt 0.925373 0.545455
vt 0.925373 0.636364
vt 0.925373 0.727273
vt 0.925373 0.818182
vt 0.925373 0.909091
vt 0.925373 1.000000
vt 0.940298 0.090909
vt 0.940298 0.000000
vt 0.940298 0.181818
vt 0.940298 0.272727
vt 0.940298 0.363636
vt 0.940298 0.454545
vt 0.940298 0.545455
vt 0.940298 0.636364
vt 0.940298 0.727273
vt 0.940298 0.818182
vt 0.940298 0.909091
vt 0.940298 1.000000
vt 0.955224 0.090909
vt 0.955224 0.000000
vt 0.955224 0.181818
vt 0.955224 0.272727
vt 0.955224 0.363636
vt 0.955224 0.454545
vt 0.955224 0.545455
vt 0.955224 0.636364
vt 0.955224 0.727273
vt 0.955224 0.818182
vt 0.955224 0.909091
vt 0.955224 1.000000
vt 0.970149 0.090909
vt 0.970149 0.000000
vt 0.970149 0.181818
vt 0.970149 0.272727
vt 0.970149 0.363636
vt 0.970149 0.454545
vt 0.970149 0.545455
vt 0.970149 0.636364
vt 0.970149 0.727273
vt 0.970149 0.818182
vt 0.970149 0.909091
vt 0.970149 1.000000
vt 0.985075 0.090909
vt 0.985075 0.000000
vt 0.985075 0.181818
vt 0.985075 0.272727
vt 0.985075 0.363636
vt 0.985075 0.454545
vt 0.985075 0.545455
vt 0.985075 0.636364
vt 0.985075 0.727273
vt 0.985075 0.818182
vt 0.985075 0.909091
vt 0.985075 1.000000
vt 0.037037 0.090909
vt 0.037037 0.000000
vt 0.037037 0.181818
vt 0.037037 0.272727
vt 0.037037 0.363636
vt 0.037037 0.454545
vt 0.037037 0.545455
vt 0.037037 0.636364
vt 0.037037 0.727273
vt 0.037037 0.818182
vt 0.037037 0.909091
vt 0.037037 1.000000
vt 0.074074 0.090909
vt 0.074074 0.000000
vt 0.074074 0.181818
vt 0.074074 0.272727
vt 0.074074 0.363636
vt 0.074074 0.454545
vt 0.074074 0.545455
vt 0.074074 0.636364
vt 0.074074 0.727273
vt 0.074074 0.818182
vt 0.074074 0.909091
vt 0.074074 1.000000
vt 0.111111 0.090909
vt 0.111111 0.000000
vt 0.111111 0.181818
vt 0.111111 0.272727
vt 0.111111 0.363636
vt 0.111111 0.454545
vt 0.111111 0.545455
vt 0.111111 0.636364
vt 0.111111 0.727273
vt 0.111111 0.818182
vt 0.111111 0.909091
vt 0.111111 1.000000
vt 0.148148 0.090909
vt 0.148148 0.000000
vt 0.148148 0.181818
vt 0.148148 0.272727
vt 0.148148 0.363636
vt 0.148148 0.454545
vt 0.148148 0.545455
vt 0.148148 0.636364
vt 0.148148 0.727273
vt 0.148148 0.818182
vt 0.148148 0.909091
vt 0.148148 1.000000
vt 0.185185 0.090909
vt 0.185185 0.000000
vt 0.185185 0.181818
vt 0.185185 0.272727
vt 0.185185 0.363636
vt 0.185185 0.454545
vt 0.185185 0.545455
vt 0.185185 0.636364
vt 0.185185 0.727273
vt 0.185185 0.818182
vt 0.185185 0.909091
vt 0.185185 1.000000
vt 0.222222 0.090909
vt 0.222222 0.000000
vt 0.222222 0.181818
vt 0.222222 0.272727
vt 0.222222 0.363636
vt 0.222222 0.454545
vt 0.222222 0.545455
vt 0.222222 0.636364
vt 0.222222 0.727273
vt 0.222222 0.818182
vt 0.222222 0.909091
vt 0.222222 1.000000
vt 0.259259 0.090909
vt 0.259259 0.000000
vt 0.259259 0.181818
vt 0.259259 0.272727
vt 0.259259 0.363636
vt 0.259259 0.454545
vt 0.259259 0.545455
vt 0.259259 0.636364
vt 0.259259 0.727273
vt 0.259259 0.818182
vt 0.259259 0.909091
vt 0.259259 1.000000
vt 0.296296 0.090909
vt 0.296296 0.000000
vt 0.296296 0.181818
vt 0.296296 0.272727
vt 0.296296 0.363636
vt 0.296296 0.454545
vt 0.296296 0.545455
vt 0.296296 0.636364
vt 0.296296 0.727273
vt 0.296296 0.818182
vt 0.296296 0.909091
vt 0.296296 1.000000
vt 0.370370 0.090909
vt 0.370370 0.000000
vt 0.370370 0.181818
vt 0.370370 0.272727
vt 0.370370 0.363636
vt 0.370370 0.454545
vt 0.370370 0.545455
vt 0.370370 0.636364
vt 0.370370 0.727273
vt 0.370370 0.818182
vt 0.370370 0.909091
vt 0.370370 1.000000
vt 0.407407 0.090909
vt 0.407407 0.000000
vt 0.407407 0.181818
vt 0.407407 0.272727
vt 0.407407 0.363636
vt 0.407407 0.454545
vt 0.407407 0.545455
vt 0.407407 0.636364
vt 0.407407 0.727273
vt 0.407407 0.818182
vt 0.407407 0.909091
vt 0.407407 1.000000
vt 0.444444 0.090909
vt 0.444444 0.000000
vt 0.444444 0.181818
vt 0.444444 0.272727
vt 0.444444 0.363636
vt 0.444444 0.454545
vt 0.444444 0.545455
vt 0.444444 0.636364
vt 0.444444 0.727273
vt 0.444444 0.818182
vt 0.444444 0.909091
vt 0.444444 1.000000
vt 0.481481 0.090909
vt 0.481481 0.000000
vt 0.481481 0.181818
vt 0.481481 0.272727
vt 0.481481 0.363636
vt 0.481481 0.454545
vt 0.481481 0.545455
vt 0.481481 0.636364
vt 0.481481 0.727273
vt 0.481481 0.818182
vt 0.481481 0.909091
vt 0.481481 1.000000
vt 0.518519 0.090909
vt 0.518519 0.000000
vt 0.518519 0.181818
vt 0.518519 0.272727
vt 0.518519 0.363636
vt 0.518519 0.454545
vt 0.518519 0.545455
vt 0.518519 0.636364
vt 0.518519 0.727273
vt 0.518519 0.818182
vt 0.518519 0.909091
vt 0.518519 1.000000
vt 0.555556 0.090909
vt 0.555556 0.000000
vt 0.555556 0.181818
vt 0.555556 0.272727
vt 0.555556 0.363636
vt 0.555556 0.454545
vt 0.555556 0.545455
vt 0.555556 0.636364
vt 0.555556 0.727273
vt 0.555556 0.818182
vt 0.555556 0.909091
vt 0.555556 1.000000
vt 0.592593 0.090909
vt 0.592593 0.000000
vt 0.592593 0.181818
vt 0.592593 0.272727
vt 0.592593 0.363636
vt 0.592593 0.454545
vt 0.592593 0.545455
vt 0.592593 0.636364
vt 0.592593 0.727273
vt 0.592593 0.818182
vt 0.592593 0.909091
vt 0.592593 1.000000
vt 0.629630 0.090909
vt 0.629630 0.000000
vt 0.629630 0.181818
vt 0.629630 0.272727
vt 0.629630 0.363636
vt 0.629630 0.454545
vt 0.629630 0.545455
vt 0.629630 0.636364
vt 0.629630 0.727273
vt 0.629630 0.818182
vt 0.629630 0.909091
vt 0.629630 1.000000
vt 0.703704 0.090909
vt 0.703704 0.000000
vt 0.703704 0.181818
vt 0.703704 0.272727
vt 0.703704 0.363636
vt 0.703704 0.454545
vt 0.703704 0.545455
vt 0.703704 0.636364
vt 0.703704 0.727273
vt 0.703704 0.818182
vt 0.703704 0.909091
vt 0.703704 1.000000
vt 0.740741 0.090909
vt 0.740741 0.000000
vt 0.740741 0.181818
vt 0.740741 0.272727
vt 0.740741 0.363636
vt 0.740741 0.454545
vt 0.740741 0.545455
vt 0.740741 0.636364
vt 0.740741 0.727273
vt 0.740741 0.818182
vt 0.740741 0.909091
vt 0.740741 1.000000
vt 0.777778 0.090909
vt 0.777778 0.000000
vt 0.777778 0.181818
vt 0.777778 0.272727
vt 0.777778 0.363636
vt 0.777778 0.454545
vt 0.777778 0.545455
vt 0.777778 0.636364
vt 0.777778 0.727273
vt 0.777778 0.818182
vt 0.777778 0.909091
vt 0.777778 1.000000
vt 0.814815 0.090909
vt 0.814815 0.000000
vt 0.814815 0.181818
vt 0.814815 0.272727
vt 0.814815 0.363636
vt 0.814815 0.454545
vt 0.814815 0.545455
vt 0.814815 0.636364
vt 0.814815 0.727273
vt 0.814815 0.818182
vt 0.814815 0.909091
vt 0.814815 1.000000
vt 0.851852 0.090909
vt 0.851852 0.000000
vt 0.851852 0.181818
vt 0.851852 0.272727
vt 0.851852 0.363636
vt 0.851852 0.454545
vt 0.851852 0.545455
vt 0.851852 0.636364
vt 0.851852 0.727273
vt 0.851852 0.818182
vt 0.851852 0.909091
vt 0.851852 1.000000
vt 0.888889 0.090909
vt 0.888889 0.000000
vt 0.888889 0.181818
vt 0.888889 0.272727
vt 0.888889 0.363636
vt 0.888889 0.454545
vt 0.888889 0.545455
vt 0.888889 0.636364
vt 0.888889 0.727273
vt 0.888889 0.818182
vt 0.888889 0.909091
vt 0.888889 1.000000
vt 0.925926 0.090909
vt 0.925926 0.000000
vt 0.925926 0.181818
vt 0.925926 0.272727
vt 0.925926 0.363636
vt 0.925926 0.454545
vt 0.925926 0.545455
vt 0.925926 0.636364
vt 0.925926 0.727273
vt 0.925926 0.818182
vt 0.925926 0.909091
vt 0.925926 1.000000
vt 0.962963 0.090909
vt 0.962963 0.000000
vt 0.962963 0.181818
vt 0.962963 0.272727
vt 0.962963 0.363636
vt 0.962963 0.454545
vt 0.962963 0.545455
vt 0.962963 0.636364
vt 0.962963 0.727273
vt 0.962963 0.818182
vt 0.962963 0.909091
vt 0.962963 1.000000
s 0
usemtl マテリアル.001
f 65/1/1 66/3/1 93/2/1
f 93/2/1 66/3/1 67/4/1
f 93/2/1 67/4/1 1/5/1
f 93/2/1 1/5/1 2/6/1
f 93/2/1 2/6/1 3/7/1
f 93/2/1 3/7/1 4/8/1
f 93/2/1 4/8/1 5/9/1
f 93/2/1 5/9/1 6/10/1
f 93/2/1 6/10/1 7/11/1
f 93/2/1 7/11/1 92/12/1
f 92/12/1 7/11/1 8/13/1
f 65/1/1 93/2/1 94/14/1
f 91/15/1 92/12/1 8/13/1
f 90/16/1 91/15/1 8/13/1
f 89/17/1 90/16/1 8/13/1
f 89/17/1 8/13/1 9/18/1
f 88/19/1 89/17/1 9/18/1
f 87/20/1 88/19/1 9/18/1
f 86/21/1 87/20/1 9/18/1
f 86/21/1 9/18/1 10/22/1
f 85/23/1 86/21/1 10/22/1
f 84/24/1 85/23/1 10/22/1
f 83/25/1 84/24/1 10/22/1
f 83/25/1 10/22/1 11/26/1
f 82/27/1 83/25/1 11/26/1
f 81/28/1 82/27/1 11/26/1
f 81/28/1 11/26/1 12/29/1
f 80/30/1 81/28/1 12/29/1
f 79/31/1 80/30/1 12/29/1
f 79/31/1 12/29/1 13/32/1
f 78/33/1 79/31/1 13/32/1
f 78/33/1 13/32/1 14/34/1
f 77/35/1 78/33/1 14/34/1
f 76/36/1 77/35/1 14/34/1
f 76/36/1 14/34/1 15/37/1
f 75/38/1 76/36/1 15/37/1
f 75/38/1 15/37/1 16/39/1
f 74/40/1 75/38/1 16/39/1
f 74/40/1 16/39/1 17/41/1
f 73/42/1 74/40/1 17/41/1
f 72/43/1 73/42/1 17/41/1
f 72/43/1 17/41/1 18/44/1
f 71/45/1 72/43/1 18/44/1
f 70/46/1 71/45/1 18/44/1
f 70/46/1 18/44/1 19/47/1
f 69/48/1 70/46/1 19/47/1
f 68/49/1 69/48/1 19/47/1
f 65/1/1 94/14/1 63/50/1
f 63/50/1 94/14/1 68/49/1
f 63/50/1 68/49/1 19/47/1
f 63/50/1 19/47/1 20/51/1
f 63/50/1 20/51/1 21/52/1
f 63/50/1 21/52/1 22/53/1
f 63/50/1 22/53/1 23/54/1
f 63/50/1 23/54/1 24/55/1
f 63/50/1 24/55/1 25/56/1
f 63/50/1 25/56/1 26/57/1
f 63/50/1 26/57/1 62/58/1
f 62/58/1 26/57/1 61/59/1
f 61/59/1 26/57/1 27/60/1
f 65/1/1 63/50/1 64/61/1
f 60/62/1 61/59/1 27/60/1
f 59/63/1 60/62/1 27/60/1
f 58/64/1 59/63/1 27/60/1
f 58/64/1 27/60/1 28/65/1
f 57/66/1 58/64/1 28/65/1
f 56/67/1 57/66/1 28/65/1
f 56/67/1 28/65/1 29/68/1
f 55/69/1 56/67/1 29/68/1
f 55/69/1 29/68/1 30/70/1
f 54/71/1 55/69/1 30/70/1
f 54/71/1 30/70/1 31/72/1
f 53/73/1 54/71/1 31/72/1
f 53/73/1 31/72/1 32/74/1
f 52/75/1 53/73/1 32/74/1
f 52/75/1 32/74/1 33/76/1
f 51/77/1 52/75/1 33/76/1
f 51/77/1 33/76/1 34/78/1
f 51/77/1 34/78/1 35/79/1
f 50/80/1 51/77/1 35/79/1
f 50/80/1 35/79/1 36/81/1
f 49/82/1 50/80/1 36/81/1
f 49/82/1 36/81/1 37/83/1
f 49/82/1 37/83/1 38/84/1
f 49/82/1 38/84/1 39/85/1
f 49/82/1 39/85/1 40/86/1
f 49/82/1 40/86/1 41/87/1
f 49/82/1 41/87/1 42/88/1
f 49/82/1 42/88/1 43/89/1
f 49/82/1 43/89/1 44/90/1
f 49/82/1 44/90/1 45/91/1
f 49/82/1 45/91/1 46/92/1
f 49/82/1 46/92/1 47/93/1
f 49/82/1 47/93/1 48/94/1
f 99/95/1 100/97/1 101/96/1
f 99/95/1 101/96/1 104/98/1
f 104/98/1 101/96/1 102/99/1
f 99/95/1 104/98/1 105/14/1
f 103/100/1 104/98/1 102/99/1
f 99/95/1 105/14/1 97/101/1
f 97/101/1 105/14/1 103/100/1
f 97/101/1 103/100/1 96/102/1
f 96/102/1 103/100/1 102/99/1
f 99/95/1 97/101/1 98/103/1
f 95/5/1 96/102/1 102/99/1
f 114/104/1 115/105/1 106/5/1
f 106/5/1 115/105/1 116/106/1
f 106/5/1 116/106/1 117/14/1
f 114/104/1 106/5/1 107/107/1
f 114/104/1 107/107/1 110/108/1
f 110/108/1 107/107/1 108/109/1
f 110/108/1 108/109/1 109/110/1
f 114/104/1 110/108/1 111/111/1
f 114/104/1 111/111/1 112/112/1
f 114/104/1 112/112/1 113/113/1
f 120/95/1 121/96/1 122/100/1
f 120/95/1 122/100/1 123/14/1
f 120/95/1 123/14/1 118/5/1
f 120/95/1 118/5/1 119/101/1
f 207/114/1 208/116/1 209/115/1
f 207/114/1 209/115/1 210/117/1
f 207/114/1 210/117/1 211/118/1
f 206/119/1 207/114/1 211/118/1
f 206/119/1 211/118/1 212/120/1
f 206/119/1 212/120/1 213/121/1
f 206/119/1 213/121/1 214/122/1
f 205/123/1 206/119/1 214/122/1
f 205/123/1 214/122/1 215/124/1
f 205/123/1 215/124/1 216/125/1
f 205/123/1 216/125/1 217/126/1
f 204/127/1 205/123/1 217/126/1
f 204/127/1 217/126/1 218/128/1
f 204/127/1 218/128/1 219/129/1
f 204/127/1 219/129/1 220/130/1
f 203/131/1 204/127/1 220/130/1
f 203/131/1 220/130/1 133/132/1
f 133/132/1 220/130/1 132/133/1
f 132/133/1 220/130/1 131/134/1
f 131/134/1 220/130/1 130/135/1
f 130/135/1 220/130/1 129/136/1
f 129/136/1 220/130/1 128/137/1
f 128/137/1 220/130/1 127/138/1
f 127/138/1 220/130/1 126/139/1
f 126/139/1 220/130/1 125/140/1
f 125/140/1 220/130/1 124/5/1
f 124/5/1 220/130/1 221/14/1
f 202/141/1 203/131/1 135/142/1
f 135/142/1 203/131/1 134/143/1
f 134/143/1 203/131/1 133/132/1
f 202/141/1 135/142/1 136/144/1
f 202/141/1 136/144/1 137/145/1
f 202/141/1 137/145/1 138/146/1
f 201/147/1 202/141/1 138/146/1
f 201/147/1 138/146/1 139/148/1
f 201/147/1 139/148/1 140/149/1
f 200/150/1 201/147/1 140/149/1
f 200/150/1 140/149/1 141/151/1
f 200/150/1 141/151/1 142/152/1
f 199/153/1 200/150/1 142/152/1
f 199/153/1 142/152/1 143/154/1
f 198/155/1 199/153/1 143/154/1
f 198/155/1 143/154/1 144/156/1
f 198/155/1 144/156/1 145/157/1
f 197/158/1 198/155/1 145/157/1
f 197/158/1 145/157/1 146/159/1
f 196/160/1 197/158/1 146/159/1
f 196/160/1 146/159/1 147/161/1
f 196/160/1 147/161/1 148/162/1
f 195/163/1 196/160/1 148/162/1
f 195/163/1 148/162/1 149/164/1
f 194/165/1 195/163/1 149/164/1
f 194/165/1 149/164/1 150/166/1
f 193/167/1 194/165/1 150/166/1
f 193/167/1 150/166/1 151/168/1
f 192/169/1 193/167/1 151/168/1
f 192/169/1 151/168/1 152/170/1
f 191/171/1 192/169/1 152/170/1
f 191/171/1 152/170/1 153/172/1
f 170/173/1 171/175/1 172/174/1
f 191/171/1 153/172/1 154/176/1
f 169/177/1 170/173/1 172/174/1
f 190/178/1 191/171/1 154/176/1
f 168/179/1 169/177/1 172/174/1
f 190/178/1 154/176/1 155/180/1
f 167/181/1 168/179/1 172/174/1
f 166/182/1 167/181/1 172/174/1
f 190/178/1 155/180/1 156/183/1
f 165/184/1 166/182/1 172/174/1
f 189/185/1 190/178/1 156/183/1
f 164/186/1 165/184/1 172/174/1
f 189/185/1 156/183/1 157/187/1
f 163/188/1 164/186/1 172/174/1
f 162/189/1 163/188/1 172/174/1
f 189/185/1 157/187/1 158/190/1
f 161/191/1 162/189/1 172/174/1
f 160/192/1 161/191/1 172/174/1
f 189/185/1 158/190/1 159/193/1
f 159/193/1 160/192/1 172/174/1
f 189/185/1 159/193/1 172/174/1
f 188/194/1 189/185/1 172/174/1
f 188/194/1 172/174/1 173/195/1
f 187/196/1 188/194/1 173/195/1
f 187/196/1 173/195/1 174/197/1
f 187/196/1 174/197/1 175/198/1
f 187/196/1 175/198/1 176/199/1
f 186/200/1 187/196/1 176/199/1
f 186/200/1 176/199/1 177/201/1
f 186/200/1 177/201/1 178/202/1
f 186/200/1 178/202/1 179/203/1
f 185/204/1 186/200/1 179/203/1
f 185/204/1 179/203/1 180/205/1
f 185/204/1 180/205/1 181/206/1
f 185/204/1 181/206/1 182/207/1
f 184/208/1 185/204/1 182/207/1
f 184/208/1 182/207/1 183/209/1
f 230/104/1 231/105/1 222/5/1
f 222/5/1 231/105/1 232/106/1
f 222/5/1 232/106/1 233/14/1
f 230/104/1 222/5/1 223/107/1
f 230/104/1 223/107/1 226/108/1
f 226/108/1 223/107/1 224/109/1
f 226/108/1 224/109/1 225/110/1
f 230/104/1 226/108/1 227/111/1
f 230/104/1 227/111/1 228/112/1
f 230/104/1 228/112/1 229/113/1
f 242/210/1 243/212/1 244/211/1
f 242/210/1 244/211/1 240/213/1
f 240/213/1 244/211/1 239/214/1
f 239/214/1 244/211/1 245/215/1
f 245/215/1 246/217/1 247/216/1
f 245/215/1 247/216/1 236/218/1
f 236/218/1 247/216/1 235/219/1
f 235/219/1 247/216/1 248/14/1
f 242/210/1 240/213/1 241/97/1
f 238/220/1 239/214/1 245/215/1
f 245/215/1 236/218/1 237/221/1
f 234/5/1 235/219/1 248/14/1
f 238/220/1 245/215/1 237/221/1
f 253/95/1 254/97/1 255/96/1
f 253/95/1 255/96/1 258/98/1
f 258/98/1 255/96/1 256/99/1
f 253/95/1 258/98/1 259/14/1
f 257/100/1 258/98/1 256/99/1
f 253/95/1 259/14/1 251/101/1
f 251/101/1 259/14/1 257/100/1
f 251/101/1 257/100/1 250/102/1
f 250/102/1 257/100/1 256/99/1
f 253/95/1 251/101/1 252/103/1
f 249/5/1 250/102/1 256/99/1
f 294/222/1 295/224/1 296/223/1
f 294/222/1 296/223/1 297/225/1
f 294/222/1 297/225/1 298/226/1
f 294/222/1 298/226/1 299/227/1
f 293/228/1 294/222/1 299/227/1
f 293/228/1 299/227/1 300/229/1
f 293/228/1 300/229/1 301/230/1
f 293/228/1 301/230/1 302/231/1
f 292/232/1 293/228/1 302/231/1
f 292/232/1 302/231/1 303/233/1
f 292/232/1 303/233/1 304/234/1
f 291/235/1 292/232/1 304/234/1
f 291/235/1 304/234/1 305/236/1
f 291/235/1 305/236/1 306/237/1
f 290/238/1 291/235/1 306/237/1
f 290/238/1 306/237/1 307/239/1
f 290/238/1 307/239/1 318/240/1
f 318/240/1 307/239/1 317/241/1
f 317/241/1 307/239/1 316/242/1
f 316/242/1 307/239/1 315/243/1
f 315/243/1 307/239/1 314/244/1
f 314/244/1 307/239/1 313/245/1
f 313/245/1 307/239/1 312/246/1
f 312/246/1 307/239/1 311/247/1
f 311/247/1 307/239/1 310/248/1
f 310/248/1 307/239/1 309/249/1
f 309/249/1 307/239/1 308/250/1
f 289/251/1 290/238/1 320/252/1
f 320/252/1 290/238/1 319/253/1
f 319/253/1 290/238/1 318/240/1
f 289/251/1 320/252/1 321/254/1
f 289/251/1 321/254/1 322/255/1
f 289/251/1 322/255/1 323/256/1
f 288/257/1 289/251/1 323/256/1
f 288/257/1 323/256/1 324/258/1
f 288/257/1 324/258/1 325/259/1
f 287/260/1 288/257/1 325/259/1
f 287/260/1 325/259/1 326/261/1
f 287/260/1 326/261/1 327/262/1
f 286/263/1 287/260/1 327/262/1
f 286/263/1 327/262/1 328/264/1
f 285/265/1 286/263/1 328/264/1
f 285/265/1 328/264/1 329/266/1
f 285/265/1 329/266/1 330/267/1
f 284/268/1 285/265/1 330/267/1
f 284/268/1 330/267/1 331/269/1
f 283/270/1 284/268/1 331/269/1
f 283/270/1 331/269/1 332/271/1
f 283/270/1 332/271/1 333/272/1
f 282/273/1 283/270/1 333/272/1
f 358/274/1 359/276/1 360/275/1
f 358/274/1 360/275/1 357/277/1
f 357/277/1 360/275/1 361/14/1
f 282/273/1 333/272/1 334/278/1
f 281/279/1 282/273/1 334/278/1
f 281/279/1 334/278/1 335/280/1
f 356/281/1 357/277/1 361/14/1
f 280/282/1 281/279/1 335/280/1
f 280/282/1 335/280/1 336/283/1
f 280/282/1 336/283/1 337/284/1
f 279/285/1 280/282/1 337/284/1
f 279/285/1 337/284/1 338/286/1
f 278/287/1 279/285/1 338/286/1
f 278/287/1 338/286/1 339/288/1
f 278/287/1 339/288/1 340/289/1
f 277/290/1 278/287/1 340/289/1
f 277/290/1 340/289/1 341/291/1
f 355/292/1 356/281/1 361/14/1
f 354/293/1 355/292/1 361/14/1
f 353/294/1 354/293/1 361/14/1
f 277/290/1 341/291/1 342/295/1
f 352/296/1 353/294/1 361/14/1
f 351/297/1 352/296/1 361/14/1
f 350/298/1 351/297/1 361/14/1
f 277/290/1 342/295/1 343/299/1
f 276/300/1 277/290/1 343/299/1
f 349/301/1 350/298/1 361/14/1
f 348/302/1 349/301/1 361/14/1
f 347/303/1 348/302/1 361/14/1
f 276/300/1 343/299/1 344/304/1
f 346/305/1 347/303/1 361/14/1
f 345/306/1 346/305/1 361/14/1
f 344/304/1 345/306/1 361/14/1
f 276/300/1 344/304/1 361/14/1
f 275/307/1 276/300/1 361/14/1
f 275/307/1 361/14/1 260/5/1
f 275/307/1 260/5/1 261/308/1
f 274/309/1 275/307/1 261/308/1
f 274/309/1 261/308/1 262/310/1
f 274/309/1 262/310/1 263/311/1
f 273/312/1 274/309/1 263/311/1
f 273/312/1 263/311/1 264/313/1
f 273/312/1 264/313/1 265/314/1
f 273/312/1 265/314/1 266/315/1
f 272/316/1 273/312/1 266/315/1
f 272/316/1 266/315/1 267/317/1
f 272/316/1 267/317/1 268/318/1
f 272/316/1 268/318/1 269/319/1
f 271/320/1 272/316/1 269/319/1
f 271/320/1 269/319/1 270/321/1
f 426/1/2 454/2/2 427/3/2
f 454/2/2 428/4/2 427/3/2
f 454/2/2 362/5/2 428/4/2
f 454/2/2 363/6/2 362/5/2
f 454/2/2 364/7/2 363/6/2
f 454/2/2 365/8/2 364/7/2
f 454/2/2 366/9/2 365/8/2
f 454/2/2 367/10/2 366/9/2
f 454/2/2 368/11/2 367/10/2
f 454/2/2 453/12/2 368/11/2
f 453/12/2 369/13/2 368/11/2
f 426/1/2 455/14/2 454/2/2
f 452/15/2 369/13/2 453/12/2
f 451/16/2 369/13/2 452/15/2
f 450/17/2 369/13/2 451/16/2
f 450/17/2 370/18/2 369/13/2
f 449/19/2 370/18/2 450/17/2
f 448/20/2 370/18/2 449/19/2
f 447/21/2 370/18/2 448/20/2
f 447/21/2 371/22/2 370/18/2
f 446/23/2 371/22/2 447/21/2
f 445/24/2 371/22/2 446/23/2
f 444/25/2 371/22/2 445/24/2
f 444/25/2 372/26/2 371/22/2
f 443/27/2 372/26/2 444/25/2
f 442/28/2 372/26/2 443/27/2
f 442/28/2 373/29/2 372/26/2
f 441/30/2 373/29/2 442/28/2
f 440/31/2 373/29/2 441/30/2
f 440/31/2 374/32/2 373/29/2
f 439/33/2 374/32/2 440/31/2
f 439/33/2 375/34/2 374/32/2
f 438/35/2 375/34/2 439/33/2
f 437/36/2 375/34/2 438/35/2
f 437/36/2 376/37/2 375/34/2
f 436/38/2 376/37/2 437/36/2
f 436/38/2 377/39/2 376/37/2
f 435/40/2 377/39/2 436/38/2
f 435/40/2 378/41/2 377/39/2
f 434/42/2 378/41/2 435/40/2
f 433/43/2 378/41/2 434/42/2
f 433/43/2 379/44/2 378/41/2
f 432/45/2 379/44/2 433/43/2
f 431/46/2 379/44/2 432/45/2
f 431/46/2 380/47/2 379/44/2
f 430/48/2 380/47/2 431/46/2
f 429/49/2 380/47/2 430/48/2
f 426/1/2 424/50/2 455/14/2
f 424/50/2 429/49/2 455/14/2
f 424/50/2 380/47/2 429/49/2
f 424/50/2 381/51/2 380/47/2
f 424/50/2 382/52/2 381/51/2
f 424/50/2 383/53/2 382/52/2
f 424/50/2 384/54/2 383/53/2
f 424/50/2 385/55/2 384/54/2
f 424/50/2 386/56/2 385/55/2
f 424/50/2 387/57/2 386/56/2
f 424/50/2 423/58/2 387/57/2
f 423/58/2 422/59/2 387/57/2
f 422/59/2 388/60/2 387/57/2
f 426/1/2 425/61/2 424/50/2
f 421/62/2 388/60/2 422/59/2
f 420/63/2 388/60/2 421/62/2
f 419/64/2 388/60/2 420/63/2
f 419/64/2 389/65/2 388/60/2
f 418/66/2 389/65/2 419/64/2
f 417/67/2 389/65/2 418/66/2
f 417/67/2 390/68/2 389/65/2
f 416/69/2 390/68/2 417/67/2
f 416/69/2 391/70/2 390/68/2
f 415/71/2 391/70/2 416/69/2
f 415/71/2 392/72/2 391/70/2
f 414/73/2 392/72/2 415/71/2
f 414/73/2 393/74/2 392/72/2
f 413/75/2 393/74/2 414/73/2
f 413/75/2 394/76/2 393/74/2
f 412/77/2 394/76/2 413/75/2
f 412/77/2 395/78/2 394/76/2
f 412/77/2 396/79/2 395/78/2
f 411/80/2 396/79/2 412/77/2
f 411/80/2 397/81/2 396/79/2
f 410/82/2 397/81/2 411/80/2
f 410/82/2 398/83/2 397/81/2
f 410/82/2 399/84/2 398/83/2
f 410/82/2 400/85/2 399/84/2
f 410/82/2 401/86/2 400/85/2
f 410/82/2 402/87/2 401/86/2
f 410/82/2 403/88/2 402/87/2
f 410/82/2 404/89/2 403/88/2
f 410/82/2 405/90/2 404/89/2
f 410/82/2 406/91/2 405/90/2
f 410/82/2 407/92/2 406/91/2
f 410/82/2 408/93/2 407/92/2
f 410/82/2 409/94/2 408/93/2
f 460/95/2 462/96/2 461/97/2
f 460/95/2 465/98/2 462/96/2
f 465/98/2 463/99/2 462/96/2
f 460/95/2 466/14/2 465/98/2
f 464/100/2 463/99/2 465/98/2
f 460/95/2 458/101/2 466/14/2
f 458/101/2 464/100/2 466/14/2
f 458/101/2 457/102/2 464/100/2
f 457/102/2 463/99/2 464/100/2
f 460/95/2 459/103/2 458/101/2
f 456/5/2 463/99/2 457/102/2
f 475/104/2 467/5/2 476/105/2
f 467/5/2 477/106/2 476/105/2
f 467/5/2 478/14/2 477/106/2
f 475/104/2 468/107/2 467/5/2
f 475/104/2 471/108/2 468/107/2
f 471/108/2 469/109/2 468/107/2
f 471/108/2 470/110/2 469/109/2
f 475/104/2 472/111/2 471/108/2
f 475/104/2 473/112/2 472/111/2
f 475/104/2 474/113/2 473/112/2
f 481/95/2 483/100/2 482/96/2
f 481/95/2 484/14/2 483/100/2
f 481/95/2 479/5/2 484/14/2
f 481/95/2 480/101/2 479/5/2
f 568/114/2 570/115/2 569/116/2
f 568/114/2 571/117/2 570/115/2
f 568/114/2 572/118/2 571/117/2
f 567/119/2 572/118/2 568/114/2
f 567/119/2 573/120/2 572/118/2
f 567/119/2 574/121/2 573/120/2
f 567/119/2 575/122/2 574/121/2
f 566/123/2 575/122/2 567/119/2
f 566/123/2 576/124/2 575/122/2
f 566/123/2 577/125/2 576/124/2
f 566/123/2 578/126/2 577/125/2
f 565/127/2 578/126/2 566/123/2
f 565/127/2 579/128/2 578/126/2
f 565/127/2 580/129/2 579/128/2
f 565/127/2 581/130/2 580/129/2
f 564/131/2 581/130/2 565/127/2
f 564/131/2 494/132/2 581/130/2
f 494/132/2 493/133/2 581/130/2
f 493/133/2 492/134/2 581/130/2
f 492/134/2 491/135/2 581/130/2
f 491/135/2 490/136/2 581/130/2
f 490/136/2 489/137/2 581/130/2
f 489/137/2 488/138/2 581/130/2
f 488/138/2 487/139/2 581/130/2
f 487/139/2 486/140/2 581/130/2
f 486/140/2 485/5/2 581/130/2
f 485/5/2 582/14/2 581/130/2
f 563/141/2 496/142/2 564/131/2
f 496/142/2 495/143/2 564/131/2
f 495/143/2 494/132/2 564/131/2
f 563/141/2 497/144/2 496/142/2
f 563/141/2 498/145/2 497/144/2
f 563/141/2 499/146/2 498/145/2
f 562/147/2 499/146/2 563/141/2
f 562/147/2 500/148/2 499/146/2
f 562/147/2 501/149/2 500/148/2
f 561/150/2 501/149/2 562/147/2
f 561/150/2 502/151/2 501/149/2
f 561/150/2 503/152/2 502/151/2
f 560/153/2 503/152/2 561/150/2
f 560/153/2 504/154/2 503/152/2
f 559/155/2 504/154/2 560/153/2
f 559/155/2 505/156/2 504/154/2
f 559/155/2 506/157/2 505/156/2
f 558/158/2 506/157/2 559/155/2
f 558/158/2 507/159/2 506/157/2
f 557/160/2 507/159/2 558/158/2
f 557/160/2 508/161/2 507/159/2
f 557/160/2 509/162/2 508/161/2
f 556/163/2 509/162/2 557/160/2
f 556/163/2 510/164/2 509/162/2
f 555/165/2 510/164/2 556/163/2
f 555/165/2 511/166/2 510/164/2
f 554/167/2 511/166/2 555/165/2
f 554/167/2 512/168/2 511/166/2
f 553/169/2 512/168/2 554/167/2
f 553/169/2 513/170/2 512/168/2
f 552/171/2 513/170/2 553/169/2
f 552/171/2 514/172/2 513/170/2
f 531/173/2 533/174/2 532/175/2
f 552/171/2 515/176/2 514/172/2
f 530/177/2 533/174/2 531/173/2
f 551/178/2 515/176/2 552/171/2
f 529/179/2 533/174/2 530/177/2
f 551/178/2 516/180/2 515/176/2
f 528/181/2 533/174/2 529/179/2
f 527/182/2 533/174/2 528/181/2
f 551/178/2 517/183/2 516/180/2
f 526/184/2 533/174/2 527/182/2
f 550/185/2 517/183/2 551/178/2
f 525/186/2 533/174/2 526/184/2
f 550/185/2 518/187/2 517/183/2
f 524/188/2 533/174/2 525/186/2
f 523/189/2 533/174/2 524/188/2
f 550/185/2 519/190/2 518/187/2
f 522/191/2 533/174/2 523/189/2
f 521/192/2 533/174/2 522/191/2
f 550/185/2 520/193/2 519/190/2
f 520/193/2 533/174/2 521/192/2
f 550/185/2 533/174/2 520/193/2
f 549/194/2 533/174/2 550/185/2
f 549/194/2 534/195/2 533/174/2
f 548/196/2 534/195/2 549/194/2
f 548/196/2 535/197/2 534/195/2
f 548/196/2 536/198/2 535/197/2
f 548/196/2 537/199/2 536/198/2
f 547/200/2 537/199/2 548/196/2
f 547/200/2 538/201/2 537/199/2
f 547/200/2 539/202/2 538/201/2
f 547/200/2 540/203/2 539/202/2
f 546/204/2 540/203/2 547/200/2
f 546/204/2 541/205/2 540/203/2
f 546/204/2 542/206/2 541/205/2
f 546/204/2 543/207/2 542/206/2
f 545/208/2 543/207/2 546/204/2
f 545/208/2 544/209/2 543/207/2
f 591/104/2 583/5/2 592/105/2
f 583/5/2 593/106/2 592/105/2
f 583/5/2 594/14/2 593/106/2
f 591/104/2 584/107/2 583/5/2
f 591/104/2 587/108/2 584/107/2
f 587/108/2 585/109/2 584/107/2
f 587/108/2 586/110/2 585/109/2
f 591/104/2 588/111/2 587/108/2
f 591/104/2 589/112/2 588/111/2
f 591/104/2 590/113/2 589/112/2
f 603/210/2 605/211/2 604/212/2
f 603/210/2 601/213/2 605/211/2
f 601/213/2 600/214/2 605/211/2
f 600/214/2 606/215/2 605/211/2
f 606/215/2 608/216/2 607/217/2
f 606/215/2 597/218/2 608/216/2
f 597/218/2 596/219/2 608/216/2
f 596/219/2 609/14/2 608/216/2
f 603/210/2 602/97/2 601/213/2
f 599/220/2 606/215/2 600/214/2
f 606/215/2 598/221/2 597/218/2
f 595/5/2 609/14/2 596/219/2
f 599/220/2 598/221/2 606/215/2
f 614/95/2 616/96/2 615/97/2
f 614/95/2 619/98/2 616/96/2
f 619/98/2 617/99/2 616/96/2
f 614/95/2 620/14/2 619/98/2
f 618/100/2 617/99/2 619/98/2
f 614/95/2 612/101/2 620/14/2
f 612/101/2 618/100/2 620/14/2
f 612/101/2 611/102/2 618/100/2
f 611/102/2 617/99/2 618/100/2
f 614/95/2 613/103/2 612/101/2
f 610/5/2 617/99/2 611/102/2
f 655/222/2 657/223/2 656/224/2
f 655/222/2 658/225/2 657/223/2
f 655/222/2 659/226/2 658/225/2
f 655/222/2 660/227/2 659/226/2
f 654/228/2 660/227/2 655/222/2
f 654/228/2 661/229/2 660/227/2
f 654/228/2 662/230/2 661/229/2
f 654/228/2 663/231/2 662/230/2
f 653/232/2 663/231/2 654/228/2
f 653/232/2 664/233/2 663/231/2
f 653/232/2 665/234/2 664/233/2
f 652/235/2 665/234/2 653/232/2
f 652/235/2 666/236/2 665/234/2
f 652/235/2 667/237/2 666/236/2
f 651/238/2 667/237/2 652/235/2
f 651/238/2 668/239/2 667/237/2
f 651/238/2 679/240/2 668/239/2
f 679/240/2 678/241/2 668/239/2
f 678/241/2 677/242/2 668/239/2
f 677/242/2 676/243/2 668/239/2
f 676/243/2 675/244/2 668/239/2
f 675/244/2 674/245/2 668/239/2
f 674/245/2 673/246/2 668/239/2
f 673/246/2 672/247/2 668/239/2
f 672/247/2 671/248/2 668/239/2
f 671/248/2 670/249/2 668/239/2
f 670/249/2 669/250/2 668/239/2
f 650/251/2 681/252/2 651/238/2
f 681/252/2 680/253/2 651/238/2
f 680/253/2 679/240/2 651/238/2
f 650/251/2 682/254/2 681/252/2
f 650/251/2 683/255/2 682/254/2
f 650/251/2 684/256/2 683/255/2
f 649/257/2 684/256/2 650/251/2
f 649/257/2 685/258/2 684/256/2
f 649/257/2 686/259/2 685/258/2
f 648/260/2 686/259/2 649/257/2
f 648/260/2 687/261/2 686/259/2
f 648/260/2 688/262/2 687/261/2
f 647/263/2 688/262/2 648/260/2
f 647/263/2 689/264/2 688/262/2
f 646/265/2 689/264/2 647/263/2
f 646/265/2 690/266/2 689/264/2
f 646/265/2 691/267/2 690/266/2
f 645/268/2 691/267/2 646/265/2
f 645/268/2 692/269/2 691/267/2
f 644/270/2 692/269/2 645/268/2
f 644/270/2 693/271/2 692/269/2
f 644/270/2 694/272/2 693/271/2
f 643/273/2 694/272/2 644/270/2
f 719/274/2 721/275/2 720/276/2
f 719/274/2 718/277/2 721/275/2
f 718/277/2 722/14/2 721/275/2
f 643/273/2 695/278/2 694/272/2
f 642/279/2 695/278/2 643/273/2
f 642/279/2 696/280/2 695/278/2
f 717/281/2 722/14/2 718/277/2
f 641/282/2 696/280/2 642/279/2
f 641/282/2 697/283/2 696/280/2
f 641/282/2 698/284/2 697/283/2
f 640/285/2 698/284/2 641/282/2
f 640/285/2 699/286/2 698/284/2
f 639/287/2 699/286/2 640/285/2
f 639/287/2 700/288/2 699/286/2
f 639/287/2 701/289/2 700/288/2
f 638/290/2 701/289/2 639/287/2
f 638/290/2 702/291/2 701/289/2
f 716/292/2 722/14/2 717/281/2
f 715/293/2 722/14/2 716/292/2
f 714/294/2 722/14/2 715/293/2
f 638/290/2 703/295/2 702/291/2
f 713/296/2 722/14/2 714/294/2
f 712/297/2 722/14/2 713/296/2
f 711/298/2 722/14/2 712/297/2
f 638/290/2 704/299/2 703/295/2
f 637/300/2 704/299/2 638/290/2
f 710/301/2 722/14/2 711/298/2
f 709/302/2 722/14/2 710/301/2
f 708/303/2 722/14/2 709/302/2
f 637/300/2 705/304/2 704/299/2
f 707/305/2 722/14/2 708/303/2
f 706/306/2 722/14/2 707/305/2
f 705/304/2 722/14/2 706/306/2
f 637/300/2 722/14/2 705/304/2
f 636/307/2 722/14/2 637/300/2
f 636/307/2 621/5/2 722/14/2
f 636/307/2 622/308/2 621/5/2
f 635/309/2 622/308/2 636/307/2
f 635/309/2 623/310/2 622/308/2
f 635/309/2 624/311/2 623/310/2
f 634/312/2 624/311/2 635/309/2
f 634/312/2 625/313/2 624/311/2
f 634/312/2 626/314/2 625/313/2
f 634/312/2 627/315/2 626/314/2
f 633/316/2 627/315/2 634/312/2
f 633/316/2 628/317/2 627/315/2
f 633/316/2 629/318/2 628/317/2
f 633/316/2 630/319/2 629/318/2
f 632/320/2 630/319/2 633/316/2
f 632/320/2 631/321/2 630/319/2
s 1
f 724/322/3 723/5/6 735/324/5 736/323/4
f 725/325/7 724/322/3 736/323/4 737/326/8
f 726/327/9 725/325/7 737/326/8 738/328/10
f 727/329/11 726/327/9 738/328/10 739/330/12
f 728/331/13 727/329/11 739/330/12 740/332/14
f 729/333/15 728/331/13 740/332/14 741/334/16
f 730/335/17 729/333/15 741/334/16 742/336/18
f 731/337/19 730/335/17 742/336/18 743/338/20
f 732/339/21 731/337/19 743/338/20 744/340/22
f 733/341/23 732/339/21 744/340/22 745/342/24
f 734/343/25 733/341/23 745/342/24 746/344/26
f 736/323/4 735/324/5 747/346/28 748/345/27
f 737/326/8 736/323/4 748/345/27 749/347/29
f 738/328/10 737/326/8 749/347/29 750/348/30
f 739/330/12 738/328/10 750/348/30 751/349/31
f 740/332/14 739/330/12 751/349/31 752/350/32
f 741/334/16 740/332/14 752/350/32 753/351/33
f 742/336/18 741/334/16 753/351/33 754/352/34
f 743/338/20 742/336/18 754/352/34 755/353/35
f 744/340/22 743/338/20 755/353/35 756/354/36
f 745/342/24 744/340/22 756/354/36 757/355/37
f 746/344/26 745/342/24 757/355/37 758/356/38
f 748/345/27 747/346/28 759/358/40 760/357/39
f 749/347/29 748/345/27 760/357/39 761/359/41
f 750/348/30 749/347/29 761/359/41 762/360/42
f 751/349/31 750/348/30 762/360/42 763/361/43
f 752/350/32 751/349/31 763/361/43 764/362/44
f 753/351/33 752/350/32 764/362/44 765/363/45
f 754/352/34 753/351/33 765/363/45 766/364/46
f 755/353/35 754/352/34 766/364/46 767/365/47
f 756/354/36 755/353/35 767/365/47 768/366/48
f 757/355/37 756/354/36 768/366/48 769/367/49
f 758/356/38 757/355/37 769/367/49 770/368/50
f 760/357/39 759/358/40 771/370/52 772/369/51
f 761/359/41 760/357/39 772/369/51 773/371/53
f 762/360/42 761/359/41 773/371/53 774/372/54
f 763/361/43 762/360/42 774/372/54 775/373/55
f 764/362/44 763/361/43 775/373/55 776/374/56
f 765/363/45 764/362/44 776/374/56 777/375/57
f 766/364/46 765/363/45 777/375/57 778/376/58
f 767/365/47 766/364/46 778/376/58 779/377/59
f 768/366/48 767/365/47 779/377/59 780/378/60
f 769/367/49 768/366/48 780/378/60 781/379/61
f 770/368/50 769/367/49 781/379/61 782/380/62
f 772/369/51 771/370/52 783/382/64 784/381/63
f 773/371/53 772/369/51 784/381/63 785/383/65
f 774/372/54 773/371/53 785/383/65 786/384/66
f 775/373/55 774/372/54 786/384/66 787/385/67
f 776/374/56 775/373/55 787/385/67 788/386/68
f 777/375/57 776/374/56 788/386/68 789/387/69
f 778/376/58 777/375/57 789/387/69 790/388/70
f 779/377/59 778/376/58 790/388/70 791/389/71
f 780/378/60 779/377/59 791/389/71 792/390/72
f 781/379/61 780/378/60 792/390/72 793/391/73
f 782/380/62 781/379/61 793/391/73 794/392/74
f 784/381/63 783/382/64 795/394/76 796/393/75
f 785/383/65 784/381/63 796/393/75 797/395/77
f 786/384/66 785/383/65 797/395/77 798/396/78
f 787/385/67 786/384/66 798/396/78 799/397/79
f 788/386/68 787/385/67 799/397/79 800/398/80
f 789/387/69 788/386/68 800/398/80 801/399/81
f 790/388/70 789/387/69 801/399/81 802/400/82
f 791/389/71 790/388/70 802/400/82 803/401/83
f 792/390/72 791/389/71 803/401/83 804/402/84
f 793/391/73 792/390/72 804/402/84 805/403/85
f 794/392/74 793/391/73 805/403/85 806/404/86
f 796/393/75 795/394/76 807/406/88 808/405/87
f 797/395/77 796/393/75 808/405/87 809/407/89
f 798/396/78 797/395/77 809/407/89 810/408/90
f 799/397/79 798/396/78 810/408/90 811/409/91
f 800/398/80 799/397/79 811/409/91 812/410/92
f 801/399/81 800/398/80 812/410/92 813/411/93
f 802/400/82 801/399/81 813/411/93 814/412/94
f 803/401/83 802/400/82 814/412/94 815/413/95
f 804/402/84 803/401/83 815/413/95 816/414/96
f 805/403/85 804/402/84 816/414/96 817/415/97
f 806/404/86 805/403/85 817/415/97 818/416/98
f 808/405/87 807/406/88 819/418/100 820/417/99
f 809/407/89 808/405/87 820/417/99 821/419/101
f 810/408/90 809/407/89 821/419/101 822/420/102
f 811/409/91 810/408/90 822/420/102 823/421/103
f 812/410/92 811/409/91 823/421/103 824/422/104
f 813/411/93 812/410/92 824/422/104 825/423/105
f 814/412/94 813/411/93 825/423/105 826/424/106
f 815/413/95 814/412/94 826/424/106 827/425/107
f 816/414/96 815/413/95 827/425/107 828/426/108
f 817/415/97 816/414/96 828/426/108 829/427/109
f 818/416/98 817/415/97 829/427/109 830/428/110
f 820/417/99 819/418/100 831/430/112 832/429/111
f 821/419/101 820/417/99 832/429/111 833/431/113
f 822/420/102 821/419/101 833/431/113 834/432/114
f 823/421/103 822/420/102 834/432/114 835/433/115
f 824/422/104 823/421/103 835/433/115 836/434/116
f 825/423/105 824/422/104 836/434/116 837/435/117
f 826/424/106 825/423/105 837/435/117 838/436/118
f 827/425/107 826/424/106 838/436/118 839/437/119
f 828/426/108 827/425/107 839/437/119 840/438/120
f 829/427/109 828/426/108 840/438/120 841/439/121
f 830/428/110 829/427/109 841/439/121 842/440/122
f 832/429/111 831/430/112 843/442/124 844/441/123
f 833/431/113 832/429/111 844/441/123 845/443/125
f 834/432/114 833/431/113 845/443/125 846/444/126
f 835/433/115 834/432/114 846/444/126 847/445/127
f 836/434/116 835/433/115 847/445/127 848/446/128
f 837/435/117 836/434/116 848/446/128 849/447/129
f 838/436/118 837/435/117 849/447/129 850/448/130
f 839/437/119 838/436/118 850/448/130 851/449/131
f 840/438/120 839/437/119 851/449/131 852/450/132
f 841/439/121 840/438/120 852/450/132 853/451/133
f 842/440/122 841/439/121 853/451/133 854/452/134
f 844/441/123 843/442/124 855/454/136 856/453/135
f 845/443/125 844/441/123 856/453/135 857/455/137
f 846/444/126 845/443/125 857/455/137 858/456/138
f 847/445/127 846/444/126 858/456/138 859/457/139
f 848/446/128 847/445/127 859/457/139 860/458/140
f 849/447/129 848/446/128 860/458/140 861/459/141
f 850/448/130 849/447/129 861/459/141 862/460/142
f 851/449/131 850/448/130 862/460/142 863/461/143
f 852/450/132 851/449/131 863/461/143 864/462/144
f 853/451/133 852/450/132 864/462/144 865/463/145
f 854/452/134 853/451/133 865/463/145 866/464/146
f 856/453/135 855/454/136 867/466/148 868/465/147
f 857/455/137 856/453/135 868/465/147 869/467/149
f 858/456/138 857/455/137 869/467/149 870/468/150
f 859/457/139 858/456/138 870/468/150 871/469/151
f 860/458/140 859/457/139 871/469/151 872/470/152
f 861/459/141 860/458/140 872/470/152 873/471/153
f 862/460/142 861/459/141 873/471/153 874/472/154
f 863/461/143 862/460/142 874/472/154 875/473/155
f 864/462/144 863/461/143 875/473/155 876/474/156
f 865/463/145 864/462/144 876/474/156 877/475/157
f 866/464/146 865/463/145 877/475/157 878/476/158
f 868/465/147 867/466/148 879/478/160 880/477/159
f 869/467/149 868/465/147 880/477/159 881/479/161
f 870/468/150 869/467/149 881/479/161 882/480/162
f 871/469/151 870/468/150 882/480/162 883/481/163
f 872/470/152 871/469/151 883/481/163 884/482/164
f 873/471/153 872/470/152 884/482/164 885/483/165
f 874/472/154 873/471/153 885/483/165 886/484/166
f 875/473/155 874/472/154 886/484/166 887/485/167
f 876/474/156 875/473/155 887/485/167 888/486/168
f 877/475/157 876/474/156 888/486/168 889/487/169
f 878/476/158 877/475/157 889/487/169 890/488/170
f 880/477/159 879/478/160 891/490/172 892/489/171
f 881/479/161 880/477/159 892/489/171 893/491/173
f 882/480/162 881/479/161 893/491/173 894/492/174
f 883/481/163 882/480/162 894/492/174 895/493/175
f 884/482/164 883/481/163 895/493/175 896/494/176
f 885/483/165 884/482/164 896/494/176 897/495/177
f 886/484/166 885/483/165 897/495/177 898/496/178
f 887/485/167 886/484/166 898/496/178 899/497/179
f 888/486/168 887/485/167 899/497/179 900/498/180
f 889/487/169 888/486/168 900/498/180 901/499/181
f 890/488/170 889/487/169 901/499/181 902/500/182
f 892/489/171 891/490/172 903/502/184 904/501/183
f 893/491/173 892/489/171 904/501/183 905/503/185
f 894/492/174 893/491/173 905/503/185 906/504/186
f 895/493/175 894/492/174 906/504/186 907/505/187
f 896/494/176 895/493/175 907/505/187 908/506/188
f 897/495/177 896/494/176 908/506/188 909/507/189
f 898/496/178 897/495/177 909/507/189 910/508/190
f 899/497/179 898/496/178 910/508/190 911/509/191
f 900/498/180 899/497/179 911/509/191 912/510/192
f 901/499/181 900/498/180 912/510/192 913/511/193
f 902/500/182 901/499/181 913/511/193 914/512/194
f 904/501/183 903/502/184 915/514/196 916/513/195
f 905/503/185 904/501/183 916/513/195 917/515/197
f 906/504/186 905/503/185 917/515/197 918/516/198
f 907/505/187 906/504/186 918/516/198 919/517/199
f 908/506/188 907/505/187 919/517/199 920/518/200
f 909/507/189 908/506/188 920/518/200 921/519/201
f 910/508/190 909/507/189 921/519/201 922/520/202
f 911/509/191 910/508/190 922/520/202 923/521/203
f 912/510/192 911/509/191 923/521/203 924/522/204
f 913/511/193 912/510/192 924/522/204 925/523/205
f 914/512/194 913/511/193 925/523/205 926/524/206
f 916/513/195 915/514/196 927/526/208 928/525/207
f 917/515/197 916/513/195 928/525/207 929/527/209
f 918/516/198 917/515/197 929/527/209 930/528/210
f 919/517/199 918/516/198 930/528/210 931/529/211
f 920/518/200 919/517/199 931/529/211 932/530/212
f 921/519/201 920/518/200 932/530/212 933/531/213
f 922/520/202 921/519/201 933/531/213 934/532/214
f 923/521/203 922/520/202 934/532/214 935/533/215
f 924/522/204 923/521/203 935/533/215 936/534/216
f 925/523/205 924/522/204 936/534/216 937/535/217
f 926/524/206 925/523/205 937/535/217 938/536/218
f 928/525/207 927/526/208 939/538/220 940/537/219
f 929/527/209 928/525/207 940/537/219 941/539/221
f 930/528/210 929/527/209 941/539/221 942/540/222
f 931/529/211 930/528/210 942/540/222 943/541/223
f 932/530/212 931/529/211 943/541/223 944/542/224
f 933/531/213 932/530/212 944/542/224 945/543/225
f 934/532/214 933/531/213 945/543/225 946/544/226
f 935/533/215 934/532/214 946/544/226 947/545/227
f 936/534/216 935/533/215 947/545/227 948/546/228
f 937/535/217 936/534/216 948/546/228 949/547/229
f 938/536/218 937/535/217 949/547/229 950/548/230
f 940/537/219 939/538/220 951/550/232 952/549/231
f 941/539/221 940/537/219 952/549/231 953/551/233
f 942/540/222 941/539/221 953/551/233 954/552/234
f 943/541/223 942/540/222 954/552/234 955/553/235
f 944/542/224 943/541/223 955/553/235 956/554/236
f 945/543/225 944/542/224 956/554/236 957/555/237
f 946/544/226 945/543/225 957/555/237 958/556/238
f 947/545/227 946/544/226 958/556/238 959/557/239
f 948/546/228 947/545/227 959/557/239 960/558/240
f 949/547/229 948/546/228 960/558/240 961/559/241
f 950/548/230 949/547/229 961/559/241 962/560/242
f 952/549/231 951/550/232 963/562/244 964/561/243
f 953/551/233 952/549/231 964/561/243 965/563/245
f 954/552/234 953/551/233 965/563/245 966/564/246
f 955/553/235 954/552/234 966/564/246 967/565/247
f 956/554/236 955/553/235 967/565/247 968/566/248
f 957/555/237 956/554/236 968/566/248 969/567/249
f 958/556/238 957/555/237 969/567/249 970/568/250
f 959/557/239 958/556/238 970/568/250 971/569/251
f 960/558/240 959/557/239 971/569/251 972/570/252
f 961/559/241 960/558/240 972/570/252 973/571/253
f 962/560/242 961/559/241 973/571/253 974/572/254
f 964/561/243 963/562/244 975/574/256 976/573/255
f 965/563/245 964/561/243 976/573/255 977/575/257
f 966/564/246 965/563/245 977/575/257 978/576/258
f 967/565/247 966/564/246 978/576/258 979/577/259
f 968/566/248 967/565/247 979/577/259 980/578/260
f 969/567/249 968/566/248 980/578/260 981/579/261
f 970/568/250 969/567/249 981/579/261 982/580/262
f 971/569/251 970/568/250 982/580/262 983/581/263
f 972/570/252 971/569/251 983/581/263 984/582/264
f 973/571/253 972/570/252 984/582/264 985/583/265
f 974/572/254 973/571/253 985/583/265 986/584/266
f 976/573/255 975/574/256 987/586/268 988/585/267
f 977/575/257 976/573/255 988/585/267 989/587/269
f 978/576/258 977/575/257 989/587/269 990/588/270
f 979/577/259 978/576/258 990/588/270 991/589/271
f 980/578/260 979/577/259 991/589/271 992/590/272
f 981/579/261 980/578/260 992/590/272 993/591/273
f 982/580/262 981/579/261 993/591/273 994/592/274
f 983/581/263 982/580/262 994/592/274 995/593/275
f 984/582/264 983/581/263 995/593/275 996/594/276
f 985/583/265 984/582/264 996/594/276 997/595/277
f 986/584/266 985/583/265 997/595/277 998/596/278
f 988/585/267 987/586/268 999/598/280 1000/597/279
f 989/587/269 988/585/267 1000/597/279 1001/599/281
f 990/588/270 989/587/269 1001/599/281 1002/600/282
f 991/589/271 990/588/270 1002/600/282 1003/601/283
f 992/590/272 991/589/271 1003/601/283 1004/602/284
f 993/591/273 992/590/272 1004/602/284 1005/603/285
f 994/592/274 993/591/273 1005/603/285 1006/604/286
f 995/593/275 994/592/274 1006/604/286 1007/605/287
f 996/594/276 995/593/275 1007/605/287 1008/606/288
f 997/595/277 996/594/276 1008/606/288 1009/607/289
f 998/596/278 997/595/277 1009/607/289 1010/608/290
f 1000/597/279 999/598/280 1011/610/292 1012/609/291
f 1001/599/281 1000/597/279 1012/609/291 1013/611/293
f 1002/600/282 1001/599/281 1013/611/293 1014/612/294
f 1003/601/283 1002/600/282 1014/612/294 1015/613/295
f 1004/602/284 1003/601/283 1015/613/295 1016/614/296
f 1005/603/285 1004/602/284 1016/614/296 1017/615/297
f 1006/604/286 1005/603/285 1017/615/297 1018/616/298
f 1007/605/287 1006/604/286 1018/616/298 1019/617/299
f 1008/606/288 1007/605/287 1019/617/299 1020/618/300
f 1009/607/289 1008/606/288 1020/618/300 1021/619/301
f 1010/608/290 1009/607/289 1021/619/301 1022/620/302
f 1012/609/291 1011/610/292 1023/622/304 1024/621/303
f 1013/611/293 1012/609/291 1024/621/303 1025/623/305
f 1014/612/294 1013/611/293 1025/623/305 1026/624/306
f 1015/613/295 1014/612/294 1026/624/306 1027/625/307
f 1016/614/296 1015/613/295 1027/625/307 1028/626/308
f 1017/615/297 1016/614/296 1028/626/308 1029/627/309
f 1018/616/298 1017/615/297 1029/627/309 1030/628/310
f 1019/617/299 1018/616/298 1030/628/310 1031/629/311
f 1020/618/300 1019/617/299 1031/629/311 1032/630/312
f 1021/619/301 1020/618/300 1032/630/312 1033/631/313
f 1022/620/302 1021/619/301 1033/631/313 1034/632/314
f 1024/621/303 1023/622/304 1035/634/316 1036/633/315
f 1025/623/305 1024/621/303 1036/633/315 1037/635/317
f 1026/624/306 1025/623/305 1037/635/317 1038/636/318
f 1027/625/307 1026/624/306 1038/636/318 1039/637/319
f 1028/626/308 1027/625/307 1039/637/319 1040/638/320
f 1029/627/309 1028/626/308 1040/638/320 1041/639/321
f 1030/628/310 1029/627/309 1041/639/321 1042/640/322
f 1031/629/311 1030/628/310 1042/640/322 1043/641/323
f 1032/630/312 1031/629/311 1043/641/323 1044/642/324
f 1033/631/313 1032/630/312 1044/642/324 1045/643/325
f 1034/632/314 1033/631/313 1045/643/325 1046/644/326
f 1036/633/315 1035/634/316 1047/646/328 1048/645/327
f 1037/635/317 1036/633/315 1048/645/327 1049/647/329
f 1038/636/318 1037/635/317 1049/647/329 1050/648/330
f 1039/637/319 1038/636/318 1050/648/330 1051/649/331
f 1040/638/320 1039/637/319 1051/649/331 1052/650/332
f 1041/639/321 1040/638/320 1052/650/332 1053/651/333
f 1042/640/322 1041/639/321 1053/651/333 1054/652/334
f 1043/641/323 1042/640/322 1054/652/334 1055/653/335
f 1044/642/324 1043/641/323 1055/653/335 1056/654/336
f 1045/643/325 1044/642/324 1056/654/336 1057/655/337
f 1046/644/326 1045/643/325 1057/655/337 1058/656/338
f 1048/645/327 1047/646/328 1059/658/340 1060/657/339
f 1049/647/329 1048/645/327 1060/657/339 1061/659/341
f 1050/648/330 1049/647/329 1061/659/341 1062/660/342
f 1051/649/331 1050/648/330 1062/660/342 1063/661/343
f 1052/650/332 1051/649/331 1063/661/343 1064/662/344
f 1053/651/333 1052/650/332 1064/662/344 1065/663/345
f 1054/652/334 1053/651/333 1065/663/345 1066/664/346
f 1055/653/335 1054/652/334 1066/664/346 1067/665/347
f 1056/654/336 1055/653/335 1067/665/347 1068/666/348
f 1057/655/337 1056/654/336 1068/666/348 1069/667/349
f 1058/656/338 1057/655/337 1069/667/349 1070/668/350
f 1060/657/339 1059/658/340 1071/670/352 1072/669/351
f 1061/659/341 1060/657/339 1072/669/351 1073/671/353
f 1062/660/342 1061/659/341 1073/671/353 1074/672/354
f 1063/661/343 1062/660/342 1074/672/354 1075/673/355
f 1064/662/344 1063/661/343 1075/673/355 1076/674/356
f 1065/663/345 1064/662/344 1076/674/356 1077/675/357
f 1066/664/346 1065/663/345 1077/675/357 1078/676/358
f 1067/665/347 1066/664/346 1078/676/358 1079/677/359
f 1068/666/348 1067/665/347 1079/677/359 1080/678/360
f 1069/667/349 1068/666/348 1080/678/360 1081/679/361
f 1070/668/350 1069/667/349 1081/679/361 1082/680/362
f 1072/669/351 1071/670/352 1083/682/364 1084/681/363
f 1073/671/353 1072/669/351 1084/681/363 1085/683/365
f 1074/672/354 1073/671/353 1085/683/365 1086/684/366
f 1075/673/355 1074/672/354 1086/684/366 1087/685/367
f 1076/674/356 1075/673/355 1087/685/367 1088/686/368
f 1077/675/357 1076/674/356 1088/686/368 1089/687/369
f 1078/676/358 1077/675/357 1089/687/369 1090/688/370
f 1079/677/359 1078/676/358 1090/688/370 1091/689/371
f 1080/678/360 1079/677/359 1091/689/371 1092/690/372
f 1081/679/361 1080/678/360 1092/690/372 1093/691/373
f 1082/680/362 1081/679/361 1093/691/373 1094/692/374
f 1084/681/363 1083/682/364 1095/694/376 1096/693/375
f 1085/683/365 1084/681/363 1096/693/375 1097/695/377
f 1086/684/366 1085/683/365 1097/695/377 1098/696/378
f 1087/685/367 1086/684/366 1098/696/378 1099/697/379
f 1088/686/368 1087/685/367 1099/697/379 1100/698/380
f 1089/687/369 1088/686/368 1100/698/380 1101/699/381
f 1090/688/370 1089/687/369 1101/699/381 1102/700/382
f 1091/689/371 1090/688/370 1102/700/382 1103/701/383
f 1092/690/372 1091/689/371 1103/701/383 1104/702/384
f 1093/691/373 1092/690/372 1104/702/384 1105/703/385
f 1094/692/374 1093/691/373 1105/703/385 1106/704/386
f 1096/693/375 1095/694/376 1107/706/388 1108/705/387
f 1097/695/377 1096/693/375 1108/705/387 1109/707/389
f 1098/696/378 1097/695/377 1109/707/389 1110/708/390
f 1099/697/379 1098/696/378 1110/708/390 1111/709/391
f 1100/698/380 1099/697/379 1111/709/391 1112/710/392
f 1101/699/381 1100/698/380 1112/710/392 1113/711/393
f 1102/700/382 1101/699/381 1113/711/393 1114/712/394
f 1103/701/383 1102/700/382 1114/712/394 1115/713/395
f 1104/702/384 1103/701/383 1115/713/395 1116/714/396
f 1105/703/385 1104/702/384 1116/714/396 1117/715/397
f 1106/704/386 1105/703/385 1117/715/397 1118/716/398
f 1108/705/387 1107/706/388 1119/718/400 1120/717/399
f 1109/707/389 1108/705/387 1120/717/399 1121/719/401
f 1110/708/390 1109/707/389 1121/719/401 1122/720/402
f 1111/709/391 1110/708/390 1122/720/402 1123/721/403
f 1112/710/392 1111/709/391 1123/721/403 1124/722/404
f 1113/711/393 1112/710/392 1124/722/404 1125/723/405
f 1114/712/394 1113/711/393 1125/723/405 1126/724/406
f 1115/713/395 1114/712/394 1126/724/406 1127/725/407
f 1116/714/396 1115/713/395 1127/725/407 1128/726/408
f 1117/715/397 1116/714/396 1128/726/408 1129/727/409
f 1118/716/398 1117/715/397 1129/727/409 1130/728/410
f 1120/717/399 1119/718/400 1131/74/412 1132/729/411
f 1121/719/401 1120/717/399 1132/729/411 1133/730/413
f 1122/720/402 1121/719/401 1133/730/413 1134/731/414
f 1123/721/403 1122/720/402 1134/731/414 1135/732/415
f 1124/722/404 1123/721/403 1135/732/415 1136/733/416
f 1125/723/405 1124/722/404 1136/733/416 1137/734/417
f 1126/724/406 1125/723/405 1137/734/417 1138/735/418
f 1127/725/407 1126/724/406 1138/735/418 1139/736/419
f 1128/726/408 1127/725/407 1139/736/419 1140/737/420
f 1129/727/409 1128/726/408 1140/737/420 1141/738/421
f 1130/728/410 1129/727/409 1141/738/421 1142/739/422
f 1132/729/411 1131/74/412 1143/741/424 1144/740/423
f 1133/730/413 1132/729/411 1144/740/423 1145/742/425
f 1134/731/414 1133/730/413 1145/742/425 1146/743/426
f 1135/732/415 1134/731/414 1146/743/426 1147/744/427
f 1136/733/416 1135/732/415 1147/744/427 1148/745/428
f 1137/734/417 1136/733/416 1148/745/428 1149/746/429
f 1138/735/418 1137/734/417 1149/746/429 1150/747/430
f 1139/736/419 1138/735/418 1150/747/430 1151/748/431
f 1140/737/420 1139/736/419 1151/748/431 1152/749/432
f 1141/738/421 1140/737/420 1152/749/432 1153/750/433
f 1142/739/422 1141/738/421 1153/750/433 1154/751/434
f 1144/740/423 1143/741/424 1155/753/436 1156/752/435
f 1145/742/425 1144/740/423 1156/752/435 1157/754/437
f 1146/743/426 1145/742/425 1157/754/437 1158/755/438
f 1147/744/427 1146/743/426 1158/755/438 1159/756/439
f 1148/745/428 1147/744/427 1159/756/439 1160/757/440
f 1149/746/429 1148/745/428 1160/757/440 1161/758/441
f 1150/747/430 1149/746/429 1161/758/441 1162/759/442
f 1151/748/431 1150/747/430 1162/759/442 1163/760/443
f 1152/749/432 1151/748/431 1163/760/443 1164/761/444
f 1153/750/433 1152/749/432 1164/761/444 1165/762/445
f 1154/751/434 1153/750/433 1165/762/445 1166/763/446
f 1156/752/435 1155/753/436 1167/765/448 1168/764/447
f 1157/754/437 1156/752/435 1168/764/447 1169/766/449
f 1158/755/438 1157/754/437 1169/766/449 1170/767/450
f 1159/756/439 1158/755/438 1170/767/450 1171/768/451
f 1160/757/440 1159/756/439 1171/768/451 1172/769/452
f 1161/758/441 1160/757/440 1172/769/452 1173/770/453
f 1162/759/442 1161/758/441 1173/770/453 1174/771/454
f 1163/760/443 1162/759/442 1174/771/454 1175/772/455
f 1164/761/444 1163/760/443 1175/772/455 1176/773/456
f 1165/762/445 1164/761/444 1176/773/456 1177/774/457
f 1166/763/446 1165/762/445 1177/774/457 1178/775/458
f 1168/764/447 1167/765/448 1179/777/460 1180/776/459
f 1169/766/449 1168/764/447 1180/776/459 1181/778/461
f 1170/767/450 1169/766/449 1181/778/461 1182/779/462
f 1171/768/451 1170/767/450 1182/779/462 1183/780/463
f 1172/769/452 1171/768/451 1183/780/463 1184/781/464
f 1173/770/453 1172/769/452 1184/781/464 1185/782/465
f 1174/771/454 1173/770/453 1185/782/465 1186/783/466
f 1175/772/455 1174/771/454 1186/783/466 1187/784/467
f 1176/773/456 1175/772/455 1187/784/467 1188/785/468
f 1177/774/457 1176/773/456 1188/785/468 1189/786/469
f 1178/775/458 1177/774/457 1189/786/469 1190/787/470
f 1180/776/459 1179/777/460 1191/789/472 1192/788/471
f 1181/778/461 1180/776/459 1192/788/471 1193/790/473
f 1182/779/462 1181/778/461 1193/790/473 1194/791/474
f 1183/780/463 1182/779/462 1194/791/474 1195/792/475
f 1184/781/464 1183/780/463 1195/792/475 1196/793/476
f 1185/782/465 1184/781/464 1196/793/476 1197/794/477
f 1186/783/466 1185/782/465 1197/794/477 1198/795/478
f 1187/784/467 1186/783/466 1198/795/478 1199/796/479
f 1188/785/468 1187/784/467 1199/796/479 1200/797/480
f 1189/786/469 1188/785/468 1200/797/480 1201/798/481
f 1190/787/470 1189/786/469 1201/798/481 1202/799/482
f 1192/788/471 1191/789/472 1203/801/484 1204/800/483
f 1193/790/473 1192/788/471 1204/800/483 1205/802/485
f 1194/791/474 1193/790/473 1205/802/485 1206/803/486
f 1195/792/475 1194/791/474 1206/803/486 1207/804/487
f 1196/793/476 1195/792/475 1207/804/487 1208/805/488
f 1197/794/477 1196/793/476 1208/805/488 1209/806/489
f 1198/795/478 1197/794/477 1209/806/489 1210/807/490
f 1199/796/479 1198/795/478 1210/807/490 1211/808/491
f 1200/797/480 1199/796/479 1211/808/491 1212/809/492
f 1201/798/481 1200/797/480 1212/809/492 1213/810/493
f 1202/799/482 1201/798/481 1213/810/493 1214/811/494
f 1204/800/483 1203/801/484 1215/813/496 1216/812/495
f 1205/802/485 1204/800/483 1216/812/495 1217/814/497
f 1206/803/486 1205/802/485 1217/814/497 1218/815/498
f 1207/804/487 1206/803/486 1218/815/498 1219/816/499
f 1208/805/488 1207/804/487 1219/816/499 1220/817/500
f 1209/806/489 1208/805/488 1220/817/500 1221/818/501
f 1210/807/490 1209/806/489 1221/818/501 1222/819/502
f 1211/808/491 1210/807/490 1222/819/502 1223/820/503
f 1212/809/492 1211/808/491 1223/820/503 1224/821/504
f 1213/810/493 1212/809/492 1224/821/504 1225/822/505
f 1214/811/494 1213/810/493 1225/822/505 1226/823/506
f 1216/812/495 1215/813/496 1227/825/508 1228/824/507
f 1217/814/497 1216/812/495 1228/824/507 1229/826/509
f 1218/815/498 1217/814/497 1229/826/509 1230/827/510
f 1219/816/499 1218/815/498 1230/827/510 1231/828/511
f 1220/817/500 1219/816/499 1231/828/511 1232/829/512
f 1221/818/501 1220/817/500 1232/829/512 1233/830/513
f 1222/819/502 1221/818/501 1233/830/513 1234/831/514
f 1223/820/503 1222/819/502 1234/831/514 1235/832/515
f 1224/821/504 1223/820/503 1235/832/515 1236/833/516
f 1225/822/505 1224/821/504 1236/833/516 1237/834/517
f 1226/823/506 1225/822/505 1237/834/517 1238/835/518
f 1228/824/507 1227/825/508 1239/837/520 1240/836/519
f 1229/826/509 1228/824/507 1240/836/519 1241/838/521
f 1230/827/510 1229/826/509 1241/838/521 1242/839/522
f 1231/828/511 1230/827/510 1242/839/522 1243/840/523
f 1232/829/512 1231/828/511 1243/840/523 1244/841/524
f 1233/830/513 1232/829/512 1244/841/524 1245/842/525
f 1234/831/514 1233/830/513 1245/842/525 1246/843/526
f 1235/832/515 1234/831/514 1246/843/526 1247/844/527
f 1236/833/516 1235/832/515 1247/844/527 1248/845/528
f 1237/834/517 1236/833/516 1248/845/528 1249/846/529
f 1238/835/518 1237/834/517 1249/846/529 1250/847/530
f 1240/836/519 1239/837/520 1251/849/532 1252/848/531
f 1241/838/521 1240/836/519 1252/848/531 1253/850/533
f 1242/839/522 1241/838/521 1253/850/533 1254/851/534
f 1243/840/523 1242/839/522 1254/851/534 1255/852/535
f 1244/841/524 1243/840/523 1255/852/535 1256/853/536
f 1245/842/525 1244/841/524 1256/853/536 1257/854/537
f 1246/843/526 1245/842/525 1257/854/537 1258/855/538
f 1247/844/527 1246/843/526 1258/855/538 1259/856/539
f 1248/845/528 1247/844/527 1259/856/539 1260/857/540
f 1249/846/529 1248/845/528 1260/857/540 1261/858/541
f 1250/847/530 1249/846/529 1261/858/541 1262/859/542
f 1252/848/531 1251/849/532 1263/861/544 1264/860/543
f 1253/850/533 1252/848/531 1264/860/543 1265/862/545
f 1254/851/534 1253/850/533 1265/862/545 1266/863/546
f 1255/852/535 1254/851/534 1266/863/546 1267/864/547
f 1256/853/536 1255/852/535 1267/864/547 1268/865/548
f 1257/854/537 1256/853/536 1268/865/548 1269/866/549
f 1258/855/538 1257/854/537 1269/866/549 1270/867/550
f 1259/856/539 1258/855/538 1270/867/550 1271/868/551
f 1260/857/540 1259/856/539 1271/868/551 1272/869/552
f 1261/858/541 1260/857/540 1272/869/552 1273/870/553
f 1262/859/542 1261/858/541 1273/870/553 1274/871/554
f 1264/860/543 1263/861/544 1275/873/556 1276/872/555
f 1265/862/545 1264/860/543 1276/872/555 1277/874/557
f 1266/863/546 1265/862/545 1277/874/557 1278/875/558
f 1267/864/547 1266/863/546 1278/875/558 1279/876/559
f 1268/865/548 1267/864/547 1279/876/559 1280/877/560
f 1269/866/549 1268/865/548 1280/877/560 1281/878/561
f 1270/867/550 1269/866/549 1281/878/561 1282/879/562
f 1271/868/551 1270/867/550 1282/879/562 1283/880/563
f 1272/869/552 1271/868/551 1283/880/563 1284/881/564
f 1273/870/553 1272/869/552 1284/881/564 1285/882/565
f 1274/871/554 1273/870/553 1285/882/565 1286/883/566
f 1276/872/555 1275/873/556 1287/885/568 1288/884/567
f 1277/874/557 1276/872/555 1288/884/567 1289/886/569
f 1278/875/558 1277/874/557 1289/886/569 1290/887/570
f 1279/876/559 1278/875/558 1290/887/570 1291/888/571
f 1280/877/560 1279/876/559 1291/888/571 1292/889/572
f 1281/878/561 1280/877/560 1292/889/572 1293/890/573
f 1282/879/562 1281/878/561 1293/890/573 1294/891/574
f 1283/880/563 1282/879/562 1294/891/574 1295/892/575
f 1284/881/564 1283/880/563 1295/892/575 1296/893/576
f 1285/882/565 1284/881/564 1296/893/576 1297/894/577
f 1286/883/566 1285/882/565 1297/894/577 1298/895/578
f 1288/884/567 1287/885/568 1299/897/580 1300/896/579
f 1289/886/569 1288/884/567 1300/896/579 1301/898/581
f 1290/887/570 1289/886/569 1301/898/581 1302/899/582
f 1291/888/571 1290/887/570 1302/899/582 1303/900/583
f 1292/889/572 1291/888/571 1303/900/583 1304/901/584
f 1293/890/573 1292/889/572 1304/901/584 1305/902/585
f 1294/891/574 1293/890/573 1305/902/585 1306/903/586
f 1295/892/575 1294/891/574 1306/903/586 1307/904/587
f 1296/893/576 1295/892/575 1307/904/587 1308/905/588
f 1297/894/577 1296/893/576 1308/905/588 1309/906/589
f 1298/895/578 1297/894/577 1309/906/589 1310/907/590
f 1300/896/579 1299/897/580 1311/909/592 1312/908/591
f 1301/898/581 1300/896/579 1312/908/591 1313/910/593
f 1302/899/582 1301/898/581 1313/910/593 1314/911/594
f 1303/900/583 1302/899/582 1314/911/594 1315/912/595
f 1304/901/584 1303/900/583 1315/912/595 1316/913/596
f 1305/902/585 1304/901/584 1316/913/596 1317/914/597
f 1306/903/586 1305/902/585 1317/914/597 1318/915/598
f 1307/904/587 1306/903/586 1318/915/598 1319/916/599
f 1308/905/588 1307/904/587 1319/916/599 1320/917/600
f 1309/906/589 1308/905/588 1320/917/600 1321/918/601
f 1310/907/590 1309/906/589 1321/918/601 1322/919/602
f 1312/908/591 1311/909/592 1323/921/604 1324/920/603
f 1313/910/593 1312/908/591 1324/920/603 1325/922/605
f 1314/911/594 1313/910/593 1325/922/605 1326/923/606
f 1315/912/595 1314/911/594 1326/923/606 1327/924/607
f 1316/913/596 1315/912/595 1327/924/607 1328/925/608
f 1317/914/597 1316/913/596 1328/925/608 1329/926/609
f 1318/915/598 1317/914/597 1329/926/609 1330/927/610
f 1319/916/599 1318/915/598 1330/927/610 1331/928/611
f 1320/917/600 1319/916/599 1331/928/611 1332/929/612
f 1321/918/601 1320/917/600 1332/929/612 1333/930/613
f 1322/919/602 1321/918/601 1333/930/613 1334/931/614
f 1324/920/603 1323/921/604 1335/97/616 1336/932/615
f 1325/922/605 1324/920/603 1336/932/615 1337/933/617
f 1326/923/606 1325/922/605 1337/933/617 1338/934/618
f 1327/924/607 1326/923/606 1338/934/618 1339/935/619
f 1328/925/608 1327/924/607 1339/935/619 1340/936/620
f 1329/926/609 1328/925/608 1340/936/620 1341/937/621
f 1330/927/610 1329/926/609 1341/937/621 1342/938/622
f 1331/928/611 1330/927/610 1342/938/622 1343/939/623
f 1332/929/612 1331/928/611 1343/939/623 1344/940/624
f 1333/930/613 1332/929/612 1344/940/624 1345/941/625
f 1334/931/614 1333/930/613 1345/941/625 1346/942/626
f 1336/932/615 1335/97/616 1347/944/628 1348/943/627
f 1337/933/617 1336/932/615 1348/943/627 1349/945/629
f 1338/934/618 1337/933/617 1349/945/629 1350/946/630
f 1339/935/619 1338/934/618 1350/946/630 1351/947/631
f 1340/936/620 1339/935/619 1351/947/631 1352/948/632
f 1341/937/621 1340/936/620 1352/948/632 1353/949/633
f 1342/938/622 1341/937/621 1353/949/633 1354/950/634
f 1343/939/623 1342/938/622 1354/950/634 1355/951/635
f 1344/940/624 1343/939/623 1355/951/635 1356/952/636
f 1345/941/625 1344/940/624 1356/952/636 1357/953/637
f 1346/942/626 1345/941/625 1357/953/637 1358/954/638
f 1348/943/627 1347/944/628 1359/956/640 1360/955/639
f 1349/945/629 1348/943/627 1360/955/639 1361/957/641
f 1350/946/630 1349/945/629 1361/957/641 1362/958/642
f 1351/947/631 1350/946/630 1362/958/642 1363/959/643
f 1352/948/632 1351/947/631 1363/959/643 1364/960/644
f 1353/949/633 1352/948/632 1364/960/644 1365/961/645
f 1354/950/634 1353/949/633 1365/961/645 1366/962/646
f 1355/951/635 1354/950/634 1366/962/646 1367/963/647
f 1356/952/636 1355/951/635 1367/963/647 1368/964/648
f 1357/953/637 1356/952/636 1368/964/648 1369/965/649
f 1358/954/638 1357/953/637 1369/965/649 1370/966/650
f 1360/955/639 1359/956/640 1371/968/652 1372/967/651
f 1361/957/641 1360/955/639 1372/967/651 1373/969/653
f 1362/958/642 1361/957/641 1373/969/653 1374/970/654
f 1363/959/643 1362/958/642 1374/970/654 1375/971/655
f 1364/960/644 1363/959/643 1375/971/655 1376/972/656
f 1365/961/645 1364/960/644 1376/972/656 1377/973/657
f 1366/962/646 1365/961/645 1377/973/657 1378/974/658
f 1367/963/647 1366/962/646 1378/974/658 1379/975/659
f 1368/964/648 1367/963/647 1379/975/659 1380/976/660
f 1369/965/649 1368/964/648 1380/976/660 1381/977/661
f 1370/966/650 1369/965/649 1381/977/661 1382/978/662
f 1372/967/651 1371/968/652 1383/980/664 1384/979/663
f 1373/969/653 1372/967/651 1384/979/663 1385/981/665
f 1374/970/654 1373/969/653 1385/981/665 1386/982/666
f 1375/971/655 1374/970/654 1386/982/666 1387/983/667
f 1376/972/656 1375/971/655 1387/983/667 1388/984/668
f 1377/973/657 1376/972/656 1388/984/668 1389/985/669
f 1378/974/658 1377/973/657 1389/985/669 1390/986/670
f 1379/975/659 1378/974/658 1390/986/670 1391/987/671
f 1380/976/660 1379/975/659 1391/987/671 1392/988/672
f 1381/977/661 1380/976/660 1392/988/672 1393/989/673
f 1382/978/662 1381/977/661 1393/989/673 1394/990/674
f 1384/979/663 1383/980/664 1395/992/676 1396/991/675
f 1385/981/665 1384/979/663 1396/991/675 1397/993/677
f 1386/982/666 1385/981/665 1397/993/677 1398/994/678
f 1387/983/667 1386/982/666 1398/994/678 1399/995/679
f 1388/984/668 1387/983/667 1399/995/679 1400/996/680
f 1389/985/669 1388/984/668 1400/996/680 1401/997/681
f 1390/986/670 1389/985/669 1401/997/681 1402/998/682
f 1391/987/671 1390/986/670 1402/998/682 1403/999/683
f 1392/988/672 1391/987/671 1403/999/683 1404/1000/684
f 1393/989/673 1392/988/672 1404/1000/684 1405/1001/685
f 1394/990/674 1393/989/673 1405/1001/685 1406/1002/686
f 1396/991/675 1395/992/676 1407/1004/688 1408/1003/687
f 1397/993/677 1396/991/675 1408/1003/687 1409/1005/689
f 1398/994/678 1397/993/677 1409/1005/689 1410/1006/690
f 1399/995/679 1398/994/678 1410/1006/690 1411/1007/691
f 1400/996/680 1399/995/679 1411/1007/691 1412/1008/692
f 1401/997/681 1400/996/680 1412/1008/692 1413/1009/693
f 1402/998/682 1401/997/681 1413/1009/693 1414/1010/694
f 1403/999/683 1402/998/682 1414/1010/694 1415/1011/695
f 1404/1000/684 1403/999/683 1415/1011/695 1416/1012/696
f 1405/1001/685 1404/1000/684 1416/1012/696 1417/1013/697
f 1406/1002/686 1405/1001/685 1417/1013/697 1418/1014/698
f 1408/1003/687 1407/1004/688 1419/1016/700 1420/1015/699
f 1409/1005/689 1408/1003/687 1420/1015/699 1421/1017/701
f 1410/1006/690 1409/1005/689 1421/1017/701 1422/1018/702
f 1411/1007/691 1410/1006/690 1422/1018/702 1423/1019/703
f 1412/1008/692 1411/1007/691 1423/1019/703 1424/1020/704
f 1413/1009/693 1412/1008/692 1424/1020/704 1425/1021/705
f 1414/1010/694 1413/1009/693 1425/1021/705 1426/1022/706
f 1415/1011/695 1414/1010/694 1426/1022/706 1427/1023/707
f 1416/1012/696 1415/1011/695 1427/1023/707 1428/1024/708
f 1417/1013/697 1416/1012/696 1428/1024/708 1429/1025/709
f 1418/1014/698 1417/1013/697 1429/1025/709 1430/1026/710
f 1420/1015/699 1419/1016/700 1431/1028/712 1432/1027/711
f 1421/1017/701 1420/1015/699 1432/1027/711 1433/1029/713
f 1422/1018/702 1421/1017/701 1433/1029/713 1434/1030/714
f 1423/1019/703 1422/1018/702 1434/1030/714 1435/1031/715
f 1424/1020/704 1423/1019/703 1435/1031/715 1436/1032/716
f 1425/1021/705 1424/1020/704 1436/1032/716 1437/1033/717
f 1426/1022/706 1425/1021/705 1437/1033/717 1438/1034/718
f 1427/1023/707 1426/1022/706 1438/1034/718 1439/1035/719
f 1428/1024/708 1427/1023/707 1439/1035/719 1440/1036/720
f 1429/1025/709 1428/1024/708 1440/1036/720 1441/1037/721
f 1430/1026/710 1429/1025/709 1441/1037/721 1442/1038/722
f 1432/1027/711 1431/1028/712 1443/1040/724 1444/1039/723
f 1433/1029/713 1432/1027/711 1444/1039/723 1445/1041/725
f 1434/1030/714 1433/1029/713 1445/1041/725 1446/1042/726
f 1435/1031/715 1434/1030/714 1446/1042/726 1447/1043/727
f 1436/1032/716 1435/1031/715 1447/1043/727 1448/1044/728
f 1437/1033/717 1436/1032/716 1448/1044/728 1449/1045/729
f 1438/1034/718 1437/1033/717 1449/1045/729 1450/1046/730
f 1439/1035/719 1438/1034/718 1450/1046/730 1451/1047/731
f 1440/1036/720 1439/1035/719 1451/1047/731 1452/1048/732
f 1441/1037/721 1440/1036/720 1452/1048/732 1453/1049/733
f 1442/1038/722 1441/1037/721 1453/1049/733 1454/1050/734
f 1444/1039/723 1443/1040/724 1455/1052/736 1456/1051/735
f 1445/1041/725 1444/1039/723 1456/1051/735 1457/1053/737
f 1446/1042/726 1445/1041/725 1457/1053/737 1458/1054/738
f 1447/1043/727 1446/1042/726 1458/1054/738 1459/1055/739
f 1448/1044/728 1447/1043/727 1459/1055/739 1460/1056/740
f 1449/1045/729 1448/1044/728 1460/1056/740 1461/1057/741
f 1450/1046/730 1449/1045/729 1461/1057/741 1462/1058/742
f 1451/1047/731 1450/1046/730 1462/1058/742 1463/1059/743
f 1452/1048/732 1451/1047/731 1463/1059/743 1464/1060/744
f 1453/1049/733 1452/1048/732 1464/1060/744 1465/1061/745
f 1454/1050/734 1453/1049/733 1465/1061/745 1466/1062/746
f 1456/1051/735 1455/1052/736 1467/1064/748 1468/1063/747
f 1457/1053/737 1456/1051/735 1468/1063/747 1469/1065/749
f 1458/1054/738 1457/1053/737 1469/1065/749 1470/1066/750
f 1459/1055/739 1458/1054/738 1470/1066/750 1471/1067/751
f 1460/1056/740 1459/1055/739 1471/1067/751 1472/1068/752
f 1461/1057/741 1460/1056/740 1472/1068/752 1473/1069/753
f 1462/1058/742 1461/1057/741 1473/1069/753 1474/1070/754
f 1463/1059/743 1462/1058/742 1474/1070/754 1475/1071/755
f 1464/1060/744 1463/1059/743 1475/1071/755 1476/1072/756
f 1465/1061/745 1464/1060/744 1476/1072/756 1477/1073/757
f 1466/1062/746 1465/1061/745 1477/1073/757 1478/1074/758
f 1468/1063/747 1467/1064/748 1479/1076/6 1480/1075/759
f 1469/1065/749 1468/1063/747 1480/1075/759 1481/1077/760
f 1470/1066/750 1469/1065/749 1481/1077/760 1482/1078/761
f 1471/1067/751 1470/1066/750 1482/1078/761 1483/1079/762
f 1472/1068/752 1471/1067/751 1483/1079/762 1484/1080/763
f 1473/1069/753 1472/1068/752 1484/1080/763 1485/1081/764
f 1474/1070/754 1473/1069/753 1485/1081/764 1486/1082/765
f 1475/1071/755 1474/1070/754 1486/1082/765 1487/1083/766
f 1476/1072/756 1475/1071/755 1487/1083/766 1488/1084/767
f 1477/1073/757 1476/1072/756 1488/1084/767 1489/1085/768
f 1478/1074/758 1477/1073/757 1489/1085/768 1490/1086/25
f 1480/1075/759 1479/1076/6 1491/1088/770 1492/1087/769
f 1481/1077/760 1480/1075/759 1492/1087/769 1493/1089/771
f 1482/1078/761 1481/1077/760 1493/1089/771 1494/1090/772
f 1483/1079/762 1482/1078/761 1494/1090/772 1495/1091/773
f 1484/1080/763 1483/1079/762 1495/1091/773 1496/1092/774
f 1485/1081/764 1484/1080/763 1496/1092/774 1497/1093/775
f 1486/1082/765 1485/1081/764 1497/1093/775 1498/1094/776
f 1487/1083/766 1486/1082/765 1498/1094/776 1499/1095/777
f 1488/1084/767 1487/1083/766 1499/1095/777 1500/1096/778
f 1489/1085/768 1488/1084/767 1500/1096/778 1501/1097/779
f 1490/1086/25 1489/1085/768 1501/1097/779 1502/1098/780
f 1492/1087/769 1491/1088/770 1503/1100/782 1504/1099/781
f 1493/1089/771 1492/1087/769 1504/1099/781 1505/1101/783
f 1494/1090/772 1493/1089/771 1505/1101/783 1506/1102/784
f 1495/1091/773 1494/1090/772 1506/1102/784 1507/1103/785
f 1496/1092/774 1495/1091/773 1507/1103/785 1508/1104/786
f 1497/1093/775 1496/1092/774 1508/1104/786 1509/1105/787
f 1498/1094/776 1497/1093/775 1509/1105/787 1510/1106/788
f 1499/1095/777 1498/1094/776 1510/1106/788 1511/1107/789
f 1500/1096/778 1499/1095/777 1511/1107/789 1512/1108/790
f 1501/1097/779 1500/1096/778 1512/1108/790 1513/1109/791
f 1502/1098/780 1501/1097/779 1513/1109/791 1514/1110/792
f 1504/1099/781 1503/1100/782 1515/1112/794 1516/1111/793
f 1505/1101/783 1504/1099/781 1516/1111/793 1517/1113/795
f 1506/1102/784 1505/1101/783 1517/1113/795 1518/1114/796
f 1507/1103/785 1506/1102/784 1518/1114/796 1519/1115/797
f 1508/1104/786 1507/1103/785 1519/1115/797 1520/1116/798
f 1509/1105/787 1508/1104/786 1520/1116/798 1521/1117/799
f 1510/1106/788 1509/1105/787 1521/1117/799 1522/1118/800
f 1511/1107/789 1510/1106/788 1522/1118/800 1523/1119/801
f 1512/1108/790 1511/1107/789 1523/1119/801 1524/1120/802
f 1513/1109/791 1512/1108/790 1524/1120/802 1525/1121/803
f 1514/1110/792 1513/1109/791 1525/1121/803 1526/1122/804
f 1516/1111/793 1515/1112/794 1527/1124/806 1528/1123/805
f 1517/1113/795 1516/1111/793 1528/1123/805 1529/1125/807
f 1518/1114/796 1517/1113/795 1529/1125/807 1530/1126/808
f 1519/1115/797 1518/1114/796 1530/1126/808 1531/1127/809
f 1520/1116/798 1519/1115/797 1531/1127/809 1532/1128/810
f 1521/1117/799 1520/1116/798 1532/1128/810 1533/1129/811
f 1522/1118/800 1521/1117/799 1533/1129/811 1534/1130/812
f 1523/1119/801 1522/1118/800 1534/1130/812 1535/1131/813
f 1524/1120/802 1523/1119/801 1535/1131/813 1536/1132/814
f 1525/1121/803 1524/1120/802 1536/1132/814 1537/1133/815
f 1526/1122/804 1525/1121/803 1537/1133/815 1538/1134/816
f 1528/1123/805 1527/1124/806 1539/50/818 1540/1135/817
f 1529/1125/807 1528/1123/805 1540/1135/817 1541/1136/819
f 1530/1126/808 1529/1125/807 1541/1136/819 1542/1137/820
f 1531/1127/809 1530/1126/808 1542/1137/820 1543/1138/821
f 1532/1128/810 1531/1127/809 1543/1138/821 1544/1139/822
f 1533/1129/811 1532/1128/810 1544/1139/822 1545/1140/823
f 1534/1130/812 1533/1129/811 1545/1140/823 1546/1141/824
f 1535/1131/813 1534/1130/812 1546/1141/824 1547/1142/825
f 1536/1132/814 1535/1131/813 1547/1142/825 1548/1143/826
f 1537/1133/815 1536/1132/814 1548/1143/826 1549/1144/827
f 1538/1134/816 1537/1133/815 1549/1144/827 1550/1145/828
f 1540/1135/817 1539/50/818 1551/1147/830 1552/1146/829
f 1541/1136/819 1540/1135/817 1552/1146/829 1553/1148/831
f 1542/1137/820 1541/1136/819 1553/1148/831 1554/1149/832
f 1543/1138/821 1542/1137/820 1554/1149/832 1555/1150/833
f 1544/1139/822 1543/1138/821 1555/1150/833 1556/1151/834
f 1545/1140/823 1544/1139/822 1556/1151/834 1557/1152/835
f 1546/1141/824 1545/1140/823 1557/1152/835 1558/1153/836
f 1547/1142/825 1546/1141/824 1558/1153/836 1559/1154/837
f 1548/1143/826 1547/1142/825 1559/1154/837 1560/1155/838
f 1549/1144/827 1548/1143/826 1560/1155/838 1561/1156/839
f 1550/1145/828 1549/1144/827 1561/1156/839 1562/1157/840
f 1552/1146/829 1551/1147/830 1563/1159/842 1564/1158/841
f 1553/1148/831 1552/1146/829 1564/1158/841 1565/1160/843
f 1554/1149/832 1553/1148/831 1565/1160/843 1566/1161/844
f 1555/1150/833 1554/1149/832 1566/1161/844 1567/1162/845
f 1556/1151/834 1555/1150/833 1567/1162/845 1568/1163/846
f 1557/1152/835 1556/1151/834 1568/1163/846 1569/1164/847
f 1558/1153/836 1557/1152/835 1569/1164/847 1570/1165/848
f 1559/1154/837 1558/1153/836 1570/1165/848 1571/1166/849
f 1560/1155/838 1559/1154/837 1571/1166/849 1572/1167/850
f 1561/1156/839 1560/1155/838 1572/1167/850 1573/1168/851
f 1562/1157/840 1561/1156/839 1573/1168/851 1574/1169/852
f 1564/1158/841 1563/1159/842 1575/1171/854 1576/1170/853
f 1565/1160/843 1564/1158/841 1576/1170/853 1577/1172/855
f 1566/1161/844 1565/1160/843 1577/1172/855 1578/1173/856
f 1567/1162/845 1566/1161/844 1578/1173/856 1579/1174/857
f 1568/1163/846 1567/1162/845 1579/1174/857 1580/1175/858
f 1569/1164/847 1568/1163/846 1580/1175/858 1581/1176/859
f 1570/1165/848 1569/1164/847 1581/1176/859 1582/1177/860
f 1571/1166/849 1570/1165/848 1582/1177/860 1583/1178/861
f 1572/1167/850 1571/1166/849 1583/1178/861 1584/1179/862
f 1573/1168/851 1572/1167/850 1584/1179/862 1585/1180/863
f 1574/1169/852 1573/1168/851 1585/1180/863 1586/1181/864
f 1576/1170/853 1575/1171/854 1587/1183/866 1588/1182/865
f 1577/1172/855 1576/1170/853 1588/1182/865 1589/1184/867
f 1578/1173/856 1577/1172/855 1589/1184/867 1590/1185/868
f 1579/1174/857 1578/1173/856 1590/1185/868 1591/1186/869
f 1580/1175/858 1579/1174/857 1591/1186/869 1592/1187/870
f 1581/1176/859 1580/1175/858 1592/1187/870 1593/1188/871
f 1582/1177/860 1581/1176/859 1593/1188/871 1594/1189/872
f 1583/1178/861 1582/1177/860 1594/1189/872 1595/1190/873
f 1584/1179/862 1583/1178/861 1595/1190/873 1596/1191/874
f 1585/1180/863 1584/1179/862 1596/1191/874 1597/1192/875
f 1586/1181/864 1585/1180/863 1597/1192/875 1598/1193/876
f 1588/1182/865 1587/1183/866 1599/1195/878 1600/1194/877
f 1589/1184/867 1588/1182/865 1600/1194/877 1601/1196/879
f 1590/1185/868 1589/1184/867 1601/1196/879 1602/1197/880
f 1591/1186/869 1590/1185/868 1602/1197/880 1603/1198/881
f 1592/1187/870 1591/1186/869 1603/1198/881 1604/1199/882
f 1593/1188/871 1592/1187/870 1604/1199/882 1605/1200/883
f 1594/1189/872 1593/1188/871 1605/1200/883 1606/1201/884
f 1595/1190/873 1594/1189/872 1606/1201/884 1607/1202/885
f 1596/1191/874 1595/1190/873 1607/1202/885 1608/1203/886
f 1597/1192/875 1596/1191/874 1608/1203/886 1609/1204/887
f 1598/1193/876 1597/1192/875 1609/1204/887 1610/1205/888
f 1600/1194/877 1599/1195/878 1611/1207/890 1612/1206/889
f 1601/1196/879 1600/1194/877 1612/1206/889 1613/1208/891
f 1602/1197/880 1601/1196/879 1613/1208/891 1614/1209/892
f 1603/1198/881 1602/1197/880 1614/1209/892 1615/1210/893
f 1604/1199/882 1603/1198/881 1615/1210/893 1616/1211/894
f 1605/1200/883 1604/1199/882 1616/1211/894 1617/1212/895
f 1606/1201/884 1605/1200/883 1617/1212/895 1618/1213/896
f 1607/1202/885 1606/1201/884 1618/1213/896 1619/1214/897
f 1608/1203/886 1607/1202/885 1619/1214/897 1620/1215/898
f 1609/1204/887 1608/1203/886 1620/1215/898 1621/1216/899
f 1610/1205/888 1609/1204/887 1621/1216/899 1622/1217/900
f 1612/1206/889 1611/1207/890 1623/1219/902 1624/1218/901
f 1613/1208/891 1612/1206/889 1624/1218/901 1625/1220/903
f 1614/1209/892 1613/1208/891 1625/1220/903 1626/1221/904
f 1615/1210/893 1614/1209/892 1626/1221/904 1627/1222/905
f 1616/1211/894 1615/1210/893 1627/1222/905 1628/1223/906
f 1617/1212/895 1616/1211/894 1628/1223/906 1629/1224/907
f 1618/1213/896 1617/1212/895 1629/1224/907 1630/1225/908
f 1619/1214/897 1618/1213/896 1630/1225/908 1631/1226/909
f 1620/1215/898 1619/1214/897 1631/1226/909 1632/1227/910
f 1621/1216/899 1620/1215/898 1632/1227/910 1633/1228/911
f 1622/1217/900 1621/1216/899 1633/1228/911 1634/1229/912
f 1624/1218/901 1623/1219/902 1635/1231/914 1636/1230/913
f 1625/1220/903 1624/1218/901 1636/1230/913 1637/1232/915
f 1626/1221/904 1625/1220/903 1637/1232/915 1638/1233/916
f 1627/1222/905 1626/1221/904 1638/1233/916 1639/1234/917
f 1628/1223/906 1627/1222/905 1639/1234/917 1640/1235/918
f 1629/1224/907 1628/1223/906 1640/1235/918 1641/1236/919
f 1630/1225/908 1629/1224/907 1641/1236/919 1642/1237/920
f 1631/1226/909 1630/1225/908 1642/1237/920 1643/1238/921
f 1632/1227/910 1631/1226/909 1643/1238/921 1644/1239/922
f 1633/1228/911 1632/1227/910 1644/1239/922 1645/1240/923
f 1634/1229/912 1633/1228/911 1645/1240/923 1646/1241/924
f 1636/1230/913 1635/1231/914 1647/1243/926 1648/1242/925
f 1637/1232/915 1636/1230/913 1648/1242/925 1649/1244/927
f 1638/1233/916 1637/1232/915 1649/1244/927 1650/1245/928
f 1639/1234/917 1638/1233/916 1650/1245/928 1651/1246/929
f 1640/1235/918 1639/1234/917 1651/1246/929 1652/1247/930
f 1641/1236/919 1640/1235/918 1652/1247/930 1653/1248/931
f 1642/1237/920 1641/1236/919 1653/1248/931 1654/1249/932
f 1643/1238/921 1642/1237/920 1654/1249/932 1655/1250/933
f 1644/1239/922 1643/1238/921 1655/1250/933 1656/1251/934
f 1645/1240/923 1644/1239/922 1656/1251/934 1657/1252/935
f 1646/1241/924 1645/1240/923 1657/1252/935 1658/1253/936
f 1648/1242/925 1647/1243/926 1659/1255/938 1660/1254/937
f 1649/1244/927 1648/1242/925 1660/1254/937 1661/1256/939
f 1650/1245/928 1649/1244/927 1661/1256/939 1662/1257/940
f 1651/1246/929 1650/1245/928 1662/1257/940 1663/1258/941
f 1652/1247/930 1651/1246/929 1663/1258/941 1664/1259/942
f 1653/1248/931 1652/1247/930 1664/1259/942 1665/1260/943
f 1654/1249/932 1653/1248/931 1665/1260/943 1666/1261/944
f 1655/1250/933 1654/1249/932 1666/1261/944 1667/1262/945
f 1656/1251/934 1655/1250/933 1667/1262/945 1668/1263/946
f 1657/1252/935 1656/1251/934 1668/1263/946 1669/1264/947
f 1658/1253/936 1657/1252/935 1669/1264/947 1670/1265/948
f 1660/1254/937 1659/1255/938 1671/1267/950 1672/1266/949
f 1661/1256/939 1660/1254/937 1672/1266/949 1673/1268/951
f 1662/1257/940 1661/1256/939 1673/1268/951 1674/1269/952
f 1663/1258/941 1662/1257/940 1674/1269/952 1675/1270/953
f 1664/1259/942 1663/1258/941 1675/1270/953 1676/1271/954
f 1665/1260/943 1664/1259/942 1676/1271/954 1677/1272/955
f 1666/1261/944 1665/1260/943 1677/1272/955 1678/1273/956
f 1667/1262/945 1666/1261/944 1678/1273/956 1679/1274/957
f 1668/1263/946 1667/1262/945 1679/1274/957 1680/1275/958
f 1669/1264/947 1668/1263/946 1680/1275/958 1681/1276/959
f 1670/1265/948 1669/1264/947 1681/1276/959 1682/1277/960
f 1672/1266/949 1671/1267/950 1683/1279/962 1684/1278/961
f 1673/1268/951 1672/1266/949 1684/1278/961 1685/1280/963
f 1674/1269/952 1673/1268/951 1685/1280/963 1686/1281/964
f 1675/1270/953 1674/1269/952 1686/1281/964 1687/1282/965
f 1676/1271/954 1675/1270/953 1687/1282/965 1688/1283/966
f 1677/1272/955 1676/1271/954 1688/1283/966 1689/1284/967
f 1678/1273/956 1677/1272/955 1689/1284/967 1690/1285/968
f 1679/1274/957 1678/1273/956 1690/1285/968 1691/1286/969
f 1680/1275/958 1679/1274/957 1691/1286/969 1692/1287/970
f 1681/1276/959 1680/1275/958 1692/1287/970 1693/1288/971
f 1682/1277/960 1681/1276/959 1693/1288/971 1694/1289/972
f 1684/1278/961 1683/1279/962 1695/1291/974 1696/1290/973
f 1685/1280/963 1684/1278/961 1696/1290/973 1697/1292/975
f 1686/1281/964 1685/1280/963 1697/1292/975 1698/1293/976
f 1687/1282/965 1686/1281/964 1698/1293/976 1699/1294/977
f 1688/1283/966 1687/1282/965 1699/1294/977 1700/1295/978
f 1689/1284/967 1688/1283/966 1700/1295/978 1701/1296/979
f 1690/1285/968 1689/1284/967 1701/1296/979 1702/1297/980
f 1691/1286/969 1690/1285/968 1702/1297/980 1703/1298/981
f 1692/1287/970 1691/1286/969 1703/1298/981 1704/1299/982
f 1693/1288/971 1692/1287/970 1704/1299/982 1705/1300/983
f 1694/1289/972 1693/1288/971 1705/1300/983 1706/1301/984
f 1696/1290/973 1695/1291/974 1707/1303/986 1708/1302/985
f 1697/1292/975 1696/1290/973 1708/1302/985 1709/1304/987
f 1698/1293/976 1697/1292/975 1709/1304/987 1710/1305/988
f 1699/1294/977 1698/1293/976 1710/1305/988 1711/1306/989
f 1700/1295/978 1699/1294/977 1711/1306/989 1712/1307/990
f 1701/1296/979 1700/1295/978 1712/1307/990 1713/1308/991
f 1702/1297/980 1701/1296/979 1713/1308/991 1714/1309/992
f 1703/1298/981 1702/1297/980 1714/1309/992 1715/1310/993
f 1704/1299/982 1703/1298/981 1715/1310/993 1716/1311/994
f 1705/1300/983 1704/1299/982 1716/1311/994 1717/1312/995
f 1706/1301/984 1705/1300/983 1717/1312/995 1718/1313/996
f 1708/1302/985 1707/1303/986 1719/1315/998 1720/1314/997
f 1709/1304/987 1708/1302/985 1720/1314/997 1721/1316/999
f 1710/1305/988 1709/1304/987 1721/1316/999 1722/1317/1000
f 1711/1306/989 1710/1305/988 1722/1317/1000 1723/1318/1001
f 1712/1307/990 1711/1306/989 1723/1318/1001 1724/1319/1002
f 1713/1308/991 1712/1307/990 1724/1319/1002 1725/1320/1003
f 1714/1309/992 1713/1308/991 1725/1320/1003 1726/1321/1004
f 1715/1310/993 1714/1309/992 1726/1321/1004 1727/1322/1005
f 1716/1311/994 1715/1310/993 1727/1322/1005 1728/1323/1006
f 1717/1312/995 1716/1311/994 1728/1323/1006 1729/1324/1007
f 1718/1313/996 1717/1312/995 1729/1324/1007 1730/1325/1008
f 1720/1314/997 1719/1315/998 1731/1327/1010 1732/1326/1009
f 1721/1316/999 1720/1314/997 1732/1326/1009 1733/1328/1011
f 1722/1317/1000 1721/1316/999 1733/1328/1011 1734/1329/1012
f 1723/1318/1001 1722/1317/1000 1734/1329/1012 1735/1330/1013
f 1724/1319/1002 1723/1318/1001 1735/1330/1013 1736/1331/1014
f 1725/1320/1003 1724/1319/1002 1736/1331/1014 1737/1332/1015
f 1726/1321/1004 1725/1320/1003 1737/1332/1015 1738/1333/1016
f 1727/1322/1005 1726/1321/1004 1738/1333/1016 1739/1334/1017
f 1728/1323/1006 1727/1322/1005 1739/1334/1017 1740/1335/1018
f 1729/1324/1007 1728/1323/1006 1740/1335/1018 1741/1336/1019
f 1730/1325/1008 1729/1324/1007 1741/1336/1019 1742/1337/1020
f 1732/1326/1009 1731/1327/1010 1743/1339/1022 1744/1338/1021
f 1733/1328/1011 1732/1326/1009 1744/1338/1021 1745/1340/1023
f 1734/1329/1012 1733/1328/1011 1745/1340/1023 1746/1341/1024
f 1735/1330/1013 1734/1329/1012 1746/1341/1024 1747/1342/1025
f 1736/1331/1014 1735/1330/1013 1747/1342/1025 1748/1343/1026
f 1737/1332/1015 1736/1331/1014 1748/1343/1026 1749/1344/1027
f 1738/1333/1016 1737/1332/1015 1749/1344/1027 1750/1345/1028
f 1739/1334/1017 1738/1333/1016 1750/1345/1028 1751/1346/1029
f 1740/1335/1018 1739/1334/1017 1751/1346/1029 1752/1347/1030
f 1741/1336/1019 1740/1335/1018 1752/1347/1030 1753/1348/1031
f 1742/1337/1020 1741/1336/1019 1753/1348/1031 1754/1349/1032
f 1744/1338/1021 1743/1339/1022 1755/1351/1034 1756/1350/1033
f 1745/1340/1023 1744/1338/1021 1756/1350/1033 1757/1352/1035
f 1746/1341/1024 1745/1340/1023 1757/1352/1035 1758/1353/1036
f 1747/1342/1025 1746/1341/1024 1758/1353/1036 1759/1354/1037
f 1748/1343/1026 1747/1342/1025 1759/1354/1037 1760/1355/1038
f 1749/1344/1027 1748/1343/1026 1760/1355/1038 1761/1356/1039
f 1750/1345/1028 1749/1344/1027 1761/1356/1039 1762/1357/1040
f 1751/1346/1029 1750/1345/1028 1762/1357/1040 1763/1358/1041
f 1752/1347/1030 1751/1346/1029 1763/1358/1041 1764/1359/1042
f 1753/1348/1031 1752/1347/1030 1764/1359/1042 1765/1360/1043
f 1754/1349/1032 1753/1348/1031 1765/1360/1043 1766/1361/1044
f 1756/1350/1033 1755/1351/1034 1767/1363/1046 1768/1362/1045
f 1757/1352/1035 1756/1350/1033 1768/1362/1045 1769/1364/1047
f 1758/1353/1036 1757/1352/1035 1769/1364/1047 1770/1365/1048
f 1759/1354/1037 1758/1353/1036 1770/1365/1048 1771/1366/1049
f 1760/1355/1038 1759/1354/1037 1771/1366/1049 1772/1367/1050
f 1761/1356/1039 1760/1355/1038 1772/1367/1050 1773/1368/1051
f 1762/1357/1040 1761/1356/1039 1773/1368/1051 1774/1369/1052
f 1763/1358/1041 1762/1357/1040 1774/1369/1052 1775/1370/1053
f 1764/1359/1042 1763/1358/1041 1775/1370/1053 1776/1371/1054
f 1765/1360/1043 1764/1359/1042 1776/1371/1054 1777/1372/1055
f 1766/1361/1044 1765/1360/1043 1777/1372/1055 1778/1373/1056
f 1768/1362/1045 1767/1363/1046 1779/1375/1058 1780/1374/1057
f 1769/1364/1047 1768/1362/1045 1780/1374/1057 1781/1376/1059
f 1770/1365/1048 1769/1364/1047 1781/1376/1059 1782/1377/1060
f 1771/1366/1049 1770/1365/1048 1782/1377/1060 1783/1378/1061
f 1772/1367/1050 1771/1366/1049 1783/1378/1061 1784/1379/1062
f 1773/1368/1051 1772/1367/1050 1784/1379/1062 1785/1380/1063
f 1774/1369/1052 1773/1368/1051 1785/1380/1063 1786/1381/1064
f 1775/1370/1053 1774/1369/1052 1786/1381/1064 1787/1382/1065
f 1776/1371/1054 1775/1370/1053 1787/1382/1065 1788/1383/1066
f 1777/1372/1055 1776/1371/1054 1788/1383/1066 1789/1384/1067
f 1778/1373/1056 1777/1372/1055 1789/1384/1067 1790/1385/1068
f 1780/1374/1057 1779/1375/1058 1791/1387/1070 1792/1386/1069
f 1781/1376/1059 1780/1374/1057 1792/1386/1069 1793/1388/1071
f 1782/1377/1060 1781/1376/1059 1793/1388/1071 1794/1389/1072
f 1783/1378/1061 1782/1377/1060 1794/1389/1072 1795/1390/1073
f 1784/1379/1062 1783/1378/1061 1795/1390/1073 1796/1391/1074
f 1785/1380/1063 1784/1379/1062 1796/1391/1074 1797/1392/1075
f 1786/1381/1064 1785/1380/1063 1797/1392/1075 1798/1393/1076
f 1787/1382/1065 1786/1381/1064 1798/1393/1076 1799/1394/1077
f 1788/1383/1066 1787/1382/1065 1799/1394/1077 1800/1395/1078
f 1789/1384/1067 1788/1383/1066 1800/1395/1078 1801/1396/1079
f 1790/1385/1068 1789/1384/1067 1801/1396/1079 1802/1397/1080
f 1792/1386/1069 1791/1387/1070 1803/1399/1082 1804/1398/1081
f 1793/1388/1071 1792/1386/1069 1804/1398/1081 1805/1400/1083
f 1794/1389/1072 1793/1388/1071 1805/1400/1083 1806/1401/1084
f 1795/1390/1073 1794/1389/1072 1806/1401/1084 1807/1402/1085
f 1796/1391/1074 1795/1390/1073 1807/1402/1085 1808/1403/1086
f 1797/1392/1075 1796/1391/1074 1808/1403/1086 1809/1404/1087
f 1798/1393/1076 1797/1392/1075 1809/1404/1087 1810/1405/1088
f 1799/1394/1077 1798/1393/1076 1810/1405/1088 1811/1406/1089
f 1800/1395/1078 1799/1394/1077 1811/1406/1089 1812/1407/1090
f 1801/1396/1079 1800/1395/1078 1812/1407/1090 1813/1408/1091
f 1802/1397/1080 1801/1396/1079 1813/1408/1091 1814/1409/1092
f 1804/1398/1081 1803/1399/1082 1815/1411/1094 1816/1410/1093
f 1805/1400/1083 1804/1398/1081 1816/1410/1093 1817/1412/1095
f 1806/1401/1084 1805/1400/1083 1817/1412/1095 1818/1413/1096
f 1807/1402/1085 1806/1401/1084 1818/1413/1096 1819/1414/1097
f 1808/1403/1086 1807/1402/1085 1819/1414/1097 1820/1415/1098
f 1809/1404/1087 1808/1403/1086 1820/1415/1098 1821/1416/1099
f 1810/1405/1088 1809/1404/1087 1821/1416/1099 1822/1417/1100
f 1811/1406/1089 1810/1405/1088 1822/1417/1100 1823/1418/1101
f 1812/1407/1090 1811/1406/1089 1823/1418/1101 1824/1419/1102
f 1813/1408/1091 1812/1407/1090 1824/1419/1102 1825/1420/1103
f 1814/1409/1092 1813/1408/1091 1825/1420/1103 1826/1421/1104
f 1816/1410/1093 1815/1411/1094 1827/1423/1106 1828/1422/1105
f 1817/1412/1095 1816/1410/1093 1828/1422/1105 1829/1424/1107
f 1818/1413/1096 1817/1412/1095 1829/1424/1107 1830/1425/1108
f 1819/1414/1097 1818/1413/1096 1830/1425/1108 1831/1426/1109
f 1820/1415/1098 1819/1414/1097 1831/1426/1109 1832/1427/1110
f 1821/1416/1099 1820/1415/1098 1832/1427/1110 1833/1428/1111
f 1822/1417/1100 1821/1416/1099 1833/1428/1111 1834/1429/1112
f 1823/1418/1101 1822/1417/1100 1834/1429/1112 1835/1430/1113
f 1824/1419/1102 1823/1418/1101 1835/1430/1113 1836/1431/1114
f 1825/1420/1103 1824/1419/1102 1836/1431/1114 1837/1432/1115
f 1826/1421/1104 1825/1420/1103 1837/1432/1115 1838/1433/1116
f 1828/1422/1105 1827/1423/1106 1839/1435/1118 1840/1434/1117
f 1829/1424/1107 1828/1422/1105 1840/1434/1117 1841/1436/1119
f 1830/1425/1108 1829/1424/1107 1841/1436/1119 1842/1437/1120
f 1831/1426/1109 1830/1425/1108 1842/1437/1120 1843/1438/1121
f 1832/1427/1110 1831/1426/1109 1843/1438/1121 1844/1439/1122
f 1833/1428/1111 1832/1427/1110 1844/1439/1122 1845/1440/1123
f 1834/1429/1112 1833/1428/1111 1845/1440/1123 1846/1441/1124
f 1835/1430/1113 1834/1429/1112 1846/1441/1124 1847/1442/1125
f 1836/1431/1114 1835/1430/1113 1847/1442/1125 1848/1443/1126
f 1837/1432/1115 1836/1431/1114 1848/1443/1126 1849/1444/1127
f 1838/1433/1116 1837/1432/1115 1849/1444/1127 1850/1445/1128
f 1840/1434/1117 1839/1435/1118 1851/1447/1130 1852/1446/1129
f 1841/1436/1119 1840/1434/1117 1852/1446/1129 1853/1448/1131
f 1842/1437/1120 1841/1436/1119 1853/1448/1131 1854/1449/1132
f 1843/1438/1121 1842/1437/1120 1854/1449/1132 1855/1450/1133
f 1844/1439/1122 1843/1438/1121 1855/1450/1133 1856/1451/1134
f 1845/1440/1123 1844/1439/1122 1856/1451/1134 1857/1452/1135
f 1846/1441/1124 1845/1440/1123 1857/1452/1135 1858/1453/1136
f 1847/1442/1125 1846/1441/1124 1858/1453/1136 1859/1454/1137
f 1848/1443/1126 1847/1442/1125 1859/1454/1137 1860/1455/1138
f 1849/1444/1127 1848/1443/1126 1860/1455/1138 1861/1456/1139
f 1850/1445/1128 1849/1444/1127 1861/1456/1139 1862/1457/1140
f 1852/1446/1129 1851/1447/1130 1863/1459/1142 1864/1458/1141
f 1853/1448/1131 1852/1446/1129 1864/1458/1141 1865/1460/1143
f 1854/1449/1132 1853/1448/1131 1865/1460/1143 1866/1461/1144
f 1855/1450/1133 1854/1449/1132 1866/1461/1144 1867/1462/1145
f 1856/1451/1134 1855/1450/1133 1867/1462/1145 1868/1463/1146
f 1857/1452/1135 1856/1451/1134 1868/1463/1146 1869/1464/1147
f 1858/1453/1136 1857/1452/1135 1869/1464/1147 1870/1465/1148
f 1859/1454/1137 1858/1453/1136 1870/1465/1148 1871/1466/1149
f 1860/1455/1138 1859/1454/1137 1871/1466/1149 1872/1467/1150
f 1861/1456/1139 1860/1455/1138 1872/1467/1150 1873/1468/1151
f 1862/1457/1140 1861/1456/1139 1873/1468/1151 1874/1469/1152
f 1864/1458/1141 1863/1459/1142 1875/1471/1154 1876/1470/1153
f 1865/1460/1143 1864/1458/1141 1876/1470/1153 1877/1472/1155
f 1866/1461/1144 1865/1460/1143 1877/1472/1155 1878/1473/1156
f 1867/1462/1145 1866/1461/1144 1878/1473/1156 1879/1474/1157
f 1868/1463/1146 1867/1462/1145 1879/1474/1157 1880/1475/1158
f 1869/1464/1147 1868/1463/1146 1880/1475/1158 1881/1476/1159
f 1870/1465/1148 1869/1464/1147 1881/1476/1159 1882/1477/1160
f 1871/1466/1149 1870/1465/1148 1882/1477/1160 1883/1478/1161
f 1872/1467/1150 1871/1466/1149 1883/1478/1161 1884/1479/1162
f 1873/1468/1151 1872/1467/1150 1884/1479/1162 1885/1480/1163
f 1874/1469/1152 1873/1468/1151 1885/1480/1163 1886/1481/1164
f 1876/1470/1153 1875/1471/1154 1887/1483/1166 1888/1482/1165
f 1877/1472/1155 1876/1470/1153 1888/1482/1165 1889/1484/1167
f 1878/1473/1156 1877/1472/1155 1889/1484/1167 1890/1485/1168
f 1879/1474/1157 1878/1473/1156 1890/1485/1168 1891/1486/1169
f 1880/1475/1158 1879/1474/1157 1891/1486/1169 1892/1487/1170
f 1881/1476/1159 1880/1475/1158 1892/1487/1170 1893/1488/1171
f 1882/1477/1160 1881/1476/1159 1893/1488/1171 1894/1489/1172
f 1883/1478/1161 1882/1477/1160 1894/1489/1172 1895/1490/1173
f 1884/1479/1162 1883/1478/1161 1895/1490/1173 1896/1491/1174
f 1885/1480/1163 1884/1479/1162 1896/1491/1174 1897/1492/1175
f 1886/1481/1164 1885/1480/1163 1897/1492/1175 1898/1493/1176
f 1888/1482/1165 1887/1483/1166 1899/1495/1166 1900/1494/1177
f 1889/1484/1167 1888/1482/1165 1900/1494/1177 1901/1496/1178
f 1890/1485/1168 1889/1484/1167 1901/1496/1178 1902/1497/1179
f 1891/1486/1169 1890/1485/1168 1902/1497/1179 1903/1498/1180
f 1892/1487/1170 1891/1486/1169 1903/1498/1180 1904/1499/1181
f 1893/1488/1171 1892/1487/1170 1904/1499/1181 1905/1500/1182
f 1894/1489/1172 1893/1488/1171 1905/1500/1182 1906/1501/1183
f 1895/1490/1173 1894/1489/1172 1906/1501/1183 1907/1502/1184
f 1896/1491/1174 1895/1490/1173 1907/1502/1184 1908/1503/1185
f 1897/1492/1175 1896/1491/1174 1908/1503/1185 1909/1504/1186
f 1898/1493/1176 1897/1492/1175 1909/1504/1186 1910/1505/1176
f 1900/1494/1177 1899/1495/1166 1911/1507/1188 1912/1506/1187
f 1901/1496/1178 1900/1494/1177 1912/1506/1187 1913/1508/1189
f 1902/1497/1179 1901/1496/1178 1913/1508/1189 1914/1509/1190
f 1903/1498/1180 1902/1497/1179 1914/1509/1190 1915/1510/1191
f 1904/1499/1181 1903/1498/1180 1915/1510/1191 1916/1511/1192
f 1905/1500/1182 1904/1499/1181 1916/1511/1192 1917/1512/1193
f 1906/1501/1183 1905/1500/1182 1917/1512/1193 1918/1513/1194
f 1907/1502/1184 1906/1501/1183 1918/1513/1194 1919/1514/1195
f 1908/1503/1185 1907/1502/1184 1919/1514/1195 1920/1515/1196
f 1909/1504/1186 1908/1503/1185 1920/1515/1196 1921/1516/1197
f 1910/1505/1176 1909/1504/1186 1921/1516/1197 1922/1517/1198
f 1912/1506/1187 1911/1507/1188 1923/1519/1200 1924/1518/1199
f 1913/1508/1189 1912/1506/1187 1924/1518/1199 1925/1520/1201
f 1914/1509/1190 1913/1508/1189 1925/1520/1201 1926/1521/1202
f 1915/1510/1191 1914/1509/1190 1926/1521/1202 1927/1522/1203
f 1916/1511/1192 1915/1510/1191 1927/1522/1203 1928/1523/1204
f 1917/1512/1193 1916/1511/1192 1928/1523/1204 1929/1524/1205
f 1918/1513/1194 1917/1512/1193 1929/1524/1205 1930/1525/1206
f 1919/1514/1195 1918/1513/1194 1930/1525/1206 1931/1526/1207
f 1920/1515/1196 1919/1514/1195 1931/1526/1207 1932/1527/1208
f 1921/1516/1197 1920/1515/1196 1932/1527/1208 1933/1528/1209
f 1922/1517/1198 1921/1516/1197 1933/1528/1209 1934/1529/1210
f 1924/1518/1199 1923/1519/1200 1935/1531/1212 1936/1530/1211
f 1925/1520/1201 1924/1518/1199 1936/1530/1211 1937/1532/1213
f 1926/1521/1202 1925/1520/1201 1937/1532/1213 1938/1533/1214
f 1927/1522/1203 1926/1521/1202 1938/1533/1214 1939/1534/1215
f 1928/1523/1204 1927/1522/1203 1939/1534/1215 1940/1535/1216
f 1929/1524/1205 1928/1523/1204 1940/1535/1216 1941/1536/1217
f 1930/1525/1206 1929/1524/1205 1941/1536/1217 1942/1537/1218
f 1931/1526/1207 1930/1525/1206 1942/1537/1218 1943/1538/1219
f 1932/1527/1208 1931/1526/1207 1943/1538/1219 1944/1539/1220
f 1933/1528/1209 1932/1527/1208 1944/1539/1220 1945/1540/1221
f 1934/1529/1210 1933/1528/1209 1945/1540/1221 1946/1541/1222
f 1936/1530/1211 1935/1531/1212 723/14/6 724/1542/3
f 1937/1532/1213 1936/1530/1211 724/1542/3 725/1543/7
f 1938/1533/1214 1937/1532/1213 725/1543/7 726/1544/9
f 1939/1534/1215 1938/1533/1214 726/1544/9 727/1545/11
f 1940/1535/1216 1939/1534/1215 727/1545/11 728/1546/13
f 1941/1536/1217 1940/1535/1216 728/1546/13 729/1547/15
f 1942/1537/1218 1941/1536/1217 729/1547/15 730/1548/17
f 1943/1538/1219 1942/1537/1218 730/1548/17 731/1549/19
f 1944/1539/1220 1943/1538/1219 731/1549/19 732/1550/21
f 1945/1540/1221 1944/1539/1220 732/1550/21 733/1551/23
f 1946/1541/1222 1945/1540/1221 733/1551/23 734/1552/25
f 1948/322/1223 1947/5/1225 1959/1554/1225 1960/1553/1224
f 1949/325/1226 1948/322/1223 1960/1553/1224 1961/1555/1227
f 1950/327/1228 1949/325/1226 1961/1555/1227 1962/1556/1229
f 1951/329/1230 1950/327/1228 1962/1556/1229 1963/1557/1231
f 1952/331/1232 1951/329/1230 1963/1557/1231 1964/1558/1233
f 1953/333/1234 1952/331/1232 1964/1558/1233 1965/1559/1235
f 1954/335/1236 1953/333/1234 1965/1559/1235 1966/1560/1237
f 1955/337/1238 1954/335/1236 1966/1560/1237 1967/1561/1239
f 1956/339/1240 1955/337/1238 1967/1561/1239 1968/1562/1241
f 1957/341/1242 1956/339/1240 1968/1562/1241 1969/1563/1243
f 1958/343/1244 1957/341/1242 1969/1563/1243 1970/1564/1244
f 1960/1553/1224 1959/1554/1225 1971/1566/1246 1972/1565/1245
f 1961/1555/1227 1960/1553/1224 1972/1565/1245 1973/1567/1247
f 1962/1556/1229 1961/1555/1227 1973/1567/1247 1974/1568/1248
f 1963/1557/1231 1962/1556/1229 1974/1568/1248 1975/1569/1249
f 1964/1558/1233 1963/1557/1231 1975/1569/1249 1976/1570/1250
f 1965/1559/1235 1964/1558/1233 1976/1570/1250 1977/1571/1251
f 1966/1560/1237 1965/1559/1235 1977/1571/1251 1978/1572/1252
f 1967/1561/1239 1966/1560/1237 1978/1572/1252 1979/1573/1253
f 1968/1562/1241 1967/1561/1239 1979/1573/1253 1980/1574/1254
f 1969/1563/1243 1968/1562/1241 1980/1574/1254 1981/1575/1255
f 1970/1564/1244 1969/1563/1243 1981/1575/1255 1982/1576/1256
f 1972/1565/1245 1971/1566/1246 1983/1578/1246 1984/1577/1257
f 1973/1567/1247 1972/1565/1245 1984/1577/1257 1985/1579/1258
f 1974/1568/1248 1973/1567/1247 1985/1579/1258 1986/1580/1259
f 1975/1569/1249 1974/1568/1248 1986/1580/1259 1987/1581/1260
f 1976/1570/1250 1975/1569/1249 1987/1581/1260 1988/1582/1261
f 1977/1571/1251 1976/1570/1250 1988/1582/1261 1989/1583/1262
f 1978/1572/1252 1977/1571/1251 1989/1583/1262 1990/1584/1263
f 1979/1573/1253 1978/1572/1252 1990/1584/1263 1991/1585/1264
f 1980/1574/1254 1979/1573/1253 1991/1585/1264 1992/1586/1265
f 1981/1575/1255 1980/1574/1254 1992/1586/1265 1993/1587/1266
f 1982/1576/1256 1981/1575/1255 1993/1587/1266 1994/1588/1256
f 1984/1577/1257 1983/1578/1246 1995/97/1268 1996/932/1267
f 1985/1579/1258 1984/1577/1257 1996/932/1267 1997/933/1269
f 1986/1580/1259 1985/1579/1258 1997/933/1269 1998/934/1270
f 1987/1581/1260 1986/1580/1259 1998/934/1270 1999/935/1271
f 1988/1582/1261 1987/1581/1260 1999/935/1271 2000/936/1272
f 1989/1583/1262 1988/1582/1261 2000/936/1272 2001/937/1273
f 1990/1584/1263 1989/1583/1262 2001/937/1273 2002/938/1274
f 1991/1585/1264 1990/1584/1263 2002/938/1274 2003/939/1275
f 1992/1586/1265 1991/1585/1264 2003/939/1275 2004/940/1276
f 1993/1587/1266 1992/1586/1265 2004/940/1276 2005/941/1277
f 1994/1588/1256 1993/1587/1266 2005/941/1277 2006/942/1278
f 1996/932/1267 1995/97/1268 2007/1590/1280 2008/1589/1279
f 1997/933/1269 1996/932/1267 2008/1589/1279 2009/1591/1281
f 1998/934/1270 1997/933/1269 2009/1591/1281 2010/1592/1282
f 1999/935/1271 1998/934/1270 2010/1592/1282 2011/1593/1283
f 2000/936/1272 1999/935/1271 2011/1593/1283 2012/1594/1284
f 2001/937/1273 2000/936/1272 2012/1594/1284 2013/1595/1285
f 2002/938/1274 2001/937/1273 2013/1595/1285 2014/1596/1286
f 2003/939/1275 2002/938/1274 2014/1596/1286 2015/1597/1287
f 2004/940/1276 2003/939/1275 2015/1597/1287 2016/1598/1288
f 2005/941/1277 2004/940/1276 2016/1598/1288 2017/1599/1289
f 2006/942/1278 2005/941/1277 2017/1599/1289 2018/1600/1290
f 2008/1589/1279 2007/1590/1280 2019/1602/1292 2020/1601/1291
f 2009/1591/1281 2008/1589/1279 2020/1601/1291 2021/1603/1293
f 2010/1592/1282 2009/1591/1281 2021/1603/1293 2022/1604/1294
f 2011/1593/1283 2010/1592/1282 2022/1604/1294 2023/1605/1295
f 2012/1594/1284 2011/1593/1283 2023/1605/1295 2024/1606/1296
f 2013/1595/1285 2012/1594/1284 2024/1606/1296 2025/1607/1297
f 2014/1596/1286 2013/1595/1285 2025/1607/1297 2026/1608/1298
f 2015/1597/1287 2014/1596/1286 2026/1608/1298 2027/1609/1299
f 2016/1598/1288 2015/1597/1287 2027/1609/1299 2028/1610/1300
f 2017/1599/1289 2016/1598/1288 2028/1610/1300 2029/1611/1301
f 2018/1600/1290 2017/1599/1289 2029/1611/1301 2030/1612/1302
f 2020/1601/1291 2019/1602/1292 2031/1614/1304 2032/1613/1303
f 2021/1603/1293 2020/1601/1291 2032/1613/1303 2033/1615/1305
f 2022/1604/1294 2021/1603/1293 2033/1615/1305 2034/1616/1306
f 2023/1605/1295 2022/1604/1294 2034/1616/1306 2035/1617/1307
f 2024/1606/1296 2023/1605/1295 2035/1617/1307 2036/1618/1308
f 2025/1607/1297 2024/1606/1296 2036/1618/1308 2037/1619/1309
f 2026/1608/1298 2025/1607/1297 2037/1619/1309 2038/1620/1310
f 2027/1609/1299 2026/1608/1298 2038/1620/1310 2039/1621/1311
f 2028/1610/1300 2027/1609/1299 2039/1621/1311 2040/1622/1312
f 2029/1611/1301 2028/1610/1300 2040/1622/1312 2041/1623/1313
f 2030/1612/1302 2029/1611/1301 2041/1623/1313 2042/1624/1314
f 2032/1613/1303 2031/1614/1304 1947/14/1225 1948/1542/1223
f 2033/1615/1305 2032/1613/1303 1948/1542/1223 1949/1543/1226
f 2034/1616/1306 2033/1615/1305 1949/1543/1226 1950/1544/1228
f 2035/1617/1307 2034/1616/1306 1950/1544/1228 1951/1545/1230
f 2036/1618/1308 2035/1617/1307 1951/1545/1230 1952/1546/1232
f 2037/1619/1309 2036/1618/1308 1952/1546/1232 1953/1547/1234
f 2038/1620/1310 2037/1619/1309 1953/1547/1234 1954/1548/1236
f 2039/1621/1311 2038/1620/1310 1954/1548/1236 1955/1549/1238
f 2040/1622/1312 2039/1621/1311 1955/1549/1238 1956/1550/1240
f 2041/1623/1313 2040/1622/1312 1956/1550/1240 1957/1551/1242
f 2042/1624/1314 2041/1623/1313 1957/1551/1242 1958/1552/1244
f 2044/322/1315 2043/5/1318 2055/74/1317 2056/729/1316
f 2045/325/1319 2044/322/1315 2056/729/1316 2057/730/1320
f 2046/327/1321 2045/325/1319 2057/730/1320 2058/731/1322
f 2047/329/1323 2046/327/1321 2058/731/1322 2059/732/1324
f 2048/331/1325 2047/329/1323 2059/732/1324 2060/733/1326
f 2049/333/1327 2048/331/1325 2060/733/1326 2061/734/1328
f 2050/335/1329 2049/333/1327 2061/734/1328 2062/735/1330
f 2051/337/1331 2050/335/1329 2062/735/1330 2063/736/1332
f 2052/339/1333 2051/337/1331 2063/736/1332 2064/737/1334
f 2053/341/1335 2052/339/1333 2064/737/1334 2065/738/1336
f 2054/343/1337 2053/341/1335 2065/738/1336 2066/739/1338
f 2056/729/1316 2055/74/1317 2067/50/1340 2068/1135/1339
f 2057/730/1320 2056/729/1316 2068/1135/1339 2069/1136/1341
f 2058/731/1322 2057/730/1320 2069/1136/1341 2070/1137/1342
f 2059/732/1324 2058/731/1322 2070/1137/1342 2071/1138/1343
f 2060/733/1326 2059/732/1324 2071/1138/1343 2072/1139/1344
f 2061/734/1328 2060/733/1326 2072/1139/1344 2073/1140/1345
f 2062/735/1330 2061/734/1328 2073/1140/1345 2074/1141/1346
f 2063/736/1332 2062/735/1330 2074/1141/1346 2075/1142/1347
f 2064/737/1334 2063/736/1332 2075/1142/1347 2076/1143/1348
f 2065/738/1336 2064/737/1334 2076/1143/1348 2077/1144/1349
f 2066/739/1338 2065/738/1336 2077/1144/1349 2078/1145/1350
f 2068/1135/1339 2067/50/1340 2043/14/1318 2044/1542/1315
f 2069/1136/1341 2068/1135/1339 2044/1542/1315 2045/1543/1319
f 2070/1137/1342 2069/1136/1341 2045/1543/1319 2046/1544/1321
f 2071/1138/1343 2070/1137/1342 2046/1544/1321 2047/1545/1323
f 2072/1139/1344 2071/1138/1343 2047/1545/1323 2048/1546/1325
f 2073/1140/1345 2072/1139/1344 2048/1546/1325 2049/1547/1327
f 2074/1141/1346 2073/1140/1345 2049/1547/1327 2050/1548/1329
f 2075/1142/1347 2074/1141/1346 2050/1548/1329 2051/1549/1331
f 2076/1143/1348 2075/1142/1347 2051/1549/1331 2052/1550/1333
f 2077/1144/1349 2076/1143/1348 2052/1550/1333 2053/1551/1335
f 2078/1145/1350 2077/1144/1349 2053/1551/1335 2054/1552/1337
f 2080/322/1177 2079/5/1166 2091/1626/1352 2092/1625/1351
f 2081/325/1178 2080/322/1177 2092/1625/1351 2093/1627/1353
f 2082/327/1179 2081/325/1178 2093/1627/1353 2094/1628/1354
f 2083/329/1180 2082/327/1179 2094/1628/1354 2095/1629/1355
f 2084/331/1181 2083/329/1180 2095/1629/1355 2096/1630/1356
f 2085/333/1182 2084/331/1181 2096/1630/1356 2097/1631/1357
f 2086/335/1183 2085/333/1182 2097/1631/1357 2098/1632/1358
f 2087/337/1184 2086/335/1183 2098/1632/1358 2099/1633/1359
f 2088/339/1185 2087/337/1184 2099/1633/1359 2100/1634/1360
f 2089/341/1186 2088/339/1185 2100/1634/1360 2101/1635/1361
f 2090/343/1176 2089/341/1186 2101/1635/1361 2102/1636/1362
f 2092/1625/1351 2091/1626/1352 2103/1638/1364 2104/1637/1363
f 2093/1627/1353 2092/1625/1351 2104/1637/1363 2105/1639/1365
f 2094/1628/1354 2093/1627/1353 2105/1639/1365 2106/1640/1366
f 2095/1629/1355 2094/1628/1354 2106/1640/1366 2107/1641/1367
f 2096/1630/1356 2095/1629/1355 2107/1641/1367 2108/1642/1368
f 2097/1631/1357 2096/1630/1356 2108/1642/1368 2109/1643/1369
f 2098/1632/1358 2097/1631/1357 2109/1643/1369 2110/1644/1370
f 2099/1633/1359 2098/1632/1358 2110/1644/1370 2111/1645/1371
f 2100/1634/1360 2099/1633/1359 2111/1645/1371 2112/1646/1372
f 2101/1635/1361 2100/1634/1360 2112/1646/1372 2113/1647/1373
f 2102/1636/1362 2101/1635/1361 2113/1647/1373 2114/1648/1374
f 2104/1637/1363 2103/1638/1364 2115/101/1376 2116/1649/1375
f 2105/1639/1365 2104/1637/1363 2116/1649/1375 2117/1650/1377
f 2106/1640/1366 2105/1639/1365 2117/1650/1377 2118/1651/1378
f 2107/1641/1367 2106/1640/1366 2118/1651/1378 2119/1652/1379
f 2108/1642/1368 2107/1641/1367 2119/1652/1379 2120/1653/1380
f 2109/1643/1369 2108/1642/1368 2120/1653/1380 2121/1654/1381
f 2110/1644/1370 2109/1643/1369 2121/1654/1381 2122/1655/1382
f 2111/1645/1371 2110/1644/1370 2122/1655/1382 2123/1656/1383
f 2112/1646/1372 2111/1645/1371 2123/1656/1383 2124/1657/1384
f 2113/1647/1373 2112/1646/1372 2124/1657/1384 2125/1658/1385
f 2114/1648/1374 2113/1647/1373 2125/1658/1385 2126/1659/1386
f 2116/1649/1375 2115/101/1376 2127/1661/1388 2128/1660/1387
f 2117/1650/1377 2116/1649/1375 2128/1660/1387 2129/1662/1389
f 2118/1651/1378 2117/1650/1377 2129/1662/1389 2130/1663/1390
f 2119/1652/1379 2118/1651/1378 2130/1663/1390 2131/1664/1391
f 2120/1653/1380 2119/1652/1379 2131/1664/1391 2132/1665/1392
f 2121/1654/1381 2120/1653/1380 2132/1665/1392 2133/1666/1393
f 2122/1655/1382 2121/1654/1381 2133/1666/1393 2134/1667/1394
f 2123/1656/1383 2122/1655/1382 2134/1667/1394 2135/1668/1395
f 2124/1657/1384 2123/1656/1383 2135/1668/1395 2136/1669/1396
f 2125/1658/1385 2124/1657/1384 2136/1669/1396 2137/1670/1397
f 2126/1659/1386 2125/1658/1385 2137/1670/1397 2138/1671/1398
f 2128/1660/1387 2127/1661/1388 2139/74/1400 2140/729/1399
f 2129/1662/1389 2128/1660/1387 2140/729/1399 2141/730/1401
f 2130/1663/1390 2129/1662/1389 2141/730/1401 2142/731/1402
f 2131/1664/1391 2130/1663/1390 2142/731/1402 2143/732/1403
f 2132/1665/1392 2131/1664/1391 2143/732/1403 2144/733/1404
f 2133/1666/1393 2132/1665/1392 2144/733/1404 2145/734/1405
f 2134/1667/1394 2133/1666/1393 2145/734/1405 2146/735/1406
f 2135/1668/1395 2134/1667/1394 2146/735/1406 2147/736/1407
f 2136/1669/1396 2135/1668/1395 2147/736/1407 2148/737/1408
f 2137/1670/1397 2136/1669/1396 2148/737/1408 2149/738/1409
f 2138/1671/1398 2137/1670/1397 2149/738/1409 2150/739/1410
f 2140/729/1399 2139/74/1400 2151/95/1412 2152/1672/1411
f 2141/730/1401 2140/729/1399 2152/1672/1411 2153/1673/1413
f 2142/731/1402 2141/730/1401 2153/1673/1413 2154/1674/1414
f 2143/732/1403 2142/731/1402 2154/1674/1414 2155/1675/1415
f 2144/733/1404 2143/732/1403 2155/1675/1415 2156/1676/1416
f 2145/734/1405 2144/733/1404 2156/1676/1416 2157/1677/1417
f 2146/735/1406 2145/734/1405 2157/1677/1417 2158/1678/1418
f 2147/736/1407 2146/735/1406 2158/1678/1418 2159/1679/1419
f 2148/737/1408 2147/736/1407 2159/1679/1419 2160/1680/1420
f 2149/738/1409 2148/737/1408 2160/1680/1420 2161/1681/1421
f 2150/739/1410 2149/738/1409 2161/1681/1421 2162/1682/1412
f 2152/1672/1411 2151/95/1412 2163/1684/1423 2164/1683/1422
f 2153/1673/1413 2152/1672/1411 2164/1683/1422 2165/1685/1424
f 2154/1674/1414 2153/1673/1413 2165/1685/1424 2166/1686/1425
f 2155/1675/1415 2154/1674/1414 2166/1686/1425 2167/1687/1426
f 2156/1676/1416 2155/1675/1415 2167/1687/1426 2168/1688/1427
f 2157/1677/1417 2156/1676/1416 2168/1688/1427 2169/1689/1428
f 2158/1678/1418 2157/1677/1417 2169/1689/1428 2170/1690/1429
f 2159/1679/1419 2158/1678/1418 2170/1690/1429 2171/1691/1430
f 2160/1680/1420 2159/1679/1419 2171/1691/1430 2172/1692/1431
f 2161/1681/1421 2160/1680/1420 2172/1692/1431 2173/1693/1432
f 2162/1682/1412 2161/1681/1421 2173/1693/1432 2174/1694/1433
f 2164/1683/1422 2163/1684/1423 2175/1696/1166 2176/1695/1177
f 2165/1685/1424 2164/1683/1422 2176/1695/1177 2177/1697/1178
f 2166/1686/1425 2165/1685/1424 2177/1697/1178 2178/1698/1179
f 2167/1687/1426 2166/1686/1425 2178/1698/1179 2179/1699/1180
f 2168/1688/1427 2167/1687/1426 2179/1699/1180 2180/1700/1181
f 2169/1689/1428 2168/1688/1427 2180/1700/1181 2181/1701/1182
f 2170/1690/1429 2169/1689/1428 2181/1701/1182 2182/1702/1183
f 2171/1691/1430 2170/1690/1429 2182/1702/1183 2183/1703/1184
f 2172/1692/1431 2171/1691/1430 2183/1703/1184 2184/1704/1185
f 2173/1693/1432 2172/1692/1431 2184/1704/1185 2185/1705/1186
f 2174/1694/1433 2173/1693/1432 2185/1705/1186 2186/1706/1176
f 2176/1695/1177 2175/1696/1166 2187/96/1188 2188/1707/1187
f 2177/1697/1178 2176/1695/1177 2188/1707/1187 2189/1708/1189
f 2178/1698/1179 2177/1697/1178 2189/1708/1189 2190/1709/1190
f 2179/1699/1180 2178/1698/1179 2190/1709/1190 2191/1710/1191
f 2180/1700/1181 2179/1699/1180 2191/1710/1191 2192/1711/1192
f 2181/1701/1182 2180/1700/1181 2192/1711/1192 2193/1712/1193
f 2182/1702/1183 2181/1701/1182 2193/1712/1193 2194/1713/1194
f 2183/1703/1184 2182/1702/1183 2194/1713/1194 2195/1714/1195
f 2184/1704/1185 2183/1703/1184 2195/1714/1195 2196/1715/1196
f 2185/1705/1186 2184/1704/1185 2196/1715/1196 2197/1716/1197
f 2186/1706/1176 2185/1705/1186 2197/1716/1197 2198/1717/1198
f 2188/1707/1187 2187/96/1188 2199/50/1435 2200/1135/1434
f 2189/1708/1189 2188/1707/1187 2200/1135/1434 2201/1136/1436
f 2190/1709/1190 2189/1708/1189 2201/1136/1436 2202/1137/1437
f 2191/1710/1191 2190/1709/1190 2202/1137/1437 2203/1138/1438
f 2192/1711/1192 2191/1710/1191 2203/1138/1438 2204/1139/1439
f 2193/1712/1193 2192/1711/1192 2204/1139/1439 2205/1140/1440
f 2194/1713/1194 2193/1712/1193 2205/1140/1440 2206/1141/1441
f 2195/1714/1195 2194/1713/1194 2206/1141/1441 2207/1142/1442
f 2196/1715/1196 2195/1714/1195 2207/1142/1442 2208/1143/1443
f 2197/1716/1197 2196/1715/1196 2208/1143/1443 2209/1144/1444
f 2198/1717/1198 2197/1716/1197 2209/1144/1444 2210/1145/1445
f 2200/1135/1434 2199/50/1435 2211/1719/1447 2212/1718/1446
f 2201/1136/1436 2200/1135/1434 2212/1718/1446 2213/1720/1448
f 2202/1137/1437 2201/1136/1436 2213/1720/1448 2214/1721/1449
f 2203/1138/1438 2202/1137/1437 2214/1721/1449 2215/1722/1450
f 2204/1139/1439 2203/1138/1438 2215/1722/1450 2216/1723/1451
f 2205/1140/1440 2204/1139/1439 2216/1723/1451 2217/1724/1452
f 2206/1141/1441 2205/1140/1440 2217/1724/1452 2218/1725/1453
f 2207/1142/1442 2206/1141/1441 2218/1725/1453 2219/1726/1454
f 2208/1143/1443 2207/1142/1442 2219/1726/1454 2220/1727/1455
f 2209/1144/1444 2208/1143/1443 2220/1727/1455 2221/1728/1456
f 2210/1145/1445 2209/1144/1444 2221/1728/1456 2222/1729/1457
f 2212/1718/1446 2211/1719/1447 2223/100/1459 2224/1730/1458
f 2213/1720/1448 2212/1718/1446 2224/1730/1458 2225/1731/1460
f 2214/1721/1449 2213/1720/1448 2225/1731/1460 2226/1732/1461
f 2215/1722/1450 2214/1721/1449 2226/1732/1461 2227/1733/1462
f 2216/1723/1451 2215/1722/1450 2227/1733/1462 2228/1734/1463
f 2217/1724/1452 2216/1723/1451 2228/1734/1463 2229/1735/1464
f 2218/1725/1453 2217/1724/1452 2229/1735/1464 2230/1736/1465
f 2219/1726/1454 2218/1725/1453 2230/1736/1465 2231/1737/1466
f 2220/1727/1455 2219/1726/1454 2231/1737/1466 2232/1738/1467
f 2221/1728/1456 2220/1727/1455 2232/1738/1467 2233/1739/1468
f 2222/1729/1457 2221/1728/1456 2233/1739/1468 2234/1740/1469
f 2224/1730/1458 2223/100/1459 2235/1742/1200 2236/1741/1199
f 2225/1731/1460 2224/1730/1458 2236/1741/1199 2237/1743/1201
f 2226/1732/1461 2225/1731/1460 2237/1743/1201 2238/1744/1202
f 2227/1733/1462 2226/1732/1461 2238/1744/1202 2239/1745/1203
f 2228/1734/1463 2227/1733/1462 2239/1745/1203 2240/1746/1204
f 2229/1735/1464 2228/1734/1463 2240/1746/1204 2241/1747/1205
f 2230/1736/1465 2229/1735/1464 2241/1747/1205 2242/1748/1206
f 2231/1737/1466 2230/1736/1465 2242/1748/1206 2243/1749/1207
f 2232/1738/1467 2231/1737/1466 2243/1749/1207 2244/1750/1208
f 2233/1739/1468 2232/1738/1467 2244/1750/1208 2245/1751/1209
f 2234/1740/1469 2233/1739/1468 2245/1751/1209 2246/1752/1210
f 2236/1741/1199 2235/1742/1200 2247/1754/1423 2248/1753/1422
f 2237/1743/1201 2236/1741/1199 2248/1753/1422 2249/1755/1424
f 2238/1744/1202 2237/1743/1201 2249/1755/1424 2250/1756/1425
f 2239/1745/1203 2238/1744/1202 2250/1756/1425 2251/1757/1426
f 2240/1746/1204 2239/1745/1203 2251/1757/1426 2252/1758/1427
f 2241/1747/1205 2240/1746/1204 2252/1758/1427 2253/1759/1428
f 2242/1748/1206 2241/1747/1205 2253/1759/1428 2254/1760/1429
f 2243/1749/1207 2242/1748/1206 2254/1760/1429 2255/1761/1430
f 2244/1750/1208 2243/1749/1207 2255/1761/1430 2256/1762/1431
f 2245/1751/1209 2244/1750/1208 2256/1762/1431 2257/1763/1432
f 2246/1752/1210 2245/1751/1209 2257/1763/1432 2258/1764/1433
f 2248/1753/1422 2247/1754/1423 2079/14/1166 2080/1542/1177
f 2249/1755/1424 2248/1753/1422 2080/1542/1177 2081/1543/1178
f 2250/1756/1425 2249/1755/1424 2081/1543/1178 2082/1544/1179
f 2251/1757/1426 2250/1756/1425 2082/1544/1179 2083/1545/1180
f 2252/1758/1427 2251/1757/1426 2083/1545/1180 2084/1546/1181
f 2253/1759/1428 2252/1758/1427 2084/1546/1181 2085/1547/1182
f 2254/1760/1429 2253/1759/1428 2085/1547/1182 2086/1548/1183
f 2255/1761/1430 2254/1760/1429 2086/1548/1183 2087/1549/1184
f 2256/1762/1431 2255/1761/1430 2087/1549/1184 2088/1550/1185
f 2257/1763/1432 2256/1762/1431 2088/1550/1185 2089/1551/1186
f 2258/1764/1433 2257/1763/1432 2089/1551/1186 2090/1552/1176
f 2260/322/1470 2259/5/1423 2271/1766/1200 2272/1765/1471
f 2261/325/1472 2260/322/1470 2272/1765/1471 2273/1767/1473
f 2262/327/1474 2261/325/1472 2273/1767/1473 2274/1768/1475
f 2263/329/1476 2262/327/1474 2274/1768/1475 2275/1769/1477
f 2264/331/1478 2263/329/1476 2275/1769/1477 2276/1770/1479
f 2265/333/1480 2264/331/1478 2276/1770/1479 2277/1771/1481
f 2266/335/1482 2265/333/1480 2277/1771/1481 2278/1772/1483
f 2267/337/1484 2266/335/1482 2278/1772/1483 2279/1773/1485
f 2268/339/1486 2267/337/1484 2279/1773/1485 2280/1774/1487
f 2269/341/1488 2268/339/1486 2280/1774/1487 2281/1775/1489
f 2270/343/1433 2269/341/1488 2281/1775/1489 2282/1776/1210
f 2272/1765/1471 2271/1766/1200 2283/526/1200 2284/525/1199
f 2273/1767/1473 2272/1765/1471 2284/525/1199 2285/527/1201
f 2274/1768/1475 2273/1767/1473 2285/527/1201 2286/528/1202
f 2275/1769/1477 2274/1768/1475 2286/528/1202 2287/529/1203
f 2276/1770/1479 2275/1769/1477 2287/529/1203 2288/530/1204
f 2277/1771/1481 2276/1770/1479 2288/530/1204 2289/531/1205
f 2278/1772/1483 2277/1771/1481 2289/531/1205 2290/532/1206
f 2279/1773/1485 2278/1772/1483 2290/532/1206 2291/533/1207
f 2280/1774/1487 2279/1773/1485 2291/533/1207 2292/534/1208
f 2281/1775/1489 2280/1774/1487 2292/534/1208 2293/535/1209
f 2282/1776/1210 2281/1775/1489 2293/535/1209 2294/536/1210
f 2284/525/1199 2283/526/1200 2295/1566/1423 2296/1565/1422
f 2285/527/1201 2284/525/1199 2296/1565/1422 2297/1567/1424
f 2286/528/1202 2285/527/1201 2297/1567/1424 2298/1568/1425
f 2287/529/1203 2286/528/1202 2298/1568/1425 2299/1569/1426
f 2288/530/1204 2287/529/1203 2299/1569/1426 2300/1570/1427
f 2289/531/1205 2288/530/1204 2300/1570/1427 2301/1571/1428
f 2290/532/1206 2289/531/1205 2301/1571/1428 2302/1572/1429
f 2291/533/1207 2290/532/1206 2302/1572/1429 2303/1573/1430
f 2292/534/1208 2291/533/1207 2303/1573/1430 2304/1574/1431
f 2293/535/1209 2292/534/1208 2304/1574/1431 2305/1575/1432
f 2294/536/1210 2293/535/1209 2305/1575/1432 2306/1576/1433
f 2296/1565/1422 2295/1566/1423 2307/74/1423 2308/729/1470
f 2297/1567/1424 2296/1565/1422 2308/729/1470 2309/730/1472
f 2298/1568/1425 2297/1567/1424 2309/730/1472 2310/731/1474
f 2299/1569/1426 2298/1568/1425 2310/731/1474 2311/732/1476
f 2300/1570/1427 2299/1569/1426 2311/732/1476 2312/733/1490
f 2301/1571/1428 2300/1570/1427 2312/733/1490 2313/734/1491
f 2302/1572/1429 2301/1571/1428 2313/734/1491 2314/735/1482
f 2303/1573/1430 2302/1572/1429 2314/735/1482 2315/736/1484
f 2304/1574/1431 2303/1573/1430 2315/736/1484 2316/737/1486
f 2305/1575/1432 2304/1574/1431 2316/737/1486 2317/738/1488
f 2306/1576/1433 2305/1575/1432 2317/738/1488 2318/739/1433
f 2308/729/1470 2307/74/1423 2319/1778/1200 2320/1777/1471
f 2309/730/1472 2308/729/1470 2320/1777/1471 2321/1779/1473
f 2310/731/1474 2309/730/1472 2321/1779/1473 2322/1780/1475
f 2311/732/1476 2310/731/1474 2322/1780/1475 2323/1781/1477
f 2312/733/1490 2311/732/1476 2323/1781/1477 2324/1782/1479
f 2313/734/1491 2312/733/1490 2324/1782/1479 2325/1783/1481
f 2314/735/1482 2313/734/1491 2325/1783/1481 2326/1784/1483
f 2315/736/1484 2314/735/1482 2326/1784/1483 2327/1785/1485
f 2316/737/1486 2315/736/1484 2327/1785/1485 2328/1786/1487
f 2317/738/1488 2316/737/1486 2328/1786/1487 2329/1787/1489
f 2318/739/1433 2317/738/1488 2329/1787/1489 2330/1788/1210
f 2320/1777/1471 2319/1778/1200 2331/97/1200 2332/932/1199
f 2321/1779/1473 2320/1777/1471 2332/932/1199 2333/933/1201
f 2322/1780/1475 2321/1779/1473 2333/933/1201 2334/934/1202
f 2323/1781/1477 2322/1780/1475 2334/934/1202 2335/935/1203
f 2324/1782/1479 2323/1781/1477 2335/935/1203 2336/936/1204
f 2325/1783/1481 2324/1782/1479 2336/936/1204 2337/937/1205
f 2326/1784/1483 2325/1783/1481 2337/937/1205 2338/938/1206
f 2327/1785/1485 2326/1784/1483 2338/938/1206 2339/939/1207
f 2328/1786/1487 2327/1785/1485 2339/939/1207 2340/940/1208
f 2329/1787/1489 2328/1786/1487 2340/940/1208 2341/941/1209
f 2330/1788/1210 2329/1787/1489 2341/941/1209 2342/942/1210
f 2332/932/1199 2331/97/1200 2343/1790/1423 2344/1789/1422
f 2333/933/1201 2332/932/1199 2344/1789/1422 2345/1791/1424
f 2334/934/1202 2333/933/1201 2345/1791/1424 2346/1792/1425
f 2335/935/1203 2334/934/1202 2346/1792/1425 2347/1793/1426
f 2336/936/1204 2335/935/1203 2347/1793/1426 2348/1794/1427
f 2337/937/1205 2336/936/1204 2348/1794/1427 2349/1795/1428
f 2338/938/1206 2337/937/1205 2349/1795/1428 2350/1796/1429
f 2339/939/1207 2338/938/1206 2350/1796/1429 2351/1797/1430
f 2340/940/1208 2339/939/1207 2351/1797/1430 2352/1798/1431
f 2341/941/1209 2340/940/1208 2352/1798/1431 2353/1799/1432
f 2342/942/1210 2341/941/1209 2353/1799/1432 2354/1800/1433
f 2344/1789/1422 2343/1790/1423 2355/50/1166 2356/1135/1177
f 2345/1791/1424 2344/1789/1422 2356/1135/1177 2357/1136/1178
f 2346/1792/1425 2345/1791/1424 2357/1136/1178 2358/1137/1179
f 2347/1793/1426 2346/1792/1425 2358/1137/1179 2359/1138/1180
f 2348/1794/1427 2347/1793/1426 2359/1138/1180 2360/1139/1181
f 2349/1795/1428 2348/1794/1427 2360/1139/1181 2361/1140/1182
f 2350/1796/1429 2349/1795/1428 2361/1140/1182 2362/1141/1183
f 2351/1797/1430 2350/1796/1429 2362/1141/1183 2363/1142/1184
f 2352/1798/1431 2351/1797/1430 2363/1142/1184 2364/1143/1185
f 2353/1799/1432 2352/1798/1431 2364/1143/1185 2365/1144/1186
f 2354/1800/1433 2353/1799/1432 2365/1144/1186 2366/1145/1176
f 2356/1135/1177 2355/50/1166 2367/1602/1188 2368/1601/1187
f 2357/1136/1178 2356/1135/1177 2368/1601/1187 2369/1603/1189
f 2358/1137/1179 2357/1136/1178 2369/1603/1189 2370/1604/1190
f 2359/1138/1180 2358/1137/1179 2370/1604/1190 2371/1605/1191
f 2360/1139/1181 2359/1138/1180 2371/1605/1191 2372/1606/1192
f 2361/1140/1182 2360/1139/1181 2372/1606/1192 2373/1607/1193
f 2362/1141/1183 2361/1140/1182 2373/1607/1193 2374/1608/1194
f 2363/1142/1184 2362/1141/1183 2374/1608/1194 2375/1609/1195
f 2364/1143/1185 2363/1142/1184 2375/1609/1195 2376/1610/1196
f 2365/1144/1186 2364/1143/1185 2376/1610/1196 2377/1611/1197
f 2366/1145/1176 2365/1144/1186 2377/1611/1197 2378/1612/1198
f 2368/1601/1187 2367/1602/1188 2379/1339/1200 2380/1338/1199
f 2369/1603/1189 2368/1601/1187 2380/1338/1199 2381/1340/1201
f 2370/1604/1190 2369/1603/1189 2381/1340/1201 2382/1341/1202
f 2371/1605/1191 2370/1604/1190 2382/1341/1202 2383/1342/1203
f 2372/1606/1192 2371/1605/1191 2383/1342/1203 2384/1343/1204
f 2373/1607/1193 2372/1606/1192 2384/1343/1204 2385/1344/1205
f 2374/1608/1194 2373/1607/1193 2385/1344/1205 2386/1345/1206
f 2375/1609/1195 2374/1608/1194 2386/1345/1206 2387/1346/1207
f 2376/1610/1196 2375/1609/1195 2387/1346/1207 2388/1347/1208
f 2377/1611/1197 2376/1610/1196 2388/1347/1208 2389/1348/1209
f 2378/1612/1198 2377/1611/1197 2389/1348/1209 2390/1349/1210
f 2380/1338/1199 2379/1339/1200 2391/1802/1423 2392/1801/1422
f 2381/1340/1201 2380/1338/1199 2392/1801/1422 2393/1803/1424
f 2382/1341/1202 2381/1340/1201 2393/1803/1424 2394/1804/1425
f 2383/1342/1203 2382/1341/1202 2394/1804/1425 2395/1805/1426
f 2384/1343/1204 2383/1342/1203 2395/1805/1426 2396/1806/1427
f 2385/1344/1205 2384/1343/1204 2396/1806/1427 2397/1807/1428
f 2386/1345/1206 2385/1344/1205 2397/1807/1428 2398/1808/1429
f 2387/1346/1207 2386/1345/1206 2398/1808/1429 2399/1809/1430
f 2388/1347/1208 2387/1346/1207 2399/1809/1430 2400/1810/1431
f 2389/1348/1209 2388/1347/1208 2400/1810/1431 2401/1811/1432
f 2390/1349/1210 2389/1348/1209 2401/1811/1432 2402/1812/1433
f 2392/1801/1422 2391/1802/1423 2259/14/1423 2260/1542/1470
f 2393/1803/1424 2392/1801/1422 2260/1542/1470 2261/1543/1472
f 2394/1804/1425 2393/1803/1424 2261/1543/1472 2262/1544/1474
f 2395/1805/1426 2394/1804/1425 2262/1544/1474 2263/1545/1476
f 2396/1806/1427 2395/1805/1426 2263/1545/1476 2264/1546/1478
f 2397/1807/1428 2396/1806/1427 2264/1546/1478 2265/1547/1480
f 2398/1808/1429 2397/1807/1428 2265/1547/1480 2266/1548/1482
f 2399/1809/1430 2398/1808/1429 2266/1548/1482 2267/1549/1484
f 2400/1810/1431 2399/1809/1430 2267/1549/1484 2268/1550/1486
f 2401/1811/1432 2400/1810/1431 2268/1550/1486 2269/1551/1488
f 2402/1812/1433 2401/1811/1432 2269/1551/1488 2270/1552/1433
f 2404/322/1492 2403/5/1495 2415/1814/1494 2416/1813/1493
f 2405/325/1496 2404/322/1492 2416/1813/1493 2417/1815/1497
f 2406/327/1498 2405/325/1496 2417/1815/1497 2418/1816/1499
f 2407/329/1500 2406/327/1498 2418/1816/1499 2419/1817/1501
f 2408/331/1502 2407/329/1500 2419/1817/1501 2420/1818/1503
f 2409/333/1504 2408/331/1502 2420/1818/1503 2421/1819/1505
f 2410/335/1506 2409/333/1504 2421/1819/1505 2422/1820/1507
f 2411/337/1508 2410/335/1506 2422/1820/1507 2423/1821/1509
f 2412/339/1510 2411/337/1508 2423/1821/1509 2424/1822/1511
f 2413/341/1512 2412/339/1510 2424/1822/1511 2425/1823/1513
f 2414/343/1514 2413/341/1512 2425/1823/1513 2426/1824/1515
f 2416/1813/1493 2415/1814/1494 2427/1826/1517 2428/1825/1516
f 2417/1815/1497 2416/1813/1493 2428/1825/1516 2429/1827/1518
f 2418/1816/1499 2417/1815/1497 2429/1827/1518 2430/1828/1519
f 2419/1817/1501 2418/1816/1499 2430/1828/1519 2431/1829/1520
f 2420/1818/1503 2419/1817/1501 2431/1829/1520 2432/1830/1521
f 2421/1819/1505 2420/1818/1503 2432/1830/1521 2433/1831/1522
f 2422/1820/1507 2421/1819/1505 2433/1831/1522 2434/1832/1523
f 2423/1821/1509 2422/1820/1507 2434/1832/1523 2435/1833/1524
f 2424/1822/1511 2423/1821/1509 2435/1833/1524 2436/1834/1525
f 2425/1823/1513 2424/1822/1511 2436/1834/1525 2437/1835/1526
f 2426/1824/1515 2425/1823/1513 2437/1835/1526 2438/1836/1527
f 2428/1825/1516 2427/1826/1517 2439/1838/1529 2440/1837/1528
f 2429/1827/1518 2428/1825/1516 2440/1837/1528 2441/1839/1530
f 2430/1828/1519 2429/1827/1518 2441/1839/1530 2442/1840/1531
f 2431/1829/1520 2430/1828/1519 2442/1840/1531 2443/1841/1532
f 2432/1830/1521 2431/1829/1520 2443/1841/1532 2444/1842/1533
f 2433/1831/1522 2432/1830/1521 2444/1842/1533 2445/1843/1534
f 2434/1832/1523 2433/1831/1522 2445/1843/1534 2446/1844/1535
f 2435/1833/1524 2434/1832/1523 2446/1844/1535 2447/1845/1536
f 2436/1834/1525 2435/1833/1524 2447/1845/1536 2448/1846/1537
f 2437/1835/1526 2436/1834/1525 2448/1846/1537 2449/1847/1538
f 2438/1836/1527 2437/1835/1526 2449/1847/1538 2450/1848/1539
f 2440/1837/1528 2439/1838/1529 2451/1850/1541 2452/1849/1540
f 2441/1839/1530 2440/1837/1528 2452/1849/1540 2453/1851/1542
f 2442/1840/1531 2441/1839/1530 2453/1851/1542 2454/1852/1543
f 2443/1841/1532 2442/1840/1531 2454/1852/1543 2455/1853/1544
f 2444/1842/1533 2443/1841/1532 2455/1853/1544 2456/1854/1545
f 2445/1843/1534 2444/1842/1533 2456/1854/1545 2457/1855/1546
f 2446/1844/1535 2445/1843/1534 2457/1855/1546 2458/1856/1547
f 2447/1845/1536 2446/1844/1535 2458/1856/1547 2459/1857/1548
f 2448/1846/1537 2447/1845/1536 2459/1857/1548 2460/1858/1549
f 2449/1847/1538 2448/1846/1537 2460/1858/1549 2461/1859/1550
f 2450/1848/1539 2449/1847/1538 2461/1859/1550 2462/1860/1551
f 2452/1849/1540 2451/1850/1541 2463/1862/1553 2464/1861/1552
f 2453/1851/1542 2452/1849/1540 2464/1861/1552 2465/1863/1554
f 2454/1852/1543 2453/1851/1542 2465/1863/1554 2466/1864/1555
f 2455/1853/1544 2454/1852/1543 2466/1864/1555 2467/1865/1556
f 2456/1854/1545 2455/1853/1544 2467/1865/1556 2468/1866/1557
f 2457/1855/1546 2456/1854/1545 2468/1866/1557 2469/1867/1558
f 2458/1856/1547 2457/1855/1546 2469/1867/1558 2470/1868/1559
f 2459/1857/1548 2458/1856/1547 2470/1868/1559 2471/1869/1560
f 2460/1858/1549 2459/1857/1548 2471/1869/1560 2472/1870/1561
f 2461/1859/1550 2460/1858/1549 2472/1870/1561 2473/1871/1562
f 2462/1860/1551 2461/1859/1550 2473/1871/1562 2474/1872/1563
f 2464/1861/1552 2463/1862/1553 2475/1874/1565 2476/1873/1564
f 2465/1863/1554 2464/1861/1552 2476/1873/1564 2477/1875/1566
f 2466/1864/1555 2465/1863/1554 2477/1875/1566 2478/1876/1567
f 2467/1865/1556 2466/1864/1555 2478/1876/1567 2479/1877/1568
f 2468/1866/1557 2467/1865/1556 2479/1877/1568 2480/1878/1569
f 2469/1867/1558 2468/1866/1557 2480/1878/1569 2481/1879/1570
f 2470/1868/1559 2469/1867/1558 2481/1879/1570 2482/1880/1571
f 2471/1869/1560 2470/1868/1559 2482/1880/1571 2483/1881/1572
f 2472/1870/1561 2471/1869/1560 2483/1881/1572 2484/1882/1573
f 2473/1871/1562 2472/1870/1561 2484/1882/1573 2485/1883/1574
f 2474/1872/1563 2473/1871/1562 2485/1883/1574 2486/1884/1575
f 2476/1873/1564 2475/1874/1565 2487/219/1577 2488/1885/1576
f 2477/1875/1566 2476/1873/1564 2488/1885/1576 2489/1886/1578
f 2478/1876/1567 2477/1875/1566 2489/1886/1578 2490/1887/1579
f 2479/1877/1568 2478/1876/1567 2490/1887/1579 2491/1888/1580
f 2480/1878/1569 2479/1877/1568 2491/1888/1580 2492/1889/1581
f 2481/1879/1570 2480/1878/1569 2492/1889/1581 2493/1890/1582
f 2482/1880/1571 2481/1879/1570 2493/1890/1582 2494/1891/1583
f 2483/1881/1572 2482/1880/1571 2494/1891/1583 2495/1892/1584
f 2484/1882/1573 2483/1881/1572 2495/1892/1584 2496/1893/1585
f 2485/1883/1574 2484/1882/1573 2496/1893/1585 2497/1894/1586
f 2486/1884/1575 2485/1883/1574 2497/1894/1586 2498/1895/1587
f 2488/1885/1576 2487/219/1577 2499/1897/1589 2500/1896/1588
f 2489/1886/1578 2488/1885/1576 2500/1896/1588 2501/1898/1590
f 2490/1887/1579 2489/1886/1578 2501/1898/1590 2502/1899/1591
f 2491/1888/1580 2490/1887/1579 2502/1899/1591 2503/1900/1592
f 2492/1889/1581 2491/1888/1580 2503/1900/1592 2504/1901/1593
f 2493/1890/1582 2492/1889/1581 2504/1901/1593 2505/1902/1594
f 2494/1891/1583 2493/1890/1582 2505/1902/1594 2506/1903/1595
f 2495/1892/1584 2494/1891/1583 2506/1903/1595 2507/1904/1596
f 2496/1893/1585 2495/1892/1584 2507/1904/1596 2508/1905/1597
f 2497/1894/1586 2496/1893/1585 2508/1905/1597 2509/1906/1598
f 2498/1895/1587 2497/1894/1586 2509/1906/1598 2510/1907/1599
f 2500/1896/1588 2499/1897/1589 2511/1909/1601 2512/1908/1600
f 2501/1898/1590 2500/1896/1588 2512/1908/1600 2513/1910/1602
f 2502/1899/1591 2501/1898/1590 2513/1910/1602 2514/1911/1603
f 2503/1900/1592 2502/1899/1591 2514/1911/1603 2515/1912/1604
f 2504/1901/1593 2503/1900/1592 2515/1912/1604 2516/1913/1605
f 2505/1902/1594 2504/1901/1593 2516/1913/1605 2517/1914/1606
f 2506/1903/1595 2505/1902/1594 2517/1914/1606 2518/1915/1607
f 2507/1904/1596 2506/1903/1595 2518/1915/1607 2519/1916/1608
f 2508/1905/1597 2507/1904/1596 2519/1916/1608 2520/1917/1609
f 2509/1906/1598 2508/1905/1597 2520/1917/1609 2521/1918/1610
f 2510/1907/1599 2509/1906/1598 2521/1918/1610 2522/1919/1611
f 2512/1908/1600 2511/1909/1601 2523/1921/1613 2524/1920/1612
f 2513/1910/1602 2512/1908/1600 2524/1920/1612 2525/1922/1614
f 2514/1911/1603 2513/1910/1602 2525/1922/1614 2526/1923/1615
f 2515/1912/1604 2514/1911/1603 2526/1923/1615 2527/1924/1616
f 2516/1913/1605 2515/1912/1604 2527/1924/1616 2528/1925/1617
f 2517/1914/1606 2516/1913/1605 2528/1925/1617 2529/1926/1618
f 2518/1915/1607 2517/1914/1606 2529/1926/1618 2530/1927/1619
f 2519/1916/1608 2518/1915/1607 2530/1927/1619 2531/1928/1620
f 2520/1917/1609 2519/1916/1608 2531/1928/1620 2532/1929/1621
f 2521/1918/1610 2520/1917/1609 2532/1929/1621 2533/1930/1622
f 2522/1919/1611 2521/1918/1610 2533/1930/1622 2534/1931/1623
f 2524/1920/1612 2523/1921/1613 2535/1933/724 2536/1932/1624
f 2525/1922/1614 2524/1920/1612 2536/1932/1624 2537/1934/1625
f 2526/1923/1615 2525/1922/1614 2537/1934/1625 2538/1935/1626
f 2527/1924/1616 2526/1923/1615 2538/1935/1626 2539/1936/1627
f 2528/1925/1617 2527/1924/1616 2539/1936/1627 2540/1937/1628
f 2529/1926/1618 2528/1925/1617 2540/1937/1628 2541/1938/1629
f 2530/1927/1619 2529/1926/1618 2541/1938/1629 2542/1939/1630
f 2531/1928/1620 2530/1927/1619 2542/1939/1630 2543/1940/1631
f 2532/1929/1621 2531/1928/1620 2543/1940/1631 2544/1941/1632
f 2533/1930/1622 2532/1929/1621 2544/1941/1632 2545/1942/1633
f 2534/1931/1623 2533/1930/1622 2545/1942/1633 2546/1943/734
f 2536/1932/1624 2535/1933/724 2547/1945/1635 2548/1944/1634
f 2537/1934/1625 2536/1932/1624 2548/1944/1634 2549/1946/1636
f 2538/1935/1626 2537/1934/1625 2549/1946/1636 2550/1947/1637
f 2539/1936/1627 2538/1935/1626 2550/1947/1637 2551/1948/1638
f 2540/1937/1628 2539/1936/1627 2551/1948/1638 2552/1949/1639
f 2541/1938/1629 2540/1937/1628 2552/1949/1639 2553/1950/1640
f 2542/1939/1630 2541/1938/1629 2553/1950/1640 2554/1951/1641
f 2543/1940/1631 2542/1939/1630 2554/1951/1641 2555/1952/1642
f 2544/1941/1632 2543/1940/1631 2555/1952/1642 2556/1953/1643
f 2545/1942/1633 2544/1941/1632 2556/1953/1643 2557/1954/1644
f 2546/1943/734 2545/1942/1633 2557/1954/1644 2558/1955/1645
f 2548/1944/1634 2547/1945/1635 2559/1957/1647 2560/1956/1646
f 2549/1946/1636 2548/1944/1634 2560/1956/1646 2561/1958/1648
f 2550/1947/1637 2549/1946/1636 2561/1958/1648 2562/1959/1649
f 2551/1948/1638 2550/1947/1637 2562/1959/1649 2563/1960/1650
f 2552/1949/1639 2551/1948/1638 2563/1960/1650 2564/1961/1651
f 2553/1950/1640 2552/1949/1639 2564/1961/1651 2565/1962/1652
f 2554/1951/1641 2553/1950/1640 2565/1962/1652 2566/1963/1653
f 2555/1952/1642 2554/1951/1641 2566/1963/1653 2567/1964/1654
f 2556/1953/1643 2555/1952/1642 2567/1964/1654 2568/1965/1655
f 2557/1954/1644 2556/1953/1643 2568/1965/1655 2569/1966/1656
f 2558/1955/1645 2557/1954/1644 2569/1966/1656 2570/1967/1657
f 2560/1956/1646 2559/1957/1647 2571/218/1659 2572/1968/1658
f 2561/1958/1648 2560/1956/1646 2572/1968/1658 2573/1969/1660
f 2562/1959/1649 2561/1958/1648 2573/1969/1660 2574/1970/1661
f 2563/1960/1650 2562/1959/1649 2574/1970/1661 2575/1971/1662
f 2564/1961/1651 2563/1960/1650 2575/1971/1662 2576/1972/1663
f 2565/1962/1652 2564/1961/1651 2576/1972/1663 2577/1973/1664
f 2566/1963/1653 2565/1962/1652 2577/1973/1664 2578/1974/1665
f 2567/1964/1654 2566/1963/1653 2578/1974/1665 2579/1975/1666
f 2568/1965/1655 2567/1964/1654 2579/1975/1666 2580/1976/1667
f 2569/1966/1656 2568/1965/1655 2580/1976/1667 2581/1977/1668
f 2570/1967/1657 2569/1966/1656 2581/1977/1668 2582/1978/1669
f 2572/1968/1658 2571/218/1659 2583/1980/1671 2584/1979/1670
f 2573/1969/1660 2572/1968/1658 2584/1979/1670 2585/1981/1672
f 2574/1970/1661 2573/1969/1660 2585/1981/1672 2586/1982/1673
f 2575/1971/1662 2574/1970/1661 2586/1982/1673 2587/1983/1674
f 2576/1972/1663 2575/1971/1662 2587/1983/1674 2588/1984/1675
f 2577/1973/1664 2576/1972/1663 2588/1984/1675 2589/1985/1676
f 2578/1974/1665 2577/1973/1664 2589/1985/1676 2590/1986/1677
f 2579/1975/1666 2578/1974/1665 2590/1986/1677 2591/1987/1678
f 2580/1976/1667 2579/1975/1666 2591/1987/1678 2592/1988/1679
f 2581/1977/1668 2580/1976/1667 2592/1988/1679 2593/1989/1680
f 2582/1978/1669 2581/1977/1668 2593/1989/1680 2594/1990/1681
f 2584/1979/1670 2583/1980/1671 2595/1992/1683 2596/1991/1682
f 2585/1981/1672 2584/1979/1670 2596/1991/1682 2597/1993/1684
f 2586/1982/1673 2585/1981/1672 2597/1993/1684 2598/1994/1685
f 2587/1983/1674 2586/1982/1673 2598/1994/1685 2599/1995/1686
f 2588/1984/1675 2587/1983/1674 2599/1995/1686 2600/1996/1687
f 2589/1985/1676 2588/1984/1675 2600/1996/1687 2601/1997/1688
f 2590/1986/1677 2589/1985/1676 2601/1997/1688 2602/1998/1689
f 2591/1987/1678 2590/1986/1677 2602/1998/1689 2603/1999/1690
f 2592/1988/1679 2591/1987/1678 2603/1999/1690 2604/2000/1691
f 2593/1989/1680 2592/1988/1679 2604/2000/1691 2605/2001/1692
f 2594/1990/1681 2593/1989/1680 2605/2001/1692 2606/2002/1693
f 2596/1991/1682 2595/1992/1683 2607/2004/1695 2608/2003/1694
f 2597/1993/1684 2596/1991/1682 2608/2003/1694 2609/2005/1696
f 2598/1994/1685 2597/1993/1684 2609/2005/1696 2610/2006/1697
f 2599/1995/1686 2598/1994/1685 2610/2006/1697 2611/2007/1698
f 2600/1996/1687 2599/1995/1686 2611/2007/1698 2612/2008/1699
f 2601/1997/1688 2600/1996/1687 2612/2008/1699 2613/2009/1700
f 2602/1998/1689 2601/1997/1688 2613/2009/1700 2614/2010/1701
f 2603/1999/1690 2602/1998/1689 2614/2010/1701 2615/2011/1702
f 2604/2000/1691 2603/1999/1690 2615/2011/1702 2616/2012/1703
f 2605/2001/1692 2604/2000/1691 2616/2012/1703 2617/2013/1704
f 2606/2002/1693 2605/2001/1692 2617/2013/1704 2618/2014/1705
f 2608/2003/1694 2607/2004/1695 2619/2016/1707 2620/2015/1706
f 2609/2005/1696 2608/2003/1694 2620/2015/1706 2621/2017/1708
f 2610/2006/1697 2609/2005/1696 2621/2017/1708 2622/2018/1709
f 2611/2007/1698 2610/2006/1697 2622/2018/1709 2623/2019/1710
f 2612/2008/1699 2611/2007/1698 2623/2019/1710 2624/2020/1711
f 2613/2009/1700 2612/2008/1699 2624/2020/1711 2625/2021/1712
f 2614/2010/1701 2613/2009/1700 2625/2021/1712 2626/2022/1713
f 2615/2011/1702 2614/2010/1701 2626/2022/1713 2627/2023/1714
f 2616/2012/1703 2615/2011/1702 2627/2023/1714 2628/2024/1715
f 2617/2013/1704 2616/2012/1703 2628/2024/1715 2629/2025/1716
f 2618/2014/1705 2617/2013/1704 2629/2025/1716 2630/2026/1717
f 2620/2015/1706 2619/2016/1707 2631/2028/1719 2632/2027/1718
f 2621/2017/1708 2620/2015/1706 2632/2027/1718 2633/2029/1720
f 2622/2018/1709 2621/2017/1708 2633/2029/1720 2634/2030/1721
f 2623/2019/1710 2622/2018/1709 2634/2030/1721 2635/2031/1722
f 2624/2020/1711 2623/2019/1710 2635/2031/1722 2636/2032/1723
f 2625/2021/1712 2624/2020/1711 2636/2032/1723 2637/2033/1724
f 2626/2022/1713 2625/2021/1712 2637/2033/1724 2638/2034/1725
f 2627/2023/1714 2626/2022/1713 2638/2034/1725 2639/2035/1726
f 2628/2024/1715 2627/2023/1714 2639/2035/1726 2640/2036/1727
f 2629/2025/1716 2628/2024/1715 2640/2036/1727 2641/2037/1728
f 2630/2026/1717 2629/2025/1716 2641/2037/1728 2642/2038/1729
f 2632/2027/1718 2631/2028/1719 2643/2040/1731 2644/2039/1730
f 2633/2029/1720 2632/2027/1718 2644/2039/1730 2645/2041/1732
f 2634/2030/1721 2633/2029/1720 2645/2041/1732 2646/2042/1733
f 2635/2031/1722 2634/2030/1721 2646/2042/1733 2647/2043/1734
f 2636/2032/1723 2635/2031/1722 2647/2043/1734 2648/2044/1735
f 2637/2033/1724 2636/2032/1723 2648/2044/1735 2649/2045/1736
f 2638/2034/1725 2637/2033/1724 2649/2045/1736 2650/2046/1737
f 2639/2035/1726 2638/2034/1725 2650/2046/1737 2651/2047/1738
f 2640/2036/1727 2639/2035/1726 2651/2047/1738 2652/2048/1739
f 2641/2037/1728 2640/2036/1727 2652/2048/1739 2653/2049/1740
f 2642/2038/1729 2641/2037/1728 2653/2049/1740 2654/2050/1741
f 2644/2039/1730 2643/2040/1731 2655/221/1743 2656/2051/1742
f 2645/2041/1732 2644/2039/1730 2656/2051/1742 2657/2052/1744
f 2646/2042/1733 2645/2041/1732 2657/2052/1744 2658/2053/1745
f 2647/2043/1734 2646/2042/1733 2658/2053/1745 2659/2054/1746
f 2648/2044/1735 2647/2043/1734 2659/2054/1746 2660/2055/1747
f 2649/2045/1736 2648/2044/1735 2660/2055/1747 2661/2056/1748
f 2650/2046/1737 2649/2045/1736 2661/2056/1748 2662/2057/1749
f 2651/2047/1738 2650/2046/1737 2662/2057/1749 2663/2058/1750
f 2652/2048/1739 2651/2047/1738 2663/2058/1750 2664/2059/1751
f 2653/2049/1740 2652/2048/1739 2664/2059/1751 2665/2060/1752
f 2654/2050/1741 2653/2049/1740 2665/2060/1752 2666/2061/1753
f 2656/2051/1742 2655/221/1743 2667/2063/854 2668/2062/853
f 2657/2052/1744 2656/2051/1742 2668/2062/853 2669/2064/1754
f 2658/2053/1745 2657/2052/1744 2669/2064/1754 2670/2065/1755
f 2659/2054/1746 2658/2053/1745 2670/2065/1755 2671/2066/1756
f 2660/2055/1747 2659/2054/1746 2671/2066/1756 2672/2067/1757
f 2661/2056/1748 2660/2055/1747 2672/2067/1757 2673/2068/1758
f 2662/2057/1749 2661/2056/1748 2673/2068/1758 2674/2069/1759
f 2663/2058/1750 2662/2057/1749 2674/2069/1759 2675/2070/1760
f 2664/2059/1751 2663/2058/1750 2675/2070/1760 2676/2071/1761
f 2665/2060/1752 2664/2059/1751 2676/2071/1761 2677/2072/863
f 2666/2061/1753 2665/2060/1752 2677/2072/863 2678/2073/864
f 2668/2062/853 2667/2063/854 2679/2075/866 2680/2074/1762
f 2669/2064/1754 2668/2062/853 2680/2074/1762 2681/2076/1763
f 2670/2065/1755 2669/2064/1754 2681/2076/1763 2682/2077/1764
f 2671/2066/1756 2670/2065/1755 2682/2077/1764 2683/2078/1765
f 2672/2067/1757 2671/2066/1756 2683/2078/1765 2684/2079/1766
f 2673/2068/1758 2672/2067/1757 2684/2079/1766 2685/2080/1767
f 2674/2069/1759 2673/2068/1758 2685/2080/1767 2686/2081/1768
f 2675/2070/1760 2674/2069/1759 2686/2081/1768 2687/2082/1769
f 2676/2071/1761 2675/2070/1760 2687/2082/1769 2688/2083/1770
f 2677/2072/863 2676/2071/1761 2688/2083/1770 2689/2084/1771
f 2678/2073/864 2677/2072/863 2689/2084/1771 2690/2085/876
f 2680/2074/1762 2679/2075/866 2691/2087/1773 2692/2086/1772
f 2681/2076/1763 2680/2074/1762 2692/2086/1772 2693/2088/1774
f 2682/2077/1764 2681/2076/1763 2693/2088/1774 2694/2089/1775
f 2683/2078/1765 2682/2077/1764 2694/2089/1775 2695/2090/1776
f 2684/2079/1766 2683/2078/1765 2695/2090/1776 2696/2091/1777
f 2685/2080/1767 2684/2079/1766 2696/2091/1777 2697/2092/1778
f 2686/2081/1768 2685/2080/1767 2697/2092/1778 2698/2093/1779
f 2687/2082/1769 2686/2081/1768 2698/2093/1779 2699/2094/1780
f 2688/2083/1770 2687/2082/1769 2699/2094/1780 2700/2095/1781
f 2689/2084/1771 2688/2083/1770 2700/2095/1781 2701/2096/1782
f 2690/2085/876 2689/2084/1771 2701/2096/1782 2702/2097/1783
f 2692/2086/1772 2691/2087/1773 2703/2099/1785 2704/2098/1784
f 2693/2088/1774 2692/2086/1772 2704/2098/1784 2705/2100/1786
f 2694/2089/1775 2693/2088/1774 2705/2100/1786 2706/2101/1787
f 2695/2090/1776 2694/2089/1775 2706/2101/1787 2707/2102/1788
f 2696/2091/1777 2695/2090/1776 2707/2102/1788 2708/2103/1789
f 2697/2092/1778 2696/2091/1777 2708/2103/1789 2709/2104/1790
f 2698/2093/1779 2697/2092/1778 2709/2104/1790 2710/2105/1791
f 2699/2094/1780 2698/2093/1779 2710/2105/1791 2711/2106/1792
f 2700/2095/1781 2699/2094/1780 2711/2106/1792 2712/2107/1793
f 2701/2096/1782 2700/2095/1781 2712/2107/1793 2713/2108/1794
f 2702/2097/1783 2701/2096/1782 2713/2108/1794 2714/2109/1795
f 2704/2098/1784 2703/2099/1785 2715/2111/1797 2716/2110/1796
f 2705/2100/1786 2704/2098/1784 2716/2110/1796 2717/2112/1798
f 2706/2101/1787 2705/2100/1786 2717/2112/1798 2718/2113/1799
f 2707/2102/1788 2706/2101/1787 2718/2113/1799 2719/2114/1800
f 2708/2103/1789 2707/2102/1788 2719/2114/1800 2720/2115/1801
f 2709/2104/1790 2708/2103/1789 2720/2115/1801 2721/2116/1802
f 2710/2105/1791 2709/2104/1790 2721/2116/1802 2722/2117/1803
f 2711/2106/1792 2710/2105/1791 2722/2117/1803 2723/2118/1804
f 2712/2107/1793 2711/2106/1792 2723/2118/1804 2724/2119/1805
f 2713/2108/1794 2712/2107/1793 2724/2119/1805 2725/2120/1806
f 2714/2109/1795 2713/2108/1794 2725/2120/1806 2726/2121/1807
f 2716/2110/1796 2715/2111/1797 2727/2123/1809 2728/2122/1808
f 2717/2112/1798 2716/2110/1796 2728/2122/1808 2729/2124/1810
f 2718/2113/1799 2717/2112/1798 2729/2124/1810 2730/2125/1811
f 2719/2114/1800 2718/2113/1799 2730/2125/1811 2731/2126/1812
f 2720/2115/1801 2719/2114/1800 2731/2126/1812 2732/2127/1813
f 2721/2116/1802 2720/2115/1801 2732/2127/1813 2733/2128/1814
f 2722/2117/1803 2721/2116/1802 2733/2128/1814 2734/2129/1815
f 2723/2118/1804 2722/2117/1803 2734/2129/1815 2735/2130/1816
f 2724/2119/1805 2723/2118/1804 2735/2130/1816 2736/2131/1817
f 2725/2120/1806 2724/2119/1805 2736/2131/1817 2737/2132/1818
f 2726/2121/1807 2725/2120/1806 2737/2132/1818 2738/2133/1819
f 2728/2122/1808 2727/2123/1809 2739/220/1821 2740/2134/1820
f 2729/2124/1810 2728/2122/1808 2740/2134/1820 2741/2135/1822
f 2730/2125/1811 2729/2124/1810 2741/2135/1822 2742/2136/1823
f 2731/2126/1812 2730/2125/1811 2742/2136/1823 2743/2137/1824
f 2732/2127/1813 2731/2126/1812 2743/2137/1824 2744/2138/1825
f 2733/2128/1814 2732/2127/1813 2744/2138/1825 2745/2139/1826
f 2734/2129/1815 2733/2128/1814 2745/2139/1826 2746/2140/1827
f 2735/2130/1816 2734/2129/1815 2746/2140/1827 2747/2141/1828
f 2736/2131/1817 2735/2130/1816 2747/2141/1828 2748/2142/1829
f 2737/2132/1818 2736/2131/1817 2748/2142/1829 2749/2143/1830
f 2738/2133/1819 2737/2132/1818 2749/2143/1830 2750/2144/1831
f 2740/2134/1820 2739/220/1821 2751/2146/938 2752/2145/1832
f 2741/2135/1822 2740/2134/1820 2752/2145/1832 2753/2147/1833
f 2742/2136/1823 2741/2135/1822 2753/2147/1833 2754/2148/1834
f 2743/2137/1824 2742/2136/1823 2754/2148/1834 2755/2149/1835
f 2744/2138/1825 2743/2137/1824 2755/2149/1835 2756/2150/1836
f 2745/2139/1826 2744/2138/1825 2756/2150/1836 2757/2151/1837
f 2746/2140/1827 2745/2139/1826 2757/2151/1837 2758/2152/1838
f 2747/2141/1828 2746/2140/1827 2758/2152/1838 2759/2153/1839
f 2748/2142/1829 2747/2141/1828 2759/2153/1839 2760/2154/1840
f 2749/2143/1830 2748/2142/1829 2760/2154/1840 2761/2155/1841
f 2750/2144/1831 2749/2143/1830 2761/2155/1841 2762/2156/948
f 2752/2145/1832 2751/2146/938 2763/2158/950 2764/2157/1842
f 2753/2147/1833 2752/2145/1832 2764/2157/1842 2765/2159/1843
f 2754/2148/1834 2753/2147/1833 2765/2159/1843 2766/2160/1844
f 2755/2149/1835 2754/2148/1834 2766/2160/1844 2767/2161/1845
f 2756/2150/1836 2755/2149/1835 2767/2161/1845 2768/2162/1846
f 2757/2151/1837 2756/2150/1836 2768/2162/1846 2769/2163/1847
f 2758/2152/1838 2757/2151/1837 2769/2163/1847 2770/2164/1848
f 2759/2153/1839 2758/2152/1838 2770/2164/1848 2771/2165/1849
f 2760/2154/1840 2759/2153/1839 2771/2165/1849 2772/2166/1850
f 2761/2155/1841 2760/2154/1840 2772/2166/1850 2773/2167/1851
f 2762/2156/948 2761/2155/1841 2773/2167/1851 2774/2168/960
f 2764/2157/1842 2763/2158/950 2775/2170/1853 2776/2169/1852
f 2765/2159/1843 2764/2157/1842 2776/2169/1852 2777/2171/1854
f 2766/2160/1844 2765/2159/1843 2777/2171/1854 2778/2172/1855
f 2767/2161/1845 2766/2160/1844 2778/2172/1855 2779/2173/1856
f 2768/2162/1846 2767/2161/1845 2779/2173/1856 2780/2174/1857
f 2769/2163/1847 2768/2162/1846 2780/2174/1857 2781/2175/1858
f 2770/2164/1848 2769/2163/1847 2781/2175/1858 2782/2176/1859
f 2771/2165/1849 2770/2164/1848 2782/2176/1859 2783/2177/1860
f 2772/2166/1850 2771/2165/1849 2783/2177/1860 2784/2178/1861
f 2773/2167/1851 2772/2166/1850 2784/2178/1861 2785/2179/1862
f 2774/2168/960 2773/2167/1851 2785/2179/1862 2786/2180/1863
f 2776/2169/1852 2775/2170/1853 2787/2182/1865 2788/2181/1864
f 2777/2171/1854 2776/2169/1852 2788/2181/1864 2789/2183/1866
f 2778/2172/1855 2777/2171/1854 2789/2183/1866 2790/2184/1867
f 2779/2173/1856 2778/2172/1855 2790/2184/1867 2791/2185/1868
f 2780/2174/1857 2779/2173/1856 2791/2185/1868 2792/2186/1869
f 2781/2175/1858 2780/2174/1857 2792/2186/1869 2793/2187/1870
f 2782/2176/1859 2781/2175/1858 2793/2187/1870 2794/2188/1871
f 2783/2177/1860 2782/2176/1859 2794/2188/1871 2795/2189/1872
f 2784/2178/1861 2783/2177/1860 2795/2189/1872 2796/2190/1873
f 2785/2179/1862 2784/2178/1861 2796/2190/1873 2797/2191/1874
f 2786/2180/1863 2785/2179/1862 2797/2191/1874 2798/2192/1875
f 2788/2181/1864 2787/2182/1865 2799/2194/1877 2800/2193/1876
f 2789/2183/1866 2788/2181/1864 2800/2193/1876 2801/2195/1878
f 2790/2184/1867 2789/2183/1866 2801/2195/1878 2802/2196/1879
f 2791/2185/1868 2790/2184/1867 2802/2196/1879 2803/2197/1880
f 2792/2186/1869 2791/2185/1868 2803/2197/1880 2804/2198/1881
f 2793/2187/1870 2792/2186/1869 2804/2198/1881 2805/2199/1882
f 2794/2188/1871 2793/2187/1870 2805/2199/1882 2806/2200/1883
f 2795/2189/1872 2794/2188/1871 2806/2200/1883 2807/2201/1884
f 2796/2190/1873 2795/2189/1872 2807/2201/1884 2808/2202/1885
f 2797/2191/1874 2796/2190/1873 2808/2202/1885 2809/2203/1886
f 2798/2192/1875 2797/2191/1874 2809/2203/1886 2810/2204/1887
f 2800/2193/1876 2799/2194/1877 2811/2206/1889 2812/2205/1888
f 2801/2195/1878 2800/2193/1876 2812/2205/1888 2813/2207/1890
f 2802/2196/1879 2801/2195/1878 2813/2207/1890 2814/2208/1891
f 2803/2197/1880 2802/2196/1879 2814/2208/1891 2815/2209/1892
f 2804/2198/1881 2803/2197/1880 2815/2209/1892 2816/2210/1893
f 2805/2199/1882 2804/2198/1881 2816/2210/1893 2817/2211/1894
f 2806/2200/1883 2805/2199/1882 2817/2211/1894 2818/2212/1895
f 2807/2201/1884 2806/2200/1883 2818/2212/1895 2819/2213/1896
f 2808/2202/1885 2807/2201/1884 2819/2213/1896 2820/2214/1897
f 2809/2203/1886 2808/2202/1885 2820/2214/1897 2821/2215/1898
f 2810/2204/1887 2809/2203/1886 2821/2215/1898 2822/2216/1899
f 2812/2205/1888 2811/2206/1889 2823/214/1901 2824/2217/1900
f 2813/2207/1890 2812/2205/1888 2824/2217/1900 2825/2218/1902
f 2814/2208/1891 2813/2207/1890 2825/2218/1902 2826/2219/1903
f 2815/2209/1892 2814/2208/1891 2826/2219/1903 2827/2220/1904
f 2816/2210/1893 2815/2209/1892 2827/2220/1904 2828/2221/1905
f 2817/2211/1894 2816/2210/1893 2828/2221/1905 2829/2222/1906
f 2818/2212/1895 2817/2211/1894 2829/2222/1906 2830/2223/1907
f 2819/2213/1896 2818/2212/1895 2830/2223/1907 2831/2224/1908
f 2820/2214/1897 2819/2213/1896 2831/2224/1908 2832/2225/1909
f 2821/2215/1898 2820/2214/1897 2832/2225/1909 2833/2226/1910
f 2822/2216/1899 2821/2215/1898 2833/2226/1910 2834/2227/1911
f 2824/2217/1900 2823/214/1901 2835/2229/1913 2836/2228/1912
f 2825/2218/1902 2824/2217/1900 2836/2228/1912 2837/2230/1914
f 2826/2219/1903 2825/2218/1902 2837/2230/1914 2838/2231/1915
f 2827/2220/1904 2826/2219/1903 2838/2231/1915 2839/2232/1916
f 2828/2221/1905 2827/2220/1904 2839/2232/1916 2840/2233/1917
f 2829/2222/1906 2828/2221/1905 2840/2233/1917 2841/2234/1918
f 2830/2223/1907 2829/2222/1906 2841/2234/1918 2842/2235/1919
f 2831/2224/1908 2830/2223/1907 2842/2235/1919 2843/2236/1920
f 2832/2225/1909 2831/2224/1908 2843/2236/1920 2844/2237/1921
f 2833/2226/1910 2832/2225/1909 2844/2237/1921 2845/2238/1922
f 2834/2227/1911 2833/2226/1910 2845/2238/1922 2846/2239/1923
f 2836/2228/1912 2835/2229/1913 2847/2241/1925 2848/2240/1924
f 2837/2230/1914 2836/2228/1912 2848/2240/1924 2849/2242/1926
f 2838/2231/1915 2837/2230/1914 2849/2242/1926 2850/2243/1927
f 2839/2232/1916 2838/2231/1915 2850/2243/1927 2851/2244/1928
f 2840/2233/1917 2839/2232/1916 2851/2244/1928 2852/2245/1929
f 2841/2234/1918 2840/2233/1917 2852/2245/1929 2853/2246/1930
f 2842/2235/1919 2841/2234/1918 2853/2246/1930 2854/2247/1931
f 2843/2236/1920 2842/2235/1919 2854/2247/1931 2855/2248/1932
f 2844/2237/1921 2843/2236/1920 2855/2248/1932 2856/2249/1933
f 2845/2238/1922 2844/2237/1921 2856/2249/1933 2857/2250/1934
f 2846/2239/1923 2845/2238/1922 2857/2250/1934 2858/2251/1935
f 2848/2240/1924 2847/2241/1925 2859/2253/1937 2860/2252/1936
f 2849/2242/1926 2848/2240/1924 2860/2252/1936 2861/2254/1938
f 2850/2243/1927 2849/2242/1926 2861/2254/1938 2862/2255/1939
f 2851/2244/1928 2850/2243/1927 2862/2255/1939 2863/2256/1940
f 2852/2245/1929 2851/2244/1928 2863/2256/1940 2864/2257/1941
f 2853/2246/1930 2852/2245/1929 2864/2257/1941 2865/2258/1942
f 2854/2247/1931 2853/2246/1930 2865/2258/1942 2866/2259/1943
f 2855/2248/1932 2854/2247/1931 2866/2259/1943 2867/2260/1944
f 2856/2249/1933 2855/2248/1932 2867/2260/1944 2868/2261/1945
f 2857/2250/1934 2856/2249/1933 2868/2261/1945 2869/2262/1946
f 2858/2251/1935 2857/2250/1934 2869/2262/1946 2870/2263/1947
f 2860/2252/1936 2859/2253/1937 2871/2265/1949 2872/2264/1948
f 2861/2254/1938 2860/2252/1936 2872/2264/1948 2873/2266/1950
f 2862/2255/1939 2861/2254/1938 2873/2266/1950 2874/2267/1951
f 2863/2256/1940 2862/2255/1939 2874/2267/1951 2875/2268/1952
f 2864/2257/1941 2863/2256/1940 2875/2268/1952 2876/2269/1953
f 2865/2258/1942 2864/2257/1941 2876/2269/1953 2877/2270/1954
f 2866/2259/1943 2865/2258/1942 2877/2270/1954 2878/2271/1955
f 2867/2260/1944 2866/2259/1943 2878/2271/1955 2879/2272/1956
f 2868/2261/1945 2867/2260/1944 2879/2272/1956 2880/2273/1957
f 2869/2262/1946 2868/2261/1945 2880/2273/1957 2881/2274/1958
f 2870/2263/1947 2869/2262/1946 2881/2274/1958 2882/2275/1959
f 2872/2264/1948 2871/2265/1949 2883/2277/1118 2884/2276/1960
f 2873/2266/1950 2872/2264/1948 2884/2276/1960 2885/2278/1961
f 2874/2267/1951 2873/2266/1950 2885/2278/1961 2886/2279/1962
f 2875/2268/1952 2874/2267/1951 2886/2279/1962 2887/2280/1963
f 2876/2269/1953 2875/2268/1952 2887/2280/1963 2888/2281/1964
f 2877/2270/1954 2876/2269/1953 2888/2281/1964 2889/2282/1965
f 2878/2271/1955 2877/2270/1954 2889/2282/1965 2890/2283/1966
f 2879/2272/1956 2878/2271/1955 2890/2283/1966 2891/2284/1967
f 2880/2273/1957 2879/2272/1956 2891/2284/1967 2892/2285/1968
f 2881/2274/1958 2880/2273/1957 2892/2285/1968 2893/2286/1969
f 2882/2275/1959 2881/2274/1958 2893/2286/1969 2894/2287/1128
f 2884/2276/1960 2883/2277/1118 2895/2289/1971 2896/2288/1970
f 2885/2278/1961 2884/2276/1960 2896/2288/1970 2897/2290/1972
f 2886/2279/1962 2885/2278/1961 2897/2290/1972 2898/2291/1973
f 2887/2280/1963 2886/2279/1962 2898/2291/1973 2899/2292/1974
f 2888/2281/1964 2887/2280/1963 2899/2292/1974 2900/2293/1975
f 2889/2282/1965 2888/2281/1964 2900/2293/1975 2901/2294/1976
f 2890/2283/1966 2889/2282/1965 2901/2294/1976 2902/2295/1977
f 2891/2284/1967 2890/2283/1966 2902/2295/1977 2903/2296/1978
f 2892/2285/1968 2891/2284/1967 2903/2296/1978 2904/2297/1979
f 2893/2286/1969 2892/2285/1968 2904/2297/1979 2905/2298/1980
f 2894/2287/1128 2893/2286/1969 2905/2298/1980 2906/2299/1981
f 2896/2288/1970 2895/2289/1971 2907/213/1983 2908/2300/1982
f 2897/2290/1972 2896/2288/1970 2908/2300/1982 2909/2301/1984
f 2898/2291/1973 2897/2290/1972 2909/2301/1984 2910/2302/1985
f 2899/2292/1974 2898/2291/1973 2910/2302/1985 2911/2303/1986
f 2900/2293/1975 2899/2292/1974 2911/2303/1986 2912/2304/1987
f 2901/2294/1976 2900/2293/1975 2912/2304/1987 2913/2305/1988
f 2902/2295/1977 2901/2294/1976 2913/2305/1988 2914/2306/1989
f 2903/2296/1978 2902/2295/1977 2914/2306/1989 2915/2307/1990
f 2904/2297/1979 2903/2296/1978 2915/2307/1990 2916/2308/1991
f 2905/2298/1980 2904/2297/1979 2916/2308/1991 2917/2309/1992
f 2906/2299/1981 2905/2298/1980 2917/2309/1992 2918/2310/1993
f 2908/2300/1982 2907/213/1983 2919/2312/1995 2920/2311/1994
f 2909/2301/1984 2908/2300/1982 2920/2311/1994 2921/2313/1996
f 2910/2302/1985 2909/2301/1984 2921/2313/1996 2922/2314/1997
f 2911/2303/1986 2910/2302/1985 2922/2314/1997 2923/2315/1998
f 2912/2304/1987 2911/2303/1986 2923/2315/1998 2924/2316/1999
f 2913/2305/1988 2912/2304/1987 2924/2316/1999 2925/2317/2000
f 2914/2306/1989 2913/2305/1988 2925/2317/2000 2926/2318/2001
f 2915/2307/1990 2914/2306/1989 2926/2318/2001 2927/2319/2002
f 2916/2308/1991 2915/2307/1990 2927/2319/2002 2928/2320/2003
f 2917/2309/1992 2916/2308/1991 2928/2320/2003 2929/2321/2004
f 2918/2310/1993 2917/2309/1992 2929/2321/2004 2930/2322/2005
f 2920/2311/1994 2919/2312/1995 2931/2324/2007 2932/2323/2006
f 2921/2313/1996 2920/2311/1994 2932/2323/2006 2933/2325/2008
f 2922/2314/1997 2921/2313/1996 2933/2325/2008 2934/2326/2009
f 2923/2315/1998 2922/2314/1997 2934/2326/2009 2935/2327/2010
f 2924/2316/1999 2923/2315/1998 2935/2327/2010 2936/2328/2011
f 2925/2317/2000 2924/2316/1999 2936/2328/2011 2937/2329/2012
f 2926/2318/2001 2925/2317/2000 2937/2329/2012 2938/2330/2013
f 2927/2319/2002 2926/2318/2001 2938/2330/2013 2939/2331/2014
f 2928/2320/2003 2927/2319/2002 2939/2331/2014 2940/2332/2015
f 2929/2321/2004 2928/2320/2003 2940/2332/2015 2941/2333/2016
f 2930/2322/2005 2929/2321/2004 2941/2333/2016 2942/2334/2017
f 2932/2323/2006 2931/2324/2007 2943/2336/2019 2944/2335/2018
f 2933/2325/2008 2932/2323/2006 2944/2335/2018 2945/2337/2020
f 2934/2326/2009 2933/2325/2008 2945/2337/2020 2946/2338/2021
f 2935/2327/2010 2934/2326/2009 2946/2338/2021 2947/2339/2022
f 2936/2328/2011 2935/2327/2010 2947/2339/2022 2948/2340/2023
f 2937/2329/2012 2936/2328/2011 2948/2340/2023 2949/2341/2024
f 2938/2330/2013 2937/2329/2012 2949/2341/2024 2950/2342/2025
f 2939/2331/2014 2938/2330/2013 2950/2342/2025 2951/2343/2026
f 2940/2332/2015 2939/2331/2014 2951/2343/2026 2952/2344/2027
f 2941/2333/2016 2940/2332/2015 2952/2344/2027 2953/2345/2028
f 2942/2334/2017 2941/2333/2016 2953/2345/2028 2954/2346/2029
f 2944/2335/2018 2943/2336/2019 2955/2348/2031 2956/2347/2030
f 2945/2337/2020 2944/2335/2018 2956/2347/2030 2957/2349/2032
f 2946/2338/2021 2945/2337/2020 2957/2349/2032 2958/2350/2033
f 2947/2339/2022 2946/2338/2021 2958/2350/2033 2959/2351/2034
f 2948/2340/2023 2947/2339/2022 2959/2351/2034 2960/2352/2035
f 2949/2341/2024 2948/2340/2023 2960/2352/2035 2961/2353/2036
f 2950/2342/2025 2949/2341/2024 2961/2353/2036 2962/2354/2037
f 2951/2343/2026 2950/2342/2025 2962/2354/2037 2963/2355/2038
f 2952/2344/2027 2951/2343/2026 2963/2355/2038 2964/2356/2039
f 2953/2345/2028 2952/2344/2027 2964/2356/2039 2965/2357/2040
f 2954/2346/2029 2953/2345/2028 2965/2357/2040 2966/2358/2041
f 2956/2347/2030 2955/2348/2031 2967/2360/2043 2968/2359/2042
f 2957/2349/2032 2956/2347/2030 2968/2359/2042 2969/2361/2044
f 2958/2350/2033 2957/2349/2032 2969/2361/2044 2970/2362/2045
f 2959/2351/2034 2958/2350/2033 2970/2362/2045 2971/2363/2046
f 2960/2352/2035 2959/2351/2034 2971/2363/2046 2972/2364/2047
f 2961/2353/2036 2960/2352/2035 2972/2364/2047 2973/2365/2048
f 2962/2354/2037 2961/2353/2036 2973/2365/2048 2974/2366/2049
f 2963/2355/2038 2962/2354/2037 2974/2366/2049 2975/2367/2050
f 2964/2356/2039 2963/2355/2038 2975/2367/2050 2976/2368/2051
f 2965/2357/2040 2964/2356/2039 2976/2368/2051 2977/2369/2052
f 2966/2358/2041 2965/2357/2040 2977/2369/2052 2978/2370/2053
f 2968/2359/2042 2967/2360/2043 2979/2372/2055 2980/2371/2054
f 2969/2361/2044 2968/2359/2042 2980/2371/2054 2981/2373/2056
f 2970/2362/2045 2969/2361/2044 2981/2373/2056 2982/2374/2057
f 2971/2363/2046 2970/2362/2045 2982/2374/2057 2983/2375/2058
f 2972/2364/2047 2971/2363/2046 2983/2375/2058 2984/2376/2059
f 2973/2365/2048 2972/2364/2047 2984/2376/2059 2985/2377/2060
f 2974/2366/2049 2973/2365/2048 2985/2377/2060 2986/2378/2061
f 2975/2367/2050 2974/2366/2049 2986/2378/2061 2987/2379/2062
f 2976/2368/2051 2975/2367/2050 2987/2379/2062 2988/2380/2063
f 2977/2369/2052 2976/2368/2051 2988/2380/2063 2989/2381/2064
f 2978/2370/2053 2977/2369/2052 2989/2381/2064 2990/2382/2065
f 2980/2371/2054 2979/2372/2055 2991/97/2067 2992/932/2066
f 2981/2373/2056 2980/2371/2054 2992/932/2066 2993/933/2068
f 2982/2374/2057 2981/2373/2056 2993/933/2068 2994/934/2069
f 2983/2375/2058 2982/2374/2057 2994/934/2069 2995/935/2070
f 2984/2376/2059 2983/2375/2058 2995/935/2070 2996/936/2071
f 2985/2377/2060 2984/2376/2059 2996/936/2071 2997/937/2072
f 2986/2378/2061 2985/2377/2060 2997/937/2072 2998/938/2073
f 2987/2379/2062 2986/2378/2061 2998/938/2073 2999/939/2074
f 2988/2380/2063 2987/2379/2062 2999/939/2074 3000/940/2075
f 2989/2381/2064 2988/2380/2063 3000/940/2075 3001/941/2076
f 2990/2382/2065 2989/2381/2064 3001/941/2076 3002/942/2077
f 2992/932/2066 2991/97/2067 3003/2384/2079 3004/2383/2078
f 2993/933/2068 2992/932/2066 3004/2383/2078 3005/2385/2080
f 2994/934/2069 2993/933/2068 3005/2385/2080 3006/2386/2081
f 2995/935/2070 2994/934/2069 3006/2386/2081 3007/2387/2082
f 2996/936/2071 2995/935/2070 3007/2387/2082 3008/2388/2083
f 2997/937/2072 2996/936/2071 3008/2388/2083 3009/2389/2084
f 2998/938/2073 2997/937/2072 3009/2389/2084 3010/2390/2085
f 2999/939/2074 2998/938/2073 3010/2390/2085 3011/2391/2086
f 3000/940/2075 2999/939/2074 3011/2391/2086 3012/2392/2087
f 3001/941/2076 3000/940/2075 3012/2392/2087 3013/2393/2088
f 3002/942/2077 3001/941/2076 3013/2393/2088 3014/2394/2089
f 3004/2383/2078 3003/2384/2079 3015/2396/2091 3016/2395/2090
f 3005/2385/2080 3004/2383/2078 3016/2395/2090 3017/2397/2092
f 3006/2386/2081 3005/2385/2080 3017/2397/2092 3018/2398/2093
f 3007/2387/2082 3006/2386/2081 3018/2398/2093 3019/2399/2094
f 3008/2388/2083 3007/2387/2082 3019/2399/2094 3020/2400/2095
f 3009/2389/2084 3008/2388/2083 3020/2400/2095 3021/2401/2096
f 3010/2390/2085 3009/2389/2084 3021/2401/2096 3022/2402/2097
f 3011/2391/2086 3010/2390/2085 3022/2402/2097 3023/2403/2098
f 3012/2392/2087 3011/2391/2086 3023/2403/2098 3024/2404/2099
f 3013/2393/2088 3012/2392/2087 3024/2404/2099 3025/2405/2100
f 3014/2394/2089 3013/2393/2088 3025/2405/2100 3026/2406/2101
f 3016/2395/2090 3015/2396/2091 3027/2408/2103 3028/2407/2102
f 3017/2397/2092 3016/2395/2090 3028/2407/2102 3029/2409/2104
f 3018/2398/2093 3017/2397/2092 3029/2409/2104 3030/2410/2105
f 3019/2399/2094 3018/2398/2093 3030/2410/2105 3031/2411/2106
f 3020/2400/2095 3019/2399/2094 3031/2411/2106 3032/2412/2107
f 3021/2401/2096 3020/2400/2095 3032/2412/2107 3033/2413/2108
f 3022/2402/2097 3021/2401/2096 3033/2413/2108 3034/2414/2109
f 3023/2403/2098 3022/2402/2097 3034/2414/2109 3035/2415/2110
f 3024/2404/2099 3023/2403/2098 3035/2415/2110 3036/2416/2111
f 3025/2405/2100 3024/2404/2099 3036/2416/2111 3037/2417/2112
f 3026/2406/2101 3025/2405/2100 3037/2417/2112 3038/2418/2113
f 3028/2407/2102 3027/2408/2103 3039/2420/2115 3040/2419/2114
f 3029/2409/2104 3028/2407/2102 3040/2419/2114 3041/2421/2116
f 3030/2410/2105 3029/2409/2104 3041/2421/2116 3042/2422/2117
f 3031/2411/2106 3030/2410/2105 3042/2422/2117 3043/2423/2118
f 3032/2412/2107 3031/2411/2106 3043/2423/2118 3044/2424/2119
f 3033/2413/2108 3032/2412/2107 3044/2424/2119 3045/2425/2120
f 3034/2414/2109 3033/2413/2108 3045/2425/2120 3046/2426/2121
f 3035/2415/2110 3034/2414/2109 3046/2426/2121 3047/2427/2122
f 3036/2416/2111 3035/2415/2110 3047/2427/2122 3048/2428/2123
f 3037/2417/2112 3036/2416/2111 3048/2428/2123 3049/2429/2124
f 3038/2418/2113 3037/2417/2112 3049/2429/2124 3050/2430/2125
f 3040/2419/2114 3039/2420/2115 3051/2432/2127 3052/2431/2126
f 3041/2421/2116 3040/2419/2114 3052/2431/2126 3053/2433/2128
f 3042/2422/2117 3041/2421/2116 3053/2433/2128 3054/2434/2129
f 3043/2423/2118 3042/2422/2117 3054/2434/2129 3055/2435/2130
f 3044/2424/2119 3043/2423/2118 3055/2435/2130 3056/2436/2131
f 3045/2425/2120 3044/2424/2119 3056/2436/2131 3057/2437/2132
f 3046/2426/2121 3045/2425/2120 3057/2437/2132 3058/2438/2133
f 3047/2427/2122 3046/2426/2121 3058/2438/2133 3059/2439/2134
f 3048/2428/2123 3047/2427/2122 3059/2439/2134 3060/2440/2135
f 3049/2429/2124 3048/2428/2123 3060/2440/2135 3061/2441/2136
f 3050/2430/2125 3049/2429/2124 3061/2441/2136 3062/2442/2137
f 3052/2431/2126 3051/2432/2127 3063/2444/64 3064/2443/2138
f 3053/2433/2128 3052/2431/2126 3064/2443/2138 3065/2445/2139
f 3054/2434/2129 3053/2433/2128 3065/2445/2139 3066/2446/2140
f 3055/2435/2130 3054/2434/2129 3066/2446/2140 3067/2447/2141
f 3056/2436/2131 3055/2435/2130 3067/2447/2141 3068/2448/2142
f 3057/2437/2132 3056/2436/2131 3068/2448/2142 3069/2449/2143
f 3058/2438/2133 3057/2437/2132 3069/2449/2143 3070/2450/2144
f 3059/2439/2134 3058/2438/2133 3070/2450/2144 3071/2451/2145
f 3060/2440/2135 3059/2439/2134 3071/2451/2145 3072/2452/2146
f 3061/2441/2136 3060/2440/2135 3072/2452/2146 3073/2453/2147
f 3062/2442/2137 3061/2441/2136 3073/2453/2147 3074/2454/74
f 3064/2443/2138 3063/2444/64 3075/210/2149 3076/2455/2148
f 3065/2445/2139 3064/2443/2138 3076/2455/2148 3077/2456/2150
f 3066/2446/2140 3065/2445/2139 3077/2456/2150 3078/2457/2151
f 3067/2447/2141 3066/2446/2140 3078/2457/2151 3079/2458/2152
f 3068/2448/2142 3067/2447/2141 3079/2458/2152 3080/2459/2153
f 3069/2449/2143 3068/2448/2142 3080/2459/2153 3081/2460/2154
f 3070/2450/2144 3069/2449/2143 3081/2460/2154 3082/2461/2155
f 3071/2451/2145 3070/2450/2144 3082/2461/2155 3083/2462/2156
f 3072/2452/2146 3071/2451/2145 3083/2462/2156 3084/2463/2157
f 3073/2453/2147 3072/2452/2146 3084/2463/2157 3085/2464/2158
f 3074/2454/74 3073/2453/2147 3085/2464/2158 3086/2465/2159
f 3076/2455/2148 3075/210/2149 3087/2467/2161 3088/2466/2160
f 3077/2456/2150 3076/2455/2148 3088/2466/2160 3089/2468/2162
f 3078/2457/2151 3077/2456/2150 3089/2468/2162 3090/2469/2163
f 3079/2458/2152 3078/2457/2151 3090/2469/2163 3091/2470/2164
f 3080/2459/2153 3079/2458/2152 3091/2470/2164 3092/2471/2165
f 3081/2460/2154 3080/2459/2153 3092/2471/2165 3093/2472/2166
f 3082/2461/2155 3081/2460/2154 3093/2472/2166 3094/2473/2167
f 3083/2462/2156 3082/2461/2155 3094/2473/2167 3095/2474/2168
f 3084/2463/2157 3083/2462/2156 3095/2474/2168 3096/2475/2169
f 3085/2464/2158 3084/2463/2157 3096/2475/2169 3097/2476/2170
f 3086/2465/2159 3085/2464/2158 3097/2476/2170 3098/2477/2171
f 3088/2466/2160 3087/2467/2161 3099/2479/2173 3100/2478/2172
f 3089/2468/2162 3088/2466/2160 3100/2478/2172 3101/2480/2174
f 3090/2469/2163 3089/2468/2162 3101/2480/2174 3102/2481/2175
f 3091/2470/2164 3090/2469/2163 3102/2481/2175 3103/2482/2176
f 3092/2471/2165 3091/2470/2164 3103/2482/2176 3104/2483/2177
f 3093/2472/2166 3092/2471/2165 3104/2483/2177 3105/2484/2178
f 3094/2473/2167 3093/2472/2166 3105/2484/2178 3106/2485/2179
f 3095/2474/2168 3094/2473/2167 3106/2485/2179 3107/2486/2180
f 3096/2475/2169 3095/2474/2168 3107/2486/2180 3108/2487/2181
f 3097/2476/2170 3096/2475/2169 3108/2487/2181 3109/2488/2182
f 3098/2477/2171 3097/2476/2170 3109/2488/2182 3110/2489/2183
f 3100/2478/2172 3099/2479/2173 3111/2491/2185 3112/2490/2184
f 3101/2480/2174 3100/2478/2172 3112/2490/2184 3113/2492/2186
f 3102/2481/2175 3101/2480/2174 3113/2492/2186 3114/2493/2187
f 3103/2482/2176 3102/2481/2175 3114/2493/2187 3115/2494/2188
f 3104/2483/2177 3103/2482/2176 3115/2494/2188 3116/2495/2189
f 3105/2484/2178 3104/2483/2177 3116/2495/2189 3117/2496/2190
f 3106/2485/2179 3105/2484/2178 3117/2496/2190 3118/2497/2191
f 3107/2486/2180 3106/2485/2179 3118/2497/2191 3119/2498/2192
f 3108/2487/2181 3107/2486/2180 3119/2498/2192 3120/2499/2193
f 3109/2488/2182 3108/2487/2181 3120/2499/2193 3121/2500/2194
f 3110/2489/2183 3109/2488/2182 3121/2500/2194 3122/2501/2195
f 3112/2490/2184 3111/2491/2185 3123/2503/136 3124/2502/135
f 3113/2492/2186 3112/2490/2184 3124/2502/135 3125/2504/2196
f 3114/2493/2187 3113/2492/2186 3125/2504/2196 3126/2505/2197
f 3115/2494/2188 3114/2493/2187 3126/2505/2197 3127/2506/2198
f 3116/2495/2189 3115/2494/2188 3127/2506/2198 3128/2507/2199
f 3117/2496/2190 3116/2495/2189 3128/2507/2199 3129/2508/2200
f 3118/2497/2191 3117/2496/2190 3129/2508/2200 3130/2509/2201
f 3119/2498/2192 3118/2497/2191 3130/2509/2201 3131/2510/2202
f 3120/2499/2193 3119/2498/2192 3131/2510/2202 3132/2511/2203
f 3121/2500/2194 3120/2499/2193 3132/2511/2203 3133/2512/145
f 3122/2501/2195 3121/2500/2194 3133/2512/145 3134/2513/146
f 3124/2502/135 3123/2503/136 3135/2515/2205 3136/2514/2204
f 3125/2504/2196 3124/2502/135 3136/2514/2204 3137/2516/2206
f 3126/2505/2197 3125/2504/2196 3137/2516/2206 3138/2517/2207
f 3127/2506/2198 3126/2505/2197 3138/2517/2207 3139/2518/2208
f 3128/2507/2199 3127/2506/2198 3139/2518/2208 3140/2519/2209
f 3129/2508/2200 3128/2507/2199 3140/2519/2209 3141/2520/2210
f 3130/2509/2201 3129/2508/2200 3141/2520/2210 3142/2521/2211
f 3131/2510/2202 3130/2509/2201 3142/2521/2211 3143/2522/2212
f 3132/2511/2203 3131/2510/2202 3143/2522/2212 3144/2523/2213
f 3133/2512/145 3132/2511/2203 3144/2523/2213 3145/2524/2214
f 3134/2513/146 3133/2512/145 3145/2524/2214 3146/2525/2215
f 3136/2514/2204 3135/2515/2205 3147/2527/2217 3148/2526/2216
f 3137/2516/2206 3136/2514/2204 3148/2526/2216 3149/2528/2218
f 3138/2517/2207 3137/2516/2206 3149/2528/2218 3150/2529/2219
f 3139/2518/2208 3138/2517/2207 3150/2529/2219 3151/2530/2220
f 3140/2519/2209 3139/2518/2208 3151/2530/2220 3152/2531/2221
f 3141/2520/2210 3140/2519/2209 3152/2531/2221 3153/2532/2222
f 3142/2521/2211 3141/2520/2210 3153/2532/2222 3154/2533/2223
f 3143/2522/2212 3142/2521/2211 3154/2533/2223 3155/2534/2224
f 3144/2523/2213 3143/2522/2212 3155/2534/2224 3156/2535/2225
f 3145/2524/2214 3144/2523/2213 3156/2535/2225 3157/2536/2226
f 3146/2525/2215 3145/2524/2214 3157/2536/2226 3158/2537/2227
f 3148/2526/2216 3147/2527/2217 3159/212/2229 3160/2538/2228
f 3149/2528/2218 3148/2526/2216 3160/2538/2228 3161/2539/2230
f 3150/2529/2219 3149/2528/2218 3161/2539/2230 3162/2540/2231
f 3151/2530/2220 3150/2529/2219 3162/2540/2231 3163/2541/2232
f 3152/2531/2221 3151/2530/2220 3163/2541/2232 3164/2542/2233
f 3153/2532/2222 3152/2531/2221 3164/2542/2233 3165/2543/2234
f 3154/2533/2223 3153/2532/2222 3165/2543/2234 3166/2544/2235
f 3155/2534/2224 3154/2533/2223 3166/2544/2235 3167/2545/2236
f 3156/2535/2225 3155/2534/2224 3167/2545/2236 3168/2546/2237
f 3157/2536/2226 3156/2535/2225 3168/2546/2237 3169/2547/2238
f 3158/2537/2227 3157/2536/2226 3169/2547/2238 3170/2548/2239
f 3160/2538/2228 3159/212/2229 3171/2550/2241 3172/2549/2240
f 3161/2539/2230 3160/2538/2228 3172/2549/2240 3173/2551/2242
f 3162/2540/2231 3161/2539/2230 3173/2551/2242 3174/2552/2243
f 3163/2541/2232 3162/2540/2231 3174/2552/2243 3175/2553/2244
f 3164/2542/2233 3163/2541/2232 3175/2553/2244 3176/2554/2245
f 3165/2543/2234 3164/2542/2233 3176/2554/2245 3177/2555/2246
f 3166/2544/2235 3165/2543/2234 3177/2555/2246 3178/2556/2247
f 3167/2545/2236 3166/2544/2235 3178/2556/2247 3179/2557/2248
f 3168/2546/2237 3167/2545/2236 3179/2557/2248 3180/2558/2249
f 3169/2547/2238 3168/2546/2237 3180/2558/2249 3181/2559/2250
f 3170/2548/2239 3169/2547/2238 3181/2559/2250 3182/2560/2251
f 3172/2549/2240 3171/2550/2241 3183/2562/2253 3184/2561/2252
f 3173/2551/2242 3172/2549/2240 3184/2561/2252 3185/2563/2254
f 3174/2552/2243 3173/2551/2242 3185/2563/2254 3186/2564/2255
f 3175/2553/2244 3174/2552/2243 3186/2564/2255 3187/2565/2256
f 3176/2554/2245 3175/2553/2244 3187/2565/2256 3188/2566/2257
f 3177/2555/2246 3176/2554/2245 3188/2566/2257 3189/2567/2258
f 3178/2556/2247 3177/2555/2246 3189/2567/2258 3190/2568/2259
f 3179/2557/2248 3178/2556/2247 3190/2568/2259 3191/2569/2260
f 3180/2558/2249 3179/2557/2248 3191/2569/2260 3192/2570/2261
f 3181/2559/2250 3180/2558/2249 3192/2570/2261 3193/2571/2262
f 3182/2560/2251 3181/2559/2250 3193/2571/2262 3194/2572/2263
f 3184/2561/2252 3183/2562/2253 3195/2574/2265 3196/2573/2264
f 3185/2563/2254 3184/2561/2252 3196/2573/2264 3197/2575/2266
f 3186/2564/2255 3185/2563/2254 3197/2575/2266 3198/2576/2267
f 3187/2565/2256 3186/2564/2255 3198/2576/2267 3199/2577/2268
f 3188/2566/2257 3187/2565/2256 3199/2577/2268 3200/2578/2269
f 3189/2567/2258 3188/2566/2257 3200/2578/2269 3201/2579/2270
f 3190/2568/2259 3189/2567/2258 3201/2579/2270 3202/2580/2271
f 3191/2569/2260 3190/2568/2259 3202/2580/2271 3203/2581/2272
f 3192/2570/2261 3191/2569/2260 3203/2581/2272 3204/2582/2273
f 3193/2571/2262 3192/2570/2261 3204/2582/2273 3205/2583/2274
f 3194/2572/2263 3193/2571/2262 3205/2583/2274 3206/2584/2275
f 3196/2573/2264 3195/2574/2265 3207/2586/2277 3208/2585/2276
f 3197/2575/2266 3196/2573/2264 3208/2585/2276 3209/2587/2278
f 3198/2576/2267 3197/2575/2266 3209/2587/2278 3210/2588/2279
f 3199/2577/2268 3198/2576/2267 3210/2588/2279 3211/2589/2280
f 3200/2578/2269 3199/2577/2268 3211/2589/2280 3212/2590/2281
f 3201/2579/2270 3200/2578/2269 3212/2590/2281 3213/2591/2282
f 3202/2580/2271 3201/2579/2270 3213/2591/2282 3214/2592/2283
f 3203/2581/2272 3202/2580/2271 3214/2592/2283 3215/2593/2284
f 3204/2582/2273 3203/2581/2272 3215/2593/2284 3216/2594/2285
f 3205/2583/2274 3204/2582/2273 3216/2594/2285 3217/2595/2286
f 3206/2584/2275 3205/2583/2274 3217/2595/2286 3218/2596/2287
f 3208/2585/2276 3207/2586/2277 3219/2598/2289 3220/2597/2288
f 3209/2587/2278 3208/2585/2276 3220/2597/2288 3221/2599/2290
f 3210/2588/2279 3209/2587/2278 3221/2599/2290 3222/2600/2291
f 3211/2589/2280 3210/2588/2279 3222/2600/2291 3223/2601/2292
f 3212/2590/2281 3211/2589/2280 3223/2601/2292 3224/2602/2293
f 3213/2591/2282 3212/2590/2281 3224/2602/2293 3225/2603/2294
f 3214/2592/2283 3213/2591/2282 3225/2603/2294 3226/2604/2295
f 3215/2593/2284 3214/2592/2283 3226/2604/2295 3227/2605/2296
f 3216/2594/2285 3215/2593/2284 3227/2605/2296 3228/2606/2297
f 3217/2595/2286 3216/2594/2285 3228/2606/2297 3229/2607/2298
f 3218/2596/2287 3217/2595/2286 3229/2607/2298 3230/2608/2299
f 3220/2597/2288 3219/2598/2289 3231/2610/2301 3232/2609/2300
f 3221/2599/2290 3220/2597/2288 3232/2609/2300 3233/2611/2302
f 3222/2600/2291 3221/2599/2290 3233/2611/2302 3234/2612/2303
f 3223/2601/2292 3222/2600/2291 3234/2612/2303 3235/2613/2304
f 3224/2602/2293 3223/2601/2292 3235/2613/2304 3236/2614/2305
f 3225/2603/2294 3224/2602/2293 3236/2614/2305 3237/2615/2306
f 3226/2604/2295 3225/2603/2294 3237/2615/2306 3238/2616/2307
f 3227/2605/2296 3226/2604/2295 3238/2616/2307 3239/2617/2308
f 3228/2606/2297 3227/2605/2296 3239/2617/2308 3240/2618/2309
f 3229/2607/2298 3228/2606/2297 3240/2618/2309 3241/2619/2310
f 3230/2608/2299 3229/2607/2298 3241/2619/2310 3242/2620/2311
f 3232/2609/2300 3231/2610/2301 3243/211/2313 3244/2621/2312
f 3233/2611/2302 3232/2609/2300 3244/2621/2312 3245/2622/2314
f 3234/2612/2303 3233/2611/2302 3245/2622/2314 3246/2623/2315
f 3235/2613/2304 3234/2612/2303 3246/2623/2315 3247/2624/2316
f 3236/2614/2305 3235/2613/2304 3247/2624/2316 3248/2625/2317
f 3237/2615/2306 3236/2614/2305 3248/2625/2317 3249/2626/2318
f 3238/2616/2307 3237/2615/2306 3249/2626/2318 3250/2627/2319
f 3239/2617/2308 3238/2616/2307 3250/2627/2319 3251/2628/2320
f 3240/2618/2309 3239/2617/2308 3251/2628/2320 3252/2629/2321
f 3241/2619/2310 3240/2618/2309 3252/2629/2321 3253/2630/2322
f 3242/2620/2311 3241/2619/2310 3253/2630/2322 3254/2631/2323
f 3244/2621/2312 3243/211/2313 3255/2633/2325 3256/2632/2324
f 3245/2622/2314 3244/2621/2312 3256/2632/2324 3257/2634/2326
f 3246/2623/2315 3245/2622/2314 3257/2634/2326 3258/2635/2327
f 3247/2624/2316 3246/2623/2315 3258/2635/2327 3259/2636/2328
f 3248/2625/2317 3247/2624/2316 3259/2636/2328 3260/2637/2329
f 3249/2626/2318 3248/2625/2317 3260/2637/2329 3261/2638/2330
f 3250/2627/2319 3249/2626/2318 3261/2638/2330 3262/2639/2331
f 3251/2628/2320 3250/2627/2319 3262/2639/2331 3263/2640/2332
f 3252/2629/2321 3251/2628/2320 3263/2640/2332 3264/2641/2333
f 3253/2630/2322 3252/2629/2321 3264/2641/2333 3265/2642/2334
f 3254/2631/2323 3253/2630/2322 3265/2642/2334 3266/2643/2335
f 3256/2632/2324 3255/2633/2325 3267/2645/280 3268/2644/279
f 3257/2634/2326 3256/2632/2324 3268/2644/279 3269/2646/2336
f 3258/2635/2327 3257/2634/2326 3269/2646/2336 3270/2647/2337
f 3259/2636/2328 3258/2635/2327 3270/2647/2337 3271/2648/2338
f 3260/2637/2329 3259/2636/2328 3271/2648/2338 3272/2649/2339
f 3261/2638/2330 3260/2637/2329 3272/2649/2339 3273/2650/2340
f 3262/2639/2331 3261/2638/2330 3273/2650/2340 3274/2651/2341
f 3263/2640/2332 3262/2639/2331 3274/2651/2341 3275/2652/2342
f 3264/2641/2333 3263/2640/2332 3275/2652/2342 3276/2653/2343
f 3265/2642/2334 3264/2641/2333 3276/2653/2343 3277/2654/289
f 3266/2643/2335 3265/2642/2334 3277/2654/289 3278/2655/290
f 3268/2644/279 3267/2645/280 3279/2657/2345 3280/2656/2344
f 3269/2646/2336 3268/2644/279 3280/2656/2344 3281/2658/2346
f 3270/2647/2337 3269/2646/2336 3281/2658/2346 3282/2659/2347
f 3271/2648/2338 3270/2647/2337 3282/2659/2347 3283/2660/2348
f 3272/2649/2339 3271/2648/2338 3283/2660/2348 3284/2661/2349
f 3273/2650/2340 3272/2649/2339 3284/2661/2349 3285/2662/2350
f 3274/2651/2341 3273/2650/2340 3285/2662/2350 3286/2663/2351
f 3275/2652/2342 3274/2651/2341 3286/2663/2351 3287/2664/2352
f 3276/2653/2343 3275/2652/2342 3287/2664/2352 3288/2665/2353
f 3277/2654/289 3276/2653/2343 3288/2665/2353 3289/2666/2354
f 3278/2655/290 3277/2654/289 3289/2666/2354 3290/2667/2355
f 3280/2656/2344 3279/2657/2345 3291/2669/2357 3292/2668/2356
f 3281/2658/2346 3280/2656/2344 3292/2668/2356 3293/2670/2358
f 3282/2659/2347 3281/2658/2346 3293/2670/2358 3294/2671/2359
f 3283/2660/2348 3282/2659/2347 3294/2671/2359 3295/2672/2360
f 3284/2661/2349 3283/2660/2348 3295/2672/2360 3296/2673/2361
f 3285/2662/2350 3284/2661/2349 3296/2673/2361 3297/2674/2362
f 3286/2663/2351 3285/2662/2350 3297/2674/2362 3298/2675/2363
f 3287/2664/2352 3286/2663/2351 3298/2675/2363 3299/2676/2364
f 3288/2665/2353 3287/2664/2352 3299/2676/2364 3300/2677/2365
f 3289/2666/2354 3288/2665/2353 3300/2677/2365 3301/2678/2366
f 3290/2667/2355 3289/2666/2354 3301/2678/2366 3302/2679/2367
f 3292/2668/2356 3291/2669/2357 3303/2681/2369 3304/2680/2368
f 3293/2670/2358 3292/2668/2356 3304/2680/2368 3305/2682/2370
f 3294/2671/2359 3293/2670/2358 3305/2682/2370 3306/2683/2371
f 3295/2672/2360 3294/2671/2359 3306/2683/2371 3307/2684/2372
f 3296/2673/2361 3295/2672/2360 3307/2684/2372 3308/2685/2373
f 3297/2674/2362 3296/2673/2361 3308/2685/2373 3309/2686/2374
f 3298/2675/2363 3297/2674/2362 3309/2686/2374 3310/2687/2375
f 3299/2676/2364 3298/2675/2363 3310/2687/2375 3311/2688/2376
f 3300/2677/2365 3299/2676/2364 3311/2688/2376 3312/2689/2377
f 3301/2678/2366 3300/2677/2365 3312/2689/2377 3313/2690/2378
f 3302/2679/2367 3301/2678/2366 3313/2690/2378 3314/2691/2379
f 3304/2680/2368 3303/2681/2369 3315/2693/2381 3316/2692/2380
f 3305/2682/2370 3304/2680/2368 3316/2692/2380 3317/2694/2382
f 3306/2683/2371 3305/2682/2370 3317/2694/2382 3318/2695/2383
f 3307/2684/2372 3306/2683/2371 3318/2695/2383 3319/2696/2384
f 3308/2685/2373 3307/2684/2372 3319/2696/2384 3320/2697/2385
f 3309/2686/2374 3308/2685/2373 3320/2697/2385 3321/2698/2386
f 3310/2687/2375 3309/2686/2374 3321/2698/2386 3322/2699/2387
f 3311/2688/2376 3310/2687/2375 3322/2699/2387 3323/2700/2388
f 3312/2689/2377 3311/2688/2376 3323/2700/2388 3324/2701/2389
f 3313/2690/2378 3312/2689/2377 3324/2701/2389 3325/2702/2390
f 3314/2691/2379 3313/2690/2378 3325/2702/2390 3326/2703/2391
f 3316/2692/2380 3315/2693/2381 3327/215/340 3328/2704/2392
f 3317/2694/2382 3316/2692/2380 3328/2704/2392 3329/2705/2393
f 3318/2695/2383 3317/2694/2382 3329/2705/2393 3330/2706/2394
f 3319/2696/2384 3318/2695/2383 3330/2706/2394 3331/2707/2395
f 3320/2697/2385 3319/2696/2384 3331/2707/2395 3332/2708/2396
f 3321/2698/2386 3320/2697/2385 3332/2708/2396 3333/2709/2397
f 3322/2699/2387 3321/2698/2386 3333/2709/2397 3334/2710/2398
f 3323/2700/2388 3322/2699/2387 3334/2710/2398 3335/2711/2399
f 3324/2701/2389 3323/2700/2388 3335/2711/2399 3336/2712/2400
f 3325/2702/2390 3324/2701/2389 3336/2712/2400 3337/2713/2401
f 3326/2703/2391 3325/2702/2390 3337/2713/2401 3338/2714/350
f 3328/2704/2392 3327/215/340 3339/2716/352 3340/2715/2402
f 3329/2705/2393 3328/2704/2392 3340/2715/2402 3341/2717/2403
f 3330/2706/2394 3329/2705/2393 3341/2717/2403 3342/2718/2404
f 3331/2707/2395 3330/2706/2394 3342/2718/2404 3343/2719/2405
f 3332/2708/2396 3331/2707/2395 3343/2719/2405 3344/2720/2406
f 3333/2709/2397 3332/2708/2396 3344/2720/2406 3345/2721/2407
f 3334/2710/2398 3333/2709/2397 3345/2721/2407 3346/2722/2408
f 3335/2711/2399 3334/2710/2398 3346/2722/2408 3347/2723/2409
f 3336/2712/2400 3335/2711/2399 3347/2723/2409 3348/2724/2410
f 3337/2713/2401 3336/2712/2400 3348/2724/2410 3349/2725/2411
f 3338/2714/350 3337/2713/2401 3349/2725/2411 3350/2726/362
f 3340/2715/2402 3339/2716/352 3351/2728/2413 3352/2727/2412
f 3341/2717/2403 3340/2715/2402 3352/2727/2412 3353/2729/2414
f 3342/2718/2404 3341/2717/2403 3353/2729/2414 3354/2730/2415
f 3343/2719/2405 3342/2718/2404 3354/2730/2415 3355/2731/2416
f 3344/2720/2406 3343/2719/2405 3355/2731/2416 3356/2732/2417
f 3345/2721/2407 3344/2720/2406 3356/2732/2417 3357/2733/2418
f 3346/2722/2408 3345/2721/2407 3357/2733/2418 3358/2734/2419
f 3347/2723/2409 3346/2722/2408 3358/2734/2419 3359/2735/2420
f 3348/2724/2410 3347/2723/2409 3359/2735/2420 3360/2736/2421
f 3349/2725/2411 3348/2724/2410 3360/2736/2421 3361/2737/2422
f 3350/2726/362 3349/2725/2411 3361/2737/2422 3362/2738/2423
f 3352/2727/2412 3351/2728/2413 3363/2740/2425 3364/2739/2424
f 3353/2729/2414 3352/2727/2412 3364/2739/2424 3365/2741/2426
f 3354/2730/2415 3353/2729/2414 3365/2741/2426 3366/2742/2427
f 3355/2731/2416 3354/2730/2415 3366/2742/2427 3367/2743/2428
f 3356/2732/2417 3355/2731/2416 3367/2743/2428 3368/2744/2429
f 3357/2733/2418 3356/2732/2417 3368/2744/2429 3369/2745/2430
f 3358/2734/2419 3357/2733/2418 3369/2745/2430 3370/2746/2431
f 3359/2735/2420 3358/2734/2419 3370/2746/2431 3371/2747/2432
f 3360/2736/2421 3359/2735/2420 3371/2747/2432 3372/2748/2433
f 3361/2737/2422 3360/2736/2421 3372/2748/2433 3373/2749/2434
f 3362/2738/2423 3361/2737/2422 3373/2749/2434 3374/2750/2435
f 3364/2739/2424 3363/2740/2425 3375/2752/2437 3376/2751/2436
f 3365/2741/2426 3364/2739/2424 3376/2751/2436 3377/2753/2438
f 3366/2742/2427 3365/2741/2426 3377/2753/2438 3378/2754/2439
f 3367/2743/2428 3366/2742/2427 3378/2754/2439 3379/2755/2440
f 3368/2744/2429 3367/2743/2428 3379/2755/2440 3380/2756/2441
f 3369/2745/2430 3368/2744/2429 3380/2756/2441 3381/2757/2442
f 3370/2746/2431 3369/2745/2430 3381/2757/2442 3382/2758/2443
f 3371/2747/2432 3370/2746/2431 3382/2758/2443 3383/2759/2444
f 3372/2748/2433 3371/2747/2432 3383/2759/2444 3384/2760/2445
f 3373/2749/2434 3372/2748/2433 3384/2760/2445 3385/2761/2446
f 3374/2750/2435 3373/2749/2434 3385/2761/2446 3386/2762/2447
f 3376/2751/2436 3375/2752/2437 3387/2764/2449 3388/2763/2448
f 3377/2753/2438 3376/2751/2436 3388/2763/2448 3389/2765/2450
f 3378/2754/2439 3377/2753/2438 3389/2765/2450 3390/2766/2451
f 3379/2755/2440 3378/2754/2439 3390/2766/2451 3391/2767/2452
f 3380/2756/2441 3379/2755/2440 3391/2767/2452 3392/2768/2453
f 3381/2757/2442 3380/2756/2441 3392/2768/2453 3393/2769/2454
f 3382/2758/2443 3381/2757/2442 3393/2769/2454 3394/2770/2455
f 3383/2759/2444 3382/2758/2443 3394/2770/2455 3395/2771/2456
f 3384/2760/2445 3383/2759/2444 3395/2771/2456 3396/2772/2457
f 3385/2761/2446 3384/2760/2445 3396/2772/2457 3397/2773/2458
f 3386/2762/2447 3385/2761/2446 3397/2773/2458 3398/2774/2459
f 3388/2763/2448 3387/2764/2449 3399/2776/2461 3400/2775/2460
f 3389/2765/2450 3388/2763/2448 3400/2775/2460 3401/2777/2462
f 3390/2766/2451 3389/2765/2450 3401/2777/2462 3402/2778/2463
f 3391/2767/2452 3390/2766/2451 3402/2778/2463 3403/2779/2464
f 3392/2768/2453 3391/2767/2452 3403/2779/2464 3404/2780/2465
f 3393/2769/2454 3392/2768/2453 3404/2780/2465 3405/2781/2466
f 3394/2770/2455 3393/2769/2454 3405/2781/2466 3406/2782/2467
f 3395/2771/2456 3394/2770/2455 3406/2782/2467 3407/2783/2468
f 3396/2772/2457 3395/2771/2456 3407/2783/2468 3408/2784/2469
f 3397/2773/2458 3396/2772/2457 3408/2784/2469 3409/2785/2470
f 3398/2774/2459 3397/2773/2458 3409/2785/2470 3410/2786/2471
f 3400/2775/2460 3399/2776/2461 3411/217/2473 3412/2787/2472
f 3401/2777/2462 3400/2775/2460 3412/2787/2472 3413/2788/2474
f 3402/2778/2463 3401/2777/2462 3413/2788/2474 3414/2789/2475
f 3403/2779/2464 3402/2778/2463 3414/2789/2475 3415/2790/2476
f 3404/2780/2465 3403/2779/2464 3415/2790/2476 3416/2791/2477
f 3405/2781/2466 3404/2780/2465 3416/2791/2477 3417/2792/2478
f 3406/2782/2467 3405/2781/2466 3417/2792/2478 3418/2793/2479
f 3407/2783/2468 3406/2782/2467 3418/2793/2479 3419/2794/2480
f 3408/2784/2469 3407/2783/2468 3419/2794/2480 3420/2795/2481
f 3409/2785/2470 3408/2784/2469 3420/2795/2481 3421/2796/2482
f 3410/2786/2471 3409/2785/2470 3421/2796/2482 3422/2797/2483
f 3412/2787/2472 3411/217/2473 3423/2799/2485 3424/2798/2484
f 3413/2788/2474 3412/2787/2472 3424/2798/2484 3425/2800/2486
f 3414/2789/2475 3413/2788/2474 3425/2800/2486 3426/2801/2487
f 3415/2790/2476 3414/2789/2475 3426/2801/2487 3427/2802/2488
f 3416/2791/2477 3415/2790/2476 3427/2802/2488 3428/2803/2489
f 3417/2792/2478 3416/2791/2477 3428/2803/2489 3429/2804/2490
f 3418/2793/2479 3417/2792/2478 3429/2804/2490 3430/2805/2491
f 3419/2794/2480 3418/2793/2479 3430/2805/2491 3431/2806/2492
f 3420/2795/2481 3419/2794/2480 3431/2806/2492 3432/2807/2493
f 3421/2796/2482 3420/2795/2481 3432/2807/2493 3433/2808/2494
f 3422/2797/2483 3421/2796/2482 3433/2808/2494 3434/2809/2495
f 3424/2798/2484 3423/2799/2485 3435/2811/2497 3436/2810/2496
f 3425/2800/2486 3424/2798/2484 3436/2810/2496 3437/2812/2498
f 3426/2801/2487 3425/2800/2486 3437/2812/2498 3438/2813/2499
f 3427/2802/2488 3426/2801/2487 3438/2813/2499 3439/2814/2500
f 3428/2803/2489 3427/2802/2488 3439/2814/2500 3440/2815/2501
f 3429/2804/2490 3428/2803/2489 3440/2815/2501 3441/2816/2502
f 3430/2805/2491 3429/2804/2490 3441/2816/2502 3442/2817/2503
f 3431/2806/2492 3430/2805/2491 3442/2817/2503 3443/2818/2504
f 3432/2807/2493 3431/2806/2492 3443/2818/2504 3444/2819/2505
f 3433/2808/2494 3432/2807/2493 3444/2819/2505 3445/2820/2506
f 3434/2809/2495 3433/2808/2494 3445/2820/2506 3446/2821/2507
f 3436/2810/2496 3435/2811/2497 3447/2823/2509 3448/2822/2508
f 3437/2812/2498 3436/2810/2496 3448/2822/2508 3449/2824/2510
f 3438/2813/2499 3437/2812/2498 3449/2824/2510 3450/2825/2511
f 3439/2814/2500 3438/2813/2499 3450/2825/2511 3451/2826/2512
f 3440/2815/2501 3439/2814/2500 3451/2826/2512 3452/2827/2513
f 3441/2816/2502 3440/2815/2501 3452/2827/2513 3453/2828/2514
f 3442/2817/2503 3441/2816/2502 3453/2828/2514 3454/2829/2515
f 3443/2818/2504 3442/2817/2503 3454/2829/2515 3455/2830/2516
f 3444/2819/2505 3443/2818/2504 3455/2830/2516 3456/2831/2517
f 3445/2820/2506 3444/2819/2505 3456/2831/2517 3457/2832/2518
f 3446/2821/2507 3445/2820/2506 3457/2832/2518 3458/2833/2519
f 3448/2822/2508 3447/2823/2509 3459/2835/2521 3460/2834/2520
f 3449/2824/2510 3448/2822/2508 3460/2834/2520 3461/2836/2522
f 3450/2825/2511 3449/2824/2510 3461/2836/2522 3462/2837/2523
f 3451/2826/2512 3450/2825/2511 3462/2837/2523 3463/2838/2524
f 3452/2827/2513 3451/2826/2512 3463/2838/2524 3464/2839/2525
f 3453/2828/2514 3452/2827/2513 3464/2839/2525 3465/2840/2526
f 3454/2829/2515 3453/2828/2514 3465/2840/2526 3466/2841/2527
f 3455/2830/2516 3454/2829/2515 3466/2841/2527 3467/2842/2528
f 3456/2831/2517 3455/2830/2516 3467/2842/2528 3468/2843/2529
f 3457/2832/2518 3456/2831/2517 3468/2843/2529 3469/2844/2530
f 3458/2833/2519 3457/2832/2518 3469/2844/2530 3470/2845/2531
f 3460/2834/2520 3459/2835/2521 3471/2847/2533 3472/2846/2532
f 3461/2836/2522 3460/2834/2520 3472/2846/2532 3473/2848/2534
f 3462/2837/2523 3461/2836/2522 3473/2848/2534 3474/2849/2535
f 3463/2838/2524 3462/2837/2523 3474/2849/2535 3475/2850/2536
f 3464/2839/2525 3463/2838/2524 3475/2850/2536 3476/2851/2537
f 3465/2840/2526 3464/2839/2525 3476/2851/2537 3477/2852/2538
f 3466/2841/2527 3465/2840/2526 3477/2852/2538 3478/2853/2539
f 3467/2842/2528 3466/2841/2527 3478/2853/2539 3479/2854/2540
f 3468/2843/2529 3467/2842/2528 3479/2854/2540 3480/2855/2541
f 3469/2844/2530 3468/2843/2529 3480/2855/2541 3481/2856/2542
f 3470/2845/2531 3469/2844/2530 3481/2856/2542 3482/2857/2543
f 3472/2846/2532 3471/2847/2533 3483/2859/496 3484/2858/495
f 3473/2848/2534 3472/2846/2532 3484/2858/495 3485/2860/2544
f 3474/2849/2535 3473/2848/2534 3485/2860/2544 3486/2861/2545
f 3475/2850/2536 3474/2849/2535 3486/2861/2545 3487/2862/2546
f 3476/2851/2537 3475/2850/2536 3487/2862/2546 3488/2863/2547
f 3477/2852/2538 3476/2851/2537 3488/2863/2547 3489/2864/2548
f 3478/2853/2539 3477/2852/2538 3489/2864/2548 3490/2865/2549
f 3479/2854/2540 3478/2853/2539 3490/2865/2549 3491/2866/2550
f 3480/2855/2541 3479/2854/2540 3491/2866/2550 3492/2867/2551
f 3481/2856/2542 3480/2855/2541 3492/2867/2551 3493/2868/505
f 3482/2857/2543 3481/2856/2542 3493/2868/505 3494/2869/506
f 3484/2858/495 3483/2859/496 3495/216/2553 3496/2870/2552
f 3485/2860/2544 3484/2858/495 3496/2870/2552 3497/2871/2554
f 3486/2861/2545 3485/2860/2544 3497/2871/2554 3498/2872/2555
f 3487/2862/2546 3486/2861/2545 3498/2872/2555 3499/2873/2556
f 3488/2863/2547 3487/2862/2546 3499/2873/2556 3500/2874/2557
f 3489/2864/2548 3488/2863/2547 3500/2874/2557 3501/2875/2558
f 3490/2865/2549 3489/2864/2548 3501/2875/2558 3502/2876/2559
f 3491/2866/2550 3490/2865/2549 3502/2876/2559 3503/2877/2560
f 3492/2867/2551 3491/2866/2550 3503/2877/2560 3504/2878/2561
f 3493/2868/505 3492/2867/2551 3504/2878/2561 3505/2879/2562
f 3494/2869/506 3493/2868/505 3505/2879/2562 3506/2880/2563
f 3496/2870/2552 3495/216/2553 3507/2882/2565 3508/2881/2564
f 3497/2871/2554 3496/2870/2552 3508/2881/2564 3509/2883/2566
f 3498/2872/2555 3497/2871/2554 3509/2883/2566 3510/2884/2567
f 3499/2873/2556 3498/2872/2555 3510/2884/2567 3511/2885/2568
f 3500/2874/2557 3499/2873/2556 3511/2885/2568 3512/2886/2569
f 3501/2875/2558 3500/2874/2557 3512/2886/2569 3513/2887/2570
f 3502/2876/2559 3501/2875/2558 3513/2887/2570 3514/2888/2571
f 3503/2877/2560 3502/2876/2559 3514/2888/2571 3515/2889/2572
f 3504/2878/2561 3503/2877/2560 3515/2889/2572 3516/2890/2573
f 3505/2879/2562 3504/2878/2561 3516/2890/2573 3517/2891/2574
f 3506/2880/2563 3505/2879/2562 3517/2891/2574 3518/2892/2575
f 3508/2881/2564 3507/2882/2565 3519/2894/2577 3520/2893/2576
f 3509/2883/2566 3508/2881/2564 3520/2893/2576 3521/2895/2578
f 3510/2884/2567 3509/2883/2566 3521/2895/2578 3522/2896/2579
f 3511/2885/2568 3510/2884/2567 3522/2896/2579 3523/2897/2580
f 3512/2886/2569 3511/2885/2568 3523/2897/2580 3524/2898/2581
f 3513/2887/2570 3512/2886/2569 3524/2898/2581 3525/2899/2582
f 3514/2888/2571 3513/2887/2570 3525/2899/2582 3526/2900/2583
f 3515/2889/2572 3514/2888/2571 3526/2900/2583 3527/2901/2584
f 3516/2890/2573 3515/2889/2572 3527/2901/2584 3528/2902/2585
f 3517/2891/2574 3516/2890/2573 3528/2902/2585 3529/2903/2586
f 3518/2892/2575 3517/2891/2574 3529/2903/2586 3530/2904/2587
f 3520/2893/2576 3519/2894/2577 3531/2906/2589 3532/2905/2588
f 3521/2895/2578 3520/2893/2576 3532/2905/2588 3533/2907/2590
f 3522/2896/2579 3521/2895/2578 3533/2907/2590 3534/2908/2591
f 3523/2897/2580 3522/2896/2579 3534/2908/2591 3535/2909/2592
f 3524/2898/2581 3523/2897/2580 3535/2909/2592 3536/2910/2593
f 3525/2899/2582 3524/2898/2581 3536/2910/2593 3537/2911/2594
f 3526/2900/2583 3525/2899/2582 3537/2911/2594 3538/2912/2595
f 3527/2901/2584 3526/2900/2583 3538/2912/2595 3539/2913/2596
f 3528/2902/2585 3527/2901/2584 3539/2913/2596 3540/2914/2597
f 3529/2903/2586 3528/2902/2585 3540/2914/2597 3541/2915/2598
f 3530/2904/2587 3529/2903/2586 3541/2915/2598 3542/2916/2599
f 3532/2905/2588 3531/2906/2589 3543/2918/2601 3544/2917/2600
f 3533/2907/2590 3532/2905/2588 3544/2917/2600 3545/2919/2602
f 3534/2908/2591 3533/2907/2590 3545/2919/2602 3546/2920/2603
f 3535/2909/2592 3534/2908/2591 3546/2920/2603 3547/2921/2604
f 3536/2910/2593 3535/2909/2592 3547/2921/2604 3548/2922/2605
f 3537/2911/2594 3536/2910/2593 3548/2922/2605 3549/2923/2606
f 3538/2912/2595 3537/2911/2594 3549/2923/2606 3550/2924/2607
f 3539/2913/2596 3538/2912/2595 3550/2924/2607 3551/2925/2608
f 3540/2914/2597 3539/2913/2596 3551/2925/2608 3552/2926/2609
f 3541/2915/2598 3540/2914/2597 3552/2926/2609 3553/2927/2610
f 3542/2916/2599 3541/2915/2598 3553/2927/2610 3554/2928/2611
f 3544/2917/2600 3543/2918/2601 3555/2930/568 3556/2929/2612
f 3545/2919/2602 3544/2917/2600 3556/2929/2612 3557/2931/2613
f 3546/2920/2603 3545/2919/2602 3557/2931/2613 3558/2932/2614
f 3547/2921/2604 3546/2920/2603 3558/2932/2614 3559/2933/2615
f 3548/2922/2605 3547/2921/2604 3559/2933/2615 3560/2934/2616
f 3549/2923/2606 3548/2922/2605 3560/2934/2616 3561/2935/2617
f 3550/2924/2607 3549/2923/2606 3561/2935/2617 3562/2936/2618
f 3551/2925/2608 3550/2924/2607 3562/2936/2618 3563/2937/2619
f 3552/2926/2609 3551/2925/2608 3563/2937/2619 3564/2938/2620
f 3553/2927/2610 3552/2926/2609 3564/2938/2620 3565/2939/2621
f 3554/2928/2611 3553/2927/2610 3565/2939/2621 3566/2940/578
f 3556/2929/2612 3555/2930/568 3567/2942/2623 3568/2941/2622
f 3557/2931/2613 3556/2929/2612 3568/2941/2622 3569/2943/2624
f 3558/2932/2614 3557/2931/2613 3569/2943/2624 3570/2944/2625
f 3559/2933/2615 3558/2932/2614 3570/2944/2625 3571/2945/2626
f 3560/2934/2616 3559/2933/2615 3571/2945/2626 3572/2946/2627
f 3561/2935/2617 3560/2934/2616 3572/2946/2627 3573/2947/2628
f 3562/2936/2618 3561/2935/2617 3573/2947/2628 3574/2948/2629
f 3563/2937/2619 3562/2936/2618 3574/2948/2629 3575/2949/2630
f 3564/2938/2620 3563/2937/2619 3575/2949/2630 3576/2950/2631
f 3565/2939/2621 3564/2938/2620 3576/2950/2631 3577/2951/2632
f 3566/2940/578 3565/2939/2621 3577/2951/2632 3578/2952/2633
f 3568/2941/2622 3567/2942/2623 2403/14/1495 2404/1542/1492
f 3569/2943/2624 3568/2941/2622 2404/1542/1492 2405/1543/1496
f 3570/2944/2625 3569/2943/2624 2405/1543/1496 2406/1544/1498
f 3571/2945/2626 3570/2944/2625 2406/1544/1498 2407/1545/1500
f 3572/2946/2627 3571/2945/2626 2407/1545/1500 2408/1546/1502
f 3573/2947/2628 3572/2946/2627 2408/1546/1502 2409/1547/1504
f 3574/2948/2629 3573/2947/2628 2409/1547/1504 2410/1548/1506
f 3575/2949/2630 3574/2948/2629 2410/1548/1506 2411/1549/1508
f 3576/2950/2631 3575/2949/2630 2411/1549/1508 2412/1550/1510
f 3577/2951/2632 3576/2950/2631 2412/1550/1510 2413/1551/1512
f 3578/2952/2633 3577/2951/2632 2413/1551/1512 2414/1552/1514
f 3580/322/1199 3579/5/1200 3591/526/1423 3592/525/1422
f 3581/325/1201 3580/322/1199 3592/525/1422 3593/527/1424
f 3582/327/1202 3581/325/1201 3593/527/1424 3594/528/1425
f 3583/329/1203 3582/327/1202 3594/528/1425 3595/529/1426
f 3584/331/1204 3583/329/1203 3595/529/1426 3596/530/1427
f 3585/333/1205 3584/331/1204 3596/530/1427 3597/531/1428
f 3586/335/1206 3585/333/1205 3597/531/1428 3598/532/1429
f 3587/337/1207 3586/335/1206 3598/532/1429 3599/533/1430
f 3588/339/1208 3587/337/1207 3599/533/1430 3600/534/1431
f 3589/341/1209 3588/339/1208 3600/534/1431 3601/535/1432
f 3590/343/1210 3589/341/1209 3601/535/1432 3602/536/1433
f 3592/525/1422 3591/526/1423 3603/74/1166 3604/729/1177
f 3593/527/1424 3592/525/1422 3604/729/1177 3605/730/1178
f 3594/528/1425 3593/527/1424 3605/730/1178 3606/731/1179
f 3595/529/1426 3594/528/1425 3606/731/1179 3607/732/1180
f 3596/530/1427 3595/529/1426 3607/732/1180 3608/733/1181
f 3597/531/1428 3596/530/1427 3608/733/1181 3609/734/1182
f 3598/532/1429 3597/531/1428 3609/734/1182 3610/735/1183
f 3599/533/1430 3598/532/1429 3610/735/1183 3611/736/1184
f 3600/534/1431 3599/533/1430 3611/736/1184 3612/737/1185
f 3601/535/1432 3600/534/1431 3612/737/1185 3613/738/1186
f 3602/536/1433 3601/535/1432 3613/738/1186 3614/739/1176
f 3604/729/1177 3603/74/1166 3615/97/1188 3616/932/1187
f 3605/730/1178 3604/729/1177 3616/932/1187 3617/933/1189
f 3606/731/1179 3605/730/1178 3617/933/1189 3618/934/1190
f 3607/732/1180 3606/731/1179 3618/934/1190 3619/935/1191
f 3608/733/1181 3607/732/1180 3619/935/1191 3620/936/1192
f 3609/734/1182 3608/733/1181 3620/936/1192 3621/937/1193
f 3610/735/1183 3609/734/1182 3621/937/1193 3622/938/1194
f 3611/736/1184 3610/735/1183 3622/938/1194 3623/939/1195
f 3612/737/1185 3611/736/1184 3623/939/1195 3624/940/1196
f 3613/738/1186 3612/737/1185 3624/940/1196 3625/941/1197
f 3614/739/1176 3613/738/1186 3625/941/1197 3626/942/1198
f 3616/932/1187 3615/97/1188 3627/50/1200 3628/1135/1199
f 3617/933/1189 3616/932/1187 3628/1135/1199 3629/1136/1201
f 3618/934/1190 3617/933/1189 3629/1136/1201 3630/1137/1202
f 3619/935/1191 3618/934/1190 3630/1137/1202 3631/1138/1203
f 3620/936/1192 3619/935/1191 3631/1138/1203 3632/1139/1204
f 3621/937/1193 3620/936/1192 3632/1139/1204 3633/1140/1205
f 3622/938/1194 3621/937/1193 3633/1140/1205 3634/1141/1206
f 3623/939/1195 3622/938/1194 3634/1141/1206 3635/1142/1207
f 3624/940/1196 3623/939/1195 3635/1142/1207 3636/1143/1208
f 3625/941/1197 3624/940/1196 3636/1143/1208 3637/1144/1209
f 3626/942/1198 3625/941/1197 3637/1144/1209 3638/1145/1210
f 3628/1135/1199 3627/50/1200 3639/1339/1200 3640/1338/1471
f 3629/1136/1201 3628/1135/1199 3640/1338/1471 3641/1340/1473
f 3630/1137/1202 3629/1136/1201 3641/1340/1473 3642/1341/1475
f 3631/1138/1203 3630/1137/1202 3642/1341/1475 3643/1342/1477
f 3632/1139/1204 3631/1138/1203 3643/1342/1477 3644/1343/2634
f 3633/1140/1205 3632/1139/1204 3644/1343/2634 3645/1344/2635
f 3634/1141/1206 3633/1140/1205 3645/1344/2635 3646/1345/1483
f 3635/1142/1207 3634/1141/1206 3646/1345/1483 3647/1346/1485
f 3636/1143/1208 3635/1142/1207 3647/1346/1485 3648/1347/1487
f 3637/1144/1209 3636/1143/1208 3648/1347/1487 3649/1348/1489
f 3638/1145/1210 3637/1144/1209 3649/1348/1489 3650/1349/1210
f 3640/1338/1471 3639/1339/1200 3579/14/1200 3580/1542/1199
f 3641/1340/1473 3640/1338/1471 3580/1542/1199 3581/1543/1201
f 3642/1341/1475 3641/1340/1473 3581/1543/1201 3582/1544/1202
f 3643/1342/1477 3642/1341/1475 3582/1544/1202 3583/1545/1203
f 3644/1343/2634 3643/1342/1477 3583/1545/1203 3584/1546/1204
f 3645/1344/2635 3644/1343/2634 3584/1546/1204 3585/1547/1205
f 3646/1345/1483 3645/1344/2635 3585/1547/1205 3586/1548/1206
f 3647/1346/1485 3646/1345/1483 3586/1548/1206 3587/1549/1207
f 3648/1347/1487 3647/1346/1485 3587/1549/1207 3588/1550/1208
f 3649/1348/1489 3648/1347/1487 3588/1550/1208 3589/1551/1209
f 3650/1349/1210 3649/1348/1489 3589/1551/1209 3590/1552/1210
f 3652/322/1470 3651/5/1423 3663/1766/1200 3664/1765/1471
f 3653/325/1472 3652/322/1470 3664/1765/1471 3665/1767/1473
f 3654/327/1474 3653/325/1472 3665/1767/1473 3666/1768/1475
f 3655/329/1476 3654/327/1474 3666/1768/1475 3667/1769/1477
f 3656/331/1478 3655/329/1476 3667/1769/1477 3668/1770/2634
f 3657/333/1480 3656/331/1478 3668/1770/2634 3669/1771/2635
f 3658/335/1482 3657/333/1480 3669/1771/2635 3670/1772/1483
f 3659/337/1484 3658/335/1482 3670/1772/1483 3671/1773/1485
f 3660/339/1486 3659/337/1484 3671/1773/1485 3672/1774/1487
f 3661/341/1488 3660/339/1486 3672/1774/1487 3673/1775/1489
f 3662/343/1433 3661/341/1488 3673/1775/1489 3674/1776/1210
f 3664/1765/1471 3663/1766/1200 3675/526/1200 3676/525/1199
f 3665/1767/1473 3664/1765/1471 3676/525/1199 3677/527/1201
f 3666/1768/1475 3665/1767/1473 3677/527/1201 3678/528/1202
f 3667/1769/1477 3666/1768/1475 3678/528/1202 3679/529/1203
f 3668/1770/2634 3667/1769/1477 3679/529/1203 3680/530/1204
f 3669/1771/2635 3668/1770/2634 3680/530/1204 3681/531/1205
f 3670/1772/1483 3669/1771/2635 3681/531/1205 3682/532/1206
f 3671/1773/1485 3670/1772/1483 3682/532/1206 3683/533/1207
f 3672/1774/1487 3671/1773/1485 3683/533/1207 3684/534/1208
f 3673/1775/1489 3672/1774/1487 3684/534/1208 3685/535/1209
f 3674/1776/1210 3673/1775/1489 3685/535/1209 3686/536/1210
f 3676/525/1199 3675/526/1200 3687/1566/1423 3688/1565/1422
f 3677/527/1201 3676/525/1199 3688/1565/1422 3689/1567/1424
f 3678/528/1202 3677/527/1201 3689/1567/1424 3690/1568/1425
f 3679/529/1203 3678/528/1202 3690/1568/1425 3691/1569/1426
f 3680/530/1204 3679/529/1203 3691/1569/1426 3692/1570/1427
f 3681/531/1205 3680/530/1204 3692/1570/1427 3693/1571/1428
f 3682/532/1206 3681/531/1205 3693/1571/1428 3694/1572/1429
f 3683/533/1207 3682/532/1206 3694/1572/1429 3695/1573/1430
f 3684/534/1208 3683/533/1207 3695/1573/1430 3696/1574/1431
f 3685/535/1209 3684/534/1208 3696/1574/1431 3697/1575/1432
f 3686/536/1210 3685/535/1209 3697/1575/1432 3698/1576/1433
f 3688/1565/1422 3687/1566/1423 3699/74/1423 3700/729/1470
f 3689/1567/1424 3688/1565/1422 3700/729/1470 3701/730/1472
f 3690/1568/1425 3689/1567/1424 3701/730/1472 3702/731/1474
f 3691/1569/1426 3690/1568/1425 3702/731/1474 3703/732/1476
f 3692/1570/1427 3691/1569/1426 3703/732/1476 3704/733/1478
f 3693/1571/1428 3692/1570/1427 3704/733/1478 3705/734/1480
f 3694/1572/1429 3693/1571/1428 3705/734/1480 3706/735/1482
f 3695/1573/1430 3694/1572/1429 3706/735/1482 3707/736/1484
f 3696/1574/1431 3695/1573/1430 3707/736/1484 3708/737/1486
f 3697/1575/1432 3696/1574/1431 3708/737/1486 3709/738/1488
f 3698/1576/1433 3697/1575/1432 3709/738/1488 3710/739/1433
f 3700/729/1470 3699/74/1423 3711/1778/1200 3712/1777/1471
f 3701/730/1472 3700/729/1470 3712/1777/1471 3713/1779/1473
f 3702/731/1474 3701/730/1472 3713/1779/1473 3714/1780/1475
f 3703/732/1476 3702/731/1474 3714/1780/1475 3715/1781/1477
f 3704/733/1478 3703/732/1476 3715/1781/1477 3716/1782/1479
f 3705/734/1480 3704/733/1478 3716/1782/1479 3717/1783/1481
f 3706/735/1482 3705/734/1480 3717/1783/1481 3718/1784/1483
f 3707/736/1484 3706/735/1482 3718/1784/1483 3719/1785/1485
f 3708/737/1486 3707/736/1484 3719/1785/1485 3720/1786/1487
f 3709/738/1488 3708/737/1486 3720/1786/1487 3721/1787/1489
f 3710/739/1433 3709/738/1488 3721/1787/1489 3722/1788/1210
f 3712/1777/1471 3711/1778/1200 3723/97/1200 3724/932/1199
f 3713/1779/1473 3712/1777/1471 3724/932/1199 3725/933/1201
f 3714/1780/1475 3713/1779/1473 3725/933/1201 3726/934/1202
f 3715/1781/1477 3714/1780/1475 3726/934/1202 3727/935/1203
f 3716/1782/1479 3715/1781/1477 3727/935/1203 3728/936/1204
f 3717/1783/1481 3716/1782/1479 3728/936/1204 3729/937/1205
f 3718/1784/1483 3717/1783/1481 3729/937/1205 3730/938/1206
f 3719/1785/1485 3718/1784/1483 3730/938/1206 3731/939/1207
f 3720/1786/1487 3719/1785/1485 3731/939/1207 3732/940/1208
f 3721/1787/1489 3720/1786/1487 3732/940/1208 3733/941/1209
f 3722/1788/1210 3721/1787/1489 3733/941/1209 3734/942/1210
f 3724/932/1199 3723/97/1200 3735/1790/1423 3736/1789/1422
f 3725/933/1201 3724/932/1199 3736/1789/1422 3737/1791/1424
f 3726/934/1202 3725/933/1201 3737/1791/1424 3738/1792/1425
f 3727/935/1203 3726/934/1202 3738/1792/1425 3739/1793/1426
f 3728/936/1204 3727/935/1203 3739/1793/1426 3740/1794/1427
f 3729/937/1205 3728/936/1204 3740/1794/1427 3741/1795/1428
f 3730/938/1206 3729/937/1205 3741/1795/1428 3742/1796/1429
f 3731/939/1207 3730/938/1206 3742/1796/1429 3743/1797/1430
f 3732/940/1208 3731/939/1207 3743/1797/1430 3744/1798/1431
f 3733/941/1209 3732/940/1208 3744/1798/1431 3745/1799/1432
f 3734/942/1210 3733/941/1209 3745/1799/1432 3746/1800/1433
f 3736/1789/1422 3735/1790/1423 3747/50/1166 3748/1135/1177
f 3737/1791/1424 3736/1789/1422 3748/1135/1177 3749/1136/1178
f 3738/1792/1425 3737/1791/1424 3749/1136/1178 3750/1137/1179
f 3739/1793/1426 3738/1792/1425 3750/1137/1179 3751/1138/1180
f 3740/1794/1427 3739/1793/1426 3751/1138/1180 3752/1139/1181
f 3741/1795/1428 3740/1794/1427 3752/1139/1181 3753/1140/1182
f 3742/1796/1429 3741/1795/1428 3753/1140/1182 3754/1141/1183
f 3743/1797/1430 3742/1796/1429 3754/1141/1183 3755/1142/1184
f 3744/1798/1431 3743/1797/1430 3755/1142/1184 3756/1143/1185
f 3745/1799/1432 3744/1798/1431 3756/1143/1185 3757/1144/1186
f 3746/1800/1433 3745/1799/1432 3757/1144/1186 3758/1145/1176
f 3748/1135/1177 3747/50/1166 3759/1602/1188 3760/1601/1187
f 3749/1136/1178 3748/1135/1177 3760/1601/1187 3761/1603/1189
f 3750/1137/1179 3749/1136/1178 3761/1603/1189 3762/1604/1190
f 3751/1138/1180 3750/1137/1179 3762/1604/1190 3763/1605/1191
f 3752/1139/1181 3751/1138/1180 3763/1605/1191 3764/1606/1192
f 3753/1140/1182 3752/1139/1181 3764/1606/1192 3765/1607/1193
f 3754/1141/1183 3753/1140/1182 3765/1607/1193 3766/1608/1194
f 3755/1142/1184 3754/1141/1183 3766/1608/1194 3767/1609/1195
f 3756/1143/1185 3755/1142/1184 3767/1609/1195 3768/1610/1196
f 3757/1144/1186 3756/1143/1185 3768/1610/1196 3769/1611/1197
f 3758/1145/1176 3757/1144/1186 3769/1611/1197 3770/1612/1198
f 3760/1601/1187 3759/1602/1188 3771/1339/1200 3772/1338/1199
f 3761/1603/1189 3760/1601/1187 3772/1338/1199 3773/1340/1201
f 3762/1604/1190 3761/1603/1189 3773/1340/1201 3774/1341/1202
f 3763/1605/1191 3762/1604/1190 3774/1341/1202 3775/1342/1203
f 3764/1606/1192 3763/1605/1191 3775/1342/1203 3776/1343/1204
f 3765/1607/1193 3764/1606/1192 3776/1343/1204 3777/1344/1205
f 3766/1608/1194 3765/1607/1193 3777/1344/1205 3778/1345/1206
f 3767/1609/1195 3766/1608/1194 3778/1345/1206 3779/1346/1207
f 3768/1610/1196 3767/1609/1195 3779/1346/1207 3780/1347/1208
f 3769/1611/1197 3768/1610/1196 3780/1347/1208 3781/1348/1209
f 3770/1612/1198 3769/1611/1197 3781/1348/1209 3782/1349/1210
f 3772/1338/1199 3771/1339/1200 3783/1802/1423 3784/1801/1422
f 3773/1340/1201 3772/1338/1199 3784/1801/1422 3785/1803/1424
f 3774/1341/1202 3773/1340/1201 3785/1803/1424 3786/1804/1425
f 3775/1342/1203 3774/1341/1202 3786/1804/1425 3787/1805/1426
f 3776/1343/1204 3775/1342/1203 3787/1805/1426 3788/1806/1427
f 3777/1344/1205 3776/1343/1204 3788/1806/1427 3789/1807/1428
f 3778/1345/1206 3777/1344/1205 3789/1807/1428 3790/1808/1429
f 3779/1346/1207 3778/1345/1206 3790/1808/1429 3791/1809/1430
f 3780/1347/1208 3779/1346/1207 3791/1809/1430 3792/1810/1431
f 3781/1348/1209 3780/1347/1208 3792/1810/1431 3793/1811/1432
f 3782/1349/1210 3781/1348/1209 3793/1811/1432 3794/1812/1433
f 3784/1801/1422 3783/1802/1423 3651/14/1423 3652/1542/1470
f 3785/1803/1424 3784/1801/1422 3652/1542/1470 3653/1543/1472
f 3786/1804/1425 3785/1803/1424 3653/1543/1472 3654/1544/1474
f 3787/1805/1426 3786/1804/1425 3654/1544/1474 3655/1545/1476
f 3788/1806/1427 3787/1805/1426 3655/1545/1476 3656/1546/1478
f 3789/1807/1428 3788/1806/1427 3656/1546/1478 3657/1547/1480
f 3790/1808/1429 3789/1807/1428 3657/1547/1480 3658/1548/1482
f 3791/1809/1430 3790/1808/1429 3658/1548/1482 3659/1549/1484
f 3792/1810/1431 3791/1809/1430 3659/1549/1484 3660/1550/1486
f 3793/1811/1432 3792/1810/1431 3660/1550/1486 3661/1551/1488
f 3794/1812/1433 3793/1811/1432 3661/1551/1488 3662/1552/1433
f 3796/322/1223 3795/5/1225 3807/1554/1225 3808/1553/1224
f 3797/325/1226 3796/322/1223 3808/1553/1224 3809/1555/1227
f 3798/327/1228 3797/325/1226 3809/1555/1227 3810/1556/1229
f 3799/329/1230 3798/327/1228 3810/1556/1229 3811/1557/1231
f 3800/331/2636 3799/329/1230 3811/1557/1231 3812/1558/2637
f 3801/333/2638 3800/331/2636 3812/1558/2637 3813/1559/2639
f 3802/335/1236 3801/333/2638 3813/1559/2639 3814/1560/1237
f 3803/337/1238 3802/335/1236 3814/1560/1237 3815/1561/1239
f 3804/339/1240 3803/337/1238 3815/1561/1239 3816/1562/1241
f 3805/341/1242 3804/339/1240 3816/1562/1241 3817/1563/1243
f 3806/343/1244 3805/341/1242 3817/1563/1243 3818/1564/1244
f 3808/1553/1224 3807/1554/1225 3819/1566/1246 3820/1565/1245
f 3809/1555/1227 3808/1553/1224 3820/1565/1245 3821/1567/1247
f 3810/1556/1229 3809/1555/1227 3821/1567/1247 3822/1568/1248
f 3811/1557/1231 3810/1556/1229 3822/1568/1248 3823/1569/1249
f 3812/1558/2637 3811/1557/1231 3823/1569/1249 3824/1570/1250
f 3813/1559/2639 3812/1558/2637 3824/1570/1250 3825/1571/1251
f 3814/1560/1237 3813/1559/2639 3825/1571/1251 3826/1572/1252
f 3815/1561/1239 3814/1560/1237 3826/1572/1252 3827/1573/1253
f 3816/1562/1241 3815/1561/1239 3827/1573/1253 3828/1574/1254
f 3817/1563/1243 3816/1562/1241 3828/1574/1254 3829/1575/1255
f 3818/1564/1244 3817/1563/1243 3829/1575/1255 3830/1576/1256
f 3820/1565/1245 3819/1566/1246 3831/1578/1246 3832/1577/1257
f 3821/1567/1247 3820/1565/1245 3832/1577/1257 3833/1579/1258
f 3822/1568/1248 3821/1567/1247 3833/1579/1258 3834/1580/1259
f 3823/1569/1249 3822/1568/1248 3834/1580/1259 3835/1581/1260
f 3824/1570/1250 3823/1569/1249 3835/1581/1260 3836/1582/1261
f 3825/1571/1251 3824/1570/1250 3836/1582/1261 3837/1583/1262
f 3826/1572/1252 3825/1571/1251 3837/1583/1262 3838/1584/1263
f 3827/1573/1253 3826/1572/1252 3838/1584/1263 3839/1585/1264
f 3828/1574/1254 3827/1573/1253 3839/1585/1264 3840/1586/1265
f 3829/1575/1255 3828/1574/1254 3840/1586/1265 3841/1587/1266
f 3830/1576/1256 3829/1575/1255 3841/1587/1266 3842/1588/1256
f 3832/1577/1257 3831/1578/1246 3843/97/1268 3844/932/1267
f 3833/1579/1258 3832/1577/1257 3844/932/1267 3845/933/1269
f 3834/1580/1259 3833/1579/1258 3845/933/1269 3846/934/1270
f 3835/1581/1260 3834/1580/1259 3846/934/1270 3847/935/1271
f 3836/1582/1261 3835/1581/1260 3847/935/1271 3848/936/1272
f 3837/1583/1262 3836/1582/1261 3848/936/1272 3849/937/1273
f 3838/1584/1263 3837/1583/1262 3849/937/1273 3850/938/1274
f 3839/1585/1264 3838/1584/1263 3850/938/1274 3851/939/1275
f 3840/1586/1265 3839/1585/1264 3851/939/1275 3852/940/1276
f 3841/1587/1266 3840/1586/1265 3852/940/1276 3853/941/1277
f 3842/1588/1256 3841/1587/1266 3853/941/1277 3854/942/1278
f 3844/932/1267 3843/97/1268 3855/1590/1280 3856/1589/1279
f 3845/933/1269 3844/932/1267 3856/1589/1279 3857/1591/1281
f 3846/934/1270 3845/933/1269 3857/1591/1281 3858/1592/1282
f 3847/935/1271 3846/934/1270 3858/1592/1282 3859/1593/1283
f 3848/936/1272 3847/935/1271 3859/1593/1283 3860/1594/1284
f 3849/937/1273 3848/936/1272 3860/1594/1284 3861/1595/1285
f 3850/938/1274 3849/937/1273 3861/1595/1285 3862/1596/1286
f 3851/939/1275 3850/938/1274 3862/1596/1286 3863/1597/1287
f 3852/940/1276 3851/939/1275 3863/1597/1287 3864/1598/1288
f 3853/941/1277 3852/940/1276 3864/1598/1288 3865/1599/1289
f 3854/942/1278 3853/941/1277 3865/1599/1289 3866/1600/1290
f 3856/1589/1279 3855/1590/1280 3867/1602/1292 3868/1601/1291
f 3857/1591/1281 3856/1589/1279 3868/1601/1291 3869/1603/1293
f 3858/1592/1282 3857/1591/1281 3869/1603/1293 3870/1604/1294
f 3859/1593/1283 3858/1592/1282 3870/1604/1294 3871/1605/1295
f 3860/1594/1284 3859/1593/1283 3871/1605/1295 3872/1606/1296
f 3861/1595/1285 3860/1594/1284 3872/1606/1296 3873/1607/1297
f 3862/1596/1286 3861/1595/1285 3873/1607/1297 3874/1608/1298
f 3863/1597/1287 3862/1596/1286 3874/1608/1298 3875/1609/1299
f 3864/1598/1288 3863/1597/1287 3875/1609/1299 3876/1610/1300
f 3865/1599/1289 3864/1598/1288 3876/1610/1300 3877/1611/1301
f 3866/1600/1290 3865/1599/1289 3877/1611/1301 3878/1612/1302
f 3868/1601/1291 3867/1602/1292 3879/1614/1304 3880/1613/1303
f 3869/1603/1293 3868/1601/1291 3880/1613/1303 3881/1615/1305
f 3870/1604/1294 3869/1603/1293 3881/1615/1305 3882/1616/1306
f 3871/1605/1295 3870/1604/1294 3882/1616/1306 3883/1617/1307
f 3872/1606/1296 3871/1605/1295 3883/1617/1307 3884/1618/1308
f 3873/1607/1297 3872/1606/1296 3884/1618/1308 3885/1619/1309
f 3874/1608/1298 3873/1607/1297 3885/1619/1309 3886/1620/1310
f 3875/1609/1299 3874/1608/1298 3886/1620/1310 3887/1621/1311
f 3876/1610/1300 3875/1609/1299 3887/1621/1311 3888/1622/1312
f 3877/1611/1301 3876/1610/1300 3888/1622/1312 3889/1623/1313
f 3878/1612/1302 3877/1611/1301 3889/1623/1313 3890/1624/1314
f 3880/1613/1303 3879/1614/1304 3795/14/1225 3796/1542/1223
f 3881/1615/1305 3880/1613/1303 3796/1542/1223 3797/1543/1226
f 3882/1616/1306 3881/1615/1305 3797/1543/1226 3798/1544/1228
f 3883/1617/1307 3882/1616/1306 3798/1544/1228 3799/1545/1230
f 3884/1618/1308 3883/1617/1307 3799/1545/1230 3800/1546/2636
f 3885/1619/1309 3884/1618/1308 3800/1546/2636 3801/1547/2638
f 3886/1620/1310 3885/1619/1309 3801/1547/2638 3802/1548/1236
f 3887/1621/1311 3886/1620/1310 3802/1548/1236 3803/1549/1238
f 3888/1622/1312 3887/1621/1311 3803/1549/1238 3804/1550/1240
f 3889/1623/1313 3888/1622/1312 3804/1550/1240 3805/1551/1242
f 3890/1624/1314 3889/1623/1313 3805/1551/1242 3806/1552/1244
f 3892/322/1315 3891/5/1318 3903/74/1317 3904/729/1316
f 3893/325/1319 3892/322/1315 3904/729/1316 3905/730/1320
f 3894/327/1321 3893/325/1319 3905/730/1320 3906/731/1322
f 3895/329/1323 3894/327/1321 3906/731/1322 3907/732/1324
f 3896/331/1325 3895/329/1323 3907/732/1324 3908/733/2640
f 3897/333/1327 3896/331/1325 3908/733/2640 3909/734/2641
f 3898/335/1329 3897/333/1327 3909/734/2641 3910/735/1330
f 3899/337/1331 3898/335/1329 3910/735/1330 3911/736/1332
f 3900/339/1333 3899/337/1331 3911/736/1332 3912/737/1334
f 3901/341/1335 3900/339/1333 3912/737/1334 3913/738/1336
f 3902/343/1337 3901/341/1335 3913/738/1336 3914/739/1338
f 3904/729/1316 3903/74/1317 3915/50/1340 3916/1135/1339
f 3905/730/1320 3904/729/1316 3916/1135/1339 3917/1136/1341
f 3906/731/1322 3905/730/1320 3917/1136/1341 3918/1137/1342
f 3907/732/1324 3906/731/1322 3918/1137/1342 3919/1138/1343
f 3908/733/2640 3907/732/1324 3919/1138/1343 3920/1139/1344
f 3909/734/2641 3908/733/2640 3920/1139/1344 3921/1140/1345
f 3910/735/1330 3909/734/2641 3921/1140/1345 3922/1141/1346
f 3911/736/1332 3910/735/1330 3922/1141/1346 3923/1142/1347
f 3912/737/1334 3911/736/1332 3923/1142/1347 3924/1143/1348
f 3913/738/1336 3912/737/1334 3924/1143/1348 3925/1144/1349
f 3914/739/1338 3913/738/1336 3925/1144/1349 3926/1145/1350
f 3916/1135/1339 3915/50/1340 3891/14/1318 3892/1542/1315
f 3917/1136/1341 3916/1135/1339 3892/1542/1315 3893/1543/1319
f 3918/1137/1342 3917/1136/1341 3893/1543/1319 3894/1544/1321
f 3919/1138/1343 3918/1137/1342 3894/1544/1321 3895/1545/1323
f 3920/1139/1344 3919/1138/1343 3895/1545/1323 3896/1546/1325
f 3921/1140/1345 3920/1139/1344 3896/1546/1325 3897/1547/1327
f 3922/1141/1346 3921/1140/1345 3897/1547/1327 3898/1548/1329
f 3923/1142/1347 3922/1141/1346 3898/1548/1329 3899/1549/1331
f 3924/1143/1348 3923/1142/1347 3899/1549/1331 3900/1550/1333
f 3925/1144/1349 3924/1143/1348 3900/1550/1333 3901/1551/1335
f 3926/1145/1350 3925/1144/1349 3901/1551/1335 3902/1552/1337
f 3928/322/2642 3927/5/2645 3939/2954/2644 3940/2953/2643
f 3929/325/2646 3928/322/2642 3940/2953/2643 3941/2955/2647
f 3930/327/2648 3929/325/2646 3941/2955/2647 3942/2956/2649
f 3931/329/2650 3930/327/2648 3942/2956/2649 3943/2957/2651
f 3932/331/2652 3931/329/2650 3943/2957/2651 3944/2958/2653
f 3933/333/2654 3932/331/2652 3944/2958/2653 3945/2959/2655
f 3934/335/2656 3933/333/2654 3945/2959/2655 3946/2960/2657
f 3935/337/2658 3934/335/2656 3946/2960/2657 3947/2961/2659
f 3936/339/2660 3935/337/2658 3947/2961/2659 3948/2962/2661
f 3937/341/2662 3936/339/2660 3948/2962/2661 3949/2963/2663
f 3938/343/2664 3937/341/2662 3949/2963/2663 3950/2964/2665
f 3940/2953/2643 3939/2954/2644 3951/2966/2667 3952/2965/2666
f 3941/2955/2647 3940/2953/2643 3952/2965/2666 3953/2967/2668
f 3942/2956/2649 3941/2955/2647 3953/2967/2668 3954/2968/2669
f 3943/2957/2651 3942/2956/2649 3954/2968/2669 3955/2969/2670
f 3944/2958/2653 3943/2957/2651 3955/2969/2670 3956/2970/2671
f 3945/2959/2655 3944/2958/2653 3956/2970/2671 3957/2971/2672
f 3946/2960/2657 3945/2959/2655 3957/2971/2672 3958/2972/2673
f 3947/2961/2659 3946/2960/2657 3958/2972/2673 3959/2973/2674
f 3948/2962/2661 3947/2961/2659 3959/2973/2674 3960/2974/2675
f 3949/2963/2663 3948/2962/2661 3960/2974/2675 3961/2975/2676
f 3950/2964/2665 3949/2963/2663 3961/2975/2676 3962/2976/2677
f 3952/2965/2666 3951/2966/2667 3963/2978/2679 3964/2977/2678
f 3953/2967/2668 3952/2965/2666 3964/2977/2678 3965/2979/2680
f 3954/2968/2669 3953/2967/2668 3965/2979/2680 3966/2980/2681
f 3955/2969/2670 3954/2968/2669 3966/2980/2681 3967/2981/2682
f 3956/2970/2671 3955/2969/2670 3967/2981/2682 3968/2982/2683
f 3957/2971/2672 3956/2970/2671 3968/2982/2683 3969/2983/2684
f 3958/2972/2673 3957/2971/2672 3969/2983/2684 3970/2984/2685
f 3959/2973/2674 3958/2972/2673 3970/2984/2685 3971/2985/2686
f 3960/2974/2675 3959/2973/2674 3971/2985/2686 3972/2986/2687
f 3961/2975/2676 3960/2974/2675 3972/2986/2687 3973/2987/2688
f 3962/2976/2677 3961/2975/2676 3973/2987/2688 3974/2988/2689
f 3964/2977/2678 3963/2978/2679 3975/2990/2691 3976/2989/2690
f 3965/2979/2680 3964/2977/2678 3976/2989/2690 3977/2991/2692
f 3966/2980/2681 3965/2979/2680 3977/2991/2692 3978/2992/2693
f 3967/2981/2682 3966/2980/2681 3978/2992/2693 3979/2993/2694
f 3968/2982/2683 3967/2981/2682 3979/2993/2694 3980/2994/2695
f 3969/2983/2684 3968/2982/2683 3980/2994/2695 3981/2995/2696
f 3970/2984/2685 3969/2983/2684 3981/2995/2696 3982/2996/2697
f 3971/2985/2686 3970/2984/2685 3982/2996/2697 3983/2997/2698
f 3972/2986/2687 3971/2985/2686 3983/2997/2698 3984/2998/2699
f 3973/2987/2688 3972/2986/2687 3984/2998/2699 3985/2999/2700
f 3974/2988/2689 3973/2987/2688 3985/2999/2700 3986/3000/2701
f 3976/2989/2690 3975/2990/2691 3987/3002/2703 3988/3001/2702
f 3977/2991/2692 3976/2989/2690 3988/3001/2702 3989/3003/2704
f 3978/2992/2693 3977/2991/2692 3989/3003/2704 3990/3004/2705
f 3979/2993/2694 3978/2992/2693 3990/3004/2705 3991/3005/2706
f 3980/2994/2695 3979/2993/2694 3991/3005/2706 3992/3006/2707
f 3981/2995/2696 3980/2994/2695 3992/3006/2707 3993/3007/2708
f 3982/2996/2697 3981/2995/2696 3993/3007/2708 3994/3008/2709
f 3983/2997/2698 3982/2996/2697 3994/3008/2709 3995/3009/2710
f 3984/2998/2699 3983/2997/2698 3995/3009/2710 3996/3010/2711
f 3985/2999/2700 3984/2998/2699 3996/3010/2711 3997/3011/2712
f 3986/3000/2701 3985/2999/2700 3997/3011/2712 3998/3012/2713
f 3988/3001/2702 3987/3002/2703 3999/3014/2715 4000/3013/2714
f 3989/3003/2704 3988/3001/2702 4000/3013/2714 4001/3015/2716
f 3990/3004/2705 3989/3003/2704 4001/3015/2716 4002/3016/2717
f 3991/3005/2706 3990/3004/2705 4002/3016/2717 4003/3017/2718
f 3992/3006/2707 3991/3005/2706 4003/3017/2718 4004/3018/2719
f 3993/3007/2708 3992/3006/2707 4004/3018/2719 4005/3019/2720
f 3994/3008/2709 3993/3007/2708 4005/3019/2720 4006/3020/2721
f 3995/3009/2710 3994/3008/2709 4006/3020/2721 4007/3021/2722
f 3996/3010/2711 3995/3009/2710 4007/3021/2722 4008/3022/2723
f 3997/3011/2712 3996/3010/2711 4008/3022/2723 4009/3023/2724
f 3998/3012/2713 3997/3011/2712 4009/3023/2724 4010/3024/2725
f 4000/3013/2714 3999/3014/2715 4011/3026/2727 4012/3025/2726
f 4001/3015/2716 4000/3013/2714 4012/3025/2726 4013/3027/2728
f 4002/3016/2717 4001/3015/2716 4013/3027/2728 4014/3028/2729
f 4003/3017/2718 4002/3016/2717 4014/3028/2729 4015/3029/2730
f 4004/3018/2719 4003/3017/2718 4015/3029/2730 4016/3030/2731
f 4005/3019/2720 4004/3018/2719 4016/3030/2731 4017/3031/2732
f 4006/3020/2721 4005/3019/2720 4017/3031/2732 4018/3032/2733
f 4007/3021/2722 4006/3020/2721 4018/3032/2733 4019/3033/2734
f 4008/3022/2723 4007/3021/2722 4019/3033/2734 4020/3034/2735
f 4009/3023/2724 4008/3022/2723 4020/3034/2735 4021/3035/2736
f 4010/3024/2725 4009/3023/2724 4021/3035/2736 4022/3036/2737
f 4012/3025/2726 4011/3026/2727 4023/3038/2739 4024/3037/2738
f 4013/3027/2728 4012/3025/2726 4024/3037/2738 4025/3039/2740
f 4014/3028/2729 4013/3027/2728 4025/3039/2740 4026/3040/2741
f 4015/3029/2730 4014/3028/2729 4026/3040/2741 4027/3041/2742
f 4016/3030/2731 4015/3029/2730 4027/3041/2742 4028/3042/2743
f 4017/3031/2732 4016/3030/2731 4028/3042/2743 4029/3043/2744
f 4018/3032/2733 4017/3031/2732 4029/3043/2744 4030/3044/2745
f 4019/3033/2734 4018/3032/2733 4030/3044/2745 4031/3045/2746
f 4020/3034/2735 4019/3033/2734 4031/3045/2746 4032/3046/2747
f 4021/3035/2736 4020/3034/2735 4032/3046/2747 4033/3047/2748
f 4022/3036/2737 4021/3035/2736 4033/3047/2748 4034/3048/2749
f 4024/3037/2738 4023/3038/2739 4035/3050/2751 4036/3049/2750
f 4025/3039/2740 4024/3037/2738 4036/3049/2750 4037/3051/2752
f 4026/3040/2741 4025/3039/2740 4037/3051/2752 4038/3052/2753
f 4027/3041/2742 4026/3040/2741 4038/3052/2753 4039/3053/2754
f 4028/3042/2743 4027/3041/2742 4039/3053/2754 4040/3054/2755
f 4029/3043/2744 4028/3042/2743 4040/3054/2755 4041/3055/2756
f 4030/3044/2745 4029/3043/2744 4041/3055/2756 4042/3056/2757
f 4031/3045/2746 4030/3044/2745 4042/3056/2757 4043/3057/2758
f 4032/3046/2747 4031/3045/2746 4043/3057/2758 4044/3058/2759
f 4033/3047/2748 4032/3046/2747 4044/3058/2759 4045/3059/2760
f 4034/3048/2749 4033/3047/2748 4045/3059/2760 4046/3060/2761
f 4036/3049/2750 4035/3050/2751 4047/3062/878 4048/3061/2762
f 4037/3051/2752 4036/3049/2750 4048/3061/2762 4049/3063/2763
f 4038/3052/2753 4037/3051/2752 4049/3063/2763 4050/3064/2764
f 4039/3053/2754 4038/3052/2753 4050/3064/2764 4051/3065/2765
f 4040/3054/2755 4039/3053/2754 4051/3065/2765 4052/3066/2766
f 4041/3055/2756 4040/3054/2755 4052/3066/2766 4053/3067/2767
f 4042/3056/2757 4041/3055/2756 4053/3067/2767 4054/3068/2768
f 4043/3057/2758 4042/3056/2757 4054/3068/2768 4055/3069/2769
f 4044/3058/2759 4043/3057/2758 4055/3069/2769 4056/3070/2770
f 4045/3059/2760 4044/3058/2759 4056/3070/2770 4057/3071/2771
f 4046/3060/2761 4045/3059/2760 4057/3071/2771 4058/3072/888
f 4048/3061/2762 4047/3062/878 4059/3074/2773 4060/3073/2772
f 4049/3063/2763 4048/3061/2762 4060/3073/2772 4061/3075/2774
f 4050/3064/2764 4049/3063/2763 4061/3075/2774 4062/3076/2775
f 4051/3065/2765 4050/3064/2764 4062/3076/2775 4063/3077/2776
f 4052/3066/2766 4051/3065/2765 4063/3077/2776 4064/3078/2777
f 4053/3067/2767 4052/3066/2766 4064/3078/2777 4065/3079/2778
f 4054/3068/2768 4053/3067/2767 4065/3079/2778 4066/3080/2779
f 4055/3069/2769 4054/3068/2768 4066/3080/2779 4067/3081/2780
f 4056/3070/2770 4055/3069/2769 4067/3081/2780 4068/3082/2781
f 4057/3071/2771 4056/3070/2770 4068/3082/2781 4069/3083/2782
f 4058/3072/888 4057/3071/2771 4069/3083/2782 4070/3084/2783
f 4060/3073/2772 4059/3074/2773 4071/3086/2785 4072/3085/2784
f 4061/3075/2774 4060/3073/2772 4072/3085/2784 4073/3087/2786
f 4062/3076/2775 4061/3075/2774 4073/3087/2786 4074/3088/2787
f 4063/3077/2776 4062/3076/2775 4074/3088/2787 4075/3089/2788
f 4064/3078/2777 4063/3077/2776 4075/3089/2788 4076/3090/2789
f 4065/3079/2778 4064/3078/2777 4076/3090/2789 4077/3091/2790
f 4066/3080/2779 4065/3079/2778 4077/3091/2790 4078/3092/2791
f 4067/3081/2780 4066/3080/2779 4078/3092/2791 4079/3093/2792
f 4068/3082/2781 4067/3081/2780 4079/3093/2792 4080/3094/2793
f 4069/3083/2782 4068/3082/2781 4080/3094/2793 4081/3095/2794
f 4070/3084/2783 4069/3083/2782 4081/3095/2794 4082/3096/2795
f 4072/3085/2784 4071/3086/2785 4083/3098/2797 4084/3097/2796
f 4073/3087/2786 4072/3085/2784 4084/3097/2796 4085/3099/2798
f 4074/3088/2787 4073/3087/2786 4085/3099/2798 4086/3100/2799
f 4075/3089/2788 4074/3088/2787 4086/3100/2799 4087/3101/2800
f 4076/3090/2789 4075/3089/2788 4087/3101/2800 4088/3102/2801
f 4077/3091/2790 4076/3090/2789 4088/3102/2801 4089/3103/2802
f 4078/3092/2791 4077/3091/2790 4089/3103/2802 4090/3104/2803
f 4079/3093/2792 4078/3092/2791 4090/3104/2803 4091/3105/2804
f 4080/3094/2793 4079/3093/2792 4091/3105/2804 4092/3106/2805
f 4081/3095/2794 4080/3094/2793 4092/3106/2805 4093/3107/2806
f 4082/3096/2795 4081/3095/2794 4093/3107/2806 4094/3108/2807
f 4084/3097/2796 4083/3098/2797 4095/3110/2809 4096/3109/2808
f 4085/3099/2798 4084/3097/2796 4096/3109/2808 4097/3111/2810
f 4086/3100/2799 4085/3099/2798 4097/3111/2810 4098/3112/2811
f 4087/3101/2800 4086/3100/2799 4098/3112/2811 4099/3113/2812
f 4088/3102/2801 4087/3101/2800 4099/3113/2812 4100/3114/2813
f 4089/3103/2802 4088/3102/2801 4100/3114/2813 4101/3115/2814
f 4090/3104/2803 4089/3103/2802 4101/3115/2814 4102/3116/2815
f 4091/3105/2804 4090/3104/2803 4102/3116/2815 4103/3117/2816
f 4092/3106/2805 4091/3105/2804 4103/3117/2816 4104/3118/2817
f 4093/3107/2806 4092/3106/2805 4104/3118/2817 4105/3119/2818
f 4094/3108/2807 4093/3107/2806 4105/3119/2818 4106/3120/2819
f 4096/3109/2808 4095/3110/2809 4107/3122/2821 4108/3121/2820
f 4097/3111/2810 4096/3109/2808 4108/3121/2820 4109/3123/2822
f 4098/3112/2811 4097/3111/2810 4109/3123/2822 4110/3124/2823
f 4099/3113/2812 4098/3112/2811 4110/3124/2823 4111/3125/2824
f 4100/3114/2813 4099/3113/2812 4111/3125/2824 4112/3126/2825
f 4101/3115/2814 4100/3114/2813 4112/3126/2825 4113/3127/2826
f 4102/3116/2815 4101/3115/2814 4113/3127/2826 4114/3128/2827
f 4103/3117/2816 4102/3116/2815 4114/3128/2827 4115/3129/2828
f 4104/3118/2817 4103/3117/2816 4115/3129/2828 4116/3130/2829
f 4105/3119/2818 4104/3118/2817 4116/3130/2829 4117/3131/2830
f 4106/3120/2819 4105/3119/2818 4117/3131/2830 4118/3132/2831
f 4108/3121/2820 4107/3122/2821 4119/3134/2833 4120/3133/2832
f 4109/3123/2822 4108/3121/2820 4120/3133/2832 4121/3135/2834
f 4110/3124/2823 4109/3123/2822 4121/3135/2834 4122/3136/2835
f 4111/3125/2824 4110/3124/2823 4122/3136/2835 4123/3137/2836
f 4112/3126/2825 4111/3125/2824 4123/3137/2836 4124/3138/2837
f 4113/3127/2826 4112/3126/2825 4124/3138/2837 4125/3139/2838
f 4114/3128/2827 4113/3127/2826 4125/3139/2838 4126/3140/2839
f 4115/3129/2828 4114/3128/2827 4126/3140/2839 4127/3141/2840
f 4116/3130/2829 4115/3129/2828 4127/3141/2840 4128/3142/2841
f 4117/3131/2830 4116/3130/2829 4128/3142/2841 4129/3143/2842
f 4118/3132/2831 4117/3131/2830 4129/3143/2842 4130/3144/2843
f 4120/3133/2832 4119/3134/2833 4131/3146/2845 4132/3145/2844
f 4121/3135/2834 4120/3133/2832 4132/3145/2844 4133/3147/2846
f 4122/3136/2835 4121/3135/2834 4133/3147/2846 4134/3148/2847
f 4123/3137/2836 4122/3136/2835 4134/3148/2847 4135/3149/2848
f 4124/3138/2837 4123/3137/2836 4135/3149/2848 4136/3150/2849
f 4125/3139/2838 4124/3138/2837 4136/3150/2849 4137/3151/2850
f 4126/3140/2839 4125/3139/2838 4137/3151/2850 4138/3152/2851
f 4127/3141/2840 4126/3140/2839 4138/3152/2851 4139/3153/2852
f 4128/3142/2841 4127/3141/2840 4139/3153/2852 4140/3154/2853
f 4129/3143/2842 4128/3142/2841 4140/3154/2853 4141/3155/2854
f 4130/3144/2843 4129/3143/2842 4141/3155/2854 4142/3156/2855
f 4132/3145/2844 4131/3146/2845 4143/3158/2857 4144/3157/2856
f 4133/3147/2846 4132/3145/2844 4144/3157/2856 4145/3159/2858
f 4134/3148/2847 4133/3147/2846 4145/3159/2858 4146/3160/2859
f 4135/3149/2848 4134/3148/2847 4146/3160/2859 4147/3161/2860
f 4136/3150/2849 4135/3149/2848 4147/3161/2860 4148/3162/2861
f 4137/3151/2850 4136/3150/2849 4148/3162/2861 4149/3163/2862
f 4138/3152/2851 4137/3151/2850 4149/3163/2862 4150/3164/2863
f 4139/3153/2852 4138/3152/2851 4150/3164/2863 4151/3165/2864
f 4140/3154/2853 4139/3153/2852 4151/3165/2864 4152/3166/2865
f 4141/3155/2854 4140/3154/2853 4152/3166/2865 4153/3167/2866
f 4142/3156/2855 4141/3155/2854 4153/3167/2866 4154/3168/2867
f 4144/3157/2856 4143/3158/2857 4155/3170/2869 4156/3169/2868
f 4145/3159/2858 4144/3157/2856 4156/3169/2868 4157/3171/2870
f 4146/3160/2859 4145/3159/2858 4157/3171/2870 4158/3172/2871
f 4147/3161/2860 4146/3160/2859 4158/3172/2871 4159/3173/2872
f 4148/3162/2861 4147/3161/2860 4159/3173/2872 4160/3174/2873
f 4149/3163/2862 4148/3162/2861 4160/3174/2873 4161/3175/2874
f 4150/3164/2863 4149/3163/2862 4161/3175/2874 4162/3176/2875
f 4151/3165/2864 4150/3164/2863 4162/3176/2875 4163/3177/2876
f 4152/3166/2865 4151/3165/2864 4163/3177/2876 4164/3178/2877
f 4153/3167/2866 4152/3166/2865 4164/3178/2877 4165/3179/2878
f 4154/3168/2867 4153/3167/2866 4165/3179/2878 4166/3180/2879
f 4156/3169/2868 4155/3170/2869 4167/3182/2881 4168/3181/2880
f 4157/3171/2870 4156/3169/2868 4168/3181/2880 4169/3183/2882
f 4158/3172/2871 4157/3171/2870 4169/3183/2882 4170/3184/2883
f 4159/3173/2872 4158/3172/2871 4170/3184/2883 4171/3185/2884
f 4160/3174/2873 4159/3173/2872 4171/3185/2884 4172/3186/2885
f 4161/3175/2874 4160/3174/2873 4172/3186/2885 4173/3187/2886
f 4162/3176/2875 4161/3175/2874 4173/3187/2886 4174/3188/2887
f 4163/3177/2876 4162/3176/2875 4174/3188/2887 4175/3189/2888
f 4164/3178/2877 4163/3177/2876 4175/3189/2888 4176/3190/2889
f 4165/3179/2878 4164/3178/2877 4176/3190/2889 4177/3191/2890
f 4166/3180/2879 4165/3179/2878 4177/3191/2890 4178/3192/2891
f 4168/3181/2880 4167/3182/2881 4179/3194/2893 4180/3193/2892
f 4169/3183/2882 4168/3181/2880 4180/3193/2892 4181/3195/2894
f 4170/3184/2883 4169/3183/2882 4181/3195/2894 4182/3196/2895
f 4171/3185/2884 4170/3184/2883 4182/3196/2895 4183/3197/2896
f 4172/3186/2885 4171/3185/2884 4183/3197/2896 4184/3198/2897
f 4173/3187/2886 4172/3186/2885 4184/3198/2897 4185/3199/2898
f 4174/3188/2887 4173/3187/2886 4185/3199/2898 4186/3200/2899
f 4175/3189/2888 4174/3188/2887 4186/3200/2899 4187/3201/2900
f 4176/3190/2889 4175/3189/2888 4187/3201/2900 4188/3202/2901
f 4177/3191/2890 4176/3190/2889 4188/3202/2901 4189/3203/2902
f 4178/3192/2891 4177/3191/2890 4189/3203/2902 4190/3204/2903
f 4180/3193/2892 4179/3194/2893 4191/3206/2905 4192/3205/2904
f 4181/3195/2894 4180/3193/2892 4192/3205/2904 4193/3207/2906
f 4182/3196/2895 4181/3195/2894 4193/3207/2906 4194/3208/2907
f 4183/3197/2896 4182/3196/2895 4194/3208/2907 4195/3209/2908
f 4184/3198/2897 4183/3197/2896 4195/3209/2908 4196/3210/2909
f 4185/3199/2898 4184/3198/2897 4196/3210/2909 4197/3211/2910
f 4186/3200/2899 4185/3199/2898 4197/3211/2910 4198/3212/2911
f 4187/3201/2900 4186/3200/2899 4198/3212/2911 4199/3213/2912
f 4188/3202/2901 4187/3201/2900 4199/3213/2912 4200/3214/2913
f 4189/3203/2902 4188/3202/2901 4200/3214/2913 4201/3215/2914
f 4190/3204/2903 4189/3203/2902 4201/3215/2914 4202/3216/2915
f 4192/3205/2904 4191/3206/2905 4203/3218/2917 4204/3217/2916
f 4193/3207/2906 4192/3205/2904 4204/3217/2916 4205/3219/2918
f 4194/3208/2907 4193/3207/2906 4205/3219/2918 4206/3220/2919
f 4195/3209/2908 4194/3208/2907 4206/3220/2919 4207/3221/2920
f 4196/3210/2909 4195/3209/2908 4207/3221/2920 4208/3222/2921
f 4197/3211/2910 4196/3210/2909 4208/3222/2921 4209/3223/2922
f 4198/3212/2911 4197/3211/2910 4209/3223/2922 4210/3224/2923
f 4199/3213/2912 4198/3212/2911 4210/3224/2923 4211/3225/2924
f 4200/3214/2913 4199/3213/2912 4211/3225/2924 4212/3226/2925
f 4201/3215/2914 4200/3214/2913 4212/3226/2925 4213/3227/2926
f 4202/3216/2915 4201/3215/2914 4213/3227/2926 4214/3228/2927
f 4204/3217/2916 4203/3218/2917 4215/3230/2929 4216/3229/2928
f 4205/3219/2918 4204/3217/2916 4216/3229/2928 4217/3231/2930
f 4206/3220/2919 4205/3219/2918 4217/3231/2930 4218/3232/2931
f 4207/3221/2920 4206/3220/2919 4218/3232/2931 4219/3233/2932
f 4208/3222/2921 4207/3221/2920 4219/3233/2932 4220/3234/2933
f 4209/3223/2922 4208/3222/2921 4220/3234/2933 4221/3235/2934
f 4210/3224/2923 4209/3223/2922 4221/3235/2934 4222/3236/2935
f 4211/3225/2924 4210/3224/2923 4222/3236/2935 4223/3237/2936
f 4212/3226/2925 4211/3225/2924 4223/3237/2936 4224/3238/2937
f 4213/3227/2926 4212/3226/2925 4224/3238/2937 4225/3239/2938
f 4214/3228/2927 4213/3227/2926 4225/3239/2938 4226/3240/2939
f 4216/3229/2928 4215/3230/2929 4227/3242/2941 4228/3241/2940
f 4217/3231/2930 4216/3229/2928 4228/3241/2940 4229/3243/2942
f 4218/3232/2931 4217/3231/2930 4229/3243/2942 4230/3244/2943
f 4219/3233/2932 4218/3232/2931 4230/3244/2943 4231/3245/2944
f 4220/3234/2933 4219/3233/2932 4231/3245/2944 4232/3246/2945
f 4221/3235/2934 4220/3234/2933 4232/3246/2945 4233/3247/2946
f 4222/3236/2935 4221/3235/2934 4233/3247/2946 4234/3248/2947
f 4223/3237/2936 4222/3236/2935 4234/3248/2947 4235/3249/2948
f 4224/3238/2937 4223/3237/2936 4235/3249/2948 4236/3250/2949
f 4225/3239/2938 4224/3238/2937 4236/3250/2949 4237/3251/2950
f 4226/3240/2939 4225/3239/2938 4237/3251/2950 4238/3252/2951
f 4228/3241/2940 4227/3242/2941 4239/3254/2953 4240/3253/2952
f 4229/3243/2942 4228/3241/2940 4240/3253/2952 4241/3255/2954
f 4230/3244/2943 4229/3243/2942 4241/3255/2954 4242/3256/2955
f 4231/3245/2944 4230/3244/2943 4242/3256/2955 4243/3257/2956
f 4232/3246/2945 4231/3245/2944 4243/3257/2956 4244/3258/2957
f 4233/3247/2946 4232/3246/2945 4244/3258/2957 4245/3259/2958
f 4234/3248/2947 4233/3247/2946 4245/3259/2958 4246/3260/2959
f 4235/3249/2948 4234/3248/2947 4246/3260/2959 4247/3261/2960
f 4236/3250/2949 4235/3249/2948 4247/3261/2960 4248/3262/2961
f 4237/3251/2950 4236/3250/2949 4248/3262/2961 4249/3263/2962
f 4238/3252/2951 4237/3251/2950 4249/3263/2962 4250/3264/2963
f 4240/3253/2952 4239/3254/2953 4251/3266/2965 4252/3265/2964
f 4241/3255/2954 4240/3253/2952 4252/3265/2964 4253/3267/2966
f 4242/3256/2955 4241/3255/2954 4253/3267/2966 4254/3268/2967
f 4243/3257/2956 4242/3256/2955 4254/3268/2967 4255/3269/2968
f 4244/3258/2957 4243/3257/2956 4255/3269/2968 4256/3270/2969
f 4245/3259/2958 4244/3258/2957 4256/3270/2969 4257/3271/2970
f 4246/3260/2959 4245/3259/2958 4257/3271/2970 4258/3272/2971
f 4247/3261/2960 4246/3260/2959 4258/3272/2971 4259/3273/2972
f 4248/3262/2961 4247/3261/2960 4259/3273/2972 4260/3274/2973
f 4249/3263/2962 4248/3262/2961 4260/3274/2973 4261/3275/2974
f 4250/3264/2963 4249/3263/2962 4261/3275/2974 4262/3276/2975
f 4252/3265/2964 4251/3266/2965 4263/3278/2977 4264/3277/2976
f 4253/3267/2966 4252/3265/2964 4264/3277/2976 4265/3279/2978
f 4254/3268/2967 4253/3267/2966 4265/3279/2978 4266/3280/2979
f 4255/3269/2968 4254/3268/2967 4266/3280/2979 4267/3281/2980
f 4256/3270/2969 4255/3269/2968 4267/3281/2980 4268/3282/2981
f 4257/3271/2970 4256/3270/2969 4268/3282/2981 4269/3283/2982
f 4258/3272/2971 4257/3271/2970 4269/3283/2982 4270/3284/2983
f 4259/3273/2972 4258/3272/2971 4270/3284/2983 4271/3285/2984
f 4260/3274/2973 4259/3273/2972 4271/3285/2984 4272/3286/2985
f 4261/3275/2974 4260/3274/2973 4272/3286/2985 4273/3287/2986
f 4262/3276/2975 4261/3275/2974 4273/3287/2986 4274/3288/2987
f 4264/3277/2976 4263/3278/2977 4275/3290/2989 4276/3289/2988
f 4265/3279/2978 4264/3277/2976 4276/3289/2988 4277/3291/2990
f 4266/3280/2979 4265/3279/2978 4277/3291/2990 4278/3292/2991
f 4267/3281/2980 4266/3280/2979 4278/3292/2991 4279/3293/2992
f 4268/3282/2981 4267/3281/2980 4279/3293/2992 4280/3294/2993
f 4269/3283/2982 4268/3282/2981 4280/3294/2993 4281/3295/2994
f 4270/3284/2983 4269/3283/2982 4281/3295/2994 4282/3296/2995
f 4271/3285/2984 4270/3284/2983 4282/3296/2995 4283/3297/2996
f 4272/3286/2985 4271/3285/2984 4283/3297/2996 4284/3298/2997
f 4273/3287/2986 4272/3286/2985 4284/3298/2997 4285/3299/2998
f 4274/3288/2987 4273/3287/2986 4285/3299/2998 4286/3300/2999
f 4276/3289/2988 4275/3290/2989 4287/3302/3001 4288/3301/3000
f 4277/3291/2990 4276/3289/2988 4288/3301/3000 4289/3303/3002
f 4278/3292/2991 4277/3291/2990 4289/3303/3002 4290/3304/3003
f 4279/3293/2992 4278/3292/2991 4290/3304/3003 4291/3305/3004
f 4280/3294/2993 4279/3293/2992 4291/3305/3004 4292/3306/3005
f 4281/3295/2994 4280/3294/2993 4292/3306/3005 4293/3307/3006
f 4282/3296/2995 4281/3295/2994 4293/3307/3006 4294/3308/3007
f 4283/3297/2996 4282/3296/2995 4294/3308/3007 4295/3309/3008
f 4284/3298/2997 4283/3297/2996 4295/3309/3008 4296/3310/3009
f 4285/3299/2998 4284/3298/2997 4296/3310/3009 4297/3311/3010
f 4286/3300/2999 4285/3299/2998 4297/3311/3010 4298/3312/3011
f 4288/3301/3000 4287/3302/3001 4299/3314/3013 4300/3313/3012
f 4289/3303/3002 4288/3301/3000 4300/3313/3012 4301/3315/3014
f 4290/3304/3003 4289/3303/3002 4301/3315/3014 4302/3316/3015
f 4291/3305/3004 4290/3304/3003 4302/3316/3015 4303/3317/3016
f 4292/3306/3005 4291/3305/3004 4303/3317/3016 4304/3318/3017
f 4293/3307/3006 4292/3306/3005 4304/3318/3017 4305/3319/3018
f 4294/3308/3007 4293/3307/3006 4305/3319/3018 4306/3320/3019
f 4295/3309/3008 4294/3308/3007 4306/3320/3019 4307/3321/3020
f 4296/3310/3009 4295/3309/3008 4307/3321/3020 4308/3322/3021
f 4297/3311/3010 4296/3310/3009 4308/3322/3021 4309/3323/3022
f 4298/3312/3011 4297/3311/3010 4309/3323/3022 4310/3324/3023
f 4300/3313/3012 4299/3314/3013 4311/3326/3025 4312/3325/3024
f 4301/3315/3014 4300/3313/3012 4312/3325/3024 4313/3327/3026
f 4302/3316/3015 4301/3315/3014 4313/3327/3026 4314/3328/3027
f 4303/3317/3016 4302/3316/3015 4314/3328/3027 4315/3329/3028
f 4304/3318/3017 4303/3317/3016 4315/3329/3028 4316/3330/3029
f 4305/3319/3018 4304/3318/3017 4316/3330/3029 4317/3331/3030
f 4306/3320/3019 4305/3319/3018 4317/3331/3030 4318/3332/3031
f 4307/3321/3020 4306/3320/3019 4318/3332/3031 4319/3333/3032
f 4308/3322/3021 4307/3321/3020 4319/3333/3032 4320/3334/3033
f 4309/3323/3022 4308/3322/3021 4320/3334/3033 4321/3335/3034
f 4310/3324/3023 4309/3323/3022 4321/3335/3034 4322/3336/3035
f 4312/3325/3024 4311/3326/3025 4323/3338/3037 4324/3337/3036
f 4313/3327/3026 4312/3325/3024 4324/3337/3036 4325/3339/3038
f 4314/3328/3027 4313/3327/3026 4325/3339/3038 4326/3340/3039
f 4315/3329/3028 4314/3328/3027 4326/3340/3039 4327/3341/3040
f 4316/3330/3029 4315/3329/3028 4327/3341/3040 4328/3342/3041
f 4317/3331/3030 4316/3330/3029 4328/3342/3041 4329/3343/3042
f 4318/3332/3031 4317/3331/3030 4329/3343/3042 4330/3344/3043
f 4319/3333/3032 4318/3332/3031 4330/3344/3043 4331/3345/3044
f 4320/3334/3033 4319/3333/3032 4331/3345/3044 4332/3346/3045
f 4321/3335/3034 4320/3334/3033 4332/3346/3045 4333/3347/3046
f 4322/3336/3035 4321/3335/3034 4333/3347/3046 4334/3348/3047
f 4324/3337/3036 4323/3338/3037 4335/3350/3049 4336/3349/3048
f 4325/3339/3038 4324/3337/3036 4336/3349/3048 4337/3351/3050
f 4326/3340/3039 4325/3339/3038 4337/3351/3050 4338/3352/3051
f 4327/3341/3040 4326/3340/3039 4338/3352/3051 4339/3353/3052
f 4328/3342/3041 4327/3341/3040 4339/3353/3052 4340/3354/3053
f 4329/3343/3042 4328/3342/3041 4340/3354/3053 4341/3355/3054
f 4330/3344/3043 4329/3343/3042 4341/3355/3054 4342/3356/3055
f 4331/3345/3044 4330/3344/3043 4342/3356/3055 4343/3357/3056
f 4332/3346/3045 4331/3345/3044 4343/3357/3056 4344/3358/3057
f 4333/3347/3046 4332/3346/3045 4344/3358/3057 4345/3359/3058
f 4334/3348/3047 4333/3347/3046 4345/3359/3058 4346/3360/3059
f 4336/3349/3048 4335/3350/3049 4347/3362/3061 4348/3361/3060
f 4337/3351/3050 4336/3349/3048 4348/3361/3060 4349/3363/3062
f 4338/3352/3051 4337/3351/3050 4349/3363/3062 4350/3364/3063
f 4339/3353/3052 4338/3352/3051 4350/3364/3063 4351/3365/3064
f 4340/3354/3053 4339/3353/3052 4351/3365/3064 4352/3366/3065
f 4341/3355/3054 4340/3354/3053 4352/3366/3065 4353/3367/3066
f 4342/3356/3055 4341/3355/3054 4353/3367/3066 4354/3368/3067
f 4343/3357/3056 4342/3356/3055 4354/3368/3067 4355/3369/3068
f 4344/3358/3057 4343/3357/3056 4355/3369/3068 4356/3370/3069
f 4345/3359/3058 4344/3358/3057 4356/3370/3069 4357/3371/3070
f 4346/3360/3059 4345/3359/3058 4357/3371/3070 4358/3372/3071
f 4348/3361/3060 4347/3362/3061 4359/3374/2727 4360/3373/3072
f 4349/3363/3062 4348/3361/3060 4360/3373/3072 4361/3375/3073
f 4350/3364/3063 4349/3363/3062 4361/3375/3073 4362/3376/3074
f 4351/3365/3064 4350/3364/3063 4362/3376/3074 4363/3377/3075
f 4352/3366/3065 4351/3365/3064 4363/3377/3075 4364/3378/3076
f 4353/3367/3066 4352/3366/3065 4364/3378/3076 4365/3379/3077
f 4354/3368/3067 4353/3367/3066 4365/3379/3077 4366/3380/3078
f 4355/3369/3068 4354/3368/3067 4366/3380/3078 4367/3381/3079
f 4356/3370/3069 4355/3369/3068 4367/3381/3079 4368/3382/3080
f 4357/3371/3070 4356/3370/3069 4368/3382/3080 4369/3383/3081
f 4358/3372/3071 4357/3371/3070 4369/3383/3081 4370/3384/2737
f 4360/3373/3072 4359/3374/2727 4371/3386/3025 4372/3385/3082
f 4361/3375/3073 4360/3373/3072 4372/3385/3082 4373/3387/3083
f 4362/3376/3074 4361/3375/3073 4373/3387/3083 4374/3388/3084
f 4363/3377/3075 4362/3376/3074 4374/3388/3084 4375/3389/3085
f 4364/3378/3076 4363/3377/3075 4375/3389/3085 4376/3390/3086
f 4365/3379/3077 4364/3378/3076 4376/3390/3086 4377/3391/3087
f 4366/3380/3078 4365/3379/3077 4377/3391/3087 4378/3392/3088
f 4367/3381/3079 4366/3380/3078 4378/3392/3088 4379/3393/3089
f 4368/3382/3080 4367/3381/3079 4379/3393/3089 4380/3394/3090
f 4369/3383/3081 4368/3382/3080 4380/3394/3090 4381/3395/3091
f 4370/3384/2737 4369/3383/3081 4381/3395/3091 4382/3396/3035
f 4372/3385/3082 4371/3386/3025 4383/3398/3093 4384/3397/3092
f 4373/3387/3083 4372/3385/3082 4384/3397/3092 4385/3399/3094
f 4374/3388/3084 4373/3387/3083 4385/3399/3094 4386/3400/3095
f 4375/3389/3085 4374/3388/3084 4386/3400/3095 4387/3401/3096
f 4376/3390/3086 4375/3389/3085 4387/3401/3096 4388/3402/3097
f 4377/3391/3087 4376/3390/3086 4388/3402/3097 4389/3403/3098
f 4378/3392/3088 4377/3391/3087 4389/3403/3098 4390/3404/3099
f 4379/3393/3089 4378/3392/3088 4390/3404/3099 4391/3405/3100
f 4380/3394/3090 4379/3393/3089 4391/3405/3100 4392/3406/3101
f 4381/3395/3091 4380/3394/3090 4392/3406/3101 4393/3407/3102
f 4382/3396/3035 4381/3395/3091 4393/3407/3102 4394/3408/3103
f 4384/3397/3092 4383/3398/3093 4395/3410/3013 4396/3409/3104
f 4385/3399/3094 4384/3397/3092 4396/3409/3104 4397/3411/3105
f 4386/3400/3095 4385/3399/3094 4397/3411/3105 4398/3412/3106
f 4387/3401/3096 4386/3400/3095 4398/3412/3106 4399/3413/3107
f 4388/3402/3097 4387/3401/3096 4399/3413/3107 4400/3414/3108
f 4389/3403/3098 4388/3402/3097 4400/3414/3108 4401/3415/3109
f 4390/3404/3099 4389/3403/3098 4401/3415/3109 4402/3416/3110
f 4391/3405/3100 4390/3404/3099 4402/3416/3110 4403/3417/3111
f 4392/3406/3101 4391/3405/3100 4403/3417/3111 4404/3418/3112
f 4393/3407/3102 4392/3406/3101 4404/3418/3112 4405/3419/3113
f 4394/3408/3103 4393/3407/3102 4405/3419/3113 4406/3420/3023
f 4396/3409/3104 4395/3410/3013 4407/3422/3115 4408/3421/3114
f 4397/3411/3105 4396/3409/3104 4408/3421/3114 4409/3423/3116
f 4398/3412/3106 4397/3411/3105 4409/3423/3116 4410/3424/3117
f 4399/3413/3107 4398/3412/3106 4410/3424/3117 4411/3425/3118
f 4400/3414/3108 4399/3413/3107 4411/3425/3118 4412/3426/3119
f 4401/3415/3109 4400/3414/3108 4412/3426/3119 4413/3427/3120
f 4402/3416/3110 4401/3415/3109 4413/3427/3120 4414/3428/3121
f 4403/3417/3111 4402/3416/3110 4414/3428/3121 4415/3429/3122
f 4404/3418/3112 4403/3417/3111 4415/3429/3122 4416/3430/3123
f 4405/3419/3113 4404/3418/3112 4416/3430/3123 4417/3431/3124
f 4406/3420/3023 4405/3419/3113 4417/3431/3124 4418/3432/3125
f 4408/3421/3114 4407/3422/3115 4419/3434/3127 4420/3433/3126
f 4409/3423/3116 4408/3421/3114 4420/3433/3126 4421/3435/3128
f 4410/3424/3117 4409/3423/3116 4421/3435/3128 4422/3436/3129
f 4411/3425/3118 4410/3424/3117 4422/3436/3129 4423/3437/3130
f 4412/3426/3119 4411/3425/3118 4423/3437/3130 4424/3438/3131
f 4413/3427/3120 4412/3426/3119 4424/3438/3131 4425/3439/3132
f 4414/3428/3121 4413/3427/3120 4425/3439/3132 4426/3440/3133
f 4415/3429/3122 4414/3428/3121 4426/3440/3133 4427/3441/3134
f 4416/3430/3123 4415/3429/3122 4427/3441/3134 4428/3442/3135
f 4417/3431/3124 4416/3430/3123 4428/3442/3135 4429/3443/3136
f 4418/3432/3125 4417/3431/3124 4429/3443/3136 4430/3444/3137
f 4420/3433/3126 4419/3434/3127 4431/3446/3001 4432/3445/3138
f 4421/3435/3128 4420/3433/3126 4432/3445/3138 4433/3447/3139
f 4422/3436/3129 4421/3435/3128 4433/3447/3139 4434/3448/3140
f 4423/3437/3130 4422/3436/3129 4434/3448/3140 4435/3449/3141
f 4424/3438/3131 4423/3437/3130 4435/3449/3141 4436/3450/3142
f 4425/3439/3132 4424/3438/3131 4436/3450/3142 4437/3451/3143
f 4426/3440/3133 4425/3439/3132 4437/3451/3143 4438/3452/3144
f 4427/3441/3134 4426/3440/3133 4438/3452/3144 4439/3453/3145
f 4428/3442/3135 4427/3441/3134 4439/3453/3145 4440/3454/3146
f 4429/3443/3136 4428/3442/3135 4440/3454/3146 4441/3455/3147
f 4430/3444/3137 4429/3443/3136 4441/3455/3147 4442/3456/3011
f 4432/3445/3138 4431/3446/3001 4443/3458/3149 4444/3457/3148
f 4433/3447/3139 4432/3445/3138 4444/3457/3148 4445/3459/3150
f 4434/3448/3140 4433/3447/3139 4445/3459/3150 4446/3460/3151
f 4435/3449/3141 4434/3448/3140 4446/3460/3151 4447/3461/3152
f 4436/3450/3142 4435/3449/3141 4447/3461/3152 4448/3462/3153
f 4437/3451/3143 4436/3450/3142 4448/3462/3153 4449/3463/3154
f 4438/3452/3144 4437/3451/3143 4449/3463/3154 4450/3464/3155
f 4439/3453/3145 4438/3452/3144 4450/3464/3155 4451/3465/3156
f 4440/3454/3146 4439/3453/3145 4451/3465/3156 4452/3466/3157
f 4441/3455/3147 4440/3454/3146 4452/3466/3157 4453/3467/3158
f 4442/3456/3011 4441/3455/3147 4453/3467/3158 4454/3468/3159
f 4444/3457/3148 4443/3458/3149 4455/3470/3161 4456/3469/3160
f 4445/3459/3150 4444/3457/3148 4456/3469/3160 4457/3471/3162
f 4446/3460/3151 4445/3459/3150 4457/3471/3162 4458/3472/3163
f 4447/3461/3152 4446/3460/3151 4458/3472/3163 4459/3473/3164
f 4448/3462/3153 4447/3461/3152 4459/3473/3164 4460/3474/3165
f 4449/3463/3154 4448/3462/3153 4460/3474/3165 4461/3475/3166
f 4450/3464/3155 4449/3463/3154 4461/3475/3166 4462/3476/3167
f 4451/3465/3156 4450/3464/3155 4462/3476/3167 4463/3477/3168
f 4452/3466/3157 4451/3465/3156 4463/3477/3168 4464/3478/3169
f 4453/3467/3158 4452/3466/3157 4464/3478/3169 4465/3479/3170
f 4454/3468/3159 4453/3467/3158 4465/3479/3170 4466/3480/3171
f 4456/3469/3160 4455/3470/3161 4467/3482/3161 4468/3481/3172
f 4457/3471/3162 4456/3469/3160 4468/3481/3172 4469/3483/3173
f 4458/3472/3163 4457/3471/3162 4469/3483/3173 4470/3484/3174
f 4459/3473/3164 4458/3472/3163 4470/3484/3174 4471/3485/3175
f 4460/3474/3165 4459/3473/3164 4471/3485/3175 4472/3486/3176
f 4461/3475/3166 4460/3474/3165 4472/3486/3176 4473/3487/3177
f 4462/3476/3167 4461/3475/3166 4473/3487/3177 4474/3488/3178
f 4463/3477/3168 4462/3476/3167 4474/3488/3178 4475/3489/3179
f 4464/3478/3169 4463/3477/3168 4475/3489/3179 4476/3490/3180
f 4465/3479/3170 4464/3478/3169 4476/3490/3180 4477/3491/3181
f 4466/3480/3171 4465/3479/3170 4477/3491/3181 4478/3492/3171
f 4468/3481/3172 4467/3482/3161 4479/3494/3182 4480/3493/3172
f 4469/3483/3173 4468/3481/3172 4480/3493/3172 4481/3495/3173
f 4470/3484/3174 4469/3483/3173 4481/3495/3173 4482/3496/3183
f 4471/3485/3175 4470/3484/3174 4482/3496/3183 4483/3497/3184
f 4472/3486/3176 4471/3485/3175 4483/3497/3184 4484/3498/3185
f 4473/3487/3177 4472/3486/3176 4484/3498/3185 4485/3499/3186
f 4474/3488/3178 4473/3487/3177 4485/3499/3186 4486/3500/3187
f 4475/3489/3179 4474/3488/3178 4486/3500/3187 4487/3501/3188
f 4476/3490/3180 4475/3489/3179 4487/3501/3188 4488/3502/3180
f 4477/3491/3181 4476/3490/3180 4488/3502/3180 4489/3503/3181
f 4478/3492/3171 4477/3491/3181 4489/3503/3181 4490/3504/3189
f 4480/3493/3172 4479/3494/3182 4491/3506/3191 4492/3505/3190
f 4481/3495/3173 4480/3493/3172 4492/3505/3190 4493/3507/3192
f 4482/3496/3183 4481/3495/3173 4493/3507/3192 4494/3508/3193
f 4483/3497/3184 4482/3496/3183 4494/3508/3193 4495/3509/3194
f 4484/3498/3185 4483/3497/3184 4495/3509/3194 4496/3510/3195
f 4485/3499/3186 4484/3498/3185 4496/3510/3195 4497/3511/3196
f 4486/3500/3187 4485/3499/3186 4497/3511/3196 4498/3512/3197
f 4487/3501/3188 4486/3500/3187 4498/3512/3197 4499/3513/3198
f 4488/3502/3180 4487/3501/3188 4499/3513/3198 4500/3514/3199
f 4489/3503/3181 4488/3502/3180 4500/3514/3199 4501/3515/3200
f 4490/3504/3189 4489/3503/3181 4501/3515/3200 4502/3516/3201
f 4492/3505/3190 4491/3506/3191 4503/3518/3203 4504/3517/3202
f 4493/3507/3192 4492/3505/3190 4504/3517/3202 4505/3519/3204
f 4494/3508/3193 4493/3507/3192 4505/3519/3204 4506/3520/3205
f 4495/3509/3194 4494/3508/3193 4506/3520/3205 4507/3521/3206
f 4496/3510/3195 4495/3509/3194 4507/3521/3206 4508/3522/3207
f 4497/3511/3196 4496/3510/3195 4508/3522/3207 4509/3523/3208
f 4498/3512/3197 4497/3511/3196 4509/3523/3208 4510/3524/3209
f 4499/3513/3198 4498/3512/3197 4510/3524/3209 4511/3525/3210
f 4500/3514/3199 4499/3513/3198 4511/3525/3210 4512/3526/3211
f 4501/3515/3200 4500/3514/3199 4512/3526/3211 4513/3527/3212
f 4502/3516/3201 4501/3515/3200 4513/3527/3212 4514/3528/3213
f 4504/3517/3202 4503/3518/3203 4515/3530/3215 4516/3529/3214
f 4505/3519/3204 4504/3517/3202 4516/3529/3214 4517/3531/3216
f 4506/3520/3205 4505/3519/3204 4517/3531/3216 4518/3532/3217
f 4507/3521/3206 4506/3520/3205 4518/3532/3217 4519/3533/3218
f 4508/3522/3207 4507/3521/3206 4519/3533/3218 4520/3534/3219
f 4509/3523/3208 4508/3522/3207 4520/3534/3219 4521/3535/3220
f 4510/3524/3209 4509/3523/3208 4521/3535/3220 4522/3536/3221
f 4511/3525/3210 4510/3524/3209 4522/3536/3221 4523/3537/3222
f 4512/3526/3211 4511/3525/3210 4523/3537/3222 4524/3538/3223
f 4513/3527/3212 4512/3526/3211 4524/3538/3223 4525/3539/3224
f 4514/3528/3213 4513/3527/3212 4525/3539/3224 4526/3540/3225
f 4516/3529/3214 4515/3530/3215 4527/3542/3227 4528/3541/3226
f 4517/3531/3216 4516/3529/3214 4528/3541/3226 4529/3543/3228
f 4518/3532/3217 4517/3531/3216 4529/3543/3228 4530/3544/3229
f 4519/3533/3218 4518/3532/3217 4530/3544/3229 4531/3545/3230
f 4520/3534/3219 4519/3533/3218 4531/3545/3230 4532/3546/3231
f 4521/3535/3220 4520/3534/3219 4532/3546/3231 4533/3547/3232
f 4522/3536/3221 4521/3535/3220 4533/3547/3232 4534/3548/3233
f 4523/3537/3222 4522/3536/3221 4534/3548/3233 4535/3549/3234
f 4524/3538/3223 4523/3537/3222 4535/3549/3234 4536/3550/3235
f 4525/3539/3224 4524/3538/3223 4536/3550/3235 4537/3551/3236
f 4526/3540/3225 4525/3539/3224 4537/3551/3236 4538/3552/3237
f 4528/3541/3226 4527/3542/3227 4539/3554/3239 4540/3553/3238
f 4529/3543/3228 4528/3541/3226 4540/3553/3238 4541/3555/3240
f 4530/3544/3229 4529/3543/3228 4541/3555/3240 4542/3556/3241
f 4531/3545/3230 4530/3544/3229 4542/3556/3241 4543/3557/3242
f 4532/3546/3231 4531/3545/3230 4543/3557/3242 4544/3558/3243
f 4533/3547/3232 4532/3546/3231 4544/3558/3243 4545/3559/3244
f 4534/3548/3233 4533/3547/3232 4545/3559/3244 4546/3560/3245
f 4535/3549/3234 4534/3548/3233 4546/3560/3245 4547/3561/3246
f 4536/3550/3235 4535/3549/3234 4547/3561/3246 4548/3562/3247
f 4537/3551/3236 4536/3550/3235 4548/3562/3247 4549/3563/3248
f 4538/3552/3237 4537/3551/3236 4549/3563/3248 4550/3564/3249
f 4540/3553/3238 4539/3554/3239 4551/3566/3251 4552/3565/3250
f 4541/3555/3240 4540/3553/3238 4552/3565/3250 4553/3567/3252
f 4542/3556/3241 4541/3555/3240 4553/3567/3252 4554/3568/3253
f 4543/3557/3242 4542/3556/3241 4554/3568/3253 4555/3569/3254
f 4544/3558/3243 4543/3557/3242 4555/3569/3254 4556/3570/3255
f 4545/3559/3244 4544/3558/3243 4556/3570/3255 4557/3571/3256
f 4546/3560/3245 4545/3559/3244 4557/3571/3256 4558/3572/3257
f 4547/3561/3246 4546/3560/3245 4558/3572/3257 4559/3573/3258
f 4548/3562/3247 4547/3561/3246 4559/3573/3258 4560/3574/3259
f 4549/3563/3248 4548/3562/3247 4560/3574/3259 4561/3575/3260
f 4550/3564/3249 4549/3563/3248 4561/3575/3260 4562/3576/3261
f 4552/3565/3250 4551/3566/3251 4563/3578/3263 4564/3577/3262
f 4553/3567/3252 4552/3565/3250 4564/3577/3262 4565/3579/3264
f 4554/3568/3253 4553/3567/3252 4565/3579/3264 4566/3580/3265
f 4555/3569/3254 4554/3568/3253 4566/3580/3265 4567/3581/3266
f 4556/3570/3255 4555/3569/3254 4567/3581/3266 4568/3582/3267
f 4557/3571/3256 4556/3570/3255 4568/3582/3267 4569/3583/3268
f 4558/3572/3257 4557/3571/3256 4569/3583/3268 4570/3584/3269
f 4559/3573/3258 4558/3572/3257 4570/3584/3269 4571/3585/3270
f 4560/3574/3259 4559/3573/3258 4571/3585/3270 4572/3586/3271
f 4561/3575/3260 4560/3574/3259 4572/3586/3271 4573/3587/3272
f 4562/3576/3261 4561/3575/3260 4573/3587/3272 4574/3588/3273
f 4564/3577/3262 4563/3578/3263 4575/3590/3275 4576/3589/3274
f 4565/3579/3264 4564/3577/3262 4576/3589/3274 4577/3591/3276
f 4566/3580/3265 4565/3579/3264 4577/3591/3276 4578/3592/3277
f 4567/3581/3266 4566/3580/3265 4578/3592/3277 4579/3593/3278
f 4568/3582/3267 4567/3581/3266 4579/3593/3278 4580/3594/3279
f 4569/3583/3268 4568/3582/3267 4580/3594/3279 4581/3595/3280
f 4570/3584/3269 4569/3583/3268 4581/3595/3280 4582/3596/3281
f 4571/3585/3270 4570/3584/3269 4582/3596/3281 4583/3597/3282
f 4572/3586/3271 4571/3585/3270 4583/3597/3282 4584/3598/3283
f 4573/3587/3272 4572/3586/3271 4584/3598/3283 4585/3599/3284
f 4574/3588/3273 4573/3587/3272 4585/3599/3284 4586/3600/3285
f 4576/3589/3274 4575/3590/3275 4587/3602/3287 4588/3601/3286
f 4577/3591/3276 4576/3589/3274 4588/3601/3286 4589/3603/3288
f 4578/3592/3277 4577/3591/3276 4589/3603/3288 4590/3604/3289
f 4579/3593/3278 4578/3592/3277 4590/3604/3289 4591/3605/3290
f 4580/3594/3279 4579/3593/3278 4591/3605/3290 4592/3606/3291
f 4581/3595/3280 4580/3594/3279 4592/3606/3291 4593/3607/3292
f 4582/3596/3281 4581/3595/3280 4593/3607/3292 4594/3608/3293
f 4583/3597/3282 4582/3596/3281 4594/3608/3293 4595/3609/3294
f 4584/3598/3283 4583/3597/3282 4595/3609/3294 4596/3610/3295
f 4585/3599/3284 4584/3598/3283 4596/3610/3295 4597/3611/3296
f 4586/3600/3285 4585/3599/3284 4597/3611/3296 4598/3612/3297
f 4588/3601/3286 4587/3602/3287 4599/3614/3299 4600/3613/3298
f 4589/3603/3288 4588/3601/3286 4600/3613/3298 4601/3615/3300
f 4590/3604/3289 4589/3603/3288 4601/3615/3300 4602/3616/3301
f 4591/3605/3290 4590/3604/3289 4602/3616/3301 4603/3617/3302
f 4592/3606/3291 4591/3605/3290 4603/3617/3302 4604/3618/3303
f 4593/3607/3292 4592/3606/3291 4604/3618/3303 4605/3619/3304
f 4594/3608/3293 4593/3607/3292 4605/3619/3304 4606/3620/3305
f 4595/3609/3294 4594/3608/3293 4606/3620/3305 4607/3621/3306
f 4596/3610/3295 4595/3609/3294 4607/3621/3306 4608/3622/3307
f 4597/3611/3296 4596/3610/3295 4608/3622/3307 4609/3623/3308
f 4598/3612/3297 4597/3611/3296 4609/3623/3308 4610/3624/3309
f 4600/3613/3298 4599/3614/3299 4611/3626/3311 4612/3625/3310
f 4601/3615/3300 4600/3613/3298 4612/3625/3310 4613/3627/3312
f 4602/3616/3301 4601/3615/3300 4613/3627/3312 4614/3628/3313
f 4603/3617/3302 4602/3616/3301 4614/3628/3313 4615/3629/3314
f 4604/3618/3303 4603/3617/3302 4615/3629/3314 4616/3630/3315
f 4605/3619/3304 4604/3618/3303 4616/3630/3315 4617/3631/3316
f 4606/3620/3305 4605/3619/3304 4617/3631/3316 4618/3632/3317
f 4607/3621/3306 4606/3620/3305 4618/3632/3317 4619/3633/3318
f 4608/3622/3307 4607/3621/3306 4619/3633/3318 4620/3634/3319
f 4609/3623/3308 4608/3622/3307 4620/3634/3319 4621/3635/3320
f 4610/3624/3309 4609/3623/3308 4621/3635/3320 4622/3636/3321
f 4612/3625/3310 4611/3626/3311 4623/3638/3323 4624/3637/3322
f 4613/3627/3312 4612/3625/3310 4624/3637/3322 4625/3639/3324
f 4614/3628/3313 4613/3627/3312 4625/3639/3324 4626/3640/3325
f 4615/3629/3314 4614/3628/3313 4626/3640/3325 4627/3641/3326
f 4616/3630/3315 4615/3629/3314 4627/3641/3326 4628/3642/3327
f 4617/3631/3316 4616/3630/3315 4628/3642/3327 4629/3643/3328
f 4618/3632/3317 4617/3631/3316 4629/3643/3328 4630/3644/3329
f 4619/3633/3318 4618/3632/3317 4630/3644/3329 4631/3645/3330
f 4620/3634/3319 4619/3633/3318 4631/3645/3330 4632/3646/3331
f 4621/3635/3320 4620/3634/3319 4632/3646/3331 4633/3647/3332
f 4622/3636/3321 4621/3635/3320 4633/3647/3332 4634/3648/3333
f 4624/3637/3322 4623/3638/3323 4635/3650/3335 4636/3649/3334
f 4625/3639/3324 4624/3637/3322 4636/3649/3334 4637/3651/3336
f 4626/3640/3325 4625/3639/3324 4637/3651/3336 4638/3652/3337
f 4627/3641/3326 4626/3640/3325 4638/3652/3337 4639/3653/3338
f 4628/3642/3327 4627/3641/3326 4639/3653/3338 4640/3654/3339
f 4629/3643/3328 4628/3642/3327 4640/3654/3339 4641/3655/3340
f 4630/3644/3329 4629/3643/3328 4641/3655/3340 4642/3656/3341
f 4631/3645/3330 4630/3644/3329 4642/3656/3341 4643/3657/3342
f 4632/3646/3331 4631/3645/3330 4643/3657/3342 4644/3658/3343
f 4633/3647/3332 4632/3646/3331 4644/3658/3343 4645/3659/3344
f 4634/3648/3333 4633/3647/3332 4645/3659/3344 4646/3660/3345
f 4636/3649/3334 4635/3650/3335 4647/3662/3347 4648/3661/3346
f 4637/3651/3336 4636/3649/3334 4648/3661/3346 4649/3663/3348
f 4638/3652/3337 4637/3651/3336 4649/3663/3348 4650/3664/3349
f 4639/3653/3338 4638/3652/3337 4650/3664/3349 4651/3665/3350
f 4640/3654/3339 4639/3653/3338 4651/3665/3350 4652/3666/3351
f 4641/3655/3340 4640/3654/3339 4652/3666/3351 4653/3667/3352
f 4642/3656/3341 4641/3655/3340 4653/3667/3352 4654/3668/3353
f 4643/3657/3342 4642/3656/3341 4654/3668/3353 4655/3669/3354
f 4644/3658/3343 4643/3657/3342 4655/3669/3354 4656/3670/3355
f 4645/3659/3344 4644/3658/3343 4656/3670/3355 4657/3671/3356
f 4646/3660/3345 4645/3659/3344 4657/3671/3356 4658/3672/3357
f 4648/3661/3346 4647/3662/3347 4659/3674/3359 4660/3673/3358
f 4649/3663/3348 4648/3661/3346 4660/3673/3358 4661/3675/3360
f 4650/3664/3349 4649/3663/3348 4661/3675/3360 4662/3676/3361
f 4651/3665/3350 4650/3664/3349 4662/3676/3361 4663/3677/3362
f 4652/3666/3351 4651/3665/3350 4663/3677/3362 4664/3678/3363
f 4653/3667/3352 4652/3666/3351 4664/3678/3363 4665/3679/3364
f 4654/3668/3353 4653/3667/3352 4665/3679/3364 4666/3680/3365
f 4655/3669/3354 4654/3668/3353 4666/3680/3365 4667/3681/3366
f 4656/3670/3355 4655/3669/3354 4667/3681/3366 4668/3682/3367
f 4657/3671/3356 4656/3670/3355 4668/3682/3367 4669/3683/3368
f 4658/3672/3357 4657/3671/3356 4669/3683/3368 4670/3684/3369
f 4660/3673/3358 4659/3674/3359 4671/3686/1423 4672/3685/1470
f 4661/3675/3360 4660/3673/3358 4672/3685/1470 4673/3687/1472
f 4662/3676/3361 4661/3675/3360 4673/3687/1472 4674/3688/1474
f 4663/3677/3362 4662/3676/3361 4674/3688/1474 4675/3689/1476
f 4664/3678/3363 4663/3677/3362 4675/3689/1476 4676/3690/3370
f 4665/3679/3364 4664/3678/3363 4676/3690/3370 4677/3691/3371
f 4666/3680/3365 4665/3679/3364 4677/3691/3371 4678/3692/1482
f 4667/3681/3366 4666/3680/3365 4678/3692/1482 4679/3693/1484
f 4668/3682/3367 4667/3681/3366 4679/3693/1484 4680/3694/1486
f 4669/3683/3368 4668/3682/3367 4680/3694/1486 4681/3695/1488
f 4670/3684/3369 4669/3683/3368 4681/3695/1488 4682/3696/1433
f 4672/3685/1470 4671/3686/1423 4683/3698/1423 4684/3697/1422
f 4673/3687/1472 4672/3685/1470 4684/3697/1422 4685/3699/1424
f 4674/3688/1474 4673/3687/1472 4685/3699/1424 4686/3700/1425
f 4675/3689/1476 4674/3688/1474 4686/3700/1425 4687/3701/1426
f 4676/3690/3370 4675/3689/1476 4687/3701/1426 4688/3702/1427
f 4677/3691/3371 4676/3690/3370 4688/3702/1427 4689/3703/1428
f 4678/3692/1482 4677/3691/3371 4689/3703/1428 4690/3704/1429
f 4679/3693/1484 4678/3692/1482 4690/3704/1429 4691/3705/1430
f 4680/3694/1486 4679/3693/1484 4691/3705/1430 4692/3706/1431
f 4681/3695/1488 4680/3694/1486 4692/3706/1431 4693/3707/1432
f 4682/3696/1433 4681/3695/1488 4693/3707/1432 4694/3708/1433
f 4684/3697/1422 4683/3698/1423 4695/3710/1166 4696/3709/1177
f 4685/3699/1424 4684/3697/1422 4696/3709/1177 4697/3711/1178
f 4686/3700/1425 4685/3699/1424 4697/3711/1178 4698/3712/1179
f 4687/3701/1426 4686/3700/1425 4698/3712/1179 4699/3713/1180
f 4688/3702/1427 4687/3701/1426 4699/3713/1180 4700/3714/1181
f 4689/3703/1428 4688/3702/1427 4700/3714/1181 4701/3715/1182
f 4690/3704/1429 4689/3703/1428 4701/3715/1182 4702/3716/1183
f 4691/3705/1430 4690/3704/1429 4702/3716/1183 4703/3717/1184
f 4692/3706/1431 4691/3705/1430 4703/3717/1184 4704/3718/1185
f 4693/3707/1432 4692/3706/1431 4704/3718/1185 4705/3719/1186
f 4694/3708/1433 4693/3707/1432 4705/3719/1186 4706/3720/1176
f 4696/3709/1177 4695/3710/1166 4707/3722/1188 4708/3721/1187
f 4697/3711/1178 4696/3709/1177 4708/3721/1187 4709/3723/1189
f 4698/3712/1179 4697/3711/1178 4709/3723/1189 4710/3724/1190
f 4699/3713/1180 4698/3712/1179 4710/3724/1190 4711/3725/1191
f 4700/3714/1181 4699/3713/1180 4711/3725/1191 4712/3726/1192
f 4701/3715/1182 4700/3714/1181 4712/3726/1192 4713/3727/1193
f 4702/3716/1183 4701/3715/1182 4713/3727/1193 4714/3728/1194
f 4703/3717/1184 4702/3716/1183 4714/3728/1194 4715/3729/1195
f 4704/3718/1185 4703/3717/1184 4715/3729/1195 4716/3730/1196
f 4705/3719/1186 4704/3718/1185 4716/3730/1196 4717/3731/1197
f 4706/3720/1176 4705/3719/1186 4717/3731/1197 4718/3732/1198
f 4708/3721/1187 4707/3722/1188 4719/3734/3373 4720/3733/3372
f 4709/3723/1189 4708/3721/1187 4720/3733/3372 4721/3735/3374
f 4710/3724/1190 4709/3723/1189 4721/3735/3374 4722/3736/3375
f 4711/3725/1191 4710/3724/1190 4722/3736/3375 4723/3737/3376
f 4712/3726/1192 4711/3725/1191 4723/3737/3376 4724/3738/3377
f 4713/3727/1193 4712/3726/1192 4724/3738/3377 4725/3739/3378
f 4714/3728/1194 4713/3727/1193 4725/3739/3378 4726/3740/3379
f 4715/3729/1195 4714/3728/1194 4726/3740/3379 4727/3741/3380
f 4716/3730/1196 4715/3729/1195 4727/3741/3380 4728/3742/3381
f 4717/3731/1197 4716/3730/1196 4728/3742/3381 4729/3743/3382
f 4718/3732/1198 4717/3731/1197 4729/3743/3382 4730/3744/3383
f 4720/3733/3372 4719/3734/3373 3927/14/2645 3928/1542/2642
f 4721/3735/3374 4720/3733/3372 3928/1542/2642 3929/1543/2646
f 4722/3736/3375 4721/3735/3374 3929/1543/2646 3930/1544/2648
f 4723/3737/3376 4722/3736/3375 3930/1544/2648 3931/1545/2650
f 4724/3738/3377 4723/3737/3376 3931/1545/2650 3932/1546/2652
f 4725/3739/3378 4724/3738/3377 3932/1546/2652 3933/1547/2654
f 4726/3740/3379 4725/3739/3378 3933/1547/2654 3934/1548/2656
f 4727/3741/3380 4726/3740/3379 3934/1548/2656 3935/1549/2658
f 4728/3742/3381 4727/3741/3380 3935/1549/2658 3936/1550/2660
f 4729/3743/3382 4728/3742/3381 3936/1550/2660 3937/1551/2662
f 4730/3744/3383 4729/3743/3382 3937/1551/2662 3938/1552/2664
f 4732/322/3384 4731/5/424 4743/3746/3386 4744/3745/3385
f 4733/325/3387 4732/322/3384 4744/3745/3385 4745/3747/3388
f 4734/327/3389 4733/325/3387 4745/3747/3388 4746/3748/3390
f 4735/329/3391 4734/327/3389 4746/3748/3390 4747/3749/3392
f 4736/331/3393 4735/329/3391 4747/3749/3392 4748/3750/3394
f 4737/333/3395 4736/331/3393 4748/3750/3394 4749/3751/3396
f 4738/335/3397 4737/333/3395 4749/3751/3396 4750/3752/3398
f 4739/337/3399 4738/335/3397 4750/3752/3398 4751/3753/3400
f 4740/339/3401 4739/337/3399 4751/3753/3400 4752/3754/3402
f 4741/341/3403 4740/339/3401 4752/3754/3402 4753/3755/3404
f 4742/343/434 4741/341/3403 4753/3755/3404 4754/3756/3405
f 4744/3745/3385 4743/3746/3386 4755/3758/3407 4756/3757/3406
f 4745/3747/3388 4744/3745/3385 4756/3757/3406 4757/3759/3408
f 4746/3748/3390 4745/3747/3388 4757/3759/3408 4758/3760/3409
f 4747/3749/3392 4746/3748/3390 4758/3760/3409 4759/3761/3410
f 4748/3750/3394 4747/3749/3392 4759/3761/3410 4760/3762/3411
f 4749/3751/3396 4748/3750/3394 4760/3762/3411 4761/3763/3412
f 4750/3752/3398 4749/3751/3396 4761/3763/3412 4762/3764/3413
f 4751/3753/3400 4750/3752/3398 4762/3764/3413 4763/3765/3414
f 4752/3754/3402 4751/3753/3400 4763/3765/3414 4764/3766/3415
f 4753/3755/3404 4752/3754/3402 4764/3766/3415 4765/3767/3416
f 4754/3756/3405 4753/3755/3404 4765/3767/3416 4766/3768/3417
f 4756/3757/3406 4755/3758/3407 4767/3770/3419 4768/3769/3418
f 4757/3759/3408 4756/3757/3406 4768/3769/3418 4769/3771/3420
f 4758/3760/3409 4757/3759/3408 4769/3771/3420 4770/3772/3421
f 4759/3761/3410 4758/3760/3409 4770/3772/3421 4771/3773/3422
f 4760/3762/3411 4759/3761/3410 4771/3773/3422 4772/3774/3423
f 4761/3763/3412 4760/3762/3411 4772/3774/3423 4773/3775/3424
f 4762/3764/3413 4761/3763/3412 4773/3775/3424 4774/3776/3425
f 4763/3765/3414 4762/3764/3413 4774/3776/3425 4775/3777/3426
f 4764/3766/3415 4763/3765/3414 4775/3777/3426 4776/3778/3427
f 4765/3767/3416 4764/3766/3415 4776/3778/3427 4777/3779/3428
f 4766/3768/3417 4765/3767/3416 4777/3779/3428 4778/3780/3429
f 4768/3769/3418 4767/3770/3419 4779/3782/3431 4780/3781/3430
f 4769/3771/3420 4768/3769/3418 4780/3781/3430 4781/3783/3432
f 4770/3772/3421 4769/3771/3420 4781/3783/3432 4782/3784/3433
f 4771/3773/3422 4770/3772/3421 4782/3784/3433 4783/3785/3434
f 4772/3774/3423 4771/3773/3422 4783/3785/3434 4784/3786/3435
f 4773/3775/3424 4772/3774/3423 4784/3786/3435 4785/3787/3436
f 4774/3776/3425 4773/3775/3424 4785/3787/3436 4786/3788/3437
f 4775/3777/3426 4774/3776/3425 4786/3788/3437 4787/3789/3438
f 4776/3778/3427 4775/3777/3426 4787/3789/3438 4788/3790/3439
f 4777/3779/3428 4776/3778/3427 4788/3790/3439 4789/3791/3440
f 4778/3780/3429 4777/3779/3428 4789/3791/3440 4790/3792/3441
f 4780/3781/3430 4779/3782/3431 4791/3794/3443 4792/3793/3442
f 4781/3783/3432 4780/3781/3430 4792/3793/3442 4793/3795/3444
f 4782/3784/3433 4781/3783/3432 4793/3795/3444 4794/3796/3445
f 4783/3785/3434 4782/3784/3433 4794/3796/3445 4795/3797/3446
f 4784/3786/3435 4783/3785/3434 4795/3797/3446 4796/3798/3447
f 4785/3787/3436 4784/3786/3435 4796/3798/3447 4797/3799/3448
f 4786/3788/3437 4785/3787/3436 4797/3799/3448 4798/3800/3449
f 4787/3789/3438 4786/3788/3437 4798/3800/3449 4799/3801/3450
f 4788/3790/3439 4787/3789/3438 4799/3801/3450 4800/3802/3451
f 4789/3791/3440 4788/3790/3439 4800/3802/3451 4801/3803/3452
f 4790/3792/3441 4789/3791/3440 4801/3803/3452 4802/3804/3453
f 4792/3793/3442 4791/3794/3443 4803/3806/3455 4804/3805/3454
f 4793/3795/3444 4792/3793/3442 4804/3805/3454 4805/3807/3456
f 4794/3796/3445 4793/3795/3444 4805/3807/3456 4806/3808/3457
f 4795/3797/3446 4794/3796/3445 4806/3808/3457 4807/3809/3458
f 4796/3798/3447 4795/3797/3446 4807/3809/3458 4808/3810/3459
f 4797/3799/3448 4796/3798/3447 4808/3810/3459 4809/3811/3460
f 4798/3800/3449 4797/3799/3448 4809/3811/3460 4810/3812/3461
f 4799/3801/3450 4798/3800/3449 4810/3812/3461 4811/3813/3462
f 4800/3802/3451 4799/3801/3450 4811/3813/3462 4812/3814/3463
f 4801/3803/3452 4800/3802/3451 4812/3814/3463 4813/3815/3464
f 4802/3804/3453 4801/3803/3452 4813/3815/3464 4814/3816/3465
f 4804/3805/3454 4803/3806/3455 4815/3818/3467 4816/3817/3466
f 4805/3807/3456 4804/3805/3454 4816/3817/3466 4817/3819/3468
f 4806/3808/3457 4805/3807/3456 4817/3819/3468 4818/3820/3469
f 4807/3809/3458 4806/3808/3457 4818/3820/3469 4819/3821/3470
f 4808/3810/3459 4807/3809/3458 4819/3821/3470 4820/3822/3471
f 4809/3811/3460 4808/3810/3459 4820/3822/3471 4821/3823/3472
f 4810/3812/3461 4809/3811/3460 4821/3823/3472 4822/3824/3473
f 4811/3813/3462 4810/3812/3461 4822/3824/3473 4823/3825/3474
f 4812/3814/3463 4811/3813/3462 4823/3825/3474 4824/3826/3475
f 4813/3815/3464 4812/3814/3463 4824/3826/3475 4825/3827/3476
f 4814/3816/3465 4813/3815/3464 4825/3827/3476 4826/3828/3477
f 4816/3817/3466 4815/3818/3467 4827/3830/3479 4828/3829/3478
f 4817/3819/3468 4816/3817/3466 4828/3829/3478 4829/3831/3480
f 4818/3820/3469 4817/3819/3468 4829/3831/3480 4830/3832/3481
f 4819/3821/3470 4818/3820/3469 4830/3832/3481 4831/3833/3482
f 4820/3822/3471 4819/3821/3470 4831/3833/3482 4832/3834/3483
f 4821/3823/3472 4820/3822/3471 4832/3834/3483 4833/3835/3484
f 4822/3824/3473 4821/3823/3472 4833/3835/3484 4834/3836/3485
f 4823/3825/3474 4822/3824/3473 4834/3836/3485 4835/3837/3486
f 4824/3826/3475 4823/3825/3474 4835/3837/3486 4836/3838/3487
f 4825/3827/3476 4824/3826/3475 4836/3838/3487 4837/3839/3488
f 4826/3828/3477 4825/3827/3476 4837/3839/3488 4838/3840/3489
f 4828/3829/3478 4827/3830/3479 4839/74/3491 4840/729/3490
f 4829/3831/3480 4828/3829/3478 4840/729/3490 4841/730/3492
f 4830/3832/3481 4829/3831/3480 4841/730/3492 4842/731/3493
f 4831/3833/3482 4830/3832/3481 4842/731/3493 4843/732/3494
f 4832/3834/3483 4831/3833/3482 4843/732/3494 4844/733/3495
f 4833/3835/3484 4832/3834/3483 4844/733/3495 4845/734/3496
f 4834/3836/3485 4833/3835/3484 4845/734/3496 4846/735/3497
f 4835/3837/3486 4834/3836/3485 4846/735/3497 4847/736/3498
f 4836/3838/3487 4835/3837/3486 4847/736/3498 4848/737/3499
f 4837/3839/3488 4836/3838/3487 4848/737/3499 4849/738/3500
f 4838/3840/3489 4837/3839/3488 4849/738/3500 4850/739/3501
f 4840/729/3490 4839/74/3491 4851/3842/3503 4852/3841/3502
f 4841/730/3492 4840/729/3490 4852/3841/3502 4853/3843/3504
f 4842/731/3493 4841/730/3492 4853/3843/3504 4854/3844/3505
f 4843/732/3494 4842/731/3493 4854/3844/3505 4855/3845/3506
f 4844/733/3495 4843/732/3494 4855/3845/3506 4856/3846/3507
f 4845/734/3496 4844/733/3495 4856/3846/3507 4857/3847/3508
f 4846/735/3497 4845/734/3496 4857/3847/3508 4858/3848/3509
f 4847/736/3498 4846/735/3497 4858/3848/3509 4859/3849/3510
f 4848/737/3499 4847/736/3498 4859/3849/3510 4860/3850/3511
f 4849/738/3500 4848/737/3499 4860/3850/3511 4861/3851/3512
f 4850/739/3501 4849/738/3500 4861/3851/3512 4862/3852/3513
f 4852/3841/3502 4851/3842/3503 4863/3854/3515 4864/3853/3514
f 4853/3843/3504 4852/3841/3502 4864/3853/3514 4865/3855/3516
f 4854/3844/3505 4853/3843/3504 4865/3855/3516 4866/3856/3517
f 4855/3845/3506 4854/3844/3505 4866/3856/3517 4867/3857/3518
f 4856/3846/3507 4855/3845/3506 4867/3857/3518 4868/3858/3519
f 4857/3847/3508 4856/3846/3507 4868/3858/3519 4869/3859/3520
f 4858/3848/3509 4857/3847/3508 4869/3859/3520 4870/3860/3521
f 4859/3849/3510 4858/3848/3509 4870/3860/3521 4871/3861/3522
f 4860/3850/3511 4859/3849/3510 4871/3861/3522 4872/3862/3523
f 4861/3851/3512 4860/3850/3511 4872/3862/3523 4873/3863/3524
f 4862/3852/3513 4861/3851/3512 4873/3863/3524 4874/3864/3525
f 4864/3853/3514 4863/3854/3515 4875/3866/3527 4876/3865/3526
f 4865/3855/3516 4864/3853/3514 4876/3865/3526 4877/3867/3528
f 4866/3856/3517 4865/3855/3516 4877/3867/3528 4878/3868/3529
f 4867/3857/3518 4866/3856/3517 4878/3868/3529 4879/3869/3530
f 4868/3858/3519 4867/3857/3518 4879/3869/3530 4880/3870/3531
f 4869/3859/3520 4868/3858/3519 4880/3870/3531 4881/3871/3532
f 4870/3860/3521 4869/3859/3520 4881/3871/3532 4882/3872/3533
f 4871/3861/3522 4870/3860/3521 4882/3872/3533 4883/3873/3534
f 4872/3862/3523 4871/3861/3522 4883/3873/3534 4884/3874/3535
f 4873/3863/3524 4872/3862/3523 4884/3874/3535 4885/3875/3536
f 4874/3864/3525 4873/3863/3524 4885/3875/3536 4886/3876/3537
f 4876/3865/3526 4875/3866/3527 4887/3878/2325 4888/3877/3538
f 4877/3867/3528 4876/3865/3526 4888/3877/3538 4889/3879/3539
f 4878/3868/3529 4877/3867/3528 4889/3879/3539 4890/3880/3540
f 4879/3869/3530 4878/3868/3529 4890/3880/3540 4891/3881/3541
f 4880/3870/3531 4879/3869/3530 4891/3881/3541 4892/3882/3542
f 4881/3871/3532 4880/3870/3531 4892/3882/3542 4893/3883/3543
f 4882/3872/3533 4881/3871/3532 4893/3883/3543 4894/3884/3544
f 4883/3873/3534 4882/3872/3533 4894/3884/3544 4895/3885/3545
f 4884/3874/3535 4883/3873/3534 4895/3885/3545 4896/3886/3546
f 4885/3875/3536 4884/3874/3535 4896/3886/3546 4897/3887/3547
f 4886/3876/3537 4885/3875/3536 4897/3887/3547 4898/3888/2335
f 4888/3877/3538 4887/3878/2325 4899/3890/3549 4900/3889/3548
f 4889/3879/3539 4888/3877/3538 4900/3889/3548 4901/3891/3550
f 4890/3880/3540 4889/3879/3539 4901/3891/3550 4902/3892/3551
f 4891/3881/3541 4890/3880/3540 4902/3892/3551 4903/3893/3552
f 4892/3882/3542 4891/3881/3541 4903/3893/3552 4904/3894/3553
f 4893/3883/3543 4892/3882/3542 4904/3894/3553 4905/3895/3554
f 4894/3884/3544 4893/3883/3543 4905/3895/3554 4906/3896/3555
f 4895/3885/3545 4894/3884/3544 4906/3896/3555 4907/3897/3556
f 4896/3886/3546 4895/3885/3545 4907/3897/3556 4908/3898/3557
f 4897/3887/3547 4896/3886/3546 4908/3898/3557 4909/3899/3558
f 4898/3888/2335 4897/3887/3547 4909/3899/3558 4910/3900/3559
f 4900/3889/3548 4899/3890/3549 4911/3902/3561 4912/3901/3560
f 4901/3891/3550 4900/3889/3548 4912/3901/3560 4913/3903/3562
f 4902/3892/3551 4901/3891/3550 4913/3903/3562 4914/3904/3563
f 4903/3893/3552 4902/3892/3551 4914/3904/3563 4915/3905/3564
f 4904/3894/3553 4903/3893/3552 4915/3905/3564 4916/3906/3565
f 4905/3895/3554 4904/3894/3553 4916/3906/3565 4917/3907/3566
f 4906/3896/3555 4905/3895/3554 4917/3907/3566 4918/3908/3567
f 4907/3897/3556 4906/3896/3555 4918/3908/3567 4919/3909/3568
f 4908/3898/3557 4907/3897/3556 4919/3909/3568 4920/3910/3569
f 4909/3899/3558 4908/3898/3557 4920/3910/3569 4921/3911/3570
f 4910/3900/3559 4909/3899/3558 4921/3911/3570 4922/3912/3571
f 4912/3901/3560 4911/3902/3561 4923/3914/3573 4924/3913/3572
f 4913/3903/3562 4912/3901/3560 4924/3913/3572 4925/3915/3574
f 4914/3904/3563 4913/3903/3562 4925/3915/3574 4926/3916/3575
f 4915/3905/3564 4914/3904/3563 4926/3916/3575 4927/3917/3576
f 4916/3906/3565 4915/3905/3564 4927/3917/3576 4928/3918/3577
f 4917/3907/3566 4916/3906/3565 4928/3918/3577 4929/3919/3578
f 4918/3908/3567 4917/3907/3566 4929/3919/3578 4930/3920/3579
f 4919/3909/3568 4918/3908/3567 4930/3920/3579 4931/3921/3580
f 4920/3910/3569 4919/3909/3568 4931/3921/3580 4932/3922/3581
f 4921/3911/3570 4920/3910/3569 4932/3922/3581 4933/3923/3582
f 4922/3912/3571 4921/3911/3570 4933/3923/3582 4934/3924/3583
f 4924/3913/3572 4923/3914/3573 4935/3926/3585 4936/3925/3584
f 4925/3915/3574 4924/3913/3572 4936/3925/3584 4937/3927/3586
f 4926/3916/3575 4925/3915/3574 4937/3927/3586 4938/3928/3587
f 4927/3917/3576 4926/3916/3575 4938/3928/3587 4939/3929/3588
f 4928/3918/3577 4927/3917/3576 4939/3929/3588 4940/3930/3589
f 4929/3919/3578 4928/3918/3577 4940/3930/3589 4941/3931/3590
f 4930/3920/3579 4929/3919/3578 4941/3931/3590 4942/3932/3591
f 4931/3921/3580 4930/3920/3579 4942/3932/3591 4943/3933/3592
f 4932/3922/3581 4931/3921/3580 4943/3933/3592 4944/3934/3593
f 4933/3923/3582 4932/3922/3581 4944/3934/3593 4945/3935/3594
f 4934/3924/3583 4933/3923/3582 4945/3935/3594 4946/3936/3595
f 4936/3925/3584 4935/3926/3585 4947/50/3597 4948/1135/3596
f 4937/3927/3586 4936/3925/3584 4948/1135/3596 4949/1136/3598
f 4938/3928/3587 4937/3927/3586 4949/1136/3598 4950/1137/3599
f 4939/3929/3588 4938/3928/3587 4950/1137/3599 4951/1138/3600
f 4940/3930/3589 4939/3929/3588 4951/1138/3600 4952/1139/3601
f 4941/3931/3590 4940/3930/3589 4952/1139/3601 4953/1140/3602
f 4942/3932/3591 4941/3931/3590 4953/1140/3602 4954/1141/3603
f 4943/3933/3592 4942/3932/3591 4954/1141/3603 4955/1142/3604
f 4944/3934/3593 4943/3933/3592 4955/1142/3604 4956/1143/3605
f 4945/3935/3594 4944/3934/3593 4956/1143/3605 4957/1144/3606
f 4946/3936/3595 4945/3935/3594 4957/1144/3606 4958/1145/3607
f 4948/1135/3596 4947/50/3597 4959/3938/3609 4960/3937/3608
f 4949/1136/3598 4948/1135/3596 4960/3937/3608 4961/3939/3610
f 4950/1137/3599 4949/1136/3598 4961/3939/3610 4962/3940/3611
f 4951/1138/3600 4950/1137/3599 4962/3940/3611 4963/3941/3612
f 4952/1139/3601 4951/1138/3600 4963/3941/3612 4964/3942/3613
f 4953/1140/3602 4952/1139/3601 4964/3942/3613 4965/3943/3614
f 4954/1141/3603 4953/1140/3602 4965/3943/3614 4966/3944/3615
f 4955/1142/3604 4954/1141/3603 4966/3944/3615 4967/3945/3616
f 4956/1143/3605 4955/1142/3604 4967/3945/3616 4968/3946/3617
f 4957/1144/3606 4956/1143/3605 4968/3946/3617 4969/3947/3618
f 4958/1145/3607 4957/1144/3606 4969/3947/3618 4970/3948/3619
f 4960/3937/3608 4959/3938/3609 4971/3950/3621 4972/3949/3620
f 4961/3939/3610 4960/3937/3608 4972/3949/3620 4973/3951/3622
f 4962/3940/3611 4961/3939/3610 4973/3951/3622 4974/3952/3623
f 4963/3941/3612 4962/3940/3611 4974/3952/3623 4975/3953/3624
f 4964/3942/3613 4963/3941/3612 4975/3953/3624 4976/3954/3625
f 4965/3943/3614 4964/3942/3613 4976/3954/3625 4977/3955/3626
f 4966/3944/3615 4965/3943/3614 4977/3955/3626 4978/3956/3627
f 4967/3945/3616 4966/3944/3615 4978/3956/3627 4979/3957/3628
f 4968/3946/3617 4967/3945/3616 4979/3957/3628 4980/3958/3629
f 4969/3947/3618 4968/3946/3617 4980/3958/3629 4981/3959/3630
f 4970/3948/3619 4969/3947/3618 4981/3959/3630 4982/3960/3631
f 4972/3949/3620 4971/3950/3621 4983/3962/652 4984/3961/3632
f 4973/3951/3622 4972/3949/3620 4984/3961/3632 4985/3963/3633
f 4974/3952/3623 4973/3951/3622 4985/3963/3633 4986/3964/3634
f 4975/3953/3624 4974/3952/3623 4986/3964/3634 4987/3965/3635
f 4976/3954/3625 4975/3953/3624 4987/3965/3635 4988/3966/3636
f 4977/3955/3626 4976/3954/3625 4988/3966/3636 4989/3967/3637
f 4978/3956/3627 4977/3955/3626 4989/3967/3637 4990/3968/3638
f 4979/3957/3628 4978/3956/3627 4990/3968/3638 4991/3969/3639
f 4980/3958/3629 4979/3957/3628 4991/3969/3639 4992/3970/3640
f 4981/3959/3630 4980/3958/3629 4992/3970/3640 4993/3971/3641
f 4982/3960/3631 4981/3959/3630 4993/3971/3641 4994/3972/662
f 4984/3961/3632 4983/3962/652 4995/3974/3643 4996/3973/3642
f 4985/3963/3633 4984/3961/3632 4996/3973/3642 4997/3975/3644
f 4986/3964/3634 4985/3963/3633 4997/3975/3644 4998/3976/3645
f 4987/3965/3635 4986/3964/3634 4998/3976/3645 4999/3977/3646
f 4988/3966/3636 4987/3965/3635 4999/3977/3646 5000/3978/3647
f 4989/3967/3637 4988/3966/3636 5000/3978/3647 5001/3979/3648
f 4990/3968/3638 4989/3967/3637 5001/3979/3648 5002/3980/3649
f 4991/3969/3639 4990/3968/3638 5002/3980/3649 5003/3981/3650
f 4992/3970/3640 4991/3969/3639 5003/3981/3650 5004/3982/3651
f 4993/3971/3641 4992/3970/3640 5004/3982/3651 5005/3983/3652
f 4994/3972/662 4993/3971/3641 5005/3983/3652 5006/3984/3653
f 4996/3973/3642 4995/3974/3643 5007/3986/3347 5008/3985/3654
f 4997/3975/3644 4996/3973/3642 5008/3985/3654 5009/3987/3655
f 4998/3976/3645 4997/3975/3644 5009/3987/3655 5010/3988/3656
f 4999/3977/3646 4998/3976/3645 5010/3988/3656 5011/3989/3657
f 5000/3978/3647 4999/3977/3646 5011/3989/3657 5012/3990/3658
f 5001/3979/3648 5000/3978/3647 5012/3990/3658 5013/3991/3659
f 5002/3980/3649 5001/3979/3648 5013/3991/3659 5014/3992/3660
f 5003/3981/3650 5002/3980/3649 5014/3992/3660 5015/3993/3661
f 5004/3982/3651 5003/3981/3650 5015/3993/3661 5016/3994/3662
f 5005/3983/3652 5004/3982/3651 5016/3994/3662 5017/3995/3663
f 5006/3984/3653 5005/3983/3652 5017/3995/3663 5018/3996/3357
f 5008/3985/3654 5007/3986/3347 5019/3998/3665 5020/3997/3664
f 5009/3987/3655 5008/3985/3654 5020/3997/3664 5021/3999/3666
f 5010/3988/3656 5009/3987/3655 5021/3999/3666 5022/4000/3667
f 5011/3989/3657 5010/3988/3656 5022/4000/3667 5023/4001/3668
f 5012/3990/3658 5011/3989/3657 5023/4001/3668 5024/4002/3669
f 5013/3991/3659 5012/3990/3658 5024/4002/3669 5025/4003/3670
f 5014/3992/3660 5013/3991/3659 5025/4003/3670 5026/4004/3671
f 5015/3993/3661 5014/3992/3660 5026/4004/3671 5027/4005/3672
f 5016/3994/3662 5015/3993/3661 5027/4005/3672 5028/4006/3673
f 5017/3995/3663 5016/3994/3662 5028/4006/3673 5029/4007/3674
f 5018/3996/3357 5017/3995/3663 5029/4007/3674 5030/4008/3675
f 5020/3997/3664 5019/3998/3665 5031/4010/1423 5032/4009/1470
f 5021/3999/3666 5020/3997/3664 5032/4009/1470 5033/4011/1472
f 5022/4000/3667 5021/3999/3666 5033/4011/1472 5034/4012/1474
f 5023/4001/3668 5022/4000/3667 5034/4012/1474 5035/4013/1476
f 5024/4002/3669 5023/4001/3668 5035/4013/1476 5036/4014/3676
f 5025/4003/3670 5024/4002/3669 5036/4014/3676 5037/4015/1480
f 5026/4004/3671 5025/4003/3670 5037/4015/1480 5038/4016/1482
f 5027/4005/3672 5026/4004/3671 5038/4016/1482 5039/4017/1484
f 5028/4006/3673 5027/4005/3672 5039/4017/1484 5040/4018/1486
f 5029/4007/3674 5028/4006/3673 5040/4018/1486 5041/4019/1488
f 5030/4008/3675 5029/4007/3674 5041/4019/1488 5042/4020/1433
f 5032/4009/1470 5031/4010/1423 5043/4022/1200 5044/4021/1471
f 5033/4011/1472 5032/4009/1470 5044/4021/1471 5045/4023/1473
f 5034/4012/1474 5033/4011/1472 5045/4023/1473 5046/4024/1475
f 5035/4013/1476 5034/4012/1474 5046/4024/1475 5047/4025/1477
f 5036/4014/3676 5035/4013/1476 5047/4025/1477 5048/4026/3677
f 5037/4015/1480 5036/4014/3676 5048/4026/3677 5049/4027/3678
f 5038/4016/1482 5037/4015/1480 5049/4027/3678 5050/4028/1483
f 5039/4017/1484 5038/4016/1482 5050/4028/1483 5051/4029/1485
f 5040/4018/1486 5039/4017/1484 5051/4029/1485 5052/4030/1487
f 5041/4019/1488 5040/4018/1486 5052/4030/1487 5053/4031/1489
f 5042/4020/1433 5041/4019/1488 5053/4031/1489 5054/4032/1210
f 5044/4021/1471 5043/4022/1200 4731/14/424 4732/1542/3384
f 5045/4023/1473 5044/4021/1471 4732/1542/3384 4733/1543/3387
f 5046/4024/1475 5045/4023/1473 4733/1543/3387 4734/1544/3389
f 5047/4025/1477 5046/4024/1475 4734/1544/3389 4735/1545/3391
f 5048/4026/3677 5047/4025/1477 4735/1545/3391 4736/1546/3393
f 5049/4027/3678 5048/4026/3677 4736/1546/3393 4737/1547/3395
f 5050/4028/1483 5049/4027/3678 4737/1547/3395 4738/1548/3397
f 5051/4029/1485 5050/4028/1483 4738/1548/3397 4739/1549/3399
f 5052/4030/1487 5051/4029/1485 4739/1549/3399 4740/1550/3401
f 5053/4031/1489 5052/4030/1487 4740/1550/3401 4741/1551/3403
f 5054/4032/1210 5053/4031/1489 4741/1551/3403 4742/1552/434
