# Blender 4.4.1
# www.blender.org
mtllib O.mtl
o O
v 0.053987 0.120000 -0.387742
v 0.104810 0.120000 -0.378269
v 0.151766 0.120000 -0.363031
v 0.194648 0.120000 -0.342481
v 0.233253 0.120000 -0.317071
v 0.267375 0.120000 -0.287250
v 0.296810 0.120000 -0.253471
v 0.321352 0.120000 -0.216185
v 0.340797 0.120000 -0.175844
v 0.354940 0.120000 -0.132898
v 0.363576 0.120000 -0.087800
v 0.366500 0.120000 -0.041000
v 0.363651 0.120000 0.004539
v 0.355208 0.120000 0.048815
v 0.341328 0.120000 0.091313
v 0.322167 0.120000 0.131519
v 0.297880 0.120000 0.168919
v 0.268625 0.120000 0.203000
v 0.234557 0.120000 0.233248
v 0.195833 0.120000 0.259148
v 0.152609 0.120000 0.280188
v 0.105042 0.120000 0.295852
v 0.053286 0.120000 0.305627
v -0.002500 0.120000 0.309000
v -0.056508 0.120000 0.305646
v -0.106894 0.120000 0.295921
v -0.153453 0.120000 0.280328
v -0.195982 0.120000 0.259370
v -0.234274 0.120000 0.233552
v -0.268125 0.120000 0.203375
v -0.297330 0.120000 0.169344
v -0.321685 0.120000 0.131963
v -0.340984 0.120000 0.091734
v -0.355023 0.120000 0.049162
v -0.363597 0.120000 0.004749
v -0.366500 0.120000 -0.041000
v -0.363519 0.120000 -0.087590
v -0.354736 0.120000 -0.132551
v -0.340391 0.120000 -0.175422
v -0.320722 0.120000 -0.215741
v -0.295970 0.120000 -0.253046
v -0.266375 0.120000 -0.286875
v -0.232175 0.120000 -0.316767
v -0.193611 0.120000 -0.342259
v -0.150922 0.120000 -0.362891
v -0.104347 0.120000 -0.378199
v -0.054127 0.120000 -0.387723
v -0.000500 0.120000 -0.391000
v 0.036874 0.120000 0.216730
v 0.072329 0.120000 0.210088
v 0.105609 0.120000 0.199328
v 0.136463 0.120000 0.184704
v 0.164636 0.120000 0.166468
v 0.189875 0.120000 0.144875
v 0.211927 0.120000 0.120178
v 0.230537 0.120000 0.092630
v 0.245453 0.120000 0.062484
v 0.256421 0.120000 0.029995
v 0.263188 0.120000 -0.004584
v 0.265500 0.120000 -0.041000
v 0.263188 0.120000 -0.077626
v 0.256421 0.120000 -0.112343
v 0.245453 0.120000 -0.144906
v 0.230537 0.120000 -0.175074
v 0.211927 0.120000 -0.202603
v 0.189875 0.120000 -0.227250
v 0.164636 0.120000 -0.248772
v 0.136463 0.120000 -0.266926
v 0.105609 0.120000 -0.281469
v 0.072329 0.120000 -0.292157
v 0.036874 0.120000 -0.298749
v -0.000500 0.120000 -0.301000
v -0.037645 0.120000 -0.298749
v -0.072907 0.120000 -0.292157
v -0.106031 0.120000 -0.281469
v -0.136759 0.120000 -0.266926
v -0.164834 0.120000 -0.248772
v -0.190000 0.120000 -0.227250
v -0.211999 0.120000 -0.202603
v -0.230574 0.120000 -0.175074
v -0.245469 0.120000 -0.144906
v -0.256426 0.120000 -0.112343
v -0.263189 0.120000 -0.077626
v -0.265500 0.120000 -0.041000
v -0.263189 0.120000 -0.004584
v -0.256426 0.120000 0.029995
v -0.245469 0.120000 0.062484
v -0.230574 0.120000 0.092630
v -0.211999 0.120000 0.120178
v -0.190000 0.120000 0.144875
v -0.164834 0.120000 0.166468
v -0.136759 0.120000 0.184704
v -0.106031 0.120000 0.199328
v -0.072907 0.120000 0.210088
v -0.037645 0.120000 0.216730
v -0.000500 0.120000 0.219000
v 0.053987 -0.120000 -0.387742
v 0.104810 -0.120000 -0.378269
v 0.151766 -0.120000 -0.363031
v 0.194648 -0.120000 -0.342481
v 0.233253 -0.120000 -0.317071
v 0.267375 -0.120000 -0.287250
v 0.296810 -0.120000 -0.253471
v 0.321352 -0.120000 -0.216185
v 0.340797 -0.120000 -0.175844
v 0.354940 -0.120000 -0.132898
v 0.363576 -0.120000 -0.087800
v 0.366500 -0.120000 -0.041000
v 0.363651 -0.120000 0.004539
v 0.355208 -0.120000 0.048815
v 0.341328 -0.120000 0.091313
v 0.322167 -0.120000 0.131519
v 0.297880 -0.120000 0.168919
v 0.268625 -0.120000 0.203000
v 0.234557 -0.120000 0.233248
v 0.195833 -0.120000 0.259148
v 0.152609 -0.120000 0.280188
v 0.105042 -0.120000 0.295852
v 0.053286 -0.120000 0.305627
v -0.002500 -0.120000 0.309000
v -0.056508 -0.120000 0.305646
v -0.106894 -0.120000 0.295921
v -0.153453 -0.120000 0.280328
v -0.195982 -0.120000 0.259370
v -0.234274 -0.120000 0.233552
v -0.268125 -0.120000 0.203375
v -0.297330 -0.120000 0.169344
v -0.321685 -0.120000 0.131963
v -0.340984 -0.120000 0.091734
v -0.355023 -0.120000 0.049162
v -0.363597 -0.120000 0.004749
v -0.366500 -0.120000 -0.041000
v -0.363519 -0.120000 -0.087590
v -0.354736 -0.120000 -0.132551
v -0.340391 -0.120000 -0.175422
v -0.320722 -0.120000 -0.215741
v -0.295970 -0.120000 -0.253046
v -0.266375 -0.120000 -0.286875
v -0.232175 -0.120000 -0.316767
v -0.193611 -0.120000 -0.342259
v -0.150922 -0.120000 -0.362891
v -0.104347 -0.120000 -0.378199
v -0.054127 -0.120000 -0.387723
v -0.000500 -0.120000 -0.391000
v 0.036874 -0.120000 0.216730
v 0.072329 -0.120000 0.210088
v 0.105609 -0.120000 0.199328
v 0.136463 -0.120000 0.184704
v 0.164636 -0.120000 0.166468
v 0.189875 -0.120000 0.144875
v 0.211927 -0.120000 0.120178
v 0.230537 -0.120000 0.092630
v 0.245453 -0.120000 0.062484
v 0.256421 -0.120000 0.029995
v 0.263188 -0.120000 -0.004584
v 0.265500 -0.120000 -0.041000
v 0.263188 -0.120000 -0.077626
v 0.256421 -0.120000 -0.112343
v 0.245453 -0.120000 -0.144906
v 0.230537 -0.120000 -0.175074
v 0.211927 -0.120000 -0.202603
v 0.189875 -0.120000 -0.227250
v 0.164636 -0.120000 -0.248772
v 0.136463 -0.120000 -0.266926
v 0.105609 -0.120000 -0.281469
v 0.072329 -0.120000 -0.292157
v 0.036874 -0.120000 -0.298749
v -0.000500 -0.120000 -0.301000
v -0.037645 -0.120000 -0.298749
v -0.072907 -0.120000 -0.292157
v -0.106031 -0.120000 -0.281469
v -0.136759 -0.120000 -0.266926
v -0.164834 -0.120000 -0.248772
v -0.190000 -0.120000 -0.227250
v -0.211999 -0.120000 -0.202603
v -0.230574 -0.120000 -0.175074
v -0.245469 -0.120000 -0.144906
v -0.256426 -0.120000 -0.112343
v -0.263189 -0.120000 -0.077626
v -0.265500 -0.120000 -0.041000
v -0.263189 -0.120000 -0.004584
v -0.256426 -0.120000 0.029995
v -0.245469 -0.120000 0.062484
v -0.230574 -0.120000 0.092630
v -0.211999 -0.120000 0.120178
v -0.190000 -0.120000 0.144875
v -0.164834 -0.120000 0.166468
v -0.136759 -0.120000 0.184704
v -0.106031 -0.120000 0.199328
v -0.072907 -0.120000 0.210088
v -0.037645 -0.120000 0.216730
v -0.000500 -0.120000 0.219000
v 0.053987 -0.120000 -0.387742
v 0.054740 -0.119021 -0.393888
v 0.055420 -0.116180 -0.399433
v 0.055960 -0.111756 -0.403833
v 0.056306 -0.106180 -0.406658
v 0.056425 -0.100000 -0.407632
v 0.056425 0.100000 -0.407632
v 0.056306 0.106180 -0.406658
v 0.055960 0.111756 -0.403833
v 0.055420 0.116180 -0.399433
v 0.054740 0.119021 -0.393888
v 0.053987 0.120000 -0.387742
v 0.104810 -0.120000 -0.378269
v 0.106337 -0.119021 -0.384271
v 0.107714 -0.116180 -0.389686
v 0.108806 -0.111756 -0.393983
v 0.109508 -0.106180 -0.396742
v 0.109750 -0.100000 -0.397692
v 0.109750 0.100000 -0.397692
v 0.109508 0.106180 -0.396742
v 0.108806 0.111756 -0.393983
v 0.107714 0.116180 -0.389686
v 0.106337 0.119021 -0.384271
v 0.104810 0.120000 -0.378269
v 0.151766 -0.120000 -0.363031
v 0.154065 -0.119021 -0.368783
v 0.156139 -0.116180 -0.373971
v 0.157786 -0.111756 -0.378089
v 0.158842 -0.106180 -0.380732
v 0.159207 -0.100000 -0.381643
v 0.159207 0.100000 -0.381643
v 0.158842 0.106180 -0.380732
v 0.157786 0.111756 -0.378089
v 0.156139 0.116180 -0.373971
v 0.154065 0.119021 -0.368783
v 0.151766 0.120000 -0.363031
v 0.194648 -0.120000 -0.342481
v 0.197697 -0.119021 -0.347874
v 0.200446 -0.116180 -0.352739
v 0.202629 -0.111756 -0.356599
v 0.204030 -0.106180 -0.359078
v 0.204513 -0.100000 -0.359932
v 0.204513 0.100000 -0.359932
v 0.204030 0.106180 -0.359078
v 0.202629 0.111756 -0.356599
v 0.200446 0.116180 -0.352739
v 0.197697 0.119021 -0.347874
v 0.194648 0.120000 -0.342481
v 0.233253 -0.120000 -0.317071
v 0.237003 -0.119021 -0.322001
v 0.240386 -0.116180 -0.326450
v 0.243070 -0.111756 -0.329980
v 0.244794 -0.106180 -0.332246
v 0.245388 -0.100000 -0.333027
v 0.245388 0.100000 -0.333027
v 0.244794 0.106180 -0.332246
v 0.243070 0.111756 -0.329980
v 0.240386 0.116180 -0.326450
v 0.237003 0.119021 -0.322001
v 0.233253 0.120000 -0.317071
v 0.267375 -0.120000 -0.287250
v 0.271758 -0.119021 -0.291627
v 0.275713 -0.116180 -0.295576
v 0.278851 -0.111756 -0.298709
v 0.280866 -0.106180 -0.300721
v 0.281560 -0.100000 -0.301415
v 0.281560 0.100000 -0.301415
v 0.280866 0.106180 -0.300721
v 0.278851 0.111756 -0.298709
v 0.275713 0.116180 -0.295576
v 0.271758 0.119021 -0.291627
v 0.267375 0.120000 -0.287250
v 0.296810 -0.120000 -0.253471
v 0.301743 -0.119021 -0.257217
v 0.306193 -0.116180 -0.260597
v 0.309725 -0.111756 -0.263278
v 0.311993 -0.106180 -0.265000
v 0.312774 -0.100000 -0.265594
v 0.312774 0.100000 -0.265594
v 0.311993 0.106180 -0.265000
v 0.309725 0.111756 -0.263278
v 0.306193 0.116180 -0.260597
v 0.301743 0.119021 -0.257217
v 0.296810 0.120000 -0.253471
v 0.321352 -0.120000 -0.216185
v 0.326741 -0.119021 -0.219239
v 0.331602 -0.116180 -0.221995
v 0.335460 -0.111756 -0.224181
v 0.337936 -0.106180 -0.225585
v 0.338790 -0.100000 -0.226069
v 0.338790 0.100000 -0.226069
v 0.337936 0.106180 -0.225585
v 0.335460 0.111756 -0.224181
v 0.331602 0.116180 -0.221995
v 0.326741 0.119021 -0.219239
v 0.321352 0.120000 -0.216185
v 0.340797 -0.120000 -0.175844
v 0.346540 -0.119021 -0.178162
v 0.351721 -0.116180 -0.180253
v 0.355833 -0.111756 -0.181913
v 0.358473 -0.106180 -0.182979
v 0.359383 -0.100000 -0.183346
v 0.359383 0.100000 -0.183346
v 0.358473 0.106180 -0.182979
v 0.355833 0.111756 -0.181913
v 0.351721 0.116180 -0.180253
v 0.346540 0.119021 -0.178162
v 0.340797 0.120000 -0.175844
v 0.354940 -0.120000 -0.132898
v 0.360935 -0.119021 -0.134452
v 0.366343 -0.116180 -0.135854
v 0.370635 -0.111756 -0.136967
v 0.373391 -0.106180 -0.137682
v 0.374340 -0.100000 -0.137928
v 0.374340 0.100000 -0.137928
v 0.373391 0.106180 -0.137682
v 0.370635 0.111756 -0.136967
v 0.366343 0.116180 -0.135854
v 0.360935 0.119021 -0.134452
v 0.354940 0.120000 -0.132898
v 0.363576 -0.120000 -0.087800
v 0.369720 -0.119021 -0.088577
v 0.375262 -0.116180 -0.089278
v 0.379661 -0.111756 -0.089834
v 0.382485 -0.106180 -0.090191
v 0.383458 -0.100000 -0.090314
v 0.383458 0.100000 -0.090314
v 0.382485 0.106180 -0.090191
v 0.379661 0.111756 -0.089834
v 0.375262 0.116180 -0.089278
v 0.369720 0.119021 -0.088577
v 0.363576 0.120000 -0.087800
v 0.366500 -0.120000 -0.041000
v 0.372692 -0.119021 -0.041000
v 0.378279 -0.116180 -0.041000
v 0.382712 -0.111756 -0.040999
v 0.385558 -0.106180 -0.040999
v 0.386539 -0.100000 -0.040999
v 0.386539 0.100000 -0.040999
v 0.385558 0.106180 -0.040999
v 0.382712 0.111756 -0.040999
v 0.378279 0.116180 -0.041000
v 0.372692 0.119021 -0.041000
v 0.366500 0.120000 -0.041000
v 0.363651 -0.120000 0.004539
v 0.369795 -0.119021 0.005314
v 0.375337 -0.116180 0.006013
v 0.379736 -0.111756 0.006568
v 0.382560 -0.106180 0.006924
v 0.383533 -0.100000 0.007047
v 0.383533 0.100000 0.007047
v 0.382560 0.106180 0.006924
v 0.379736 0.111756 0.006568
v 0.375337 0.116180 0.006013
v 0.369795 0.119021 0.005314
v 0.363651 0.120000 0.004539
v 0.355208 -0.120000 0.048815
v 0.361205 -0.119021 0.050359
v 0.366616 -0.116180 0.051753
v 0.370909 -0.111756 0.052858
v 0.373666 -0.106180 0.053568
v 0.374616 -0.100000 0.053813
v 0.374616 0.100000 0.053813
v 0.373666 0.106180 0.053568
v 0.370909 0.111756 0.052858
v 0.366616 0.116180 0.051753
v 0.361205 0.119021 0.050359
v 0.355208 0.120000 0.048815
v 0.341328 -0.120000 0.091313
v 0.347079 -0.119021 0.093611
v 0.352267 -0.116180 0.095684
v 0.356384 -0.111756 0.097330
v 0.359028 -0.106180 0.098386
v 0.359939 -0.100000 0.098750
v 0.359939 0.100000 0.098750
v 0.359028 0.106180 0.098386
v 0.356384 0.111756 0.097330
v 0.352267 0.116180 0.095684
v 0.347079 0.119021 0.093611
v 0.341328 0.120000 0.091313
v 0.322167 -0.120000 0.131519
v 0.327571 -0.119021 0.134544
v 0.332447 -0.116180 0.137273
v 0.336316 -0.111756 0.139439
v 0.338800 -0.106180 0.140830
v 0.339656 -0.100000 0.141309
v 0.339656 0.100000 0.141309
v 0.338800 0.106180 0.140830
v 0.336316 0.111756 0.139439
v 0.332447 0.116180 0.137273
v 0.327571 0.119021 0.134544
v 0.322167 0.120000 0.131519
v 0.297880 -0.120000 0.168919
v 0.302839 -0.119021 0.172631
v 0.307312 -0.116180 0.175980
v 0.310862 -0.111756 0.178638
v 0.313141 -0.106180 0.180344
v 0.313926 -0.100000 0.180932
v 0.313926 0.100000 0.180932
v 0.313141 0.106180 0.180344
v 0.310862 0.111756 0.178638
v 0.307312 0.116180 0.175980
v 0.302839 0.119021 0.172631
v 0.297880 0.120000 0.168919
v 0.268625 -0.120000 0.203000
v 0.273042 -0.119021 0.207343
v 0.277026 -0.116180 0.211262
v 0.280188 -0.111756 0.214371
v 0.282218 -0.106180 0.216368
v 0.282918 -0.100000 0.217056
v 0.282918 0.100000 0.217056
v 0.282218 0.106180 0.216368
v 0.280188 0.111756 0.214371
v 0.277026 0.116180 0.211262
v 0.273042 0.119021 0.207343
v 0.268625 0.120000 0.203000
v 0.234557 -0.120000 0.233248
v 0.238345 -0.119021 0.238150
v 0.241761 -0.116180 0.242572
v 0.244473 -0.111756 0.246082
v 0.246213 -0.106180 0.248335
v 0.246813 -0.100000 0.249112
v 0.246813 0.100000 0.249112
v 0.246213 0.106180 0.248335
v 0.244473 0.111756 0.246082
v 0.241761 0.116180 0.242572
v 0.238345 0.119021 0.238150
v 0.234557 0.120000 0.233248
v 0.195833 -0.120000 0.259148
v 0.198918 -0.119021 0.264520
v 0.201701 -0.116180 0.269366
v 0.203909 -0.111756 0.273212
v 0.205327 -0.106180 0.275682
v 0.205816 -0.100000 0.276533
v 0.205816 0.100000 0.276533
v 0.205327 0.106180 0.275682
v 0.203909 0.111756 0.273212
v 0.201701 0.116180 0.269366
v 0.198918 0.119021 0.264520
v 0.195833 0.120000 0.259148
v 0.152609 -0.120000 0.280188
v 0.154939 -0.119021 0.285927
v 0.157040 -0.116180 0.291105
v 0.158708 -0.111756 0.295214
v 0.159779 -0.106180 0.297852
v 0.160148 -0.100000 0.298762
v 0.160148 0.100000 0.298762
v 0.159779 0.106180 0.297852
v 0.158708 0.111756 0.295214
v 0.157040 0.116180 0.291105
v 0.154939 0.119021 0.285927
v 0.152609 0.120000 0.280188
v 0.105042 -0.120000 0.295852
v 0.106588 -0.119021 0.301849
v 0.107984 -0.116180 0.307260
v 0.109091 -0.111756 0.311553
v 0.109802 -0.106180 0.314310
v 0.110047 -0.100000 0.315260
v 0.110047 0.100000 0.315260
v 0.109802 0.106180 0.314310
v 0.109091 0.111756 0.311553
v 0.107984 0.116180 0.307260
v 0.106588 0.119021 0.301849
v 0.105042 0.120000 0.295852
v 0.053286 -0.120000 0.305627
v 0.054050 -0.119021 0.311773
v 0.054738 -0.116180 0.317317
v 0.055284 -0.111756 0.321716
v 0.055635 -0.106180 0.324541
v 0.055756 -0.100000 0.325515
v 0.055756 0.100000 0.325515
v 0.055635 0.106180 0.324541
v 0.055284 0.111756 0.321716
v 0.054738 0.116180 0.317317
v 0.054050 0.119021 0.311773
v 0.053286 0.120000 0.305627
v -0.002500 -0.120000 0.309000
v -0.002505 -0.119021 0.315192
v -0.002510 -0.116180 0.320778
v -0.002513 -0.111756 0.325211
v -0.002516 -0.106180 0.328057
v -0.002516 -0.100000 0.329038
v -0.002516 0.100000 0.329038
v -0.002516 0.106180 0.328057
v -0.002513 0.111756 0.325211
v -0.002510 0.116180 0.320778
v -0.002505 0.119021 0.315192
v -0.002500 0.120000 0.309000
v -0.056508 -0.120000 0.305646
v -0.057288 -0.119021 0.311790
v -0.057992 -0.116180 0.317333
v -0.058551 -0.111756 0.321731
v -0.058909 -0.106180 0.324555
v -0.059033 -0.100000 0.325528
v -0.059033 0.100000 0.325528
v -0.058909 0.106180 0.324555
v -0.058551 0.111756 0.321731
v -0.057992 0.116180 0.317333
v -0.057288 0.119021 0.311790
v -0.056508 0.120000 0.305646
v -0.106894 -0.120000 0.295921
v -0.108467 -0.119021 0.301912
v -0.109887 -0.116180 0.307316
v -0.111014 -0.111756 0.311605
v -0.111737 -0.106180 0.314359
v -0.111987 -0.100000 0.315307
v -0.111987 0.100000 0.315307
v -0.111737 0.106180 0.314359
v -0.111014 0.111756 0.311605
v -0.109887 0.116180 0.307316
v -0.108467 0.119021 0.301912
v -0.106894 0.120000 0.295921
v -0.153453 -0.120000 0.280328
v -0.155811 -0.119021 0.286056
v -0.157938 -0.116180 0.291223
v -0.159626 -0.111756 0.295324
v -0.160710 -0.106180 0.297957
v -0.161084 -0.100000 0.298864
v -0.161084 0.100000 0.298864
v -0.160710 0.106180 0.297957
v -0.159626 0.111756 0.295324
v -0.157938 0.116180 0.291223
v -0.155811 0.119021 0.286056
v -0.153453 0.120000 0.280328
v -0.195982 -0.120000 0.259370
v -0.199089 -0.119021 0.264729
v -0.201893 -0.116180 0.269563
v -0.204118 -0.111756 0.273399
v -0.205546 -0.106180 0.275862
v -0.206038 -0.100000 0.276711
v -0.206038 0.100000 0.276711
v -0.205546 0.106180 0.275862
v -0.204118 0.111756 0.273399
v -0.201893 0.116180 0.269563
v -0.199089 0.119021 0.264729
v -0.195982 0.120000 0.259370
v -0.234274 -0.120000 0.233552
v -0.238075 -0.119021 0.238443
v -0.241504 -0.116180 0.242855
v -0.244225 -0.111756 0.246356
v -0.245972 -0.106180 0.248605
v -0.246574 -0.100000 0.249379
v -0.246574 0.100000 0.249379
v -0.245972 0.106180 0.248605
v -0.244225 0.111756 0.246356
v -0.241504 0.116180 0.242855
v -0.238075 0.119021 0.238443
v -0.234274 0.120000 0.233552
v -0.268125 -0.120000 0.203375
v -0.272546 -0.119021 0.207713
v -0.276534 -0.116180 0.211627
v -0.279699 -0.111756 0.214733
v -0.281731 -0.106180 0.216728
v -0.282432 -0.100000 0.217415
v -0.282432 0.100000 0.217415
v -0.281731 0.106180 0.216728
v -0.279699 0.111756 0.214733
v -0.276534 0.116180 0.211627
v -0.272546 0.119021 0.207713
v -0.268125 0.120000 0.203375
v -0.297330 -0.120000 0.169344
v -0.302286 -0.119021 0.173060
v -0.306757 -0.116180 0.176412
v -0.310304 -0.111756 0.179072
v -0.312582 -0.106180 0.180779
v -0.313367 -0.100000 0.181368
v -0.313367 0.100000 0.181368
v -0.312582 0.106180 0.180779
v -0.310304 0.111756 0.179072
v -0.306757 0.116180 0.176412
v -0.302286 0.119021 0.173060
v -0.297330 0.120000 0.169344
v -0.321685 -0.120000 0.131963
v -0.327083 -0.119021 0.134999
v -0.331953 -0.116180 0.137738
v -0.335818 -0.111756 0.139912
v -0.338299 -0.106180 0.141308
v -0.339154 -0.100000 0.141789
v -0.339154 0.100000 0.141789
v -0.338299 0.106180 0.141308
v -0.335818 0.111756 0.139912
v -0.331953 0.116180 0.137738
v -0.327083 0.119021 0.134999
v -0.321685 0.120000 0.131963
v -0.340984 -0.120000 0.091734
v -0.346729 -0.119021 0.094048
v -0.351911 -0.116180 0.096136
v -0.356024 -0.111756 0.097792
v -0.358665 -0.106180 0.098856
v -0.359574 -0.100000 0.099223
v -0.359574 0.100000 0.099223
v -0.358665 0.106180 0.098856
v -0.356024 0.111756 0.097792
v -0.351911 0.116180 0.096136
v -0.346729 0.119021 0.094048
v -0.340984 0.120000 0.091734
v -0.355023 -0.120000 0.049162
v -0.361017 -0.119021 0.050722
v -0.366423 -0.116180 0.052129
v -0.370714 -0.111756 0.053246
v -0.373469 -0.106180 0.053963
v -0.374418 -0.100000 0.054210
v -0.374418 0.100000 0.054210
v -0.373469 0.106180 0.053963
v -0.370714 0.111756 0.053246
v -0.366423 0.116180 0.052129
v -0.361017 0.119021 0.050722
v -0.355023 0.120000 0.049162
v -0.363597 -0.120000 0.004749
v -0.369740 -0.119021 0.005534
v -0.375281 -0.116180 0.006242
v -0.379679 -0.111756 0.006804
v -0.382503 -0.106180 0.007164
v -0.383476 -0.100000 0.007288
v -0.383476 0.100000 0.007288
v -0.382503 0.106180 0.007164
v -0.379679 0.111756 0.006804
v -0.375281 0.116180 0.006242
v -0.369740 0.119021 0.005534
v -0.363597 0.120000 0.004749
v -0.366500 -0.120000 -0.041000
v -0.372693 -0.119021 -0.041002
v -0.378280 -0.116180 -0.041003
v -0.382713 -0.111756 -0.041004
v -0.385560 -0.106180 -0.041005
v -0.386541 -0.100000 -0.041005
v -0.386541 0.100000 -0.041005
v -0.385560 0.106180 -0.041005
v -0.382713 0.111756 -0.041004
v -0.378280 0.116180 -0.041003
v -0.372693 0.119021 -0.041002
v -0.366500 0.120000 -0.041000
v -0.363519 -0.120000 -0.087590
v -0.369661 -0.119021 -0.088383
v -0.375202 -0.116180 -0.089098
v -0.379600 -0.111756 -0.089666
v -0.382423 -0.106180 -0.090031
v -0.383396 -0.100000 -0.090156
v -0.383396 0.100000 -0.090156
v -0.382423 0.106180 -0.090031
v -0.379600 0.111756 -0.089666
v -0.375202 0.116180 -0.089098
v -0.369661 0.119021 -0.088383
v -0.363519 0.120000 -0.087590
v -0.354736 -0.120000 -0.132551
v -0.360725 -0.119021 -0.134131
v -0.366127 -0.116180 -0.135556
v -0.370414 -0.111756 -0.136687
v -0.373167 -0.106180 -0.137413
v -0.374116 -0.100000 -0.137663
v -0.374116 0.100000 -0.137663
v -0.373167 0.106180 -0.137413
v -0.370414 0.111756 -0.136687
v -0.366127 0.116180 -0.135556
v -0.360725 0.119021 -0.134131
v -0.354736 0.120000 -0.132551
v -0.340391 -0.120000 -0.175422
v -0.346123 -0.119021 -0.177767
v -0.351294 -0.116180 -0.179883
v -0.355398 -0.111756 -0.181562
v -0.358033 -0.106180 -0.182641
v -0.358941 -0.100000 -0.183012
v -0.358941 0.100000 -0.183012
v -0.358033 0.106180 -0.182641
v -0.355398 0.111756 -0.181562
v -0.351294 0.116180 -0.179883
v -0.346123 0.119021 -0.177767
v -0.340391 0.120000 -0.175422
v -0.320722 -0.120000 -0.215741
v -0.326098 -0.119021 -0.218817
v -0.330947 -0.116180 -0.221593
v -0.334796 -0.111756 -0.223796
v -0.337267 -0.106180 -0.225210
v -0.338118 -0.100000 -0.225697
v -0.338118 0.100000 -0.225697
v -0.337267 0.106180 -0.225210
v -0.334796 0.111756 -0.223796
v -0.330947 0.116180 -0.221593
v -0.326098 0.119021 -0.218817
v -0.320722 0.120000 -0.215741
v -0.295970 -0.120000 -0.253046
v -0.300893 -0.119021 -0.256805
v -0.305333 -0.116180 -0.260197
v -0.308858 -0.111756 -0.262889
v -0.311120 -0.106180 -0.264617
v -0.311900 -0.100000 -0.265213
v -0.311900 0.100000 -0.265213
v -0.311120 0.106180 -0.264617
v -0.308858 0.111756 -0.262889
v -0.305333 0.116180 -0.260197
v -0.300893 0.119021 -0.256805
v -0.295970 0.120000 -0.253046
v -0.266375 -0.120000 -0.286875
v -0.270754 -0.119021 -0.291256
v -0.274704 -0.116180 -0.295208
v -0.277839 -0.111756 -0.298345
v -0.279852 -0.106180 -0.300358
v -0.280546 -0.100000 -0.301052
v -0.280546 0.100000 -0.301052
v -0.279852 0.106180 -0.300358
v -0.277839 0.111756 -0.298345
v -0.274704 0.116180 -0.295208
v -0.270754 0.119021 -0.291256
v -0.266375 0.120000 -0.286875
v -0.232175 -0.120000 -0.316767
v -0.235930 -0.119021 -0.321693
v -0.239317 -0.116180 -0.326138
v -0.242005 -0.111756 -0.329665
v -0.243731 -0.106180 -0.331930
v -0.244325 -0.100000 -0.332710
v -0.244325 0.100000 -0.332710
v -0.243731 0.106180 -0.331930
v -0.242005 0.111756 -0.329665
v -0.239317 0.116180 -0.326138
v -0.235930 0.119021 -0.321693
v -0.232175 0.120000 -0.316767
v -0.193611 -0.120000 -0.342259
v -0.196674 -0.119021 -0.347644
v -0.199436 -0.116180 -0.352501
v -0.201629 -0.111756 -0.356355
v -0.203036 -0.106180 -0.358830
v -0.203521 -0.100000 -0.359683
v -0.203521 0.100000 -0.359683
v -0.203036 0.106180 -0.358830
v -0.201629 0.111756 -0.356355
v -0.199436 0.116180 -0.352501
v -0.196674 0.119021 -0.347644
v -0.193611 0.120000 -0.342259
v -0.150922 -0.120000 -0.362891
v -0.153242 -0.119021 -0.368634
v -0.155334 -0.116180 -0.373815
v -0.156995 -0.111756 -0.377926
v -0.158061 -0.106180 -0.380566
v -0.158429 -0.100000 -0.381476
v -0.158429 0.100000 -0.381476
v -0.158061 0.106180 -0.380566
v -0.156995 0.111756 -0.377926
v -0.155334 0.116180 -0.373815
v -0.153242 0.119021 -0.368634
v -0.150922 0.120000 -0.362891
v -0.104347 -0.120000 -0.378199
v -0.105894 -0.119021 -0.384196
v -0.107290 -0.116180 -0.389606
v -0.108398 -0.111756 -0.393900
v -0.109109 -0.106180 -0.396656
v -0.109354 -0.100000 -0.397606
v -0.109354 0.100000 -0.397606
v -0.109109 0.106180 -0.396656
v -0.108398 0.111756 -0.393900
v -0.107290 0.116180 -0.389606
v -0.105894 0.119021 -0.384196
v -0.104347 0.120000 -0.378199
v -0.054127 -0.120000 -0.387723
v -0.054894 -0.119021 -0.393868
v -0.055586 -0.116180 -0.399411
v -0.056136 -0.111756 -0.403811
v -0.056488 -0.106180 -0.406635
v -0.056610 -0.100000 -0.407608
v -0.056610 0.100000 -0.407608
v -0.056488 0.106180 -0.406635
v -0.056136 0.111756 -0.403811
v -0.055586 0.116180 -0.399411
v -0.054894 0.119021 -0.393868
v -0.054127 0.120000 -0.387723
v -0.000500 -0.120000 -0.391000
v -0.000504 -0.119021 -0.397192
v -0.000508 -0.116180 -0.402777
v -0.000511 -0.111756 -0.407210
v -0.000512 -0.106180 -0.410056
v -0.000513 -0.100000 -0.411037
v -0.000513 0.100000 -0.411037
v -0.000512 0.106180 -0.410056
v -0.000511 0.111756 -0.407210
v -0.000508 0.116180 -0.402777
v -0.000504 0.119021 -0.397192
v -0.000500 0.120000 -0.391000
v 0.036874 -0.120000 0.216730
v 0.036115 -0.119021 0.210584
v 0.035430 -0.116180 0.205040
v 0.034887 -0.111756 0.200640
v 0.034538 -0.106180 0.197815
v 0.034417 -0.100000 0.196842
v 0.034417 0.100000 0.196842
v 0.034538 0.106180 0.197815
v 0.034887 0.111756 0.200640
v 0.035430 0.116180 0.205040
v 0.036115 0.119021 0.210584
v 0.036874 0.120000 0.216730
v 0.072329 -0.120000 0.210088
v 0.070803 -0.119021 0.204086
v 0.069426 -0.116180 0.198671
v 0.068334 -0.111756 0.194374
v 0.067633 -0.106180 0.191616
v 0.067391 -0.100000 0.190665
v 0.067391 0.100000 0.190665
v 0.067633 0.106180 0.191616
v 0.068334 0.111756 0.194374
v 0.069426 0.116180 0.198671
v 0.070803 0.119021 0.204086
v 0.072329 0.120000 0.210088
v 0.105609 -0.120000 0.199328
v 0.103326 -0.119021 0.193571
v 0.101265 -0.116180 0.188378
v 0.099630 -0.111756 0.184256
v 0.098581 -0.106180 0.181610
v 0.098219 -0.100000 0.180698
v 0.098219 0.100000 0.180698
v 0.098581 0.106180 0.181610
v 0.099630 0.111756 0.184256
v 0.101265 0.116180 0.188378
v 0.103326 0.119021 0.193571
v 0.105609 0.120000 0.199328
v 0.136463 -0.120000 0.184704
v 0.133447 -0.119021 0.179294
v 0.130727 -0.116180 0.174413
v 0.128568 -0.111756 0.170540
v 0.127181 -0.106180 0.168053
v 0.126704 -0.100000 0.167197
v 0.126704 0.100000 0.167197
v 0.127181 0.106180 0.168053
v 0.128568 0.111756 0.170540
v 0.130727 0.116180 0.174413
v 0.133447 0.119021 0.179294
v 0.136463 0.120000 0.184704
v 0.164636 -0.120000 0.166468
v 0.160932 -0.119021 0.161504
v 0.157590 -0.116180 0.157026
v 0.154938 -0.111756 0.153472
v 0.153235 -0.106180 0.151190
v 0.152648 -0.100000 0.150403
v 0.152648 0.100000 0.150403
v 0.153235 0.106180 0.151190
v 0.154938 0.111756 0.153472
v 0.157590 0.116180 0.157026
v 0.160932 0.119021 0.161504
v 0.164636 0.120000 0.166468
v 0.189875 -0.120000 0.144875
v 0.185542 -0.119021 0.140449
v 0.181632 -0.116180 0.136456
v 0.178530 -0.111756 0.133287
v 0.176538 -0.106180 0.131253
v 0.175852 -0.100000 0.130552
v 0.175852 0.100000 0.130552
v 0.176538 0.106180 0.131253
v 0.178530 0.111756 0.133287
v 0.181632 0.116180 0.136456
v 0.185542 0.119021 0.140449
v 0.189875 0.120000 0.144875
v 0.211927 -0.120000 0.120178
v 0.207039 -0.119021 0.116372
v 0.202629 -0.116180 0.112940
v 0.199130 -0.111756 0.110215
v 0.196883 -0.106180 0.108466
v 0.196109 -0.100000 0.107864
v 0.196109 0.100000 0.107864
v 0.196883 0.106180 0.108466
v 0.199130 0.111756 0.110215
v 0.202629 0.116180 0.112940
v 0.207039 0.119021 0.116372
v 0.211927 0.120000 0.120178
v 0.230537 -0.120000 0.092630
v 0.225183 -0.119021 0.089515
v 0.220352 -0.116180 0.086706
v 0.216519 -0.111756 0.084476
v 0.214058 -0.106180 0.083044
v 0.213210 -0.100000 0.082551
v 0.213210 0.100000 0.082551
v 0.214058 0.106180 0.083044
v 0.216519 0.111756 0.084476
v 0.220352 0.116180 0.086706
v 0.225183 0.119021 0.089515
v 0.230537 0.120000 0.092630
v 0.245453 -0.120000 0.062484
v 0.239730 -0.119021 0.060115
v 0.234567 -0.116180 0.057977
v 0.230470 -0.111756 0.056281
v 0.227839 -0.106180 0.055192
v 0.226933 -0.100000 0.054817
v 0.226933 0.100000 0.054817
v 0.227839 0.106180 0.055192
v 0.230470 0.111756 0.056281
v 0.234567 0.116180 0.057977
v 0.239730 0.119021 0.060115
v 0.245453 0.120000 0.062484
v 0.256421 -0.120000 0.029995
v 0.250435 -0.119021 0.028407
v 0.245034 -0.116180 0.026973
v 0.240748 -0.111756 0.025836
v 0.237996 -0.106180 0.025105
v 0.237048 -0.100000 0.024854
v 0.237048 0.100000 0.024854
v 0.237996 0.106180 0.025105
v 0.240748 0.111756 0.025836
v 0.245034 0.116180 0.026973
v 0.250435 0.119021 0.028407
v 0.256421 0.120000 0.029995
v 0.263188 -0.120000 -0.004584
v 0.257046 -0.119021 -0.005376
v 0.251504 -0.116180 -0.006091
v 0.247107 -0.111756 -0.006659
v 0.244284 -0.106180 -0.007023
v 0.243311 -0.100000 -0.007149
v 0.243311 0.100000 -0.007149
v 0.244284 0.106180 -0.007023
v 0.247107 0.111756 -0.006659
v 0.251504 0.116180 -0.006091
v 0.257046 0.119021 -0.005376
v 0.263188 0.120000 -0.004584
v 0.265500 -0.120000 -0.041000
v 0.259307 -0.119021 -0.041001
v 0.253721 -0.116180 -0.041002
v 0.249287 -0.111756 -0.041003
v 0.246441 -0.106180 -0.041003
v 0.245460 -0.100000 -0.041004
v 0.245460 0.100000 -0.041004
v 0.246441 0.106180 -0.041003
v 0.249287 0.111756 -0.041003
v 0.253721 0.116180 -0.041002
v 0.259307 0.119021 -0.041001
v 0.265500 0.120000 -0.041000
v 0.263188 -0.120000 -0.077626
v 0.257045 -0.119021 -0.076837
v 0.251504 -0.116180 -0.076125
v 0.247106 -0.111756 -0.075560
v 0.244282 -0.106180 -0.075197
v 0.243310 -0.100000 -0.075072
v 0.243310 0.100000 -0.075072
v 0.244282 0.106180 -0.075197
v 0.247106 0.111756 -0.075560
v 0.251504 0.116180 -0.076125
v 0.257045 0.119021 -0.076837
v 0.263188 0.120000 -0.077626
v 0.256421 -0.120000 -0.112343
v 0.250434 -0.119021 -0.110758
v 0.245032 -0.116180 -0.109329
v 0.240745 -0.111756 -0.108194
v 0.237993 -0.106180 -0.107466
v 0.237044 -0.100000 -0.107215
v 0.237044 0.100000 -0.107215
v 0.237993 0.106180 -0.107466
v 0.240745 0.111756 -0.108194
v 0.245032 0.116180 -0.109329
v 0.250434 0.119021 -0.110758
v 0.256421 0.120000 -0.112343
v 0.245453 -0.120000 -0.144906
v 0.239729 -0.119021 -0.142540
v 0.234565 -0.116180 -0.140405
v 0.230467 -0.111756 -0.138710
v 0.227835 -0.106180 -0.137622
v 0.226929 -0.100000 -0.137248
v 0.226929 0.100000 -0.137248
v 0.227835 0.106180 -0.137622
v 0.230467 0.111756 -0.138710
v 0.234565 0.116180 -0.140405
v 0.239729 0.119021 -0.142540
v 0.245453 0.120000 -0.144906
v 0.230537 -0.120000 -0.175074
v 0.225182 -0.119021 -0.171960
v 0.220352 -0.116180 -0.169150
v 0.216519 -0.111756 -0.166920
v 0.214057 -0.106180 -0.165489
v 0.213209 -0.100000 -0.164995
v 0.213209 0.100000 -0.164995
v 0.214057 0.106180 -0.165489
v 0.216519 0.111756 -0.166920
v 0.220352 0.116180 -0.169150
v 0.225182 0.119021 -0.171960
v 0.230537 0.120000 -0.175074
v 0.211927 -0.120000 -0.202603
v 0.207041 -0.119021 -0.198794
v 0.202634 -0.116180 -0.195359
v 0.199136 -0.111756 -0.192632
v 0.196891 -0.106180 -0.190881
v 0.196117 -0.100000 -0.190278
v 0.196117 0.100000 -0.190278
v 0.196891 0.106180 -0.190881
v 0.199136 0.111756 -0.192632
v 0.202634 0.116180 -0.195359
v 0.207041 0.119021 -0.198794
v 0.211927 0.120000 -0.202603
v 0.189875 -0.120000 -0.227250
v 0.185547 -0.119021 -0.222818
v 0.181643 -0.116180 -0.218820
v 0.178545 -0.111756 -0.215647
v 0.176556 -0.106180 -0.213610
v 0.175870 -0.100000 -0.212908
v 0.175870 0.100000 -0.212908
v 0.176556 0.106180 -0.213610
v 0.178545 0.111756 -0.215647
v 0.181643 0.116180 -0.218820
v 0.185547 0.119021 -0.222818
v 0.189875 0.120000 -0.227250
v 0.164636 -0.120000 -0.248772
v 0.160941 -0.119021 -0.243801
v 0.157607 -0.116180 -0.239316
v 0.154961 -0.111756 -0.235757
v 0.153263 -0.106180 -0.233472
v 0.152678 -0.100000 -0.232685
v 0.152678 0.100000 -0.232685
v 0.153263 0.106180 -0.233472
v 0.154961 0.111756 -0.235757
v 0.157607 0.116180 -0.239316
v 0.160941 0.119021 -0.243801
v 0.164636 0.120000 -0.248772
v 0.136463 -0.120000 -0.266926
v 0.133459 -0.119021 -0.261510
v 0.130748 -0.116180 -0.256623
v 0.128597 -0.111756 -0.252746
v 0.127216 -0.106180 -0.250256
v 0.126741 -0.100000 -0.249398
v 0.126741 0.100000 -0.249398
v 0.127216 0.106180 -0.250256
v 0.128597 0.111756 -0.252746
v 0.130748 0.116180 -0.256623
v 0.133459 0.119021 -0.261510
v 0.136463 0.120000 -0.266926
v 0.105609 -0.120000 -0.281469
v 0.103337 -0.119021 -0.275707
v 0.101288 -0.116180 -0.270510
v 0.099661 -0.111756 -0.266385
v 0.098617 -0.106180 -0.263736
v 0.098257 -0.100000 -0.262824
v 0.098257 0.100000 -0.262824
v 0.098617 0.106180 -0.263736
v 0.099661 0.111756 -0.266385
v 0.101288 0.116180 -0.270510
v 0.103337 0.119021 -0.275707
v 0.105609 0.120000 -0.281469
v 0.072329 -0.120000 -0.292157
v 0.070813 -0.119021 -0.286153
v 0.069445 -0.116180 -0.280736
v 0.068360 -0.111756 -0.276438
v 0.067663 -0.106180 -0.273678
v 0.067423 -0.100000 -0.272727
v 0.067423 0.100000 -0.272727
v 0.067663 0.106180 -0.273678
v 0.068360 0.111756 -0.276438
v 0.069445 0.116180 -0.280736
v 0.070813 0.119021 -0.286153
v 0.072329 0.120000 -0.292157
v 0.036874 -0.120000 -0.298749
v 0.036121 -0.119021 -0.292603
v 0.035441 -0.116180 -0.287058
v 0.034902 -0.111756 -0.282658
v 0.034555 -0.106180 -0.279833
v 0.034436 -0.100000 -0.278859
v 0.034436 0.100000 -0.278859
v 0.034555 0.106180 -0.279833
v 0.034902 0.111756 -0.282658
v 0.035441 0.116180 -0.287058
v 0.036121 0.119021 -0.292603
v 0.036874 0.120000 -0.298749
v -0.000500 -0.120000 -0.301000
v -0.000499 -0.119021 -0.294808
v -0.000498 -0.116180 -0.289223
v -0.000497 -0.111756 -0.284790
v -0.000496 -0.106180 -0.281944
v -0.000496 -0.100000 -0.280964
v -0.000496 0.100000 -0.280964
v -0.000496 0.106180 -0.281944
v -0.000497 0.111756 -0.284790
v -0.000498 0.116180 -0.289223
v -0.000499 0.119021 -0.294808
v -0.000500 0.120000 -0.301000
v -0.037645 -0.120000 -0.298749
v -0.036887 -0.119021 -0.292603
v -0.036204 -0.116180 -0.287059
v -0.035661 -0.111756 -0.282659
v -0.035313 -0.106180 -0.279834
v -0.035193 -0.100000 -0.278861
v -0.035193 0.100000 -0.278861
v -0.035313 0.106180 -0.279834
v -0.035661 0.111756 -0.282659
v -0.036204 0.116180 -0.287059
v -0.036887 0.119021 -0.292603
v -0.037645 0.120000 -0.298749
v -0.072907 -0.120000 -0.292157
v -0.071384 -0.119021 -0.286155
v -0.070011 -0.116180 -0.280740
v -0.068920 -0.111756 -0.276442
v -0.068220 -0.106180 -0.273683
v -0.067979 -0.100000 -0.272732
v -0.067979 0.100000 -0.272732
v -0.068220 0.106180 -0.273683
v -0.068920 0.111756 -0.276442
v -0.070011 0.116180 -0.280740
v -0.071384 0.119021 -0.286155
v -0.072907 0.120000 -0.292157
v -0.106031 -0.120000 -0.281469
v -0.103751 -0.119021 -0.275711
v -0.101693 -0.116180 -0.270516
v -0.100061 -0.111756 -0.266393
v -0.099013 -0.106180 -0.263747
v -0.098651 -0.100000 -0.262835
v -0.098651 0.100000 -0.262835
v -0.099013 0.106180 -0.263747
v -0.100061 0.111756 -0.266393
v -0.101693 0.116180 -0.270516
v -0.103751 0.119021 -0.275711
v -0.106031 0.120000 -0.281469
v -0.136759 -0.120000 -0.266926
v -0.133746 -0.119021 -0.261514
v -0.131028 -0.116180 -0.256632
v -0.128871 -0.111756 -0.252758
v -0.127486 -0.106180 -0.250271
v -0.127009 -0.100000 -0.249414
v -0.127009 0.100000 -0.249414
v -0.127486 0.106180 -0.250271
v -0.128871 0.111756 -0.252758
v -0.131028 0.116180 -0.256632
v -0.133746 0.119021 -0.261514
v -0.136759 0.120000 -0.266926
v -0.164834 -0.120000 -0.248772
v -0.161132 -0.119021 -0.243807
v -0.157791 -0.116180 -0.239327
v -0.155140 -0.111756 -0.235772
v -0.153438 -0.106180 -0.233490
v -0.152852 -0.100000 -0.232703
v -0.152852 0.100000 -0.232703
v -0.153438 0.106180 -0.233490
v -0.155140 0.111756 -0.235772
v -0.157791 0.116180 -0.239327
v -0.161132 0.119021 -0.243807
v -0.164834 0.120000 -0.248772
v -0.190000 -0.120000 -0.227250
v -0.185667 -0.119021 -0.222824
v -0.181757 -0.116180 -0.218831
v -0.178655 -0.111756 -0.215662
v -0.176663 -0.106180 -0.213628
v -0.175977 -0.100000 -0.212927
v -0.175977 0.100000 -0.212927
v -0.176663 0.106180 -0.213628
v -0.178655 0.111756 -0.215662
v -0.181757 0.116180 -0.218831
v -0.185667 0.119021 -0.222824
v -0.190000 0.120000 -0.227250
v -0.211999 -0.120000 -0.202603
v -0.207110 -0.119021 -0.198800
v -0.202699 -0.116180 -0.195368
v -0.199199 -0.111756 -0.192645
v -0.196951 -0.106180 -0.190897
v -0.196177 -0.100000 -0.190295
v -0.196177 0.100000 -0.190295
v -0.196951 0.106180 -0.190897
v -0.199199 0.111756 -0.192645
v -0.202699 0.116180 -0.195368
v -0.207110 0.119021 -0.198800
v -0.211999 0.120000 -0.202603
v -0.230574 -0.120000 -0.175074
v -0.225217 -0.119021 -0.171963
v -0.220385 -0.116180 -0.169157
v -0.216550 -0.111756 -0.166930
v -0.214088 -0.106180 -0.165501
v -0.213239 -0.100000 -0.165008
v -0.213239 0.100000 -0.165008
v -0.214088 0.106180 -0.165501
v -0.216550 0.111756 -0.166930
v -0.220385 0.116180 -0.169157
v -0.225217 0.119021 -0.171963
v -0.230574 0.120000 -0.175074
v -0.245469 -0.120000 -0.144906
v -0.239743 -0.119021 -0.142542
v -0.234579 -0.116180 -0.140409
v -0.230480 -0.111756 -0.138717
v -0.227848 -0.106180 -0.137630
v -0.226941 -0.100000 -0.137256
v -0.226941 0.100000 -0.137256
v -0.227848 0.106180 -0.137630
v -0.230480 0.111756 -0.138717
v -0.234579 0.116180 -0.140409
v -0.239743 0.119021 -0.142542
v -0.245469 0.120000 -0.144906
v -0.256426 -0.120000 -0.112343
v -0.250438 -0.119021 -0.110759
v -0.245036 -0.116180 -0.109331
v -0.240749 -0.111756 -0.108198
v -0.237996 -0.106180 -0.107470
v -0.237048 -0.100000 -0.107219
v -0.237048 0.100000 -0.107219
v -0.237996 0.106180 -0.107470
v -0.240749 0.111756 -0.108198
v -0.245036 0.116180 -0.109331
v -0.250438 0.119021 -0.110759
v -0.256426 0.120000 -0.112343
v -0.263189 -0.120000 -0.077626
v -0.257046 -0.119021 -0.076837
v -0.251504 -0.116180 -0.076126
v -0.247106 -0.111756 -0.075561
v -0.244283 -0.106180 -0.075199
v -0.243310 -0.100000 -0.075074
v -0.243310 0.100000 -0.075074
v -0.244283 0.106180 -0.075199
v -0.247106 0.111756 -0.075561
v -0.251504 0.116180 -0.076126
v -0.257046 0.119021 -0.076837
v -0.263189 0.120000 -0.077626
v -0.265500 -0.120000 -0.041000
v -0.259307 -0.119021 -0.041001
v -0.253721 -0.116180 -0.041002
v -0.249287 -0.111756 -0.041003
v -0.246441 -0.106180 -0.041003
v -0.245460 -0.100000 -0.041004
v -0.245460 0.100000 -0.041004
v -0.246441 0.106180 -0.041003
v -0.249287 0.111756 -0.041003
v -0.253721 0.116180 -0.041002
v -0.259307 0.119021 -0.041001
v -0.265500 0.120000 -0.041000
v -0.263189 -0.120000 -0.004584
v -0.257046 -0.119021 -0.005376
v -0.251505 -0.116180 -0.006091
v -0.247107 -0.111756 -0.006658
v -0.244284 -0.106180 -0.007022
v -0.243311 -0.100000 -0.007147
v -0.243311 0.100000 -0.007147
v -0.244284 0.106180 -0.007022
v -0.247107 0.111756 -0.006658
v -0.251505 0.116180 -0.006091
v -0.257046 0.119021 -0.005376
v -0.263189 0.120000 -0.004584
v -0.256426 -0.120000 0.029995
v -0.250439 -0.119021 0.028408
v -0.245038 -0.116180 0.026976
v -0.240752 -0.111756 0.025839
v -0.238000 -0.106180 0.025109
v -0.237052 -0.100000 0.024858
v -0.237052 0.100000 0.024858
v -0.238000 0.106180 0.025109
v -0.240752 0.111756 0.025839
v -0.245038 0.116180 0.026976
v -0.250439 0.119021 0.028408
v -0.256426 0.120000 0.029995
v -0.245469 -0.120000 0.062484
v -0.239745 -0.119021 0.060117
v -0.234581 -0.116180 0.057982
v -0.230483 -0.111756 0.056288
v -0.227852 -0.106180 0.055200
v -0.226945 -0.100000 0.054825
v -0.226945 0.100000 0.054825
v -0.227852 0.106180 0.055200
v -0.230483 0.111756 0.056288
v -0.234581 0.116180 0.057982
v -0.239745 0.119021 0.060117
v -0.245469 0.120000 0.062484
v -0.230574 -0.120000 0.092630
v -0.225217 -0.119021 0.089519
v -0.220385 -0.116180 0.086713
v -0.216550 -0.111756 0.084486
v -0.214088 -0.106180 0.083057
v -0.213239 -0.100000 0.082564
v -0.213239 0.100000 0.082564
v -0.214088 0.106180 0.083057
v -0.216550 0.111756 0.084486
v -0.220385 0.116180 0.086713
v -0.225217 0.119021 0.089519
v -0.230574 0.120000 0.092630
v -0.211999 -0.120000 0.120178
v -0.207107 -0.119021 0.116378
v -0.202694 -0.116180 0.112949
v -0.199192 -0.111756 0.110229
v -0.196944 -0.106180 0.108482
v -0.196169 -0.100000 0.107880
v -0.196169 0.100000 0.107880
v -0.196944 0.106180 0.108482
v -0.199192 0.111756 0.110229
v -0.202694 0.116180 0.112949
v -0.207107 0.119021 0.116378
v -0.211999 0.120000 0.120178
v -0.190000 -0.120000 0.144875
v -0.185661 -0.119021 0.140455
v -0.181746 -0.116180 0.136467
v -0.178640 -0.111756 0.133302
v -0.176645 -0.106180 0.131271
v -0.175958 -0.100000 0.130570
v -0.175958 0.100000 0.130570
v -0.176645 0.106180 0.131271
v -0.178640 0.111756 0.133302
v -0.181746 0.116180 0.136467
v -0.185661 0.119021 0.140455
v -0.190000 0.120000 0.144875
v -0.164834 -0.120000 0.166468
v -0.161123 -0.119021 0.161510
v -0.157774 -0.116180 0.157036
v -0.155117 -0.111756 0.153486
v -0.153410 -0.106180 0.151207
v -0.152822 -0.100000 0.150422
v -0.152822 0.100000 0.150422
v -0.153410 0.106180 0.151207
v -0.155117 0.111756 0.153486
v -0.157774 0.116180 0.157036
v -0.161123 0.119021 0.161510
v -0.164834 0.120000 0.166468
v -0.136759 -0.120000 0.184704
v -0.133735 -0.119021 0.179299
v -0.131007 -0.116180 0.174422
v -0.128841 -0.111756 0.170553
v -0.127451 -0.106180 0.168068
v -0.126972 -0.100000 0.167212
v -0.126972 0.100000 0.167212
v -0.127451 0.106180 0.168068
v -0.128841 0.111756 0.170553
v -0.131007 0.116180 0.174422
v -0.133735 0.119021 0.179299
v -0.136759 0.120000 0.184704
v -0.106031 -0.120000 0.199328
v -0.103739 -0.119021 0.193575
v -0.101671 -0.116180 0.188384
v -0.100030 -0.111756 0.184265
v -0.098976 -0.106180 0.181620
v -0.098613 -0.100000 0.180709
v -0.098613 0.100000 0.180709
v -0.098976 0.106180 0.181620
v -0.100030 0.111756 0.184265
v -0.101671 0.116180 0.188384
v -0.103739 0.119021 0.193575
v -0.106031 0.120000 0.199328
v -0.072907 -0.120000 0.210088
v -0.071374 -0.119021 0.204088
v -0.069992 -0.116180 0.198675
v -0.068894 -0.111756 0.194379
v -0.068190 -0.106180 0.191621
v -0.067947 -0.100000 0.190671
v -0.067947 0.100000 0.190671
v -0.068190 0.106180 0.191621
v -0.068894 0.111756 0.194379
v -0.069992 0.116180 0.198675
v -0.071374 0.119021 0.204088
v -0.072907 0.120000 0.210088
v -0.037645 -0.120000 0.216730
v -0.036881 -0.119021 0.210585
v -0.036192 -0.116180 0.205041
v -0.035646 -0.111756 0.200641
v -0.035295 -0.106180 0.197817
v -0.035174 -0.100000 0.196843
v -0.035174 0.100000 0.196843
v -0.035295 0.106180 0.197817
v -0.035646 0.111756 0.200641
v -0.036192 0.116180 0.205041
v -0.036881 0.119021 0.210585
v -0.037645 0.120000 0.216730
v -0.000500 -0.120000 0.219000
v -0.000499 -0.119021 0.212808
v -0.000498 -0.116180 0.207223
v -0.000497 -0.111756 0.202790
v -0.000496 -0.106180 0.199944
v -0.000496 -0.100000 0.198963
v -0.000496 0.100000 0.198963
v -0.000496 0.106180 0.199944
v -0.000497 0.111756 0.202790
v -0.000498 0.116180 0.207223
v -0.000499 0.119021 0.212808
v -0.000500 0.120000 0.219000
vn -0.0000 1.0000 -0.0000
vn -0.0000 -1.0000 -0.0000
vn 0.0382 -0.9494 -0.3117
vn 0.0775 -0.9493 -0.3046
vn 0.0385 -0.9877 -0.1513
vn 0.0190 -0.9877 -0.1550
vn 0.0719 -0.8066 -0.5867
vn 0.1457 -0.8065 -0.5730
vn 0.0987 -0.5856 -0.8046
vn 0.1998 -0.5855 -0.7857
vn 0.1158 -0.3077 -0.9444
vn 0.2345 -0.3077 -0.9221
vn 0.1213 -0.0784 -0.9895
vn 0.2457 -0.0784 -0.9662
vn 0.1213 0.0784 -0.9895
vn 0.2457 0.0784 -0.9662
vn 0.1158 0.3077 -0.9444
vn 0.2345 0.3077 -0.9221
vn 0.0987 0.5856 -0.8046
vn 0.1998 0.5855 -0.7857
vn 0.0719 0.8066 -0.5867
vn 0.1457 0.8065 -0.5730
vn 0.0382 0.9494 -0.3117
vn 0.0775 0.9493 -0.3046
vn 0.0190 0.9877 -0.1550
vn 0.0385 0.9877 -0.1513
vn 0.1167 -0.9493 -0.2919
vn 0.0579 -0.9877 -0.1449
vn 0.2195 -0.8065 -0.5490
vn 0.3010 -0.5855 -0.7528
vn 0.3532 -0.3077 -0.8835
vn 0.3701 -0.0784 -0.9257
vn 0.3701 0.0784 -0.9257
vn 0.3532 0.3077 -0.8835
vn 0.3010 0.5855 -0.7528
vn 0.2195 0.8065 -0.5490
vn 0.1167 0.9493 -0.2919
vn 0.0579 0.9877 -0.1449
vn 0.1547 -0.9493 -0.2738
vn 0.0768 -0.9877 -0.1359
vn 0.2910 -0.8064 -0.5148
vn 0.3990 -0.5854 -0.7058
vn 0.4682 -0.3077 -0.8283
vn 0.4906 -0.0784 -0.8679
vn 0.4906 0.0784 -0.8679
vn 0.4682 0.3077 -0.8283
vn 0.3990 0.5854 -0.7058
vn 0.2910 0.8064 -0.5148
vn 0.1547 0.9493 -0.2738
vn 0.0768 0.9877 -0.1359
vn 0.1904 -0.9493 -0.2503
vn 0.0945 -0.9877 -0.1242
vn 0.3580 -0.8064 -0.4707
vn 0.4908 -0.5854 -0.6453
vn 0.5760 -0.3077 -0.7574
vn 0.6035 -0.0784 -0.7935
vn 0.6035 0.0784 -0.7935
vn 0.5760 0.3077 -0.7574
vn 0.4908 0.5854 -0.6453
vn 0.3580 0.8064 -0.4707
vn 0.1904 0.9493 -0.2503
vn 0.0945 0.9877 -0.1242
vn 0.2225 -0.9493 -0.2222
vn 0.1104 -0.9877 -0.1103
vn 0.4184 -0.8064 -0.4178
vn 0.5737 -0.5854 -0.5729
vn 0.6733 -0.3077 -0.6723
vn 0.7054 -0.0784 -0.7044
vn 0.7054 0.0784 -0.7044
vn 0.6733 0.3077 -0.6723
vn 0.5737 0.5854 -0.5729
vn 0.4184 0.8064 -0.4178
vn 0.2225 0.9493 -0.2222
vn 0.1104 0.9877 -0.1103
vn 0.2504 -0.9493 -0.1902
vn 0.1243 -0.9877 -0.0944
vn 0.4709 -0.8064 -0.3576
vn 0.6457 -0.5854 -0.4903
vn 0.7578 -0.3077 -0.5754
vn 0.7940 -0.0784 -0.6029
vn 0.7940 0.0784 -0.6029
vn 0.7578 0.3077 -0.5754
vn 0.6457 0.5854 -0.4903
vn 0.4709 0.8064 -0.3576
vn 0.2504 0.9493 -0.1902
vn 0.1243 0.9877 -0.0944
vn 0.2735 -0.9493 -0.1550
vn 0.1358 -0.9877 -0.0770
vn 0.5144 -0.8065 -0.2916
vn 0.7053 -0.5855 -0.3997
vn 0.8278 -0.3077 -0.4692
vn 0.8673 -0.0784 -0.4916
vn 0.8673 0.0784 -0.4916
vn 0.8278 0.3077 -0.4692
vn 0.7053 0.5855 -0.3997
vn 0.5144 0.8065 -0.2916
vn 0.2735 0.9493 -0.1550
vn 0.1358 0.9877 -0.0770
vn 0.2915 -0.9493 -0.1176
vn 0.1448 -0.9877 -0.0584
vn 0.5483 -0.8065 -0.2213
vn 0.7518 -0.5855 -0.3034
vn 0.8823 -0.3077 -0.3561
vn 0.9245 -0.0784 -0.3732
vn 0.9245 0.0784 -0.3732
vn 0.8823 0.3077 -0.3561
vn 0.7518 0.5855 -0.3034
vn 0.5483 0.8065 -0.2213
vn 0.2915 0.9493 -0.1176
vn 0.1448 0.9877 -0.0584
vn 0.3042 -0.9493 -0.0789
vn 0.1511 -0.9877 -0.0392
vn 0.5723 -0.8065 -0.1484
vn 0.7847 -0.5855 -0.2034
vn 0.9210 -0.3077 -0.2388
vn 0.9650 -0.0784 -0.2502
vn 0.9650 0.0784 -0.2502
vn 0.9210 0.3077 -0.2388
vn 0.7847 0.5855 -0.2034
vn 0.5723 0.8065 -0.1484
vn 0.3042 0.9493 -0.0789
vn 0.1511 0.9877 -0.0392
vn 0.3117 -0.9494 -0.0394
vn 0.1549 -0.9877 -0.0196
vn 0.5865 -0.8066 -0.0742
vn 0.8042 -0.5855 -0.1017
vn 0.9440 -0.3077 -0.1194
vn 0.9890 -0.0784 -0.1251
vn 0.9890 0.0784 -0.1251
vn 0.9440 0.3077 -0.1194
vn 0.8042 0.5855 -0.1017
vn 0.5865 0.8066 -0.0742
vn 0.3117 0.9494 -0.0394
vn 0.1549 0.9877 -0.0196
vn 0.3141 -0.9494 -0.0000
vn 0.1561 -0.9877 -0.0000
vn 0.5911 -0.8066 -0.0000
vn 0.8106 -0.5856 -0.0000
vn 0.9515 -0.3077 -0.0000
vn 0.9969 -0.0784 -0.0000
vn 0.9969 0.0784 -0.0000
vn 0.9515 0.3077 -0.0000
vn 0.8106 0.5856 -0.0000
vn 0.5911 0.8066 -0.0000
vn 0.3141 0.9494 -0.0000
vn 0.1561 0.9877 -0.0000
vn 0.3117 -0.9494 0.0393
vn 0.1549 -0.9877 0.0195
vn 0.5865 -0.8066 0.0740
vn 0.8043 -0.5855 0.1014
vn 0.9440 -0.3077 0.1191
vn 0.9891 -0.0784 0.1247
vn 0.9891 0.0784 0.1247
vn 0.9440 0.3077 0.1191
vn 0.8043 0.5855 0.1014
vn 0.5865 0.8066 0.0740
vn 0.3117 0.9494 0.0393
vn 0.1549 0.9877 0.0195
vn 0.3042 -0.9494 0.0784
vn 0.1512 -0.9877 0.0389
vn 0.5725 -0.8066 0.1474
vn 0.7850 -0.5855 0.2022
vn 0.9214 -0.3077 0.2373
vn 0.9654 -0.0784 0.2486
vn 0.9654 0.0784 0.2486
vn 0.9214 0.3077 0.2373
vn 0.7850 0.5855 0.2022
vn 0.5725 0.8066 0.1474
vn 0.3042 0.9494 0.0784
vn 0.1512 0.9877 0.0389
vn 0.2918 -0.9493 0.1166
vn 0.1450 -0.9877 0.0579
vn 0.5490 -0.8065 0.2194
vn 0.7528 -0.5855 0.3009
vn 0.8835 -0.3077 0.3531
vn 0.9257 -0.0784 0.3700
vn 0.9257 0.0784 0.3700
vn 0.8835 0.3077 0.3531
vn 0.7528 0.5855 0.3009
vn 0.5490 0.8065 0.2194
vn 0.2918 0.9493 0.1166
vn 0.1450 0.9877 0.0579
vn 0.2743 -0.9493 0.1535
vn 0.1362 -0.9877 0.0763
vn 0.5159 -0.8065 0.2888
vn 0.7074 -0.5855 0.3960
vn 0.8303 -0.3077 0.4648
vn 0.8699 -0.0784 0.4870
vn 0.8699 0.0784 0.4870
vn 0.8303 0.3077 0.4648
vn 0.7074 0.5855 0.3960
vn 0.5159 0.8065 0.2888
vn 0.2743 0.9493 0.1535
vn 0.1362 0.9877 0.0763
vn 0.2517 -0.9493 0.1884
vn 0.1250 -0.9877 0.0935
vn 0.4733 -0.8065 0.3544
vn 0.6490 -0.5855 0.4859
vn 0.7617 -0.3077 0.5702
vn 0.7981 -0.0784 0.5975
vn 0.7981 0.0784 0.5975
vn 0.7617 0.3077 0.5702
vn 0.6490 0.5855 0.4859
vn 0.4733 0.8065 0.3544
vn 0.2517 0.9493 0.1884
vn 0.1250 0.9877 0.0935
vn 0.2242 -0.9493 0.2205
vn 0.1113 -0.9877 0.1094
vn 0.4216 -0.8064 0.4146
vn 0.5780 -0.5854 0.5685
vn 0.6784 -0.3077 0.6672
vn 0.7108 -0.0784 0.6990
vn 0.7108 0.0784 0.6990
vn 0.6784 0.3077 0.6672
vn 0.5780 0.5854 0.5685
vn 0.4216 0.8064 0.4146
vn 0.2242 0.9493 0.2205
vn 0.1113 0.9877 0.1094
vn 0.1923 -0.9493 0.2489
vn 0.0954 -0.9877 0.1235
vn 0.3615 -0.8064 0.4680
vn 0.4957 -0.5854 0.6416
vn 0.5817 -0.3077 0.7530
vn 0.6095 -0.0784 0.7889
vn 0.6095 0.0784 0.7889
vn 0.5817 0.3077 0.7530
vn 0.4957 0.5854 0.6416
vn 0.3615 0.8064 0.4680
vn 0.1923 0.9493 0.2489
vn 0.0954 0.9877 0.1235
vn 0.1566 -0.9493 0.2727
vn 0.0777 -0.9877 0.1354
vn 0.2945 -0.8064 0.5128
vn 0.4037 -0.5854 0.7031
vn 0.4738 -0.3077 0.8251
vn 0.4964 -0.0784 0.8645
vn 0.4964 0.0784 0.8645
vn 0.4738 0.3077 0.8251
vn 0.4037 0.5854 0.7031
vn 0.2945 0.8064 0.5128
vn 0.1566 0.9493 0.2727
vn 0.0777 0.9877 0.1354
vn 0.1183 -0.9493 0.2914
vn 0.0587 -0.9877 0.1446
vn 0.2224 -0.8064 0.5479
vn 0.3049 -0.5854 0.7512
vn 0.3578 -0.3077 0.8816
vn 0.3749 -0.0784 0.9237
vn 0.3749 0.0784 0.9237
vn 0.3578 0.3077 0.8816
vn 0.3049 0.5854 0.7512
vn 0.2224 0.8064 0.5479
vn 0.1183 0.9493 0.2914
vn 0.0587 0.9877 0.1446
vn 0.0785 -0.9493 0.3044
vn 0.0390 -0.9877 0.1512
vn 0.1477 -0.8065 0.5725
vn 0.2025 -0.5855 0.7850
vn 0.2376 -0.3077 0.9213
vn 0.2490 -0.0784 0.9653
vn 0.2490 0.0784 0.9653
vn 0.2376 0.3077 0.9213
vn 0.2025 0.5855 0.7850
vn 0.1477 0.8065 0.5725
vn 0.0785 0.9493 0.3044
vn 0.0390 0.9877 0.1512
vn 0.0387 -0.9494 0.3117
vn 0.0192 -0.9877 0.1549
vn 0.0728 -0.8066 0.5866
vn 0.0999 -0.5855 0.8045
vn 0.1172 -0.3077 0.9442
vn 0.1228 -0.0784 0.9893
vn 0.1228 0.0784 0.9893
vn 0.1172 0.3077 0.9442
vn 0.0999 0.5855 0.8045
vn 0.0728 0.8066 0.5866
vn 0.0387 0.9494 0.3117
vn 0.0192 0.9877 0.1549
vn -0.0003 -0.9494 0.3140
vn -0.0001 -0.9877 0.1561
vn -0.0005 -0.8066 0.5911
vn -0.0007 -0.5856 0.8106
vn -0.0008 -0.3077 0.9515
vn -0.0008 -0.0784 0.9969
vn -0.0008 0.0784 0.9969
vn -0.0008 0.3077 0.9515
vn -0.0007 0.5856 0.8106
vn -0.0005 0.8066 0.5911
vn -0.0003 0.9494 0.3140
vn -0.0001 0.9877 0.1561
vn -0.0396 -0.9493 0.3117
vn -0.0197 -0.9877 0.1549
vn -0.0745 -0.8065 0.5865
vn -0.1021 -0.5855 0.8042
vn -0.1199 -0.3077 0.9439
vn -0.1256 -0.0784 0.9890
vn -0.1256 0.0784 0.9890
vn -0.1199 0.3077 0.9439
vn -0.1021 0.5855 0.8042
vn -0.0745 0.8065 0.5865
vn -0.0396 0.9493 0.3117
vn -0.0197 0.9877 0.1549
vn -0.0799 -0.9493 0.3040
vn -0.0397 -0.9877 0.1510
vn -0.1502 -0.8065 0.5719
vn -0.2060 -0.5855 0.7841
vn -0.2418 -0.3077 0.9203
vn -0.2533 -0.0784 0.9642
vn -0.2533 0.0784 0.9642
vn -0.2418 0.3077 0.9203
vn -0.2060 0.5855 0.7841
vn -0.1502 0.8065 0.5719
vn -0.0799 0.9493 0.3040
vn -0.0397 0.9877 0.1510
vn -0.1197 -0.9493 0.2908
vn -0.0594 -0.9877 0.1443
vn -0.2251 -0.8064 0.5468
vn -0.3086 -0.5854 0.7497
vn -0.3622 -0.3077 0.8799
vn -0.3795 -0.0784 0.9219
vn -0.3795 0.0784 0.9219
vn -0.3622 0.3077 0.8799
vn -0.3086 0.5854 0.7497
vn -0.2251 0.8064 0.5468
vn -0.1197 0.9493 0.2908
vn -0.0594 0.9877 0.1443
vn -0.1578 -0.9493 0.2720
vn -0.0783 -0.9877 0.1350
vn -0.2967 -0.8064 0.5115
vn -0.4067 -0.5854 0.7013
vn -0.4774 -0.3077 0.8231
vn -0.5001 -0.0784 0.8624
vn -0.5001 0.0784 0.8624
vn -0.4774 0.3077 0.8231
vn -0.4067 0.5854 0.7013
vn -0.2967 0.8064 0.5115
vn -0.1578 0.9493 0.2720
vn -0.0783 0.9877 0.1350
vn -0.1930 -0.9493 0.2483
vn -0.0958 -0.9877 0.1232
vn -0.3628 -0.8064 0.4669
vn -0.4975 -0.5854 0.6401
vn -0.5839 -0.3077 0.7513
vn -0.6117 -0.0784 0.7872
vn -0.6117 0.0784 0.7872
vn -0.5839 0.3077 0.7513
vn -0.4975 0.5854 0.6401
vn -0.3628 0.8064 0.4669
vn -0.1930 0.9493 0.2483
vn -0.0958 0.9877 0.1232
vn -0.2244 -0.9493 0.2202
vn -0.1114 -0.9877 0.1093
vn -0.4220 -0.8065 0.4141
vn -0.5786 -0.5855 0.5678
vn -0.6791 -0.3077 0.6664
vn -0.7115 -0.0784 0.6983
vn -0.7115 0.0784 0.6983
vn -0.6791 0.3077 0.6664
vn -0.5786 0.5855 0.5678
vn -0.4220 0.8065 0.4141
vn -0.2244 0.9493 0.2202
vn -0.1114 0.9877 0.1093
vn -0.2515 -0.9493 0.1886
vn -0.1249 -0.9877 0.0936
vn -0.4731 -0.8065 0.3547
vn -0.6486 -0.5855 0.4863
vn -0.7613 -0.3077 0.5708
vn -0.7976 -0.0784 0.5980
vn -0.7976 0.0784 0.5980
vn -0.7613 0.3077 0.5708
vn -0.6486 0.5855 0.4863
vn -0.4731 0.8065 0.3547
vn -0.2515 0.9493 0.1886
vn -0.1249 0.9877 0.0936
vn -0.2739 -0.9493 0.1541
vn -0.1361 -0.9877 0.0765
vn -0.5153 -0.8065 0.2898
vn -0.7066 -0.5855 0.3974
vn -0.8293 -0.3077 0.4665
vn -0.8689 -0.0784 0.4887
vn -0.8689 0.0784 0.4887
vn -0.8293 0.3077 0.4665
vn -0.7066 0.5855 0.3974
vn -0.5153 0.8065 0.2898
vn -0.2739 0.9493 0.1541
vn -0.1361 0.9877 0.0765
vn -0.2915 -0.9493 0.1174
vn -0.1448 -0.9877 0.0583
vn -0.5484 -0.8065 0.2209
vn -0.7520 -0.5855 0.3029
vn -0.8826 -0.3077 0.3555
vn -0.9247 -0.0784 0.3725
vn -0.9247 0.0784 0.3725
vn -0.8826 0.3077 0.3555
vn -0.7520 0.5855 0.3029
vn -0.5484 0.8065 0.2209
vn -0.2915 0.9493 0.1174
vn -0.1448 0.9877 0.0583
vn -0.3041 -0.9494 0.0791
vn -0.1511 -0.9877 0.0393
vn -0.5721 -0.8065 0.1489
vn -0.7845 -0.5855 0.2042
vn -0.9208 -0.3077 0.2397
vn -0.9648 -0.0784 0.2511
vn -0.9648 0.0784 0.2511
vn -0.9208 0.3077 0.2397
vn -0.7845 0.5855 0.2042
vn -0.5721 0.8065 0.1489
vn -0.3041 0.9494 0.0791
vn -0.1511 0.9877 0.0393
vn -0.3116 -0.9494 0.0398
vn -0.1549 -0.9877 0.0198
vn -0.5864 -0.8066 0.0749
vn -0.8041 -0.5855 0.1027
vn -0.9438 -0.3077 0.1205
vn -0.9889 -0.0784 0.1263
vn -0.9889 0.0784 0.1263
vn -0.9438 0.3077 0.1205
vn -0.8041 0.5855 0.1027
vn -0.5864 0.8066 0.0749
vn -0.3116 0.9494 0.0398
vn -0.1549 0.9877 0.0198
vn -0.3142 -0.9494 -0.0001
vn -0.1561 -0.9877 -0.0000
vn -0.5912 -0.8066 -0.0002
vn -0.8106 -0.5855 -0.0002
vn -0.9515 -0.3077 -0.0002
vn -0.9969 -0.0784 -0.0003
vn -0.9969 0.0784 -0.0003
vn -0.9515 0.3077 -0.0002
vn -0.8106 0.5855 -0.0002
vn -0.5912 0.8066 -0.0002
vn -0.3142 0.9494 -0.0001
vn -0.1561 0.9877 -0.0000
vn -0.3117 -0.9493 -0.0402
vn -0.1548 -0.9877 -0.0200
vn -0.5863 -0.8065 -0.0757
vn -0.8040 -0.5855 -0.1038
vn -0.9437 -0.3077 -0.1218
vn -0.9887 -0.0784 -0.1277
vn -0.9887 0.0784 -0.1277
vn -0.9437 0.3077 -0.1218
vn -0.8040 0.5855 -0.1038
vn -0.5863 0.8065 -0.0757
vn -0.3117 0.9493 -0.0402
vn -0.1548 0.9877 -0.0200
vn -0.3039 -0.9493 -0.0802
vn -0.1510 -0.9877 -0.0398
vn -0.5717 -0.8065 -0.1508
vn -0.7839 -0.5855 -0.2068
vn -0.9200 -0.3077 -0.2427
vn -0.9640 -0.0784 -0.2543
vn -0.9640 0.0784 -0.2543
vn -0.9200 0.3077 -0.2427
vn -0.7839 0.5855 -0.2068
vn -0.5717 0.8065 -0.1508
vn -0.3039 0.9493 -0.0802
vn -0.1510 0.9877 -0.0398
vn -0.2909 -0.9493 -0.1190
vn -0.1445 -0.9877 -0.0591
vn -0.5472 -0.8065 -0.2239
vn -0.7503 -0.5855 -0.3070
vn -0.8806 -0.3077 -0.3603
vn -0.9227 -0.0784 -0.3775
vn -0.9227 0.0784 -0.3775
vn -0.8806 0.3077 -0.3603
vn -0.7503 0.5855 -0.3070
vn -0.5472 0.8065 -0.2239
vn -0.2909 0.9493 -0.1190
vn -0.1445 0.9877 -0.0591
vn -0.2728 -0.9493 -0.1561
vn -0.1355 -0.9877 -0.0775
vn -0.5132 -0.8065 -0.2937
vn -0.7036 -0.5855 -0.4027
vn -0.8258 -0.3077 -0.4726
vn -0.8652 -0.0784 -0.4952
vn -0.8652 0.0784 -0.4952
vn -0.8258 0.3077 -0.4726
vn -0.7036 0.5855 -0.4027
vn -0.5132 0.8065 -0.2937
vn -0.2728 0.9493 -0.1561
vn -0.1355 0.9877 -0.0775
vn -0.2498 -0.9493 -0.1908
vn -0.1241 -0.9877 -0.0948
vn -0.4699 -0.8065 -0.3589
vn -0.6443 -0.5855 -0.4921
vn -0.7562 -0.3077 -0.5776
vn -0.7923 -0.0784 -0.6051
vn -0.7923 0.0784 -0.6051
vn -0.7562 0.3077 -0.5776
vn -0.6443 0.5855 -0.4921
vn -0.4699 0.8065 -0.3589
vn -0.2498 0.9493 -0.1908
vn -0.1241 0.9877 -0.0948
vn -0.2223 -0.9493 -0.2224
vn -0.1103 -0.9877 -0.1104
vn -0.4180 -0.8065 -0.4182
vn -0.5731 -0.5855 -0.5734
vn -0.6727 -0.3077 -0.6730
vn -0.7048 -0.0784 -0.7051
vn -0.7048 0.0784 -0.7051
vn -0.6727 0.3077 -0.6730
vn -0.5731 0.5855 -0.5734
vn -0.4180 0.8065 -0.4182
vn -0.2223 0.9493 -0.2224
vn -0.1103 0.9877 -0.1104
vn -0.1906 -0.9493 -0.2501
vn -0.0946 -0.9877 -0.1241
vn -0.3584 -0.8065 -0.4703
vn -0.4914 -0.5855 -0.6448
vn -0.5767 -0.3077 -0.7568
vn -0.6043 -0.0784 -0.7929
vn -0.6043 0.0784 -0.7929
vn -0.5767 0.3077 -0.7568
vn -0.4914 0.5855 -0.6448
vn -0.3584 0.8065 -0.4703
vn -0.1906 0.9493 -0.2501
vn -0.0946 0.9877 -0.1241
vn -0.1554 -0.9493 -0.2733
vn -0.0772 -0.9877 -0.1357
vn -0.2923 -0.8065 -0.5140
vn -0.4008 -0.5855 -0.7047
vn -0.4704 -0.3077 -0.8271
vn -0.4929 -0.0784 -0.8666
vn -0.4929 0.0784 -0.8666
vn -0.4704 0.3077 -0.8271
vn -0.4008 0.5855 -0.7047
vn -0.2923 0.8065 -0.5140
vn -0.1554 0.9493 -0.2733
vn -0.0772 0.9877 -0.1357
vn -0.1177 -0.9493 -0.2915
vn -0.0585 -0.9877 -0.1447
vn -0.2214 -0.8065 -0.5482
vn -0.3036 -0.5855 -0.7517
vn -0.3564 -0.3077 -0.8822
vn -0.3734 -0.0784 -0.9244
vn -0.3734 0.0784 -0.9244
vn -0.3564 0.3077 -0.8822
vn -0.3036 0.5855 -0.7517
vn -0.2214 0.8065 -0.5482
vn -0.1177 0.9493 -0.2915
vn -0.0585 0.9877 -0.1447
vn -0.0785 -0.9493 -0.3043
vn -0.0390 -0.9877 -0.1512
vn -0.1477 -0.8065 -0.5725
vn -0.2025 -0.5855 -0.7850
vn -0.2377 -0.3077 -0.9213
vn -0.2490 -0.0784 -0.9653
vn -0.2490 0.0784 -0.9653
vn -0.2377 0.3077 -0.9213
vn -0.2025 0.5855 -0.7850
vn -0.1477 0.8065 -0.5725
vn -0.0785 0.9493 -0.3043
vn -0.0390 0.9877 -0.1512
vn -0.0389 -0.9494 -0.3117
vn -0.0193 -0.9877 -0.1549
vn -0.0732 -0.8066 -0.5866
vn -0.1004 -0.5855 -0.8044
vn -0.1179 -0.3077 -0.9441
vn -0.1235 -0.0784 -0.9892
vn -0.1235 0.0784 -0.9892
vn -0.1179 0.3077 -0.9441
vn -0.1004 0.5855 -0.8044
vn -0.0732 0.8066 -0.5866
vn -0.0389 0.9494 -0.3117
vn -0.0193 0.9877 -0.1549
vn -0.0002 -0.9494 -0.3139
vn -0.0001 -0.9877 -0.1562
vn -0.0004 -0.8067 -0.5910
vn -0.0005 -0.5856 -0.8106
vn -0.0006 -0.3077 -0.9515
vn -0.0007 -0.0784 -0.9969
vn -0.0007 0.0784 -0.9969
vn -0.0006 0.3077 -0.9515
vn -0.0005 0.5856 -0.8106
vn -0.0004 0.8067 -0.5910
vn -0.0002 0.9494 -0.3139
vn -0.0001 0.9877 -0.1562
vn -0.0371 -0.9530 -0.3006
vn -0.0746 -0.9531 -0.2934
vn -0.0385 -0.9877 -0.1513
vn -0.0191 -0.9877 -0.1550
vn -0.0715 -0.8125 -0.5786
vn -0.1436 -0.8126 -0.5649
vn -0.0989 -0.5915 -0.8002
vn -0.1986 -0.5916 -0.7814
vn -0.1165 -0.3114 -0.9431
vn -0.2341 -0.3114 -0.9210
vn -0.1222 -0.0789 -0.9894
vn -0.2456 -0.0789 -0.9662
vn -0.1222 0.0789 -0.9894
vn -0.2456 0.0789 -0.9662
vn -0.1165 0.3114 -0.9431
vn -0.2341 0.3114 -0.9210
vn -0.0989 0.5915 -0.8002
vn -0.1986 0.5916 -0.7814
vn -0.0715 0.8125 -0.5786
vn -0.1436 0.8126 -0.5649
vn -0.0371 0.9530 -0.3006
vn -0.0746 0.9531 -0.2934
vn -0.0191 0.9877 -0.1550
vn -0.0385 0.9877 -0.1513
vn -0.1116 -0.9531 -0.2813
vn -0.0576 -0.9877 -0.1451
vn -0.2149 -0.8127 -0.5417
vn -0.2973 -0.5917 -0.7494
vn -0.3504 -0.3115 -0.8833
vn -0.3676 -0.0789 -0.9266
vn -0.3676 0.0789 -0.9266
vn -0.3504 0.3115 -0.8833
vn -0.2973 0.5917 -0.7494
vn -0.2149 0.8127 -0.5417
vn -0.1116 0.9531 -0.2813
vn -0.0576 0.9877 -0.1451
vn -0.1473 -0.9532 -0.2642
vn -0.0760 -0.9877 -0.1363
vn -0.2837 -0.8127 -0.5089
vn -0.3925 -0.5917 -0.7041
vn -0.4627 -0.3115 -0.8300
vn -0.4854 -0.0789 -0.8707
vn -0.4854 0.0789 -0.8707
vn -0.4627 0.3115 -0.8300
vn -0.3925 0.5917 -0.7041
vn -0.2837 0.8127 -0.5089
vn -0.1473 0.9532 -0.2642
vn -0.0760 0.9877 -0.1363
vn -0.1809 -0.9532 -0.2424
vn -0.0934 -0.9877 -0.1251
vn -0.3484 -0.8128 -0.4669
vn -0.4821 -0.5918 -0.6461
vn -0.5683 -0.3116 -0.7616
vn -0.5962 -0.0789 -0.7990
vn -0.5962 0.0789 -0.7990
vn -0.5683 0.3116 -0.7616
vn -0.4821 0.5918 -0.6461
vn -0.3484 0.8128 -0.4669
vn -0.1809 0.9532 -0.2424
vn -0.0934 0.9877 -0.1251
vn -0.2115 -0.9532 -0.2161
vn -0.1092 -0.9877 -0.1115
vn -0.4075 -0.8128 -0.4163
vn -0.5639 -0.5918 -0.5760
vn -0.6648 -0.3116 -0.6790
vn -0.6974 -0.0789 -0.7123
vn -0.6974 0.0789 -0.7123
vn -0.6648 0.3116 -0.6790
vn -0.5639 0.5918 -0.5760
vn -0.4075 0.8128 -0.4163
vn -0.2115 0.9532 -0.2161
vn -0.1092 0.9877 -0.1115
vn -0.2386 -0.9532 -0.1857
vn -0.1232 -0.9877 -0.0959
vn -0.4597 -0.8128 -0.3578
vn -0.6360 -0.5918 -0.4952
vn -0.7498 -0.3116 -0.5837
vn -0.7866 -0.0789 -0.6124
vn -0.7866 0.0789 -0.6124
vn -0.7498 0.3116 -0.5837
vn -0.6360 0.5918 -0.4952
vn -0.4597 0.8128 -0.3578
vn -0.2386 0.9532 -0.1857
vn -0.1232 0.9877 -0.0959
vn -0.2613 -0.9532 -0.1520
vn -0.1349 -0.9877 -0.0785
vn -0.5036 -0.8128 -0.2929
vn -0.6968 -0.5918 -0.4053
vn -0.8214 -0.3116 -0.4777
vn -0.8617 -0.0789 -0.5012
vn -0.8617 0.0789 -0.5012
vn -0.8214 0.3116 -0.4777
vn -0.6968 0.5918 -0.4053
vn -0.5036 0.8128 -0.2929
vn -0.2613 0.9532 -0.1520
vn -0.1349 0.9877 -0.0785
vn -0.2794 -0.9532 -0.1157
vn -0.1442 -0.9877 -0.0597
vn -0.5383 -0.8128 -0.2228
vn -0.7448 -0.5918 -0.3084
vn -0.8779 -0.3116 -0.3635
vn -0.9211 -0.0789 -0.3813
vn -0.9211 0.0789 -0.3813
vn -0.8779 0.3116 -0.3635
vn -0.7448 0.5918 -0.3084
vn -0.5383 0.8128 -0.2228
vn -0.2794 0.9532 -0.1157
vn -0.1442 0.9877 -0.0597
vn -0.2923 -0.9532 -0.0776
vn -0.1509 -0.9877 -0.0400
vn -0.5631 -0.8127 -0.1495
vn -0.7792 -0.5917 -0.2068
vn -0.9184 -0.3116 -0.2437
vn -0.9635 -0.0789 -0.2557
vn -0.9635 0.0789 -0.2557
vn -0.9184 0.3116 -0.2437
vn -0.7792 0.5917 -0.2068
vn -0.5631 0.8127 -0.1495
vn -0.2923 0.9532 -0.0776
vn -0.1509 0.9877 -0.0400
vn -0.3001 -0.9531 -0.0387
vn -0.5780 -0.8127 -0.0746
vn -0.7996 -0.5917 -0.1032
vn -0.9424 -0.3115 -0.1216
vn -0.9887 -0.0789 -0.1276
vn -0.9887 0.0789 -0.1276
vn -0.9424 0.3115 -0.1216
vn -0.7996 0.5917 -0.1032
vn -0.5780 0.8127 -0.0746
vn -0.3001 0.9531 -0.0387
vn -0.3028 -0.9531 -0.0001
vn -0.5829 -0.8125 -0.0001
vn -0.8063 -0.5915 -0.0001
vn -0.9503 -0.3114 -0.0002
vn -0.9969 -0.0789 -0.0002
vn -0.9969 0.0789 -0.0002
vn -0.9503 0.3114 -0.0002
vn -0.8063 0.5915 -0.0001
vn -0.5829 0.8125 -0.0001
vn -0.3028 0.9531 -0.0001
vn -0.3002 -0.9531 0.0386
vn -0.1548 -0.9877 0.0199
vn -0.5780 -0.8126 0.0743
vn -0.7996 -0.5916 0.1027
vn -0.9425 -0.3115 0.1211
vn -0.9888 -0.0789 0.1270
vn -0.9888 0.0789 0.1270
vn -0.9425 0.3115 0.1211
vn -0.7996 0.5916 0.1027
vn -0.5780 0.8126 0.0743
vn -0.3002 0.9531 0.0386
vn -0.1548 0.9877 0.0199
vn -0.2924 -0.9532 0.0774
vn -0.1509 -0.9877 0.0399
vn -0.5632 -0.8127 0.1490
vn -0.7793 -0.5917 0.2062
vn -0.9186 -0.3116 0.2431
vn -0.9637 -0.0789 0.2550
vn -0.9637 0.0789 0.2550
vn -0.9186 0.3116 0.2431
vn -0.7793 0.5917 0.2062
vn -0.5632 0.8127 0.1490
vn -0.2924 0.9532 0.0774
vn -0.1509 0.9877 0.0399
vn -0.2794 -0.9532 0.1155
vn -0.1442 -0.9877 0.0596
vn -0.5384 -0.8128 0.2226
vn -0.7449 -0.5918 0.3080
vn -0.8781 -0.3116 0.3630
vn -0.9213 -0.0789 0.3809
vn -0.9213 0.0789 0.3809
vn -0.8781 0.3116 0.3630
vn -0.7449 0.5918 0.3080
vn -0.5384 0.8128 0.2226
vn -0.2794 0.9532 0.1155
vn -0.1442 0.9877 0.0596
vn -0.2613 -0.9532 0.1520
vn -0.1349 -0.9877 0.0785
vn -0.5035 -0.8128 0.2929
vn -0.6968 -0.5918 0.4053
vn -0.8214 -0.3116 0.4778
vn -0.8617 -0.0789 0.5012
vn -0.8617 0.0789 0.5012
vn -0.8214 0.3116 0.4778
vn -0.6968 0.5918 0.4053
vn -0.5035 0.8128 0.2929
vn -0.2613 0.9532 0.1520
vn -0.1349 0.9877 0.0785
vn -0.2384 -0.9532 0.1859
vn -0.1231 -0.9877 0.0960
vn -0.4594 -0.8128 0.3581
vn -0.6357 -0.5919 0.4956
vn -0.7494 -0.3116 0.5842
vn -0.7862 -0.0789 0.6129
vn -0.7862 0.0789 0.6129
vn -0.7494 0.3116 0.5842
vn -0.6357 0.5919 0.4956
vn -0.4594 0.8128 0.3581
vn -0.2384 0.9532 0.1859
vn -0.1231 0.9877 0.0960
vn -0.2112 -0.9532 0.2163
vn -0.1091 -0.9877 0.1117
vn -0.4070 -0.8128 0.4168
vn -0.5631 -0.5918 0.5767
vn -0.6639 -0.3116 0.6798
vn -0.6965 -0.0789 0.7132
vn -0.6965 0.0789 0.7132
vn -0.6639 0.3116 0.6798
vn -0.5631 0.5918 0.5767
vn -0.4070 0.8128 0.4168
vn -0.2112 0.9532 0.2163
vn -0.1090 0.9877 0.1117
vn -0.1804 -0.9532 0.2427
vn -0.0931 -0.9877 0.1253
vn -0.3476 -0.8128 0.4675
vn -0.4809 -0.5918 0.6469
vn -0.5669 -0.3116 0.7626
vn -0.5947 -0.0789 0.8000
vn -0.5947 0.0789 0.8000
vn -0.5669 0.3116 0.7626
vn -0.4809 0.5918 0.6469
vn -0.3476 0.8128 0.4675
vn -0.1804 0.9532 0.2427
vn -0.0931 0.9877 0.1253
vn -0.1467 -0.9532 0.2645
vn -0.0757 -0.9877 0.1365
vn -0.2826 -0.8127 0.5095
vn -0.3910 -0.5917 0.7050
vn -0.4609 -0.3115 0.8310
vn -0.4836 -0.0789 0.8718
vn -0.4836 0.0789 0.8718
vn -0.4609 0.3115 0.8310
vn -0.3910 0.5917 0.7050
vn -0.2826 0.8127 0.5095
vn -0.1467 0.9532 0.2645
vn -0.0757 0.9877 0.1365
vn -0.1110 -0.9531 0.2815
vn -0.0573 -0.9877 0.1452
vn -0.2138 -0.8126 0.5421
vn -0.2957 -0.5916 0.7500
vn -0.3486 -0.3115 0.8840
vn -0.3657 -0.0789 0.9274
vn -0.3657 0.0789 0.9274
vn -0.3486 0.3115 0.8840
vn -0.2957 0.5916 0.7500
vn -0.2138 0.8126 0.5421
vn -0.1110 0.9531 0.2815
vn -0.0573 0.9877 0.1452
vn -0.0741 -0.9531 0.2935
vn -0.0382 -0.9877 0.1514
vn -0.1427 -0.8126 0.5651
vn -0.1974 -0.5915 0.7817
vn -0.2326 -0.3114 0.9214
vn -0.2440 -0.0789 0.9666
vn -0.2440 0.0789 0.9666
vn -0.2326 0.3114 0.9214
vn -0.1974 0.5915 0.7817
vn -0.1427 0.8126 0.5651
vn -0.0741 0.9531 0.2935
vn -0.0382 0.9877 0.1514
vn -0.0369 -0.9530 0.3007
vn -0.0190 -0.9877 0.1550
vn -0.0709 -0.8125 0.5787
vn -0.0981 -0.5914 0.8004
vn -0.1156 -0.3114 0.9432
vn -0.1213 -0.0788 0.9895
vn -0.1213 0.0788 0.9895
vn -0.1156 0.3114 0.9432
vn -0.0981 0.5914 0.8004
vn -0.0709 0.8125 0.5787
vn -0.0369 0.9530 0.3007
vn -0.0190 0.9877 0.1550
vn 0.0001 -0.9530 0.3031
vn -0.0000 -0.9877 0.1562
vn 0.0001 -0.8124 0.5832
vn 0.0001 -0.5913 0.8064
vn 0.0002 -0.3113 0.9503
vn 0.0002 -0.0788 0.9969
vn 0.0002 0.0788 0.9969
vn 0.0002 0.3113 0.9503
vn 0.0001 0.5913 0.8064
vn 0.0001 0.8124 0.5832
vn 0.0001 0.9530 0.3031
vn -0.0000 0.9877 0.1562
vn 0.0371 -0.9530 0.3006
vn 0.0191 -0.9877 0.1550
vn 0.0713 -0.8125 0.5786
vn 0.0987 -0.5915 0.8003
vn 0.1163 -0.3114 0.9432
vn 0.1220 -0.0788 0.9894
vn 0.1220 0.0788 0.9894
vn 0.1163 0.3114 0.9432
vn 0.0987 0.5915 0.8003
vn 0.0713 0.8125 0.5786
vn 0.0371 0.9530 0.3006
vn 0.0191 0.9877 0.1550
vn 0.0744 -0.9531 0.2934
vn 0.0384 -0.9877 0.1513
vn 0.1433 -0.8126 0.5650
vn 0.1983 -0.5916 0.7815
vn 0.2337 -0.3114 0.9211
vn 0.2452 -0.0789 0.9663
vn 0.2452 0.0789 0.9663
vn 0.2337 0.3114 0.9211
vn 0.1983 0.5916 0.7815
vn 0.1433 0.8126 0.5650
vn 0.0744 0.9531 0.2934
vn 0.0384 0.9877 0.1513
vn 0.1114 -0.9531 0.2813
vn 0.0575 -0.9877 0.1451
vn 0.2146 -0.8127 0.5418
vn 0.2969 -0.5917 0.7496
vn 0.3499 -0.3115 0.8835
vn 0.3671 -0.0789 0.9268
vn 0.3671 0.0789 0.9268
vn 0.3499 0.3115 0.8835
vn 0.2969 0.5917 0.7496
vn 0.2146 0.8127 0.5418
vn 0.1114 0.9531 0.2813
vn 0.0575 0.9877 0.1451
vn 0.1471 -0.9532 0.2643
vn 0.0759 -0.9877 0.1364
vn 0.2834 -0.8127 0.5091
vn 0.3921 -0.5917 0.7043
vn 0.4622 -0.3115 0.8302
vn 0.4849 -0.0789 0.8710
vn 0.4849 0.0789 0.8710
vn 0.4622 0.3115 0.8302
vn 0.3921 0.5917 0.7043
vn 0.2834 0.8127 0.5091
vn 0.1471 0.9532 0.2643
vn 0.0759 0.9877 0.1364
vn 0.1808 -0.9532 0.2424
vn 0.0933 -0.9877 0.1251
vn 0.3483 -0.8128 0.4670
vn 0.4819 -0.5918 0.6462
vn 0.5680 -0.3116 0.7617
vn 0.5959 -0.0789 0.7991
vn 0.5959 0.0789 0.7991
vn 0.5680 0.3116 0.7617
vn 0.4819 0.5918 0.6462
vn 0.3483 0.8128 0.4670
vn 0.1808 0.9532 0.2424
vn 0.0933 0.9877 0.1251
vn 0.2115 -0.9532 0.2160
vn 0.1092 -0.9877 0.1115
vn 0.4075 -0.8128 0.4163
vn 0.5639 -0.5918 0.5760
vn 0.6647 -0.3116 0.6790
vn 0.6974 -0.0789 0.7123
vn 0.6974 0.0789 0.7123
vn 0.6647 0.3116 0.6790
vn 0.5639 0.5918 0.5760
vn 0.4075 0.8128 0.4163
vn 0.2115 0.9532 0.2160
vn 0.1092 0.9877 0.1115
vn 0.2386 -0.9532 0.1856
vn 0.1232 -0.9877 0.0958
vn 0.4598 -0.8128 0.3577
vn 0.6362 -0.5918 0.4949
vn 0.7500 -0.3116 0.5834
vn 0.7868 -0.0789 0.6121
vn 0.7868 0.0789 0.6121
vn 0.7500 0.3116 0.5834
vn 0.6362 0.5918 0.4949
vn 0.4598 0.8128 0.3577
vn 0.2386 0.9532 0.1856
vn 0.1232 0.9877 0.0958
vn 0.2614 -0.9532 0.1518
vn 0.1350 -0.9877 0.0784
vn 0.5037 -0.8128 0.2925
vn 0.6971 -0.5918 0.4048
vn 0.8217 -0.3116 0.4772
vn 0.8621 -0.0789 0.5006
vn 0.8621 0.0789 0.5006
vn 0.8217 0.3116 0.4772
vn 0.6971 0.5918 0.4048
vn 0.5037 0.8128 0.2925
vn 0.2614 0.9532 0.1518
vn 0.1350 0.9877 0.0784
vn 0.2795 -0.9532 0.1154
vn 0.1443 -0.9877 0.0596
vn 0.5385 -0.8128 0.2223
vn 0.7451 -0.5918 0.3077
vn 0.8783 -0.3116 0.3627
vn 0.9214 -0.0789 0.3805
vn 0.9214 0.0789 0.3805
vn 0.8783 0.3116 0.3627
vn 0.7451 0.5918 0.3077
vn 0.5385 0.8128 0.2223
vn 0.2795 0.9532 0.1154
vn 0.1443 0.9877 0.0596
vn 0.2924 -0.9532 0.0773
vn 0.1509 -0.9877 0.0399
vn 0.5633 -0.8127 0.1489
vn 0.7794 -0.5917 0.2061
vn 0.9187 -0.3116 0.2429
vn 0.9638 -0.0789 0.2548
vn 0.9638 0.0789 0.2548
vn 0.9187 0.3116 0.2429
vn 0.7794 0.5917 0.2061
vn 0.5633 0.8127 0.1489
vn 0.2924 0.9532 0.0773
vn 0.1509 0.9877 0.0399
vn 0.3002 -0.9531 0.0385
vn 0.1548 -0.9877 0.0199
vn 0.5780 -0.8126 0.0742
vn 0.7996 -0.5916 0.1027
vn 0.9425 -0.3115 0.1210
vn 0.9888 -0.0789 0.1270
vn 0.9888 0.0789 0.1270
vn 0.9425 0.3115 0.1210
vn 0.7996 0.5916 0.1027
vn 0.5780 0.8126 0.0742
vn 0.3002 0.9531 0.0385
vn 0.1548 0.9877 0.0199
vn 0.3028 -0.9531 -0.0001
vn 0.5829 -0.8125 -0.0001
vn 0.8063 -0.5915 -0.0001
vn 0.9503 -0.3114 -0.0002
vn 0.9969 -0.0789 -0.0002
vn 0.9969 0.0789 -0.0002
vn 0.9503 0.3114 -0.0002
vn 0.8063 0.5915 -0.0001
vn 0.5829 0.8125 -0.0001
vn 0.3028 0.9531 -0.0001
vn 0.3001 -0.9531 -0.0387
vn 0.1548 -0.9877 -0.0200
vn 0.5780 -0.8126 -0.0745
vn 0.7996 -0.5916 -0.1031
vn 0.9424 -0.3115 -0.1215
vn 0.9887 -0.0789 -0.1275
vn 0.9887 0.0789 -0.1275
vn 0.9424 0.3115 -0.1215
vn 0.7996 0.5916 -0.1031
vn 0.5780 0.8126 -0.0745
vn 0.3001 0.9531 -0.0387
vn 0.1548 0.9877 -0.0200
vn 0.2924 -0.9532 -0.0775
vn 0.1509 -0.9877 -0.0400
vn 0.5632 -0.8127 -0.1493
vn 0.7792 -0.5917 -0.2066
vn 0.9185 -0.3116 -0.2436
vn 0.9636 -0.0789 -0.2555
vn 0.9636 0.0789 -0.2555
vn 0.9185 0.3116 -0.2436
vn 0.7792 0.5917 -0.2066
vn 0.5632 0.8127 -0.1493
vn 0.2924 0.9532 -0.0775
vn 0.1509 0.9877 -0.0400
vn 0.2794 -0.9532 -0.1156
vn 0.1442 -0.9877 -0.0596
vn 0.5384 -0.8128 -0.2226
vn 0.7449 -0.5918 -0.3080
vn 0.8781 -0.3116 -0.3631
vn 0.9212 -0.0789 -0.3809
vn 0.9212 0.0789 -0.3809
vn 0.8781 0.3116 -0.3631
vn 0.7449 0.5918 -0.3080
vn 0.5384 0.8128 -0.2226
vn 0.2794 0.9532 -0.1156
vn 0.1442 0.9877 -0.0596
vn 0.2615 -0.9532 -0.1518
vn 0.1350 -0.9877 -0.0784
vn 0.5038 -0.8128 -0.2925
vn 0.6971 -0.5918 -0.4048
vn 0.8217 -0.3116 -0.4772
vn 0.8621 -0.0789 -0.5006
vn 0.8621 0.0789 -0.5006
vn 0.8217 0.3116 -0.4772
vn 0.6971 0.5918 -0.4048
vn 0.5038 0.8128 -0.2925
vn 0.2615 0.9532 -0.1518
vn 0.1350 0.9877 -0.0784
vn 0.2388 -0.9532 -0.1855
vn 0.1233 -0.9877 -0.0958
vn 0.4600 -0.8128 -0.3574
vn 0.6366 -0.5918 -0.4945
vn 0.7504 -0.3116 -0.5829
vn 0.7872 -0.0789 -0.6116
vn 0.7872 0.0789 -0.6116
vn 0.7504 0.3116 -0.5829
vn 0.6366 0.5918 -0.4945
vn 0.4600 0.8128 -0.3574
vn 0.2388 0.9532 -0.1855
vn 0.1233 0.9877 -0.0958
vn 0.2118 -0.9532 -0.2158
vn 0.1093 -0.9877 -0.1114
vn 0.4081 -0.8128 -0.4157
vn 0.5647 -0.5918 -0.5752
vn 0.6657 -0.3116 -0.6781
vn 0.6983 -0.0789 -0.7114
vn 0.6983 0.0789 -0.7114
vn 0.6657 0.3116 -0.6781
vn 0.5647 0.5918 -0.5752
vn 0.4081 0.8128 -0.4157
vn 0.2118 0.9532 -0.2158
vn 0.1093 0.9877 -0.1114
vn 0.1812 -0.9532 -0.2421
vn 0.0935 -0.9877 -0.1250
vn 0.3491 -0.8128 -0.4664
vn 0.4831 -0.5918 -0.6453
vn 0.5694 -0.3116 -0.7607
vn 0.5974 -0.0789 -0.7980
vn 0.5974 0.0789 -0.7980
vn 0.5694 0.3116 -0.7607
vn 0.4831 0.5918 -0.6453
vn 0.3491 0.8128 -0.4664
vn 0.1812 0.9532 -0.2421
vn 0.0935 0.9877 -0.1250
vn 0.1477 -0.9532 -0.2640
vn 0.0762 -0.9877 -0.1362
vn 0.2845 -0.8127 -0.5085
vn 0.3936 -0.5917 -0.7035
vn 0.4640 -0.3115 -0.8293
vn 0.4868 -0.0789 -0.8700
vn 0.4868 0.0789 -0.8700
vn 0.4640 0.3115 -0.8293
vn 0.3936 0.5917 -0.7035
vn 0.2845 0.8127 -0.5085
vn 0.1477 0.9532 -0.2640
vn 0.0762 0.9877 -0.1362
vn 0.1120 -0.9531 -0.2811
vn 0.0578 -0.9877 -0.1450
vn 0.2157 -0.8127 -0.5414
vn 0.2984 -0.5917 -0.7489
vn 0.3517 -0.3115 -0.8828
vn 0.3690 -0.0789 -0.9261
vn 0.3690 0.0789 -0.9261
vn 0.3517 0.3115 -0.8828
vn 0.2984 0.5917 -0.7489
vn 0.2157 0.8127 -0.5414
vn 0.1120 0.9531 -0.2811
vn 0.0578 0.9877 -0.1450
vn 0.0749 -0.9531 -0.2933
vn 0.0386 -0.9877 -0.1513
vn 0.1443 -0.8126 -0.5647
vn 0.1996 -0.5916 -0.7812
vn 0.2352 -0.3115 -0.9207
vn 0.2468 -0.0789 -0.9659
vn 0.2468 0.0789 -0.9659
vn 0.2352 0.3115 -0.9207
vn 0.1996 0.5916 -0.7812
vn 0.1443 0.8126 -0.5647
vn 0.0749 0.9531 -0.2933
vn 0.0386 0.9877 -0.1513
vn 0.0373 -0.9530 -0.3005
vn 0.0193 -0.9877 -0.1549
vn 0.0719 -0.8125 -0.5785
vn 0.0994 -0.5915 -0.8002
vn 0.1172 -0.3114 -0.9430
vn 0.1229 -0.0789 -0.9893
vn 0.1229 0.0789 -0.9893
vn 0.1172 0.3114 -0.9430
vn 0.0994 0.5915 -0.8002
vn 0.0719 0.8125 -0.5785
vn 0.0373 0.9530 -0.3005
vn 0.0193 0.9877 -0.1549
vn 0.0001 -0.9530 -0.3030
vn -0.0000 -0.9877 -0.1562
vn 0.0001 -0.8124 -0.5831
vn 0.0002 -0.5914 -0.8064
vn 0.0002 -0.3113 -0.9503
vn 0.0002 -0.0788 -0.9969
vn 0.0002 0.0788 -0.9969
vn 0.0002 0.3113 -0.9503
vn 0.0002 0.5914 -0.8064
vn 0.0001 0.8124 -0.5831
vn 0.0001 0.9530 -0.3030
vn -0.0000 0.9877 -0.1562
vt 0.484211 0.000000
vt 0.000000 0.000000
vt 0.494737 0.000000
vt 0.010526 0.000000
vt 0.473684 0.000000
vt 0.021053 0.000000
vt 0.463158 0.000000
vt 0.031579 0.000000
vt 0.452632 0.000000
vt 0.042105 0.000000
vt 0.442105 0.000000
vt 0.052632 0.000000
vt 0.431579 0.000000
vt 0.747368 0.000000
vt 0.757895 0.000000
vt 0.736842 0.000000
vt 0.768421 0.000000
vt 0.726316 0.000000
vt 0.778947 0.000000
vt 0.715789 0.000000
vt 0.063158 0.000000
vt 0.421053 0.000000
vt 0.789474 0.000000
vt 0.705263 0.000000
vt 0.800000 0.000000
vt 0.694737 0.000000
vt 0.073684 0.000000
vt 0.410526 0.000000
vt 0.810526 0.000000
vt 0.684211 0.000000
vt 0.821053 0.000000
vt 0.673684 0.000000
vt 0.084211 0.000000
vt 0.400000 0.000000
vt 0.831579 0.000000
vt 0.663158 0.000000
vt 0.094737 0.000000
vt 0.389474 0.000000
vt 0.842105 0.000000
vt 0.652632 0.000000
vt 0.642105 0.000000
vt 0.852632 0.000000
vt 0.105263 0.000000
vt 0.378947 0.000000
vt 0.631579 0.000000
vt 0.863158 0.000000
vt 0.115789 0.000000
vt 0.368421 0.000000
vt 0.621053 0.000000
vt 0.873684 0.000000
vt 0.357895 0.000000
vt 0.884211 0.000000
vt 0.610526 0.000000
vt 0.126316 0.000000
vt 0.600000 0.000000
vt 0.894737 0.000000
vt 0.136842 0.000000
vt 0.347368 0.000000
vt 0.589474 0.000000
vt 0.905263 0.000000
vt 0.147368 0.000000
vt 0.336842 0.000000
vt 0.578947 0.000000
vt 0.915789 0.000000
vt 0.157895 0.000000
vt 0.326316 0.000000
vt 0.568421 0.000000
vt 0.926316 0.000000
vt 0.557895 0.000000
vt 0.936842 0.000000
vt 0.168421 0.000000
vt 0.315789 0.000000
vt 0.547368 0.000000
vt 0.947368 0.000000
vt 0.536842 0.000000
vt 0.957895 0.000000
vt 0.178947 0.000000
vt 0.305263 0.000000
vt 0.526316 0.000000
vt 0.968421 0.000000
vt 0.515789 0.000000
vt 0.978947 0.000000
vt 0.189474 0.000000
vt 0.294737 0.000000
vt 0.505263 0.000000
vt 0.989474 0.000000
vt 1.000000 0.000000
vt 0.200000 0.000000
vt 0.284211 0.000000
vt 0.210526 0.000000
vt 0.273684 0.000000
vt 0.221053 0.000000
vt 0.263158 0.000000
vt 0.231579 0.000000
vt 0.252632 0.000000
vt 0.242105 0.000000
vt 0.000000 0.090909
vt 0.020833 0.090909
vt 0.020833 0.000000
vt 0.000000 0.181818
vt 0.020833 0.181818
vt 0.000000 0.272727
vt 0.020833 0.272727
vt 0.000000 0.363636
vt 0.020833 0.363636
vt 0.000000 0.454545
vt 0.020833 0.454545
vt 0.000000 0.545455
vt 0.020833 0.545455
vt 0.000000 0.636364
vt 0.020833 0.636364
vt 0.000000 0.727273
vt 0.020833 0.727273
vt 0.000000 0.818182
vt 0.020833 0.818182
vt 0.000000 0.909091
vt 0.020833 0.909091
vt 0.000000 1.000000
vt 0.020833 1.000000
vt 0.041667 0.090909
vt 0.041667 0.000000
vt 0.041667 0.181818
vt 0.041667 0.272727
vt 0.041667 0.363636
vt 0.041667 0.454545
vt 0.041667 0.545455
vt 0.041667 0.636364
vt 0.041667 0.727273
vt 0.041667 0.818182
vt 0.041667 0.909091
vt 0.041667 1.000000
vt 0.062500 0.090909
vt 0.062500 0.000000
vt 0.062500 0.181818
vt 0.062500 0.272727
vt 0.062500 0.363636
vt 0.062500 0.454545
vt 0.062500 0.545455
vt 0.062500 0.636364
vt 0.062500 0.727273
vt 0.062500 0.818182
vt 0.062500 0.909091
vt 0.062500 1.000000
vt 0.083333 0.090909
vt 0.083333 0.000000
vt 0.083333 0.181818
vt 0.083333 0.272727
vt 0.083333 0.363636
vt 0.083333 0.454545
vt 0.083333 0.545455
vt 0.083333 0.636364
vt 0.083333 0.727273
vt 0.083333 0.818182
vt 0.083333 0.909091
vt 0.083333 1.000000
vt 0.104167 0.090909
vt 0.104167 0.000000
vt 0.104167 0.181818
vt 0.104167 0.272727
vt 0.104167 0.363636
vt 0.104167 0.454545
vt 0.104167 0.545455
vt 0.104167 0.636364
vt 0.104167 0.727273
vt 0.104167 0.818182
vt 0.104167 0.909091
vt 0.104167 1.000000
vt 0.125000 0.090909
vt 0.125000 0.000000
vt 0.125000 0.181818
vt 0.125000 0.272727
vt 0.125000 0.363636
vt 0.125000 0.454545
vt 0.125000 0.545455
vt 0.125000 0.636364
vt 0.125000 0.727273
vt 0.125000 0.818182
vt 0.125000 0.909091
vt 0.125000 1.000000
vt 0.145833 0.090909
vt 0.145833 0.000000
vt 0.145833 0.181818
vt 0.145833 0.272727
vt 0.145833 0.363636
vt 0.145833 0.454545
vt 0.145833 0.545455
vt 0.145833 0.636364
vt 0.145833 0.727273
vt 0.145833 0.818182
vt 0.145833 0.909091
vt 0.145833 1.000000
vt 0.166667 0.090909
vt 0.166667 0.000000
vt 0.166667 0.181818
vt 0.166667 0.272727
vt 0.166667 0.363636
vt 0.166667 0.454545
vt 0.166667 0.545455
vt 0.166667 0.636364
vt 0.166667 0.727273
vt 0.166667 0.818182
vt 0.166667 0.909091
vt 0.166667 1.000000
vt 0.187500 0.090909
vt 0.187500 0.000000
vt 0.187500 0.181818
vt 0.187500 0.272727
vt 0.187500 0.363636
vt 0.187500 0.454545
vt 0.187500 0.545455
vt 0.187500 0.636364
vt 0.187500 0.727273
vt 0.187500 0.818182
vt 0.187500 0.909091
vt 0.187500 1.000000
vt 0.208333 0.090909
vt 0.208333 0.000000
vt 0.208333 0.181818
vt 0.208333 0.272727
vt 0.208333 0.363636
vt 0.208333 0.454545
vt 0.208333 0.545455
vt 0.208333 0.636364
vt 0.208333 0.727273
vt 0.208333 0.818182
vt 0.208333 0.909091
vt 0.208333 1.000000
vt 0.229167 0.090909
vt 0.229167 0.000000
vt 0.229167 0.181818
vt 0.229167 0.272727
vt 0.229167 0.363636
vt 0.229167 0.454545
vt 0.229167 0.545455
vt 0.229167 0.636364
vt 0.229167 0.727273
vt 0.229167 0.818182
vt 0.229167 0.909091
vt 0.229167 1.000000
vt 0.250000 0.090909
vt 0.250000 0.000000
vt 0.250000 0.181818
vt 0.250000 0.272727
vt 0.250000 0.363636
vt 0.250000 0.454545
vt 0.250000 0.545455
vt 0.250000 0.636364
vt 0.250000 0.727273
vt 0.250000 0.818182
vt 0.250000 0.909091
vt 0.250000 1.000000
vt 0.270833 0.090909
vt 0.270833 0.000000
vt 0.270833 0.181818
vt 0.270833 0.272727
vt 0.270833 0.363636
vt 0.270833 0.454545
vt 0.270833 0.545455
vt 0.270833 0.636364
vt 0.270833 0.727273
vt 0.270833 0.818182
vt 0.270833 0.909091
vt 0.270833 1.000000
vt 0.291667 0.090909
vt 0.291667 0.000000
vt 0.291667 0.181818
vt 0.291667 0.272727
vt 0.291667 0.363636
vt 0.291667 0.454545
vt 0.291667 0.545455
vt 0.291667 0.636364
vt 0.291667 0.727273
vt 0.291667 0.818182
vt 0.291667 0.909091
vt 0.291667 1.000000
vt 0.312500 0.090909
vt 0.312500 0.000000
vt 0.312500 0.181818
vt 0.312500 0.272727
vt 0.312500 0.363636
vt 0.312500 0.454545
vt 0.312500 0.545455
vt 0.312500 0.636364
vt 0.312500 0.727273
vt 0.312500 0.818182
vt 0.312500 0.909091
vt 0.312500 1.000000
vt 0.333333 0.090909
vt 0.333333 0.000000
vt 0.333333 0.181818
vt 0.333333 0.272727
vt 0.333333 0.363636
vt 0.333333 0.454545
vt 0.333333 0.545455
vt 0.333333 0.636364
vt 0.333333 0.727273
vt 0.333333 0.818182
vt 0.333333 0.909091
vt 0.333333 1.000000
vt 0.354167 0.090909
vt 0.354167 0.000000
vt 0.354167 0.181818
vt 0.354167 0.272727
vt 0.354167 0.363636
vt 0.354167 0.454545
vt 0.354167 0.545455
vt 0.354167 0.636364
vt 0.354167 0.727273
vt 0.354167 0.818182
vt 0.354167 0.909091
vt 0.354167 1.000000
vt 0.375000 0.090909
vt 0.375000 0.000000
vt 0.375000 0.181818
vt 0.375000 0.272727
vt 0.375000 0.363636
vt 0.375000 0.454545
vt 0.375000 0.545455
vt 0.375000 0.636364
vt 0.375000 0.727273
vt 0.375000 0.818182
vt 0.375000 0.909091
vt 0.375000 1.000000
vt 0.395833 0.090909
vt 0.395833 0.000000
vt 0.395833 0.181818
vt 0.395833 0.272727
vt 0.395833 0.363636
vt 0.395833 0.454545
vt 0.395833 0.545455
vt 0.395833 0.636364
vt 0.395833 0.727273
vt 0.395833 0.818182
vt 0.395833 0.909091
vt 0.395833 1.000000
vt 0.416667 0.090909
vt 0.416667 0.000000
vt 0.416667 0.181818
vt 0.416667 0.272727
vt 0.416667 0.363636
vt 0.416667 0.454545
vt 0.416667 0.545455
vt 0.416667 0.636364
vt 0.416667 0.727273
vt 0.416667 0.818182
vt 0.416667 0.909091
vt 0.416667 1.000000
vt 0.437500 0.090909
vt 0.437500 0.000000
vt 0.437500 0.181818
vt 0.437500 0.272727
vt 0.437500 0.363636
vt 0.437500 0.454545
vt 0.437500 0.545455
vt 0.437500 0.636364
vt 0.437500 0.727273
vt 0.437500 0.818182
vt 0.437500 0.909091
vt 0.437500 1.000000
vt 0.458333 0.090909
vt 0.458333 0.000000
vt 0.458333 0.181818
vt 0.458333 0.272727
vt 0.458333 0.363636
vt 0.458333 0.454545
vt 0.458333 0.545455
vt 0.458333 0.636364
vt 0.458333 0.727273
vt 0.458333 0.818182
vt 0.458333 0.909091
vt 0.458333 1.000000
vt 0.479167 0.090909
vt 0.479167 0.000000
vt 0.479167 0.181818
vt 0.479167 0.272727
vt 0.479167 0.363636
vt 0.479167 0.454545
vt 0.479167 0.545455
vt 0.479167 0.636364
vt 0.479167 0.727273
vt 0.479167 0.818182
vt 0.479167 0.909091
vt 0.479167 1.000000
vt 0.500000 0.090909
vt 0.500000 0.000000
vt 0.500000 0.181818
vt 0.500000 0.272727
vt 0.500000 0.363636
vt 0.500000 0.454545
vt 0.500000 0.545455
vt 0.500000 0.636364
vt 0.500000 0.727273
vt 0.500000 0.818182
vt 0.500000 0.909091
vt 0.500000 1.000000
vt 0.520833 0.090909
vt 0.520833 0.000000
vt 0.520833 0.181818
vt 0.520833 0.272727
vt 0.520833 0.363636
vt 0.520833 0.454545
vt 0.520833 0.545455
vt 0.520833 0.636364
vt 0.520833 0.727273
vt 0.520833 0.818182
vt 0.520833 0.909091
vt 0.520833 1.000000
vt 0.541667 0.090909
vt 0.541667 0.000000
vt 0.541667 0.181818
vt 0.541667 0.272727
vt 0.541667 0.363636
vt 0.541667 0.454545
vt 0.541667 0.545455
vt 0.541667 0.636364
vt 0.541667 0.727273
vt 0.541667 0.818182
vt 0.541667 0.909091
vt 0.541667 1.000000
vt 0.562500 0.090909
vt 0.562500 0.000000
vt 0.562500 0.181818
vt 0.562500 0.272727
vt 0.562500 0.363636
vt 0.562500 0.454545
vt 0.562500 0.545455
vt 0.562500 0.636364
vt 0.562500 0.727273
vt 0.562500 0.818182
vt 0.562500 0.909091
vt 0.562500 1.000000
vt 0.583333 0.090909
vt 0.583333 0.000000
vt 0.583333 0.181818
vt 0.583333 0.272727
vt 0.583333 0.363636
vt 0.583333 0.454545
vt 0.583333 0.545455
vt 0.583333 0.636364
vt 0.583333 0.727273
vt 0.583333 0.818182
vt 0.583333 0.909091
vt 0.583333 1.000000
vt 0.604167 0.090909
vt 0.604167 0.000000
vt 0.604167 0.181818
vt 0.604167 0.272727
vt 0.604167 0.363636
vt 0.604167 0.454545
vt 0.604167 0.545455
vt 0.604167 0.636364
vt 0.604167 0.727273
vt 0.604167 0.818182
vt 0.604167 0.909091
vt 0.604167 1.000000
vt 0.625000 0.090909
vt 0.625000 0.000000
vt 0.625000 0.181818
vt 0.625000 0.272727
vt 0.625000 0.363636
vt 0.625000 0.454545
vt 0.625000 0.545455
vt 0.625000 0.636364
vt 0.625000 0.727273
vt 0.625000 0.818182
vt 0.625000 0.909091
vt 0.625000 1.000000
vt 0.645833 0.090909
vt 0.645833 0.000000
vt 0.645833 0.181818
vt 0.645833 0.272727
vt 0.645833 0.363636
vt 0.645833 0.454545
vt 0.645833 0.545455
vt 0.645833 0.636364
vt 0.645833 0.727273
vt 0.645833 0.818182
vt 0.645833 0.909091
vt 0.645833 1.000000
vt 0.666667 0.090909
vt 0.666667 0.000000
vt 0.666667 0.181818
vt 0.666667 0.272727
vt 0.666667 0.363636
vt 0.666667 0.454545
vt 0.666667 0.545455
vt 0.666667 0.636364
vt 0.666667 0.727273
vt 0.666667 0.818182
vt 0.666667 0.909091
vt 0.666667 1.000000
vt 0.687500 0.090909
vt 0.687500 0.000000
vt 0.687500 0.181818
vt 0.687500 0.272727
vt 0.687500 0.363636
vt 0.687500 0.454545
vt 0.687500 0.545455
vt 0.687500 0.636364
vt 0.687500 0.727273
vt 0.687500 0.818182
vt 0.687500 0.909091
vt 0.687500 1.000000
vt 0.708333 0.090909
vt 0.708333 0.000000
vt 0.708333 0.181818
vt 0.708333 0.272727
vt 0.708333 0.363636
vt 0.708333 0.454545
vt 0.708333 0.545455
vt 0.708333 0.636364
vt 0.708333 0.727273
vt 0.708333 0.818182
vt 0.708333 0.909091
vt 0.708333 1.000000
vt 0.729167 0.090909
vt 0.729167 0.000000
vt 0.729167 0.181818
vt 0.729167 0.272727
vt 0.729167 0.363636
vt 0.729167 0.454545
vt 0.729167 0.545455
vt 0.729167 0.636364
vt 0.729167 0.727273
vt 0.729167 0.818182
vt 0.729167 0.909091
vt 0.729167 1.000000
vt 0.750000 0.090909
vt 0.750000 0.000000
vt 0.750000 0.181818
vt 0.750000 0.272727
vt 0.750000 0.363636
vt 0.750000 0.454545
vt 0.750000 0.545455
vt 0.750000 0.636364
vt 0.750000 0.727273
vt 0.750000 0.818182
vt 0.750000 0.909091
vt 0.750000 1.000000
vt 0.770833 0.090909
vt 0.770833 0.000000
vt 0.770833 0.181818
vt 0.770833 0.272727
vt 0.770833 0.363636
vt 0.770833 0.454545
vt 0.770833 0.545455
vt 0.770833 0.636364
vt 0.770833 0.727273
vt 0.770833 0.818182
vt 0.770833 0.909091
vt 0.770833 1.000000
vt 0.791667 0.090909
vt 0.791667 0.000000
vt 0.791667 0.181818
vt 0.791667 0.272727
vt 0.791667 0.363636
vt 0.791667 0.454545
vt 0.791667 0.545455
vt 0.791667 0.636364
vt 0.791667 0.727273
vt 0.791667 0.818182
vt 0.791667 0.909091
vt 0.791667 1.000000
vt 0.812500 0.090909
vt 0.812500 0.000000
vt 0.812500 0.181818
vt 0.812500 0.272727
vt 0.812500 0.363636
vt 0.812500 0.454545
vt 0.812500 0.545455
vt 0.812500 0.636364
vt 0.812500 0.727273
vt 0.812500 0.818182
vt 0.812500 0.909091
vt 0.812500 1.000000
vt 0.833333 0.090909
vt 0.833333 0.000000
vt 0.833333 0.181818
vt 0.833333 0.272727
vt 0.833333 0.363636
vt 0.833333 0.454545
vt 0.833333 0.545455
vt 0.833333 0.636364
vt 0.833333 0.727273
vt 0.833333 0.818182
vt 0.833333 0.909091
vt 0.833333 1.000000
vt 0.854167 0.090909
vt 0.854167 0.000000
vt 0.854167 0.181818
vt 0.854167 0.272727
vt 0.854167 0.363636
vt 0.854167 0.454545
vt 0.854167 0.545455
vt 0.854167 0.636364
vt 0.854167 0.727273
vt 0.854167 0.818182
vt 0.854167 0.909091
vt 0.854167 1.000000
vt 0.875000 0.090909
vt 0.875000 0.000000
vt 0.875000 0.181818
vt 0.875000 0.272727
vt 0.875000 0.363636
vt 0.875000 0.454545
vt 0.875000 0.545455
vt 0.875000 0.636364
vt 0.875000 0.727273
vt 0.875000 0.818182
vt 0.875000 0.909091
vt 0.875000 1.000000
vt 0.895833 0.090909
vt 0.895833 0.000000
vt 0.895833 0.181818
vt 0.895833 0.272727
vt 0.895833 0.363636
vt 0.895833 0.454545
vt 0.895833 0.545455
vt 0.895833 0.636364
vt 0.895833 0.727273
vt 0.895833 0.818182
vt 0.895833 0.909091
vt 0.895833 1.000000
vt 0.916667 0.090909
vt 0.916667 0.000000
vt 0.916667 0.181818
vt 0.916667 0.272727
vt 0.916667 0.363636
vt 0.916667 0.454545
vt 0.916667 0.545455
vt 0.916667 0.636364
vt 0.916667 0.727273
vt 0.916667 0.818182
vt 0.916667 0.909091
vt 0.916667 1.000000
vt 0.937500 0.090909
vt 0.937500 0.000000
vt 0.937500 0.181818
vt 0.937500 0.272727
vt 0.937500 0.363636
vt 0.937500 0.454545
vt 0.937500 0.545455
vt 0.937500 0.636364
vt 0.937500 0.727273
vt 0.937500 0.818182
vt 0.937500 0.909091
vt 0.937500 1.000000
vt 0.958333 0.090909
vt 0.958333 0.000000
vt 0.958333 0.181818
vt 0.958333 0.272727
vt 0.958333 0.363636
vt 0.958333 0.454545
vt 0.958333 0.545455
vt 0.958333 0.636364
vt 0.958333 0.727273
vt 0.958333 0.818182
vt 0.958333 0.909091
vt 0.958333 1.000000
vt 0.979167 0.090909
vt 0.979167 0.000000
vt 0.979167 0.181818
vt 0.979167 0.272727
vt 0.979167 0.363636
vt 0.979167 0.454545
vt 0.979167 0.545455
vt 0.979167 0.636364
vt 0.979167 0.727273
vt 0.979167 0.818182
vt 0.979167 0.909091
vt 0.979167 1.000000
vt 1.000000 0.090909
vt 1.000000 0.181818
vt 1.000000 0.272727
vt 1.000000 0.363636
vt 1.000000 0.454545
vt 1.000000 0.545455
vt 1.000000 0.636364
vt 1.000000 0.727273
vt 1.000000 0.818182
vt 1.000000 0.909091
vt 1.000000 1.000000
s 0
usemtl マテリアル.008
f 47/1/1 1/2/1 48/3/1
f 47/1/1 2/4/1 1/2/1
f 46/5/1 2/4/1 47/1/1
f 46/5/1 3/6/1 2/4/1
f 45/7/1 3/6/1 46/5/1
f 45/7/1 4/8/1 3/6/1
f 44/9/1 4/8/1 45/7/1
f 44/9/1 5/10/1 4/8/1
f 43/11/1 5/10/1 44/9/1
f 43/11/1 6/12/1 5/10/1
f 42/13/1 72/14/1 43/11/1
f 72/14/1 6/12/1 43/11/1
f 42/13/1 73/15/1 72/14/1
f 71/16/1 6/12/1 72/14/1
f 42/13/1 74/17/1 73/15/1
f 70/18/1 6/12/1 71/16/1
f 42/13/1 75/19/1 74/17/1
f 69/20/1 6/12/1 70/18/1
f 69/20/1 7/21/1 6/12/1
f 41/22/1 75/19/1 42/13/1
f 41/22/1 76/23/1 75/19/1
f 68/24/1 7/21/1 69/20/1
f 41/22/1 77/25/1 76/23/1
f 67/26/1 7/21/1 68/24/1
f 67/26/1 8/27/1 7/21/1
f 40/28/1 77/25/1 41/22/1
f 40/28/1 78/29/1 77/25/1
f 66/30/1 8/27/1 67/26/1
f 40/28/1 79/31/1 78/29/1
f 65/32/1 8/27/1 66/30/1
f 65/32/1 9/33/1 8/27/1
f 39/34/1 79/31/1 40/28/1
f 39/34/1 80/35/1 79/31/1
f 64/36/1 9/33/1 65/32/1
f 64/36/1 10/37/1 9/33/1
f 38/38/1 80/35/1 39/34/1
f 38/38/1 81/39/1 80/35/1
f 63/40/1 10/37/1 64/36/1
f 62/41/1 10/37/1 63/40/1
f 38/38/1 82/42/1 81/39/1
f 62/41/1 11/43/1 10/37/1
f 37/44/1 82/42/1 38/38/1
f 61/45/1 11/43/1 62/41/1
f 37/44/1 83/46/1 82/42/1
f 61/45/1 12/47/1 11/43/1
f 36/48/1 83/46/1 37/44/1
f 60/49/1 12/47/1 61/45/1
f 36/48/1 84/50/1 83/46/1
f 35/51/1 84/50/1 36/48/1
f 35/51/1 85/52/1 84/50/1
f 59/53/1 12/47/1 60/49/1
f 59/53/1 13/54/1 12/47/1
f 58/55/1 13/54/1 59/53/1
f 35/51/1 86/56/1 85/52/1
f 58/55/1 14/57/1 13/54/1
f 34/58/1 86/56/1 35/51/1
f 57/59/1 14/57/1 58/55/1
f 34/58/1 87/60/1 86/56/1
f 57/59/1 15/61/1 14/57/1
f 33/62/1 87/60/1 34/58/1
f 56/63/1 15/61/1 57/59/1
f 33/62/1 88/64/1 87/60/1
f 56/63/1 16/65/1 15/61/1
f 32/66/1 88/64/1 33/62/1
f 55/67/1 16/65/1 56/63/1
f 32/66/1 89/68/1 88/64/1
f 54/69/1 16/65/1 55/67/1
f 32/66/1 90/70/1 89/68/1
f 54/69/1 17/71/1 16/65/1
f 31/72/1 90/70/1 32/66/1
f 53/73/1 17/71/1 54/69/1
f 31/72/1 91/74/1 90/70/1
f 52/75/1 17/71/1 53/73/1
f 31/72/1 92/76/1 91/74/1
f 52/75/1 18/77/1 17/71/1
f 30/78/1 92/76/1 31/72/1
f 51/79/1 18/77/1 52/75/1
f 30/78/1 93/80/1 92/76/1
f 50/81/1 18/77/1 51/79/1
f 30/78/1 94/82/1 93/80/1
f 50/81/1 19/83/1 18/77/1
f 29/84/1 94/82/1 30/78/1
f 49/85/1 19/83/1 50/81/1
f 29/84/1 95/86/1 94/82/1
f 96/87/1 19/83/1 49/85/1
f 29/84/1 96/87/1 95/86/1
f 29/84/1 19/83/1 96/87/1
f 29/84/1 20/88/1 19/83/1
f 28/89/1 20/88/1 29/84/1
f 28/89/1 21/90/1 20/88/1
f 27/91/1 21/90/1 28/89/1
f 27/91/1 22/92/1 21/90/1
f 26/93/1 22/92/1 27/91/1
f 26/93/1 23/94/1 22/92/1
f 25/95/1 23/94/1 26/93/1
f 25/95/1 24/96/1 23/94/1
f 143/1/2 144/3/2 97/2/2
f 143/1/2 97/2/2 98/4/2
f 142/5/2 143/1/2 98/4/2
f 142/5/2 98/4/2 99/6/2
f 141/7/2 142/5/2 99/6/2
f 141/7/2 99/6/2 100/8/2
f 140/9/2 141/7/2 100/8/2
f 140/9/2 100/8/2 101/10/2
f 139/11/2 140/9/2 101/10/2
f 139/11/2 101/10/2 102/12/2
f 138/13/2 139/11/2 168/14/2
f 168/14/2 139/11/2 102/12/2
f 138/13/2 168/14/2 169/15/2
f 167/16/2 168/14/2 102/12/2
f 138/13/2 169/15/2 170/17/2
f 166/18/2 167/16/2 102/12/2
f 138/13/2 170/17/2 171/19/2
f 165/20/2 166/18/2 102/12/2
f 165/20/2 102/12/2 103/21/2
f 137/22/2 138/13/2 171/19/2
f 137/22/2 171/19/2 172/23/2
f 164/24/2 165/20/2 103/21/2
f 137/22/2 172/23/2 173/25/2
f 163/26/2 164/24/2 103/21/2
f 163/26/2 103/21/2 104/27/2
f 136/28/2 137/22/2 173/25/2
f 136/28/2 173/25/2 174/29/2
f 162/30/2 163/26/2 104/27/2
f 136/28/2 174/29/2 175/31/2
f 161/32/2 162/30/2 104/27/2
f 161/32/2 104/27/2 105/33/2
f 135/34/2 136/28/2 175/31/2
f 135/34/2 175/31/2 176/35/2
f 160/36/2 161/32/2 105/33/2
f 160/36/2 105/33/2 106/37/2
f 134/38/2 135/34/2 176/35/2
f 134/38/2 176/35/2 177/39/2
f 159/40/2 160/36/2 106/37/2
f 158/41/2 159/40/2 106/37/2
f 134/38/2 177/39/2 178/42/2
f 158/41/2 106/37/2 107/43/2
f 133/44/2 134/38/2 178/42/2
f 157/45/2 158/41/2 107/43/2
f 133/44/2 178/42/2 179/46/2
f 157/45/2 107/43/2 108/47/2
f 132/48/2 133/44/2 179/46/2
f 156/49/2 157/45/2 108/47/2
f 132/48/2 179/46/2 180/50/2
f 131/51/2 132/48/2 180/50/2
f 131/51/2 180/50/2 181/52/2
f 155/53/2 156/49/2 108/47/2
f 155/53/2 108/47/2 109/54/2
f 154/55/2 155/53/2 109/54/2
f 131/51/2 181/52/2 182/56/2
f 154/55/2 109/54/2 110/57/2
f 130/58/2 131/51/2 182/56/2
f 153/59/2 154/55/2 110/57/2
f 130/58/2 182/56/2 183/60/2
f 153/59/2 110/57/2 111/61/2
f 129/62/2 130/58/2 183/60/2
f 152/63/2 153/59/2 111/61/2
f 129/62/2 183/60/2 184/64/2
f 152/63/2 111/61/2 112/65/2
f 128/66/2 129/62/2 184/64/2
f 151/67/2 152/63/2 112/65/2
f 128/66/2 184/64/2 185/68/2
f 150/69/2 151/67/2 112/65/2
f 128/66/2 185/68/2 186/70/2
f 150/69/2 112/65/2 113/71/2
f 127/72/2 128/66/2 186/70/2
f 149/73/2 150/69/2 113/71/2
f 127/72/2 186/70/2 187/74/2
f 148/75/2 149/73/2 113/71/2
f 127/72/2 187/74/2 188/76/2
f 148/75/2 113/71/2 114/77/2
f 126/78/2 127/72/2 188/76/2
f 147/79/2 148/75/2 114/77/2
f 126/78/2 188/76/2 189/80/2
f 146/81/2 147/79/2 114/77/2
f 126/78/2 189/80/2 190/82/2
f 146/81/2 114/77/2 115/83/2
f 125/84/2 126/78/2 190/82/2
f 145/85/2 146/81/2 115/83/2
f 125/84/2 190/82/2 191/86/2
f 192/87/2 145/85/2 115/83/2
f 125/84/2 191/86/2 192/87/2
f 125/84/2 192/87/2 115/83/2
f 125/84/2 115/83/2 116/88/2
f 124/89/2 125/84/2 116/88/2
f 124/89/2 116/88/2 117/90/2
f 123/91/2 124/89/2 117/90/2
f 123/91/2 117/90/2 118/92/2
f 122/93/2 123/91/2 118/92/2
f 122/93/2 118/92/2 119/94/2
f 121/95/2 122/93/2 119/94/2
f 121/95/2 119/94/2 120/96/2
s 1
f 194/97/3 206/98/4 205/99/5 193/2/6
f 195/100/7 207/101/8 206/98/4 194/97/3
f 196/102/9 208/103/10 207/101/8 195/100/7
f 197/104/11 209/105/12 208/103/10 196/102/9
f 198/106/13 210/107/14 209/105/12 197/104/11
f 199/108/15 211/109/16 210/107/14 198/106/13
f 200/110/17 212/111/18 211/109/16 199/108/15
f 201/112/19 213/113/20 212/111/18 200/110/17
f 202/114/21 214/115/22 213/113/20 201/112/19
f 203/116/23 215/117/24 214/115/22 202/114/21
f 204/118/25 216/119/26 215/117/24 203/116/23
f 206/98/4 218/120/27 217/121/28 205/99/5
f 207/101/8 219/122/29 218/120/27 206/98/4
f 208/103/10 220/123/30 219/122/29 207/101/8
f 209/105/12 221/124/31 220/123/30 208/103/10
f 210/107/14 222/125/32 221/124/31 209/105/12
f 211/109/16 223/126/33 222/125/32 210/107/14
f 212/111/18 224/127/34 223/126/33 211/109/16
f 213/113/20 225/128/35 224/127/34 212/111/18
f 214/115/22 226/129/36 225/128/35 213/113/20
f 215/117/24 227/130/37 226/129/36 214/115/22
f 216/119/26 228/131/38 227/130/37 215/117/24
f 218/120/27 230/132/39 229/133/40 217/121/28
f 219/122/29 231/134/41 230/132/39 218/120/27
f 220/123/30 232/135/42 231/134/41 219/122/29
f 221/124/31 233/136/43 232/135/42 220/123/30
f 222/125/32 234/137/44 233/136/43 221/124/31
f 223/126/33 235/138/45 234/137/44 222/125/32
f 224/127/34 236/139/46 235/138/45 223/126/33
f 225/128/35 237/140/47 236/139/46 224/127/34
f 226/129/36 238/141/48 237/140/47 225/128/35
f 227/130/37 239/142/49 238/141/48 226/129/36
f 228/131/38 240/143/50 239/142/49 227/130/37
f 230/132/39 242/144/51 241/145/52 229/133/40
f 231/134/41 243/146/53 242/144/51 230/132/39
f 232/135/42 244/147/54 243/146/53 231/134/41
f 233/136/43 245/148/55 244/147/54 232/135/42
f 234/137/44 246/149/56 245/148/55 233/136/43
f 235/138/45 247/150/57 246/149/56 234/137/44
f 236/139/46 248/151/58 247/150/57 235/138/45
f 237/140/47 249/152/59 248/151/58 236/139/46
f 238/141/48 250/153/60 249/152/59 237/140/47
f 239/142/49 251/154/61 250/153/60 238/141/48
f 240/143/50 252/155/62 251/154/61 239/142/49
f 242/144/51 254/156/63 253/157/64 241/145/52
f 243/146/53 255/158/65 254/156/63 242/144/51
f 244/147/54 256/159/66 255/158/65 243/146/53
f 245/148/55 257/160/67 256/159/66 244/147/54
f 246/149/56 258/161/68 257/160/67 245/148/55
f 247/150/57 259/162/69 258/161/68 246/149/56
f 248/151/58 260/163/70 259/162/69 247/150/57
f 249/152/59 261/164/71 260/163/70 248/151/58
f 250/153/60 262/165/72 261/164/71 249/152/59
f 251/154/61 263/166/73 262/165/72 250/153/60
f 252/155/62 264/167/74 263/166/73 251/154/61
f 254/156/63 266/168/75 265/169/76 253/157/64
f 255/158/65 267/170/77 266/168/75 254/156/63
f 256/159/66 268/171/78 267/170/77 255/158/65
f 257/160/67 269/172/79 268/171/78 256/159/66
f 258/161/68 270/173/80 269/172/79 257/160/67
f 259/162/69 271/174/81 270/173/80 258/161/68
f 260/163/70 272/175/82 271/174/81 259/162/69
f 261/164/71 273/176/83 272/175/82 260/163/70
f 262/165/72 274/177/84 273/176/83 261/164/71
f 263/166/73 275/178/85 274/177/84 262/165/72
f 264/167/74 276/179/86 275/178/85 263/166/73
f 266/168/75 278/180/87 277/181/88 265/169/76
f 267/170/77 279/182/89 278/180/87 266/168/75
f 268/171/78 280/183/90 279/182/89 267/170/77
f 269/172/79 281/184/91 280/183/90 268/171/78
f 270/173/80 282/185/92 281/184/91 269/172/79
f 271/174/81 283/186/93 282/185/92 270/173/80
f 272/175/82 284/187/94 283/186/93 271/174/81
f 273/176/83 285/188/95 284/187/94 272/175/82
f 274/177/84 286/189/96 285/188/95 273/176/83
f 275/178/85 287/190/97 286/189/96 274/177/84
f 276/179/86 288/191/98 287/190/97 275/178/85
f 278/180/87 290/192/99 289/193/100 277/181/88
f 279/182/89 291/194/101 290/192/99 278/180/87
f 280/183/90 292/195/102 291/194/101 279/182/89
f 281/184/91 293/196/103 292/195/102 280/183/90
f 282/185/92 294/197/104 293/196/103 281/184/91
f 283/186/93 295/198/105 294/197/104 282/185/92
f 284/187/94 296/199/106 295/198/105 283/186/93
f 285/188/95 297/200/107 296/199/106 284/187/94
f 286/189/96 298/201/108 297/200/107 285/188/95
f 287/190/97 299/202/109 298/201/108 286/189/96
f 288/191/98 300/203/110 299/202/109 287/190/97
f 290/192/99 302/204/111 301/205/112 289/193/100
f 291/194/101 303/206/113 302/204/111 290/192/99
f 292/195/102 304/207/114 303/206/113 291/194/101
f 293/196/103 305/208/115 304/207/114 292/195/102
f 294/197/104 306/209/116 305/208/115 293/196/103
f 295/198/105 307/210/117 306/209/116 294/197/104
f 296/199/106 308/211/118 307/210/117 295/198/105
f 297/200/107 309/212/119 308/211/118 296/199/106
f 298/201/108 310/213/120 309/212/119 297/200/107
f 299/202/109 311/214/121 310/213/120 298/201/108
f 300/203/110 312/215/122 311/214/121 299/202/109
f 302/204/111 314/216/123 313/217/124 301/205/112
f 303/206/113 315/218/125 314/216/123 302/204/111
f 304/207/114 316/219/126 315/218/125 303/206/113
f 305/208/115 317/220/127 316/219/126 304/207/114
f 306/209/116 318/221/128 317/220/127 305/208/115
f 307/210/117 319/222/129 318/221/128 306/209/116
f 308/211/118 320/223/130 319/222/129 307/210/117
f 309/212/119 321/224/131 320/223/130 308/211/118
f 310/213/120 322/225/132 321/224/131 309/212/119
f 311/214/121 323/226/133 322/225/132 310/213/120
f 312/215/122 324/227/134 323/226/133 311/214/121
f 314/216/123 326/228/135 325/229/136 313/217/124
f 315/218/125 327/230/137 326/228/135 314/216/123
f 316/219/126 328/231/138 327/230/137 315/218/125
f 317/220/127 329/232/139 328/231/138 316/219/126
f 318/221/128 330/233/140 329/232/139 317/220/127
f 319/222/129 331/234/141 330/233/140 318/221/128
f 320/223/130 332/235/142 331/234/141 319/222/129
f 321/224/131 333/236/143 332/235/142 320/223/130
f 322/225/132 334/237/144 333/236/143 321/224/131
f 323/226/133 335/238/145 334/237/144 322/225/132
f 324/227/134 336/239/146 335/238/145 323/226/133
f 326/228/135 338/240/147 337/241/148 325/229/136
f 327/230/137 339/242/149 338/240/147 326/228/135
f 328/231/138 340/243/150 339/242/149 327/230/137
f 329/232/139 341/244/151 340/243/150 328/231/138
f 330/233/140 342/245/152 341/244/151 329/232/139
f 331/234/141 343/246/153 342/245/152 330/233/140
f 332/235/142 344/247/154 343/246/153 331/234/141
f 333/236/143 345/248/155 344/247/154 332/235/142
f 334/237/144 346/249/156 345/248/155 333/236/143
f 335/238/145 347/250/157 346/249/156 334/237/144
f 336/239/146 348/251/158 347/250/157 335/238/145
f 338/240/147 350/252/159 349/253/160 337/241/148
f 339/242/149 351/254/161 350/252/159 338/240/147
f 340/243/150 352/255/162 351/254/161 339/242/149
f 341/244/151 353/256/163 352/255/162 340/243/150
f 342/245/152 354/257/164 353/256/163 341/244/151
f 343/246/153 355/258/165 354/257/164 342/245/152
f 344/247/154 356/259/166 355/258/165 343/246/153
f 345/248/155 357/260/167 356/259/166 344/247/154
f 346/249/156 358/261/168 357/260/167 345/248/155
f 347/250/157 359/262/169 358/261/168 346/249/156
f 348/251/158 360/263/170 359/262/169 347/250/157
f 350/252/159 362/264/171 361/265/172 349/253/160
f 351/254/161 363/266/173 362/264/171 350/252/159
f 352/255/162 364/267/174 363/266/173 351/254/161
f 353/256/163 365/268/175 364/267/174 352/255/162
f 354/257/164 366/269/176 365/268/175 353/256/163
f 355/258/165 367/270/177 366/269/176 354/257/164
f 356/259/166 368/271/178 367/270/177 355/258/165
f 357/260/167 369/272/179 368/271/178 356/259/166
f 358/261/168 370/273/180 369/272/179 357/260/167
f 359/262/169 371/274/181 370/273/180 358/261/168
f 360/263/170 372/275/182 371/274/181 359/262/169
f 362/264/171 374/276/183 373/277/184 361/265/172
f 363/266/173 375/278/185 374/276/183 362/264/171
f 364/267/174 376/279/186 375/278/185 363/266/173
f 365/268/175 377/280/187 376/279/186 364/267/174
f 366/269/176 378/281/188 377/280/187 365/268/175
f 367/270/177 379/282/189 378/281/188 366/269/176
f 368/271/178 380/283/190 379/282/189 367/270/177
f 369/272/179 381/284/191 380/283/190 368/271/178
f 370/273/180 382/285/192 381/284/191 369/272/179
f 371/274/181 383/286/193 382/285/192 370/273/180
f 372/275/182 384/287/194 383/286/193 371/274/181
f 374/276/183 386/288/195 385/289/196 373/277/184
f 375/278/185 387/290/197 386/288/195 374/276/183
f 376/279/186 388/291/198 387/290/197 375/278/185
f 377/280/187 389/292/199 388/291/198 376/279/186
f 378/281/188 390/293/200 389/292/199 377/280/187
f 379/282/189 391/294/201 390/293/200 378/281/188
f 380/283/190 392/295/202 391/294/201 379/282/189
f 381/284/191 393/296/203 392/295/202 380/283/190
f 382/285/192 394/297/204 393/296/203 381/284/191
f 383/286/193 395/298/205 394/297/204 382/285/192
f 384/287/194 396/299/206 395/298/205 383/286/193
f 386/288/195 398/300/207 397/301/208 385/289/196
f 387/290/197 399/302/209 398/300/207 386/288/195
f 388/291/198 400/303/210 399/302/209 387/290/197
f 389/292/199 401/304/211 400/303/210 388/291/198
f 390/293/200 402/305/212 401/304/211 389/292/199
f 391/294/201 403/306/213 402/305/212 390/293/200
f 392/295/202 404/307/214 403/306/213 391/294/201
f 393/296/203 405/308/215 404/307/214 392/295/202
f 394/297/204 406/309/216 405/308/215 393/296/203
f 395/298/205 407/310/217 406/309/216 394/297/204
f 396/299/206 408/311/218 407/310/217 395/298/205
f 398/300/207 410/312/219 409/313/220 397/301/208
f 399/302/209 411/314/221 410/312/219 398/300/207
f 400/303/210 412/315/222 411/314/221 399/302/209
f 401/304/211 413/316/223 412/315/222 400/303/210
f 402/305/212 414/317/224 413/316/223 401/304/211
f 403/306/213 415/318/225 414/317/224 402/305/212
f 404/307/214 416/319/226 415/318/225 403/306/213
f 405/308/215 417/320/227 416/319/226 404/307/214
f 406/309/216 418/321/228 417/320/227 405/308/215
f 407/310/217 419/322/229 418/321/228 406/309/216
f 408/311/218 420/323/230 419/322/229 407/310/217
f 410/312/219 422/324/231 421/325/232 409/313/220
f 411/314/221 423/326/233 422/324/231 410/312/219
f 412/315/222 424/327/234 423/326/233 411/314/221
f 413/316/223 425/328/235 424/327/234 412/315/222
f 414/317/224 426/329/236 425/328/235 413/316/223
f 415/318/225 427/330/237 426/329/236 414/317/224
f 416/319/226 428/331/238 427/330/237 415/318/225
f 417/320/227 429/332/239 428/331/238 416/319/226
f 418/321/228 430/333/240 429/332/239 417/320/227
f 419/322/229 431/334/241 430/333/240 418/321/228
f 420/323/230 432/335/242 431/334/241 419/322/229
f 422/324/231 434/336/243 433/337/244 421/325/232
f 423/326/233 435/338/245 434/336/243 422/324/231
f 424/327/234 436/339/246 435/338/245 423/326/233
f 425/328/235 437/340/247 436/339/246 424/327/234
f 426/329/236 438/341/248 437/340/247 425/328/235
f 427/330/237 439/342/249 438/341/248 426/329/236
f 428/331/238 440/343/250 439/342/249 427/330/237
f 429/332/239 441/344/251 440/343/250 428/331/238
f 430/333/240 442/345/252 441/344/251 429/332/239
f 431/334/241 443/346/253 442/345/252 430/333/240
f 432/335/242 444/347/254 443/346/253 431/334/241
f 434/336/243 446/348/255 445/349/256 433/337/244
f 435/338/245 447/350/257 446/348/255 434/336/243
f 436/339/246 448/351/258 447/350/257 435/338/245
f 437/340/247 449/352/259 448/351/258 436/339/246
f 438/341/248 450/353/260 449/352/259 437/340/247
f 439/342/249 451/354/261 450/353/260 438/341/248
f 440/343/250 452/355/262 451/354/261 439/342/249
f 441/344/251 453/356/263 452/355/262 440/343/250
f 442/345/252 454/357/264 453/356/263 441/344/251
f 443/346/253 455/358/265 454/357/264 442/345/252
f 444/347/254 456/359/266 455/358/265 443/346/253
f 446/348/255 458/360/267 457/361/268 445/349/256
f 447/350/257 459/362/269 458/360/267 446/348/255
f 448/351/258 460/363/270 459/362/269 447/350/257
f 449/352/259 461/364/271 460/363/270 448/351/258
f 450/353/260 462/365/272 461/364/271 449/352/259
f 451/354/261 463/366/273 462/365/272 450/353/260
f 452/355/262 464/367/274 463/366/273 451/354/261
f 453/356/263 465/368/275 464/367/274 452/355/262
f 454/357/264 466/369/276 465/368/275 453/356/263
f 455/358/265 467/370/277 466/369/276 454/357/264
f 456/359/266 468/371/278 467/370/277 455/358/265
f 458/360/267 470/372/279 469/373/280 457/361/268
f 459/362/269 471/374/281 470/372/279 458/360/267
f 460/363/270 472/375/282 471/374/281 459/362/269
f 461/364/271 473/376/283 472/375/282 460/363/270
f 462/365/272 474/377/284 473/376/283 461/364/271
f 463/366/273 475/378/285 474/377/284 462/365/272
f 464/367/274 476/379/286 475/378/285 463/366/273
f 465/368/275 477/380/287 476/379/286 464/367/274
f 466/369/276 478/381/288 477/380/287 465/368/275
f 467/370/277 479/382/289 478/381/288 466/369/276
f 468/371/278 480/383/290 479/382/289 467/370/277
f 470/372/279 482/384/291 481/385/292 469/373/280
f 471/374/281 483/386/293 482/384/291 470/372/279
f 472/375/282 484/387/294 483/386/293 471/374/281
f 473/376/283 485/388/295 484/387/294 472/375/282
f 474/377/284 486/389/296 485/388/295 473/376/283
f 475/378/285 487/390/297 486/389/296 474/377/284
f 476/379/286 488/391/298 487/390/297 475/378/285
f 477/380/287 489/392/299 488/391/298 476/379/286
f 478/381/288 490/393/300 489/392/299 477/380/287
f 479/382/289 491/394/301 490/393/300 478/381/288
f 480/383/290 492/395/302 491/394/301 479/382/289
f 482/384/291 494/396/303 493/397/304 481/385/292
f 483/386/293 495/398/305 494/396/303 482/384/291
f 484/387/294 496/399/306 495/398/305 483/386/293
f 485/388/295 497/400/307 496/399/306 484/387/294
f 486/389/296 498/401/308 497/400/307 485/388/295
f 487/390/297 499/402/309 498/401/308 486/389/296
f 488/391/298 500/403/310 499/402/309 487/390/297
f 489/392/299 501/404/311 500/403/310 488/391/298
f 490/393/300 502/405/312 501/404/311 489/392/299
f 491/394/301 503/406/313 502/405/312 490/393/300
f 492/395/302 504/407/314 503/406/313 491/394/301
f 494/396/303 506/408/315 505/409/316 493/397/304
f 495/398/305 507/410/317 506/408/315 494/396/303
f 496/399/306 508/411/318 507/410/317 495/398/305
f 497/400/307 509/412/319 508/411/318 496/399/306
f 498/401/308 510/413/320 509/412/319 497/400/307
f 499/402/309 511/414/321 510/413/320 498/401/308
f 500/403/310 512/415/322 511/414/321 499/402/309
f 501/404/311 513/416/323 512/415/322 500/403/310
f 502/405/312 514/417/324 513/416/323 501/404/311
f 503/406/313 515/418/325 514/417/324 502/405/312
f 504/407/314 516/419/326 515/418/325 503/406/313
f 506/408/315 518/420/327 517/421/328 505/409/316
f 507/410/317 519/422/329 518/420/327 506/408/315
f 508/411/318 520/423/330 519/422/329 507/410/317
f 509/412/319 521/424/331 520/423/330 508/411/318
f 510/413/320 522/425/332 521/424/331 509/412/319
f 511/414/321 523/426/333 522/425/332 510/413/320
f 512/415/322 524/427/334 523/426/333 511/414/321
f 513/416/323 525/428/335 524/427/334 512/415/322
f 514/417/324 526/429/336 525/428/335 513/416/323
f 515/418/325 527/430/337 526/429/336 514/417/324
f 516/419/326 528/431/338 527/430/337 515/418/325
f 518/420/327 530/432/339 529/433/340 517/421/328
f 519/422/329 531/434/341 530/432/339 518/420/327
f 520/423/330 532/435/342 531/434/341 519/422/329
f 521/424/331 533/436/343 532/435/342 520/423/330
f 522/425/332 534/437/344 533/436/343 521/424/331
f 523/426/333 535/438/345 534/437/344 522/425/332
f 524/427/334 536/439/346 535/438/345 523/426/333
f 525/428/335 537/440/347 536/439/346 524/427/334
f 526/429/336 538/441/348 537/440/347 525/428/335
f 527/430/337 539/442/349 538/441/348 526/429/336
f 528/431/338 540/443/350 539/442/349 527/430/337
f 530/432/339 542/444/351 541/445/352 529/433/340
f 531/434/341 543/446/353 542/444/351 530/432/339
f 532/435/342 544/447/354 543/446/353 531/434/341
f 533/436/343 545/448/355 544/447/354 532/435/342
f 534/437/344 546/449/356 545/448/355 533/436/343
f 535/438/345 547/450/357 546/449/356 534/437/344
f 536/439/346 548/451/358 547/450/357 535/438/345
f 537/440/347 549/452/359 548/451/358 536/439/346
f 538/441/348 550/453/360 549/452/359 537/440/347
f 539/442/349 551/454/361 550/453/360 538/441/348
f 540/443/350 552/455/362 551/454/361 539/442/349
f 542/444/351 554/456/363 553/457/364 541/445/352
f 543/446/353 555/458/365 554/456/363 542/444/351
f 544/447/354 556/459/366 555/458/365 543/446/353
f 545/448/355 557/460/367 556/459/366 544/447/354
f 546/449/356 558/461/368 557/460/367 545/448/355
f 547/450/357 559/462/369 558/461/368 546/449/356
f 548/451/358 560/463/370 559/462/369 547/450/357
f 549/452/359 561/464/371 560/463/370 548/451/358
f 550/453/360 562/465/372 561/464/371 549/452/359
f 551/454/361 563/466/373 562/465/372 550/453/360
f 552/455/362 564/467/374 563/466/373 551/454/361
f 554/456/363 566/468/375 565/469/376 553/457/364
f 555/458/365 567/470/377 566/468/375 554/456/363
f 556/459/366 568/471/378 567/470/377 555/458/365
f 557/460/367 569/472/379 568/471/378 556/459/366
f 558/461/368 570/473/380 569/472/379 557/460/367
f 559/462/369 571/474/381 570/473/380 558/461/368
f 560/463/370 572/475/382 571/474/381 559/462/369
f 561/464/371 573/476/383 572/475/382 560/463/370
f 562/465/372 574/477/384 573/476/383 561/464/371
f 563/466/373 575/478/385 574/477/384 562/465/372
f 564/467/374 576/479/386 575/478/385 563/466/373
f 566/468/375 578/480/387 577/481/388 565/469/376
f 567/470/377 579/482/389 578/480/387 566/468/375
f 568/471/378 580/483/390 579/482/389 567/470/377
f 569/472/379 581/484/391 580/483/390 568/471/378
f 570/473/380 582/485/392 581/484/391 569/472/379
f 571/474/381 583/486/393 582/485/392 570/473/380
f 572/475/382 584/487/394 583/486/393 571/474/381
f 573/476/383 585/488/395 584/487/394 572/475/382
f 574/477/384 586/489/396 585/488/395 573/476/383
f 575/478/385 587/490/397 586/489/396 574/477/384
f 576/479/386 588/491/398 587/490/397 575/478/385
f 578/480/387 590/492/399 589/493/400 577/481/388
f 579/482/389 591/494/401 590/492/399 578/480/387
f 580/483/390 592/495/402 591/494/401 579/482/389
f 581/484/391 593/496/403 592/495/402 580/483/390
f 582/485/392 594/497/404 593/496/403 581/484/391
f 583/486/393 595/498/405 594/497/404 582/485/392
f 584/487/394 596/499/406 595/498/405 583/486/393
f 585/488/395 597/500/407 596/499/406 584/487/394
f 586/489/396 598/501/408 597/500/407 585/488/395
f 587/490/397 599/502/409 598/501/408 586/489/396
f 588/491/398 600/503/410 599/502/409 587/490/397
f 590/492/399 602/504/411 601/505/412 589/493/400
f 591/494/401 603/506/413 602/504/411 590/492/399
f 592/495/402 604/507/414 603/506/413 591/494/401
f 593/496/403 605/508/415 604/507/414 592/495/402
f 594/497/404 606/509/416 605/508/415 593/496/403
f 595/498/405 607/510/417 606/509/416 594/497/404
f 596/499/406 608/511/418 607/510/417 595/498/405
f 597/500/407 609/512/419 608/511/418 596/499/406
f 598/501/408 610/513/420 609/512/419 597/500/407
f 599/502/409 611/514/421 610/513/420 598/501/408
f 600/503/410 612/515/422 611/514/421 599/502/409
f 602/504/411 614/516/423 613/517/424 601/505/412
f 603/506/413 615/518/425 614/516/423 602/504/411
f 604/507/414 616/519/426 615/518/425 603/506/413
f 605/508/415 617/520/427 616/519/426 604/507/414
f 606/509/416 618/521/428 617/520/427 605/508/415
f 607/510/417 619/522/429 618/521/428 606/509/416
f 608/511/418 620/523/430 619/522/429 607/510/417
f 609/512/419 621/524/431 620/523/430 608/511/418
f 610/513/420 622/525/432 621/524/431 609/512/419
f 611/514/421 623/526/433 622/525/432 610/513/420
f 612/515/422 624/527/434 623/526/433 611/514/421
f 614/516/423 626/528/435 625/529/436 613/517/424
f 615/518/425 627/530/437 626/528/435 614/516/423
f 616/519/426 628/531/438 627/530/437 615/518/425
f 617/520/427 629/532/439 628/531/438 616/519/426
f 618/521/428 630/533/440 629/532/439 617/520/427
f 619/522/429 631/534/441 630/533/440 618/521/428
f 620/523/430 632/535/442 631/534/441 619/522/429
f 621/524/431 633/536/443 632/535/442 620/523/430
f 622/525/432 634/537/444 633/536/443 621/524/431
f 623/526/433 635/538/445 634/537/444 622/525/432
f 624/527/434 636/539/446 635/538/445 623/526/433
f 626/528/435 638/540/447 637/541/448 625/529/436
f 627/530/437 639/542/449 638/540/447 626/528/435
f 628/531/438 640/543/450 639/542/449 627/530/437
f 629/532/439 641/544/451 640/543/450 628/531/438
f 630/533/440 642/545/452 641/544/451 629/532/439
f 631/534/441 643/546/453 642/545/452 630/533/440
f 632/535/442 644/547/454 643/546/453 631/534/441
f 633/536/443 645/548/455 644/547/454 632/535/442
f 634/537/444 646/549/456 645/548/455 633/536/443
f 635/538/445 647/550/457 646/549/456 634/537/444
f 636/539/446 648/551/458 647/550/457 635/538/445
f 638/540/447 650/552/459 649/553/460 637/541/448
f 639/542/449 651/554/461 650/552/459 638/540/447
f 640/543/450 652/555/462 651/554/461 639/542/449
f 641/544/451 653/556/463 652/555/462 640/543/450
f 642/545/452 654/557/464 653/556/463 641/544/451
f 643/546/453 655/558/465 654/557/464 642/545/452
f 644/547/454 656/559/466 655/558/465 643/546/453
f 645/548/455 657/560/467 656/559/466 644/547/454
f 646/549/456 658/561/468 657/560/467 645/548/455
f 647/550/457 659/562/469 658/561/468 646/549/456
f 648/551/458 660/563/470 659/562/469 647/550/457
f 650/552/459 662/564/471 661/565/472 649/553/460
f 651/554/461 663/566/473 662/564/471 650/552/459
f 652/555/462 664/567/474 663/566/473 651/554/461
f 653/556/463 665/568/475 664/567/474 652/555/462
f 654/557/464 666/569/476 665/568/475 653/556/463
f 655/558/465 667/570/477 666/569/476 654/557/464
f 656/559/466 668/571/478 667/570/477 655/558/465
f 657/560/467 669/572/479 668/571/478 656/559/466
f 658/561/468 670/573/480 669/572/479 657/560/467
f 659/562/469 671/574/481 670/573/480 658/561/468
f 660/563/470 672/575/482 671/574/481 659/562/469
f 662/564/471 674/576/483 673/577/484 661/565/472
f 663/566/473 675/578/485 674/576/483 662/564/471
f 664/567/474 676/579/486 675/578/485 663/566/473
f 665/568/475 677/580/487 676/579/486 664/567/474
f 666/569/476 678/581/488 677/580/487 665/568/475
f 667/570/477 679/582/489 678/581/488 666/569/476
f 668/571/478 680/583/490 679/582/489 667/570/477
f 669/572/479 681/584/491 680/583/490 668/571/478
f 670/573/480 682/585/492 681/584/491 669/572/479
f 671/574/481 683/586/493 682/585/492 670/573/480
f 672/575/482 684/587/494 683/586/493 671/574/481
f 674/576/483 686/588/495 685/589/496 673/577/484
f 675/578/485 687/590/497 686/588/495 674/576/483
f 676/579/486 688/591/498 687/590/497 675/578/485
f 677/580/487 689/592/499 688/591/498 676/579/486
f 678/581/488 690/593/500 689/592/499 677/580/487
f 679/582/489 691/594/501 690/593/500 678/581/488
f 680/583/490 692/595/502 691/594/501 679/582/489
f 681/584/491 693/596/503 692/595/502 680/583/490
f 682/585/492 694/597/504 693/596/503 681/584/491
f 683/586/493 695/598/505 694/597/504 682/585/492
f 684/587/494 696/599/506 695/598/505 683/586/493
f 686/588/495 698/600/507 697/601/508 685/589/496
f 687/590/497 699/602/509 698/600/507 686/588/495
f 688/591/498 700/603/510 699/602/509 687/590/497
f 689/592/499 701/604/511 700/603/510 688/591/498
f 690/593/500 702/605/512 701/604/511 689/592/499
f 691/594/501 703/606/513 702/605/512 690/593/500
f 692/595/502 704/607/514 703/606/513 691/594/501
f 693/596/503 705/608/515 704/607/514 692/595/502
f 694/597/504 706/609/516 705/608/515 693/596/503
f 695/598/505 707/610/517 706/609/516 694/597/504
f 696/599/506 708/611/518 707/610/517 695/598/505
f 698/600/507 710/612/519 709/613/520 697/601/508
f 699/602/509 711/614/521 710/612/519 698/600/507
f 700/603/510 712/615/522 711/614/521 699/602/509
f 701/604/511 713/616/523 712/615/522 700/603/510
f 702/605/512 714/617/524 713/616/523 701/604/511
f 703/606/513 715/618/525 714/617/524 702/605/512
f 704/607/514 716/619/526 715/618/525 703/606/513
f 705/608/515 717/620/527 716/619/526 704/607/514
f 706/609/516 718/621/528 717/620/527 705/608/515
f 707/610/517 719/622/529 718/621/528 706/609/516
f 708/611/518 720/623/530 719/622/529 707/610/517
f 710/612/519 722/624/531 721/625/532 709/613/520
f 711/614/521 723/626/533 722/624/531 710/612/519
f 712/615/522 724/627/534 723/626/533 711/614/521
f 713/616/523 725/628/535 724/627/534 712/615/522
f 714/617/524 726/629/536 725/628/535 713/616/523
f 715/618/525 727/630/537 726/629/536 714/617/524
f 716/619/526 728/631/538 727/630/537 715/618/525
f 717/620/527 729/632/539 728/631/538 716/619/526
f 718/621/528 730/633/540 729/632/539 717/620/527
f 719/622/529 731/634/541 730/633/540 718/621/528
f 720/623/530 732/635/542 731/634/541 719/622/529
f 722/624/531 734/636/543 733/637/544 721/625/532
f 723/626/533 735/638/545 734/636/543 722/624/531
f 724/627/534 736/639/546 735/638/545 723/626/533
f 725/628/535 737/640/547 736/639/546 724/627/534
f 726/629/536 738/641/548 737/640/547 725/628/535
f 727/630/537 739/642/549 738/641/548 726/629/536
f 728/631/538 740/643/550 739/642/549 727/630/537
f 729/632/539 741/644/551 740/643/550 728/631/538
f 730/633/540 742/645/552 741/644/551 729/632/539
f 731/634/541 743/646/553 742/645/552 730/633/540
f 732/635/542 744/647/554 743/646/553 731/634/541
f 734/636/543 746/648/555 745/649/556 733/637/544
f 735/638/545 747/650/557 746/648/555 734/636/543
f 736/639/546 748/651/558 747/650/557 735/638/545
f 737/640/547 749/652/559 748/651/558 736/639/546
f 738/641/548 750/653/560 749/652/559 737/640/547
f 739/642/549 751/654/561 750/653/560 738/641/548
f 740/643/550 752/655/562 751/654/561 739/642/549
f 741/644/551 753/656/563 752/655/562 740/643/550
f 742/645/552 754/657/564 753/656/563 741/644/551
f 743/646/553 755/658/565 754/657/564 742/645/552
f 744/647/554 756/659/566 755/658/565 743/646/553
f 746/648/555 758/660/567 757/661/568 745/649/556
f 747/650/557 759/662/569 758/660/567 746/648/555
f 748/651/558 760/663/570 759/662/569 747/650/557
f 749/652/559 761/664/571 760/663/570 748/651/558
f 750/653/560 762/665/572 761/664/571 749/652/559
f 751/654/561 763/666/573 762/665/572 750/653/560
f 752/655/562 764/667/574 763/666/573 751/654/561
f 753/656/563 765/668/575 764/667/574 752/655/562
f 754/657/564 766/669/576 765/668/575 753/656/563
f 755/658/565 767/670/577 766/669/576 754/657/564
f 756/659/566 768/671/578 767/670/577 755/658/565
f 758/660/567 194/672/3 193/87/6 757/661/568
f 759/662/569 195/673/7 194/672/3 758/660/567
f 760/663/570 196/674/9 195/673/7 759/662/569
f 761/664/571 197/675/11 196/674/9 760/663/570
f 762/665/572 198/676/13 197/675/11 761/664/571
f 763/666/573 199/677/15 198/676/13 762/665/572
f 764/667/574 200/678/17 199/677/15 763/666/573
f 765/668/575 201/679/19 200/678/17 764/667/574
f 766/669/576 202/680/21 201/679/19 765/668/575
f 767/670/577 203/681/23 202/680/21 766/669/576
f 768/671/578 204/682/25 203/681/23 767/670/577
f 770/97/579 782/98/580 781/99/581 769/2/582
f 771/100/583 783/101/584 782/98/580 770/97/579
f 772/102/585 784/103/586 783/101/584 771/100/583
f 773/104/587 785/105/588 784/103/586 772/102/585
f 774/106/589 786/107/590 785/105/588 773/104/587
f 775/108/591 787/109/592 786/107/590 774/106/589
f 776/110/593 788/111/594 787/109/592 775/108/591
f 777/112/595 789/113/596 788/111/594 776/110/593
f 778/114/597 790/115/598 789/113/596 777/112/595
f 779/116/599 791/117/600 790/115/598 778/114/597
f 780/118/601 792/119/602 791/117/600 779/116/599
f 782/98/580 794/120/603 793/121/604 781/99/581
f 783/101/584 795/122/605 794/120/603 782/98/580
f 784/103/586 796/123/606 795/122/605 783/101/584
f 785/105/588 797/124/607 796/123/606 784/103/586
f 786/107/590 798/125/608 797/124/607 785/105/588
f 787/109/592 799/126/609 798/125/608 786/107/590
f 788/111/594 800/127/610 799/126/609 787/109/592
f 789/113/596 801/128/611 800/127/610 788/111/594
f 790/115/598 802/129/612 801/128/611 789/113/596
f 791/117/600 803/130/613 802/129/612 790/115/598
f 792/119/602 804/131/614 803/130/613 791/117/600
f 794/120/603 806/132/615 805/133/616 793/121/604
f 795/122/605 807/134/617 806/132/615 794/120/603
f 796/123/606 808/135/618 807/134/617 795/122/605
f 797/124/607 809/136/619 808/135/618 796/123/606
f 798/125/608 810/137/620 809/136/619 797/124/607
f 799/126/609 811/138/621 810/137/620 798/125/608
f 800/127/610 812/139/622 811/138/621 799/126/609
f 801/128/611 813/140/623 812/139/622 800/127/610
f 802/129/612 814/141/624 813/140/623 801/128/611
f 803/130/613 815/142/625 814/141/624 802/129/612
f 804/131/614 816/143/626 815/142/625 803/130/613
f 806/132/615 818/144/627 817/145/628 805/133/616
f 807/134/617 819/146/629 818/144/627 806/132/615
f 808/135/618 820/147/630 819/146/629 807/134/617
f 809/136/619 821/148/631 820/147/630 808/135/618
f 810/137/620 822/149/632 821/148/631 809/136/619
f 811/138/621 823/150/633 822/149/632 810/137/620
f 812/139/622 824/151/634 823/150/633 811/138/621
f 813/140/623 825/152/635 824/151/634 812/139/622
f 814/141/624 826/153/636 825/152/635 813/140/623
f 815/142/625 827/154/637 826/153/636 814/141/624
f 816/143/626 828/155/638 827/154/637 815/142/625
f 818/144/627 830/156/639 829/157/640 817/145/628
f 819/146/629 831/158/641 830/156/639 818/144/627
f 820/147/630 832/159/642 831/158/641 819/146/629
f 821/148/631 833/160/643 832/159/642 820/147/630
f 822/149/632 834/161/644 833/160/643 821/148/631
f 823/150/633 835/162/645 834/161/644 822/149/632
f 824/151/634 836/163/646 835/162/645 823/150/633
f 825/152/635 837/164/647 836/163/646 824/151/634
f 826/153/636 838/165/648 837/164/647 825/152/635
f 827/154/637 839/166/649 838/165/648 826/153/636
f 828/155/638 840/167/650 839/166/649 827/154/637
f 830/156/639 842/168/651 841/169/652 829/157/640
f 831/158/641 843/170/653 842/168/651 830/156/639
f 832/159/642 844/171/654 843/170/653 831/158/641
f 833/160/643 845/172/655 844/171/654 832/159/642
f 834/161/644 846/173/656 845/172/655 833/160/643
f 835/162/645 847/174/657 846/173/656 834/161/644
f 836/163/646 848/175/658 847/174/657 835/162/645
f 837/164/647 849/176/659 848/175/658 836/163/646
f 838/165/648 850/177/660 849/176/659 837/164/647
f 839/166/649 851/178/661 850/177/660 838/165/648
f 840/167/650 852/179/662 851/178/661 839/166/649
f 842/168/651 854/180/663 853/181/664 841/169/652
f 843/170/653 855/182/665 854/180/663 842/168/651
f 844/171/654 856/183/666 855/182/665 843/170/653
f 845/172/655 857/184/667 856/183/666 844/171/654
f 846/173/656 858/185/668 857/184/667 845/172/655
f 847/174/657 859/186/669 858/185/668 846/173/656
f 848/175/658 860/187/670 859/186/669 847/174/657
f 849/176/659 861/188/671 860/187/670 848/175/658
f 850/177/660 862/189/672 861/188/671 849/176/659
f 851/178/661 863/190/673 862/189/672 850/177/660
f 852/179/662 864/191/674 863/190/673 851/178/661
f 854/180/663 866/192/675 865/193/676 853/181/664
f 855/182/665 867/194/677 866/192/675 854/180/663
f 856/183/666 868/195/678 867/194/677 855/182/665
f 857/184/667 869/196/679 868/195/678 856/183/666
f 858/185/668 870/197/680 869/196/679 857/184/667
f 859/186/669 871/198/681 870/197/680 858/185/668
f 860/187/670 872/199/682 871/198/681 859/186/669
f 861/188/671 873/200/683 872/199/682 860/187/670
f 862/189/672 874/201/684 873/200/683 861/188/671
f 863/190/673 875/202/685 874/201/684 862/189/672
f 864/191/674 876/203/686 875/202/685 863/190/673
f 866/192/675 878/204/687 877/205/688 865/193/676
f 867/194/677 879/206/689 878/204/687 866/192/675
f 868/195/678 880/207/690 879/206/689 867/194/677
f 869/196/679 881/208/691 880/207/690 868/195/678
f 870/197/680 882/209/692 881/208/691 869/196/679
f 871/198/681 883/210/693 882/209/692 870/197/680
f 872/199/682 884/211/694 883/210/693 871/198/681
f 873/200/683 885/212/695 884/211/694 872/199/682
f 874/201/684 886/213/696 885/212/695 873/200/683
f 875/202/685 887/214/697 886/213/696 874/201/684
f 876/203/686 888/215/698 887/214/697 875/202/685
f 878/204/687 890/216/699 889/217/436 877/205/688
f 879/206/689 891/218/700 890/216/699 878/204/687
f 880/207/690 892/219/701 891/218/700 879/206/689
f 881/208/691 893/220/702 892/219/701 880/207/690
f 882/209/692 894/221/703 893/220/702 881/208/691
f 883/210/693 895/222/704 894/221/703 882/209/692
f 884/211/694 896/223/705 895/222/704 883/210/693
f 885/212/695 897/224/706 896/223/705 884/211/694
f 886/213/696 898/225/707 897/224/706 885/212/695
f 887/214/697 899/226/708 898/225/707 886/213/696
f 888/215/698 900/227/446 899/226/708 887/214/697
f 890/216/699 902/228/709 901/229/424 889/217/436
f 891/218/700 903/230/710 902/228/709 890/216/699
f 892/219/701 904/231/711 903/230/710 891/218/700
f 893/220/702 905/232/712 904/231/711 892/219/701
f 894/221/703 906/233/713 905/232/712 893/220/702
f 895/222/704 907/234/714 906/233/713 894/221/703
f 896/223/705 908/235/715 907/234/714 895/222/704
f 897/224/706 909/236/716 908/235/715 896/223/705
f 898/225/707 910/237/717 909/236/716 897/224/706
f 899/226/708 911/238/718 910/237/717 898/225/707
f 900/227/446 912/239/434 911/238/718 899/226/708
f 902/228/709 914/240/719 913/241/720 901/229/424
f 903/230/710 915/242/721 914/240/719 902/228/709
f 904/231/711 916/243/722 915/242/721 903/230/710
f 905/232/712 917/244/723 916/243/722 904/231/711
f 906/233/713 918/245/724 917/244/723 905/232/712
f 907/234/714 919/246/725 918/245/724 906/233/713
f 908/235/715 920/247/726 919/246/725 907/234/714
f 909/236/716 921/248/727 920/247/726 908/235/715
f 910/237/717 922/249/728 921/248/727 909/236/716
f 911/238/718 923/250/729 922/249/728 910/237/717
f 912/239/434 924/251/730 923/250/729 911/238/718
f 914/240/719 926/252/731 925/253/732 913/241/720
f 915/242/721 927/254/733 926/252/731 914/240/719
f 916/243/722 928/255/734 927/254/733 915/242/721
f 917/244/723 929/256/735 928/255/734 916/243/722
f 918/245/724 930/257/736 929/256/735 917/244/723
f 919/246/725 931/258/737 930/257/736 918/245/724
f 920/247/726 932/259/738 931/258/737 919/246/725
f 921/248/727 933/260/739 932/259/738 920/247/726
f 922/249/728 934/261/740 933/260/739 921/248/727
f 923/250/729 935/262/741 934/261/740 922/249/728
f 924/251/730 936/263/742 935/262/741 923/250/729
f 926/252/731 938/264/743 937/265/744 925/253/732
f 927/254/733 939/266/745 938/264/743 926/252/731
f 928/255/734 940/267/746 939/266/745 927/254/733
f 929/256/735 941/268/747 940/267/746 928/255/734
f 930/257/736 942/269/748 941/268/747 929/256/735
f 931/258/737 943/270/749 942/269/748 930/257/736
f 932/259/738 944/271/750 943/270/749 931/258/737
f 933/260/739 945/272/751 944/271/750 932/259/738
f 934/261/740 946/273/752 945/272/751 933/260/739
f 935/262/741 947/274/753 946/273/752 934/261/740
f 936/263/742 948/275/754 947/274/753 935/262/741
f 938/264/743 950/276/755 949/277/756 937/265/744
f 939/266/745 951/278/757 950/276/755 938/264/743
f 940/267/746 952/279/758 951/278/757 939/266/745
f 941/268/747 953/280/759 952/279/758 940/267/746
f 942/269/748 954/281/760 953/280/759 941/268/747
f 943/270/749 955/282/761 954/281/760 942/269/748
f 944/271/750 956/283/762 955/282/761 943/270/749
f 945/272/751 957/284/763 956/283/762 944/271/750
f 946/273/752 958/285/764 957/284/763 945/272/751
f 947/274/753 959/286/765 958/285/764 946/273/752
f 948/275/754 960/287/766 959/286/765 947/274/753
f 950/276/755 962/288/767 961/289/768 949/277/756
f 951/278/757 963/290/769 962/288/767 950/276/755
f 952/279/758 964/291/770 963/290/769 951/278/757
f 953/280/759 965/292/771 964/291/770 952/279/758
f 954/281/760 966/293/772 965/292/771 953/280/759
f 955/282/761 967/294/773 966/293/772 954/281/760
f 956/283/762 968/295/774 967/294/773 955/282/761
f 957/284/763 969/296/775 968/295/774 956/283/762
f 958/285/764 970/297/776 969/296/775 957/284/763
f 959/286/765 971/298/777 970/297/776 958/285/764
f 960/287/766 972/299/778 971/298/777 959/286/765
f 962/288/767 974/300/779 973/301/780 961/289/768
f 963/290/769 975/302/781 974/300/779 962/288/767
f 964/291/770 976/303/782 975/302/781 963/290/769
f 965/292/771 977/304/783 976/303/782 964/291/770
f 966/293/772 978/305/784 977/304/783 965/292/771
f 967/294/773 979/306/785 978/305/784 966/293/772
f 968/295/774 980/307/786 979/306/785 967/294/773
f 969/296/775 981/308/787 980/307/786 968/295/774
f 970/297/776 982/309/788 981/308/787 969/296/775
f 971/298/777 983/310/789 982/309/788 970/297/776
f 972/299/778 984/311/790 983/310/789 971/298/777
f 974/300/779 986/312/791 985/313/792 973/301/780
f 975/302/781 987/314/793 986/312/791 974/300/779
f 976/303/782 988/315/794 987/314/793 975/302/781
f 977/304/783 989/316/795 988/315/794 976/303/782
f 978/305/784 990/317/796 989/316/795 977/304/783
f 979/306/785 991/318/797 990/317/796 978/305/784
f 980/307/786 992/319/798 991/318/797 979/306/785
f 981/308/787 993/320/799 992/319/798 980/307/786
f 982/309/788 994/321/800 993/320/799 981/308/787
f 983/310/789 995/322/801 994/321/800 982/309/788
f 984/311/790 996/323/802 995/322/801 983/310/789
f 986/312/791 998/324/803 997/325/804 985/313/792
f 987/314/793 999/326/805 998/324/803 986/312/791
f 988/315/794 1000/327/806 999/326/805 987/314/793
f 989/316/795 1001/328/807 1000/327/806 988/315/794
f 990/317/796 1002/329/808 1001/328/807 989/316/795
f 991/318/797 1003/330/809 1002/329/808 990/317/796
f 992/319/798 1004/331/810 1003/330/809 991/318/797
f 993/320/799 1005/332/811 1004/331/810 992/319/798
f 994/321/800 1006/333/812 1005/332/811 993/320/799
f 995/322/801 1007/334/813 1006/333/812 994/321/800
f 996/323/802 1008/335/814 1007/334/813 995/322/801
f 998/324/803 1010/336/815 1009/337/816 997/325/804
f 999/326/805 1011/338/817 1010/336/815 998/324/803
f 1000/327/806 1012/339/818 1011/338/817 999/326/805
f 1001/328/807 1013/340/819 1012/339/818 1000/327/806
f 1002/329/808 1014/341/820 1013/340/819 1001/328/807
f 1003/330/809 1015/342/821 1014/341/820 1002/329/808
f 1004/331/810 1016/343/822 1015/342/821 1003/330/809
f 1005/332/811 1017/344/823 1016/343/822 1004/331/810
f 1006/333/812 1018/345/824 1017/344/823 1005/332/811
f 1007/334/813 1019/346/825 1018/345/824 1006/333/812
f 1008/335/814 1020/347/826 1019/346/825 1007/334/813
f 1010/336/815 1022/348/827 1021/349/828 1009/337/816
f 1011/338/817 1023/350/829 1022/348/827 1010/336/815
f 1012/339/818 1024/351/830 1023/350/829 1011/338/817
f 1013/340/819 1025/352/831 1024/351/830 1012/339/818
f 1014/341/820 1026/353/832 1025/352/831 1013/340/819
f 1015/342/821 1027/354/833 1026/353/832 1014/341/820
f 1016/343/822 1028/355/834 1027/354/833 1015/342/821
f 1017/344/823 1029/356/835 1028/355/834 1016/343/822
f 1018/345/824 1030/357/836 1029/356/835 1017/344/823
f 1019/346/825 1031/358/837 1030/357/836 1018/345/824
f 1020/347/826 1032/359/838 1031/358/837 1019/346/825
f 1022/348/827 1034/360/839 1033/361/840 1021/349/828
f 1023/350/829 1035/362/841 1034/360/839 1022/348/827
f 1024/351/830 1036/363/842 1035/362/841 1023/350/829
f 1025/352/831 1037/364/843 1036/363/842 1024/351/830
f 1026/353/832 1038/365/844 1037/364/843 1025/352/831
f 1027/354/833 1039/366/845 1038/365/844 1026/353/832
f 1028/355/834 1040/367/846 1039/366/845 1027/354/833
f 1029/356/835 1041/368/847 1040/367/846 1028/355/834
f 1030/357/836 1042/369/848 1041/368/847 1029/356/835
f 1031/358/837 1043/370/849 1042/369/848 1030/357/836
f 1032/359/838 1044/371/850 1043/370/849 1031/358/837
f 1034/360/839 1046/372/851 1045/373/852 1033/361/840
f 1035/362/841 1047/374/853 1046/372/851 1034/360/839
f 1036/363/842 1048/375/854 1047/374/853 1035/362/841
f 1037/364/843 1049/376/855 1048/375/854 1036/363/842
f 1038/365/844 1050/377/856 1049/376/855 1037/364/843
f 1039/366/845 1051/378/857 1050/377/856 1038/365/844
f 1040/367/846 1052/379/858 1051/378/857 1039/366/845
f 1041/368/847 1053/380/859 1052/379/858 1040/367/846
f 1042/369/848 1054/381/860 1053/380/859 1041/368/847
f 1043/370/849 1055/382/861 1054/381/860 1042/369/848
f 1044/371/850 1056/383/862 1055/382/861 1043/370/849
f 1046/372/851 1058/384/863 1057/385/864 1045/373/852
f 1047/374/853 1059/386/865 1058/384/863 1046/372/851
f 1048/375/854 1060/387/866 1059/386/865 1047/374/853
f 1049/376/855 1061/388/867 1060/387/866 1048/375/854
f 1050/377/856 1062/389/868 1061/388/867 1049/376/855
f 1051/378/857 1063/390/869 1062/389/868 1050/377/856
f 1052/379/858 1064/391/870 1063/390/869 1051/378/857
f 1053/380/859 1065/392/871 1064/391/870 1052/379/858
f 1054/381/860 1066/393/872 1065/392/871 1053/380/859
f 1055/382/861 1067/394/873 1066/393/872 1054/381/860
f 1056/383/862 1068/395/874 1067/394/873 1055/382/861
f 1058/384/863 1070/396/875 1069/397/876 1057/385/864
f 1059/386/865 1071/398/877 1070/396/875 1058/384/863
f 1060/387/866 1072/399/878 1071/398/877 1059/386/865
f 1061/388/867 1073/400/879 1072/399/878 1060/387/866
f 1062/389/868 1074/401/880 1073/400/879 1061/388/867
f 1063/390/869 1075/402/881 1074/401/880 1062/389/868
f 1064/391/870 1076/403/882 1075/402/881 1063/390/869
f 1065/392/871 1077/404/883 1076/403/882 1064/391/870
f 1066/393/872 1078/405/884 1077/404/883 1065/392/871
f 1067/394/873 1079/406/885 1078/405/884 1066/393/872
f 1068/395/874 1080/407/886 1079/406/885 1067/394/873
f 1070/396/875 1082/408/887 1081/409/888 1069/397/876
f 1071/398/877 1083/410/889 1082/408/887 1070/396/875
f 1072/399/878 1084/411/890 1083/410/889 1071/398/877
f 1073/400/879 1085/412/891 1084/411/890 1072/399/878
f 1074/401/880 1086/413/892 1085/412/891 1073/400/879
f 1075/402/881 1087/414/893 1086/413/892 1074/401/880
f 1076/403/882 1088/415/894 1087/414/893 1075/402/881
f 1077/404/883 1089/416/895 1088/415/894 1076/403/882
f 1078/405/884 1090/417/896 1089/416/895 1077/404/883
f 1079/406/885 1091/418/897 1090/417/896 1078/405/884
f 1080/407/886 1092/419/898 1091/418/897 1079/406/885
f 1082/408/887 1094/420/899 1093/421/900 1081/409/888
f 1083/410/889 1095/422/901 1094/420/899 1082/408/887
f 1084/411/890 1096/423/902 1095/422/901 1083/410/889
f 1085/412/891 1097/424/903 1096/423/902 1084/411/890
f 1086/413/892 1098/425/904 1097/424/903 1085/412/891
f 1087/414/893 1099/426/905 1098/425/904 1086/413/892
f 1088/415/894 1100/427/906 1099/426/905 1087/414/893
f 1089/416/895 1101/428/907 1100/427/906 1088/415/894
f 1090/417/896 1102/429/908 1101/428/907 1089/416/895
f 1091/418/897 1103/430/909 1102/429/908 1090/417/896
f 1092/419/898 1104/431/910 1103/430/909 1091/418/897
f 1094/420/899 1106/432/911 1105/433/912 1093/421/900
f 1095/422/901 1107/434/913 1106/432/911 1094/420/899
f 1096/423/902 1108/435/914 1107/434/913 1095/422/901
f 1097/424/903 1109/436/915 1108/435/914 1096/423/902
f 1098/425/904 1110/437/916 1109/436/915 1097/424/903
f 1099/426/905 1111/438/917 1110/437/916 1098/425/904
f 1100/427/906 1112/439/918 1111/438/917 1099/426/905
f 1101/428/907 1113/440/919 1112/439/918 1100/427/906
f 1102/429/908 1114/441/920 1113/440/919 1101/428/907
f 1103/430/909 1115/442/921 1114/441/920 1102/429/908
f 1104/431/910 1116/443/922 1115/442/921 1103/430/909
f 1106/432/911 1118/444/923 1117/445/924 1105/433/912
f 1107/434/913 1119/446/925 1118/444/923 1106/432/911
f 1108/435/914 1120/447/926 1119/446/925 1107/434/913
f 1109/436/915 1121/448/927 1120/447/926 1108/435/914
f 1110/437/916 1122/449/928 1121/448/927 1109/436/915
f 1111/438/917 1123/450/929 1122/449/928 1110/437/916
f 1112/439/918 1124/451/930 1123/450/929 1111/438/917
f 1113/440/919 1125/452/931 1124/451/930 1112/439/918
f 1114/441/920 1126/453/932 1125/452/931 1113/440/919
f 1115/442/921 1127/454/933 1126/453/932 1114/441/920
f 1116/443/922 1128/455/934 1127/454/933 1115/442/921
f 1118/444/923 1130/456/935 1129/457/936 1117/445/924
f 1119/446/925 1131/458/937 1130/456/935 1118/444/923
f 1120/447/926 1132/459/938 1131/458/937 1119/446/925
f 1121/448/927 1133/460/939 1132/459/938 1120/447/926
f 1122/449/928 1134/461/940 1133/460/939 1121/448/927
f 1123/450/929 1135/462/941 1134/461/940 1122/449/928
f 1124/451/930 1136/463/942 1135/462/941 1123/450/929
f 1125/452/931 1137/464/943 1136/463/942 1124/451/930
f 1126/453/932 1138/465/944 1137/464/943 1125/452/931
f 1127/454/933 1139/466/945 1138/465/944 1126/453/932
f 1128/455/934 1140/467/946 1139/466/945 1127/454/933
f 1130/456/935 1142/468/947 1141/469/948 1129/457/936
f 1131/458/937 1143/470/949 1142/468/947 1130/456/935
f 1132/459/938 1144/471/950 1143/470/949 1131/458/937
f 1133/460/939 1145/472/951 1144/471/950 1132/459/938
f 1134/461/940 1146/473/952 1145/472/951 1133/460/939
f 1135/462/941 1147/474/953 1146/473/952 1134/461/940
f 1136/463/942 1148/475/954 1147/474/953 1135/462/941
f 1137/464/943 1149/476/955 1148/475/954 1136/463/942
f 1138/465/944 1150/477/956 1149/476/955 1137/464/943
f 1139/466/945 1151/478/957 1150/477/956 1138/465/944
f 1140/467/946 1152/479/958 1151/478/957 1139/466/945
f 1142/468/947 1154/480/959 1153/481/960 1141/469/948
f 1143/470/949 1155/482/961 1154/480/959 1142/468/947
f 1144/471/950 1156/483/962 1155/482/961 1143/470/949
f 1145/472/951 1157/484/963 1156/483/962 1144/471/950
f 1146/473/952 1158/485/964 1157/484/963 1145/472/951
f 1147/474/953 1159/486/965 1158/485/964 1146/473/952
f 1148/475/954 1160/487/966 1159/486/965 1147/474/953
f 1149/476/955 1161/488/967 1160/487/966 1148/475/954
f 1150/477/956 1162/489/968 1161/488/967 1149/476/955
f 1151/478/957 1163/490/969 1162/489/968 1150/477/956
f 1152/479/958 1164/491/970 1163/490/969 1151/478/957
f 1154/480/959 1166/492/971 1165/493/972 1153/481/960
f 1155/482/961 1167/494/973 1166/492/971 1154/480/959
f 1156/483/962 1168/495/974 1167/494/973 1155/482/961
f 1157/484/963 1169/496/975 1168/495/974 1156/483/962
f 1158/485/964 1170/497/976 1169/496/975 1157/484/963
f 1159/486/965 1171/498/977 1170/497/976 1158/485/964
f 1160/487/966 1172/499/978 1171/498/977 1159/486/965
f 1161/488/967 1173/500/979 1172/499/978 1160/487/966
f 1162/489/968 1174/501/980 1173/500/979 1161/488/967
f 1163/490/969 1175/502/981 1174/501/980 1162/489/968
f 1164/491/970 1176/503/982 1175/502/981 1163/490/969
f 1166/492/971 1178/504/983 1177/505/984 1165/493/972
f 1167/494/973 1179/506/985 1178/504/983 1166/492/971
f 1168/495/974 1180/507/986 1179/506/985 1167/494/973
f 1169/496/975 1181/508/987 1180/507/986 1168/495/974
f 1170/497/976 1182/509/988 1181/508/987 1169/496/975
f 1171/498/977 1183/510/989 1182/509/988 1170/497/976
f 1172/499/978 1184/511/990 1183/510/989 1171/498/977
f 1173/500/979 1185/512/991 1184/511/990 1172/499/978
f 1174/501/980 1186/513/992 1185/512/991 1173/500/979
f 1175/502/981 1187/514/993 1186/513/992 1174/501/980
f 1176/503/982 1188/515/994 1187/514/993 1175/502/981
f 1178/504/983 1190/516/995 1189/517/136 1177/505/984
f 1179/506/985 1191/518/996 1190/516/995 1178/504/983
f 1180/507/986 1192/519/997 1191/518/996 1179/506/985
f 1181/508/987 1193/520/998 1192/519/997 1180/507/986
f 1182/509/988 1194/521/999 1193/520/998 1181/508/987
f 1183/510/989 1195/522/1000 1194/521/999 1182/509/988
f 1184/511/990 1196/523/1001 1195/522/1000 1183/510/989
f 1185/512/991 1197/524/1002 1196/523/1001 1184/511/990
f 1186/513/992 1198/525/1003 1197/524/1002 1185/512/991
f 1187/514/993 1199/526/1004 1198/525/1003 1186/513/992
f 1188/515/994 1200/527/146 1199/526/1004 1187/514/993
f 1190/516/995 1202/528/1005 1201/529/1006 1189/517/136
f 1191/518/996 1203/530/1007 1202/528/1005 1190/516/995
f 1192/519/997 1204/531/1008 1203/530/1007 1191/518/996
f 1193/520/998 1205/532/1009 1204/531/1008 1192/519/997
f 1194/521/999 1206/533/1010 1205/532/1009 1193/520/998
f 1195/522/1000 1207/534/1011 1206/533/1010 1194/521/999
f 1196/523/1001 1208/535/1012 1207/534/1011 1195/522/1000
f 1197/524/1002 1209/536/1013 1208/535/1012 1196/523/1001
f 1198/525/1003 1210/537/1014 1209/536/1013 1197/524/1002
f 1199/526/1004 1211/538/1015 1210/537/1014 1198/525/1003
f 1200/527/146 1212/539/1016 1211/538/1015 1199/526/1004
f 1202/528/1005 1214/540/1017 1213/541/1018 1201/529/1006
f 1203/530/1007 1215/542/1019 1214/540/1017 1202/528/1005
f 1204/531/1008 1216/543/1020 1215/542/1019 1203/530/1007
f 1205/532/1009 1217/544/1021 1216/543/1020 1204/531/1008
f 1206/533/1010 1218/545/1022 1217/544/1021 1205/532/1009
f 1207/534/1011 1219/546/1023 1218/545/1022 1206/533/1010
f 1208/535/1012 1220/547/1024 1219/546/1023 1207/534/1011
f 1209/536/1013 1221/548/1025 1220/547/1024 1208/535/1012
f 1210/537/1014 1222/549/1026 1221/548/1025 1209/536/1013
f 1211/538/1015 1223/550/1027 1222/549/1026 1210/537/1014
f 1212/539/1016 1224/551/1028 1223/550/1027 1211/538/1015
f 1214/540/1017 1226/552/1029 1225/553/1030 1213/541/1018
f 1215/542/1019 1227/554/1031 1226/552/1029 1214/540/1017
f 1216/543/1020 1228/555/1032 1227/554/1031 1215/542/1019
f 1217/544/1021 1229/556/1033 1228/555/1032 1216/543/1020
f 1218/545/1022 1230/557/1034 1229/556/1033 1217/544/1021
f 1219/546/1023 1231/558/1035 1230/557/1034 1218/545/1022
f 1220/547/1024 1232/559/1036 1231/558/1035 1219/546/1023
f 1221/548/1025 1233/560/1037 1232/559/1036 1220/547/1024
f 1222/549/1026 1234/561/1038 1233/560/1037 1221/548/1025
f 1223/550/1027 1235/562/1039 1234/561/1038 1222/549/1026
f 1224/551/1028 1236/563/1040 1235/562/1039 1223/550/1027
f 1226/552/1029 1238/564/1041 1237/565/1042 1225/553/1030
f 1227/554/1031 1239/566/1043 1238/564/1041 1226/552/1029
f 1228/555/1032 1240/567/1044 1239/566/1043 1227/554/1031
f 1229/556/1033 1241/568/1045 1240/567/1044 1228/555/1032
f 1230/557/1034 1242/569/1046 1241/568/1045 1229/556/1033
f 1231/558/1035 1243/570/1047 1242/569/1046 1230/557/1034
f 1232/559/1036 1244/571/1048 1243/570/1047 1231/558/1035
f 1233/560/1037 1245/572/1049 1244/571/1048 1232/559/1036
f 1234/561/1038 1246/573/1050 1245/572/1049 1233/560/1037
f 1235/562/1039 1247/574/1051 1246/573/1050 1234/561/1038
f 1236/563/1040 1248/575/1052 1247/574/1051 1235/562/1039
f 1238/564/1041 1250/576/1053 1249/577/1054 1237/565/1042
f 1239/566/1043 1251/578/1055 1250/576/1053 1238/564/1041
f 1240/567/1044 1252/579/1056 1251/578/1055 1239/566/1043
f 1241/568/1045 1253/580/1057 1252/579/1056 1240/567/1044
f 1242/569/1046 1254/581/1058 1253/580/1057 1241/568/1045
f 1243/570/1047 1255/582/1059 1254/581/1058 1242/569/1046
f 1244/571/1048 1256/583/1060 1255/582/1059 1243/570/1047
f 1245/572/1049 1257/584/1061 1256/583/1060 1244/571/1048
f 1246/573/1050 1258/585/1062 1257/584/1061 1245/572/1049
f 1247/574/1051 1259/586/1063 1258/585/1062 1246/573/1050
f 1248/575/1052 1260/587/1064 1259/586/1063 1247/574/1051
f 1250/576/1053 1262/588/1065 1261/589/1066 1249/577/1054
f 1251/578/1055 1263/590/1067 1262/588/1065 1250/576/1053
f 1252/579/1056 1264/591/1068 1263/590/1067 1251/578/1055
f 1253/580/1057 1265/592/1069 1264/591/1068 1252/579/1056
f 1254/581/1058 1266/593/1070 1265/592/1069 1253/580/1057
f 1255/582/1059 1267/594/1071 1266/593/1070 1254/581/1058
f 1256/583/1060 1268/595/1072 1267/594/1071 1255/582/1059
f 1257/584/1061 1269/596/1073 1268/595/1072 1256/583/1060
f 1258/585/1062 1270/597/1074 1269/596/1073 1257/584/1061
f 1259/586/1063 1271/598/1075 1270/597/1074 1258/585/1062
f 1260/587/1064 1272/599/1076 1271/598/1075 1259/586/1063
f 1262/588/1065 1274/600/1077 1273/601/1078 1261/589/1066
f 1263/590/1067 1275/602/1079 1274/600/1077 1262/588/1065
f 1264/591/1068 1276/603/1080 1275/602/1079 1263/590/1067
f 1265/592/1069 1277/604/1081 1276/603/1080 1264/591/1068
f 1266/593/1070 1278/605/1082 1277/604/1081 1265/592/1069
f 1267/594/1071 1279/606/1083 1278/605/1082 1266/593/1070
f 1268/595/1072 1280/607/1084 1279/606/1083 1267/594/1071
f 1269/596/1073 1281/608/1085 1280/607/1084 1268/595/1072
f 1270/597/1074 1282/609/1086 1281/608/1085 1269/596/1073
f 1271/598/1075 1283/610/1087 1282/609/1086 1270/597/1074
f 1272/599/1076 1284/611/1088 1283/610/1087 1271/598/1075
f 1274/600/1077 1286/612/1089 1285/613/1090 1273/601/1078
f 1275/602/1079 1287/614/1091 1286/612/1089 1274/600/1077
f 1276/603/1080 1288/615/1092 1287/614/1091 1275/602/1079
f 1277/604/1081 1289/616/1093 1288/615/1092 1276/603/1080
f 1278/605/1082 1290/617/1094 1289/616/1093 1277/604/1081
f 1279/606/1083 1291/618/1095 1290/617/1094 1278/605/1082
f 1280/607/1084 1292/619/1096 1291/618/1095 1279/606/1083
f 1281/608/1085 1293/620/1097 1292/619/1096 1280/607/1084
f 1282/609/1086 1294/621/1098 1293/620/1097 1281/608/1085
f 1283/610/1087 1295/622/1099 1294/621/1098 1282/609/1086
f 1284/611/1088 1296/623/1100 1295/622/1099 1283/610/1087
f 1286/612/1089 1298/624/1101 1297/625/1102 1285/613/1090
f 1287/614/1091 1299/626/1103 1298/624/1101 1286/612/1089
f 1288/615/1092 1300/627/1104 1299/626/1103 1287/614/1091
f 1289/616/1093 1301/628/1105 1300/627/1104 1288/615/1092
f 1290/617/1094 1302/629/1106 1301/628/1105 1289/616/1093
f 1291/618/1095 1303/630/1107 1302/629/1106 1290/617/1094
f 1292/619/1096 1304/631/1108 1303/630/1107 1291/618/1095
f 1293/620/1097 1305/632/1109 1304/631/1108 1292/619/1096
f 1294/621/1098 1306/633/1110 1305/632/1109 1293/620/1097
f 1295/622/1099 1307/634/1111 1306/633/1110 1294/621/1098
f 1296/623/1100 1308/635/1112 1307/634/1111 1295/622/1099
f 1298/624/1101 1310/636/1113 1309/637/1114 1297/625/1102
f 1299/626/1103 1311/638/1115 1310/636/1113 1298/624/1101
f 1300/627/1104 1312/639/1116 1311/638/1115 1299/626/1103
f 1301/628/1105 1313/640/1117 1312/639/1116 1300/627/1104
f 1302/629/1106 1314/641/1118 1313/640/1117 1301/628/1105
f 1303/630/1107 1315/642/1119 1314/641/1118 1302/629/1106
f 1304/631/1108 1316/643/1120 1315/642/1119 1303/630/1107
f 1305/632/1109 1317/644/1121 1316/643/1120 1304/631/1108
f 1306/633/1110 1318/645/1122 1317/644/1121 1305/632/1109
f 1307/634/1111 1319/646/1123 1318/645/1122 1306/633/1110
f 1308/635/1112 1320/647/1124 1319/646/1123 1307/634/1111
f 1310/636/1113 1322/648/1125 1321/649/1126 1309/637/1114
f 1311/638/1115 1323/650/1127 1322/648/1125 1310/636/1113
f 1312/639/1116 1324/651/1128 1323/650/1127 1311/638/1115
f 1313/640/1117 1325/652/1129 1324/651/1128 1312/639/1116
f 1314/641/1118 1326/653/1130 1325/652/1129 1313/640/1117
f 1315/642/1119 1327/654/1131 1326/653/1130 1314/641/1118
f 1316/643/1120 1328/655/1132 1327/654/1131 1315/642/1119
f 1317/644/1121 1329/656/1133 1328/655/1132 1316/643/1120
f 1318/645/1122 1330/657/1134 1329/656/1133 1317/644/1121
f 1319/646/1123 1331/658/1135 1330/657/1134 1318/645/1122
f 1320/647/1124 1332/659/1136 1331/658/1135 1319/646/1123
f 1322/648/1125 1334/660/1137 1333/661/1138 1321/649/1126
f 1323/650/1127 1335/662/1139 1334/660/1137 1322/648/1125
f 1324/651/1128 1336/663/1140 1335/662/1139 1323/650/1127
f 1325/652/1129 1337/664/1141 1336/663/1140 1324/651/1128
f 1326/653/1130 1338/665/1142 1337/664/1141 1325/652/1129
f 1327/654/1131 1339/666/1143 1338/665/1142 1326/653/1130
f 1328/655/1132 1340/667/1144 1339/666/1143 1327/654/1131
f 1329/656/1133 1341/668/1145 1340/667/1144 1328/655/1132
f 1330/657/1134 1342/669/1146 1341/668/1145 1329/656/1133
f 1331/658/1135 1343/670/1147 1342/669/1146 1330/657/1134
f 1332/659/1136 1344/671/1148 1343/670/1147 1331/658/1135
f 1334/660/1137 770/672/579 769/87/582 1333/661/1138
f 1335/662/1139 771/673/583 770/672/579 1334/660/1137
f 1336/663/1140 772/674/585 771/673/583 1335/662/1139
f 1337/664/1141 773/675/587 772/674/585 1336/663/1140
f 1338/665/1142 774/676/589 773/675/587 1337/664/1141
f 1339/666/1143 775/677/591 774/676/589 1338/665/1142
f 1340/667/1144 776/678/593 775/677/591 1339/666/1143
f 1341/668/1145 777/679/595 776/678/593 1340/667/1144
f 1342/669/1146 778/680/597 777/679/595 1341/668/1145
f 1343/670/1147 779/681/599 778/680/597 1342/669/1146
f 1344/671/1148 780/682/601 779/681/599 1343/670/1147
